qid,video,question,type_code,relation_from_type,relation_from_lexical,relation_final,relation_disagreement,extraction_status,anchor_clause,target_entity,query_roles,query_texts,seed_texts,fallback_reason,n_text_embeddings,n_seed_queries,subject_prepended,head_form,v2_fallback_reason,v2_texts,sample_reason,human_label_anchor_ok,human_label_relation_ok,human_notes
0,3902997424,why is the lady in blue riding the bike with one hand at the start of the video,CW,CAUSE,,CAUSE,0,head_event,the lady in blue riding the bike with one hand at the start of the video,,"[""original"", ""anchor_primary""]","[""why is the lady in blue riding the bike with one hand at the start of the video"", ""a video frame showing the lady in blue riding the bike with one hand at the start of the video""]","[""why is the lady in blue riding the bike with one hand at the start of the video"", ""a video frame showing the lady in blue riding the bike with one hand at the start of the video""]",,2,2,0,why_head,no_clause_pattern_matched,"[""a video frame showing why is the lady in blue riding the bike with one hand at the start of the video"", ""why is the lady in blue riding the bike with one hand at the start of the video""]",stratified_CW,,,
0,4518113460,why does the man walk around the baby,CW,CAUSE,,CAUSE,0,head_event,the man walk around the baby,,"[""original"", ""anchor_primary""]","[""why does the man walk around the baby"", ""a video frame showing the man walk around the baby""]","[""why does the man walk around the baby"", ""a video frame showing the man walk around the baby""]",,2,2,0,why_head,,"[""a video frame showing the man walk around the baby""]",stratified_CW,,,
1,3376544720,why did the man in stripes hold onto the bull,CW,CAUSE,,CAUSE,0,head_event,the man in stripes hold onto the bull,,"[""original"", ""anchor_primary""]","[""why did the man in stripes hold onto the bull"", ""a video frame showing the man in stripes hold onto the bull""]","[""why did the man in stripes hold onto the bull"", ""a video frame showing the man in stripes hold onto the bull""]",,2,2,0,why_head,,"[""a video frame showing the man in stripes hold onto the bull""]",stratified_CW,,,
6,5138093706,why did the lady in purple bend forward at the end of the video,CW,CAUSE,,CAUSE,0,head_event,the lady in purple bend forward,,"[""original"", ""anchor_primary""]","[""why did the lady in purple bend forward at the end of the video"", ""a video frame showing the lady in purple bend forward""]","[""why did the lady in purple bend forward at the end of the video"", ""a video frame showing the lady in purple bend forward""]",,2,2,0,why_head,,"[""a video frame showing the lady in purple bend forward at the end of the video""]",stratified_CW,,,
3,3711681535,why does the woman swing her legs while swinging on the handle,CW,CAUSE,DURING,CAUSE,1,clause_extracted,the woman swing her legs,,"[""original"", ""anchor_primary""]","[""why does the woman swing her legs while swinging on the handle"", ""a video frame showing the woman swing her legs""]","[""why does the woman swing her legs while swinging on the handle"", ""a video frame showing the woman swing her legs""]",,2,2,0,why_head,,"[""a video frame showing the woman swing her legs while swinging on the handle""]",stratified_CW,,,
0,5205081904,why does the child constantly look down,CW,CAUSE,,CAUSE,0,head_event,the child constantly look down,,"[""original"", ""anchor_primary""]","[""why does the child constantly look down"", ""a video frame showing the child constantly look down""]","[""why does the child constantly look down"", ""a video frame showing the child constantly look down""]",,2,2,0,why_head,,"[""a video frame showing the child constantly look down""]",stratified_CW,,,
2,3846475848,why does the man keep the ferret on the floor,CW,CAUSE,,CAUSE,0,head_event,the man keep the ferret on the floor,,"[""original"", ""anchor_primary""]","[""why does the man keep the ferret on the floor"", ""a video frame showing the man keep the ferret on the floor""]","[""why does the man keep the ferret on the floor"", ""a video frame showing the man keep the ferret on the floor""]",,2,2,0,why_head,,"[""a video frame showing the man keep the ferret on the floor""]",stratified_CW,,,
5,8557532213,why does the boy in yellow lie down on the grass at the end,CW,CAUSE,,CAUSE,0,head_event,the boy in yellow lie down on the grass,,"[""original"", ""anchor_primary""]","[""why does the boy in yellow lie down on the grass at the end"", ""a video frame showing the boy in yellow lie down on the grass""]","[""why does the boy in yellow lie down on the grass at the end"", ""a video frame showing the boy in yellow lie down on the grass""]",,2,2,0,why_head,,"[""a video frame showing the boy in yellow lie down on the grass at the end""]",stratified_CW,,,
2,2697214342,why does the man in white have to hold onto the side of the wood while the man in green bending it,CW,CAUSE,DURING,CAUSE,1,clause_extracted,the man in white have to hold onto the side of the wood,,"[""original"", ""anchor_primary""]","[""why does the man in white have to hold onto the side of the wood while the man in green bending it"", ""a video frame showing the man in white have to hold onto the side of the wood""]","[""why does the man in white have to hold onto the side of the wood while the man in green bending it"", ""a video frame showing the man in white have to hold onto the side of the wood""]",,2,2,0,why_head,,"[""a video frame showing the man in white have to hold onto the side of the wood while the man in green bending it""]",stratified_CW,,,
4,4272084125,why is the lady smiling,CW,CAUSE,,CAUSE,0,head_event,the lady smiling,,"[""original"", ""anchor_primary""]","[""why is the lady smiling"", ""a video frame showing the lady smiling""]","[""why is the lady smiling"", ""a video frame showing the lady smiling""]",,2,2,0,why_head,no_clause_pattern_matched,"[""a video frame showing why is the lady smiling"", ""why is the lady smiling""]",stratified_CW,,,
0,5467727317,why did the elephant look around at the start,CW,CAUSE,,CAUSE,0,head_event,the elephant look around at the start,,"[""original"", ""anchor_primary""]","[""why did the elephant look around at the start"", ""a video frame showing the elephant look around at the start""]","[""why did the elephant look around at the start"", ""a video frame showing the elephant look around at the start""]",,2,2,0,why_head,,"[""a video frame showing the elephant look around at the start""]",stratified_CW,,,
6,4333544549,why did the man in blue touch his pocket in the middle,CW,CAUSE,,CAUSE,0,head_event,the man in blue touch his pocket,,"[""original"", ""anchor_primary""]","[""why did the man in blue touch his pocket in the middle"", ""a video frame showing the man in blue touch his pocket""]","[""why did the man in blue touch his pocket in the middle"", ""a video frame showing the man in blue touch his pocket""]",,2,2,0,why_head,,"[""a video frame showing the man in blue touch his pocket in the middle""]",stratified_CW,,,
8,5445581571,why did the black spotted dog looked up at the end of the video,CW,CAUSE,,CAUSE,0,head_event,the black spotted dog looked up,,"[""original"", ""anchor_primary""]","[""why did the black spotted dog looked up at the end of the video"", ""a video frame showing the black spotted dog looked up""]","[""why did the black spotted dog looked up at the end of the video"", ""a video frame showing the black spotted dog looked up""]",,2,2,0,why_head,,"[""a video frame showing the black spotted dog looked up at the end of the video""]",stratified_CW,,,
1,2503404966,why is the boy holding on to the handles of the toy,CW,CAUSE,,CAUSE,0,head_event,the boy holding on to the handles of the toy,,"[""original"", ""anchor_primary""]","[""why is the boy holding on to the handles of the toy"", ""a video frame showing the boy holding on to the handles of the toy""]","[""why is the boy holding on to the handles of the toy"", ""a video frame showing the boy holding on to the handles of the toy""]",,2,2,0,why_head,no_clause_pattern_matched,"[""a video frame showing why is the boy holding on to the handles of the toy"", ""why is the boy holding on to the handles of the toy""]",stratified_CW,,,
9,3345608051,why does one of the men bend down after one of the dog is pinned to the floor in the middle,CW,CAUSE,AFTER,CAUSE,1,clause_extracted,one of the men bend down,,"[""original"", ""anchor_primary""]","[""why does one of the men bend down after one of the dog is pinned to the floor in the middle"", ""a video frame showing one of the men bend down""]","[""why does one of the men bend down after one of the dog is pinned to the floor in the middle"", ""a video frame showing one of the men bend down""]",,2,2,0,why_head,,"[""a video frame showing one of the men bend down after one of the dog is pinned to the floor in the middle""]",stratified_CW,,,
5,8740703217,why there are only four pieces of food left on the table,CW,CAUSE,,CAUSE,0,no_structure,,,"[""original""]","[""why there are only four pieces of food left on the table""]","[""why there are only four pieces of food left on the table""]",no_anchor_event,1,1,0,unmatched,no_clause_pattern_matched,"[""a video frame showing why there are only four pieces of food left on the table"", ""why there are only four pieces of food left on the table""]",stratified_CW,,,
2,2495861393,why is woman displaying different vegetables to the children,CW,CAUSE,,CAUSE,0,head_event,woman displaying different vegetables to the children,,"[""original"", ""anchor_primary""]","[""why is woman displaying different vegetables to the children"", ""a video frame showing woman displaying different vegetables to the children""]","[""why is woman displaying different vegetables to the children"", ""a video frame showing woman displaying different vegetables to the children""]",,2,2,0,why_head,no_clause_pattern_matched,"[""a video frame showing why is woman displaying different vegetables to the children"", ""why is woman displaying different vegetables to the children""]",stratified_CW,,,
9,6772999108,why is the girl clapping in the middle,CW,CAUSE,,CAUSE,0,head_event,the girl clapping,,"[""original"", ""anchor_primary""]","[""why is the girl clapping in the middle"", ""a video frame showing the girl clapping""]","[""why is the girl clapping in the middle"", ""a video frame showing the girl clapping""]",,2,2,0,why_head,no_clause_pattern_matched,"[""a video frame showing why is the girl clapping in the middle"", ""why is the girl clapping in the middle""]",stratified_CW,,,
2,7771650716,why did the man put the dog on the floor after carrying it,CW,CAUSE,AFTER,CAUSE,1,clause_extracted,the man put the dog on the floor,,"[""original"", ""anchor_primary""]","[""why did the man put the dog on the floor after carrying it"", ""a video frame showing the man put the dog on the floor""]","[""why did the man put the dog on the floor after carrying it"", ""a video frame showing the man put the dog on the floor""]",,2,2,0,why_head,,"[""a video frame showing the man put the dog on the floor after carrying it""]",stratified_CW,,,
1,3462517143,why does the brown dog walk into the container after the white dog walks away,CW,CAUSE,AFTER,CAUSE,1,clause_extracted,the brown dog walk into the container,,"[""original"", ""anchor_primary""]","[""why does the brown dog walk into the container after the white dog walks away"", ""a video frame showing the brown dog walk into the container""]","[""why does the brown dog walk into the container after the white dog walks away"", ""a video frame showing the brown dog walk into the container""]",,2,2,0,why_head,,"[""a video frame showing the brown dog walk into the container after the white dog walks away""]",stratified_CW,,,
8,8797589693,why is the lady in white holding a phone at the end,CW,CAUSE,,CAUSE,0,head_event,the lady in white holding a phone,,"[""original"", ""anchor_primary""]","[""why is the lady in white holding a phone at the end"", ""a video frame showing the lady in white holding a phone""]","[""why is the lady in white holding a phone at the end"", ""a video frame showing the lady in white holding a phone""]",,2,2,0,why_head,no_clause_pattern_matched,"[""a video frame showing why is the lady in white holding a phone at the end"", ""why is the lady in white holding a phone at the end""]",stratified_CW,,,
1,5623068492,why does the man with black hair put up his hand,CW,CAUSE,,CAUSE,0,head_event,the man with black hair put up his hand,,"[""original"", ""anchor_primary""]","[""why does the man with black hair put up his hand"", ""a video frame showing the man with black hair put up his hand""]","[""why does the man with black hair put up his hand"", ""a video frame showing the man with black hair put up his hand""]",,2,2,0,why_head,,"[""a video frame showing the man with black hair put up his hand""]",stratified_CW,,,
2,6265968082,why is the man in brown strumming the guitar at the start of the video,CW,CAUSE,,CAUSE,0,head_event,the man in brown strumming the guitar at the start of the video,,"[""original"", ""anchor_primary""]","[""why is the man in brown strumming the guitar at the start of the video"", ""a video frame showing the man in brown strumming the guitar at the start of the video""]","[""why is the man in brown strumming the guitar at the start of the video"", ""a video frame showing the man in brown strumming the guitar at the start of the video""]",,2,2,0,why_head,no_clause_pattern_matched,"[""a video frame showing why is the man in brown strumming the guitar at the start of the video"", ""why is the man in brown strumming the guitar at the start of the video""]",stratified_CW,,,
0,6516459343,why did the man in white stand beside the man in green while he is speaking,CW,CAUSE,DURING,CAUSE,1,clause_extracted,the man in white stand beside the man in green,,"[""original"", ""anchor_primary""]","[""why did the man in white stand beside the man in green while he is speaking"", ""a video frame showing the man in white stand beside the man in green""]","[""why did the man in white stand beside the man in green while he is speaking"", ""a video frame showing the man in white stand beside the man in green""]",,2,2,0,why_head,,"[""a video frame showing the man in white stand beside the man in green while he is speaking""]",stratified_CW,,,
1,3626788516,why does the woman in brown hold the crocodile with both of her hands,CW,CAUSE,,CAUSE,0,head_event,the woman in brown hold the crocodile with both of her hands,,"[""original"", ""anchor_primary""]","[""why does the woman in brown hold the crocodile with both of her hands"", ""a video frame showing the woman in brown hold the crocodile with both of her hands""]","[""why does the woman in brown hold the crocodile with both of her hands"", ""a video frame showing the woman in brown hold the crocodile with both of her hands""]",,2,2,0,why_head,,"[""a video frame showing the woman in brown hold the crocodile with both of her hands""]",stratified_CW,,,
2,6516459343,why did the man in green point his hand at the man in white while he is talking,CW,CAUSE,DURING,CAUSE,1,clause_extracted,the man in green point his hand at the man in white,,"[""original"", ""anchor_primary""]","[""why did the man in green point his hand at the man in white while he is talking"", ""a video frame showing the man in green point his hand at the man in white""]","[""why did the man in green point his hand at the man in white while he is talking"", ""a video frame showing the man in green point his hand at the man in white""]",,2,2,0,why_head,,"[""a video frame showing the man in green point his hand at the man in white while he is talking""]",stratified_CW,,,
9,5333075105,why did the man stopped moving at the end of the video,CW,CAUSE,,CAUSE,0,head_event,the man stopped moving,,"[""original"", ""anchor_primary""]","[""why did the man stopped moving at the end of the video"", ""a video frame showing the man stopped moving""]","[""why did the man stopped moving at the end of the video"", ""a video frame showing the man stopped moving""]",,2,2,0,why_head,,"[""a video frame showing the man stopped moving at the end of the video""]",stratified_CW,,,
2,6621511673,why is the man pointing on the different pictures,CW,CAUSE,,CAUSE,0,head_event,the man pointing on the different pictures,,"[""original"", ""anchor_primary""]","[""why is the man pointing on the different pictures"", ""a video frame showing the man pointing on the different pictures""]","[""why is the man pointing on the different pictures"", ""a video frame showing the man pointing on the different pictures""]",,2,2,0,why_head,no_clause_pattern_matched,"[""a video frame showing why is the man pointing on the different pictures"", ""why is the man pointing on the different pictures""]",stratified_CW,,,
4,2868183184,why does the lady in flower skirt shift to the left of the girl in white in the middle,CW,CAUSE,,CAUSE,0,head_event,the lady in flower skirt shift to the left of the girl in white,,"[""original"", ""anchor_primary""]","[""why does the lady in flower skirt shift to the left of the girl in white in the middle"", ""a video frame showing the lady in flower skirt shift to the left of the girl in white""]","[""why does the lady in flower skirt shift to the left of the girl in white in the middle"", ""a video frame showing the lady in flower skirt shift to the left of the girl in white""]",,2,2,0,why_head,,"[""a video frame showing the lady in flower skirt shift to the left of the girl in white in the middle""]",stratified_CW,,,
7,6024684644,why did the lady look at the man while he digs the hole,CW,CAUSE,DURING,CAUSE,1,clause_extracted,the lady look at the man,,"[""original"", ""anchor_primary""]","[""why did the lady look at the man while he digs the hole"", ""a video frame showing the lady look at the man""]","[""why did the lady look at the man while he digs the hole"", ""a video frame showing the lady look at the man""]",,2,2,0,why_head,,"[""a video frame showing the lady look at the man while he digs the hole""]",stratified_CW,,,
8,8107573462,how did the man make sure that the boy does not get drag on the ground when he fell,CH,MANNER,DURING,MANNER,1,clause_extracted,the man make sure that the boy does not get drag on the ground,,"[""original"", ""anchor_primary""]","[""how did the man make sure that the boy does not get drag on the ground when he fell"", ""a video frame showing the man make sure that the boy does not get drag on the ground""]","[""how did the man make sure that the boy does not get drag on the ground when he fell"", ""a video frame showing the man make sure that the boy does not get drag on the ground""]",,2,2,0,how_head,,"[""a video frame showing the man make sure that the boy does not get drag on the ground when he fell""]",stratified_CH,,,
8,4970148391,how does the boy keep the bat stable on the ground,CH,MANNER,,MANNER,0,head_event,the boy keep the bat stable on the ground,,"[""original"", ""anchor_primary""]","[""how does the boy keep the bat stable on the ground"", ""a video frame showing the boy keep the bat stable on the ground""]","[""how does the boy keep the bat stable on the ground"", ""a video frame showing the boy keep the bat stable on the ground""]",,2,2,0,how_head,,"[""a video frame showing the boy keep the bat stable on the ground""]",stratified_CH,,,
9,7149153537,how did the bald man support the girl in orange,CH,MANNER,,MANNER,0,head_event,the bald man support the girl in orange,,"[""original"", ""anchor_primary""]","[""how did the bald man support the girl in orange"", ""a video frame showing the bald man support the girl in orange""]","[""how did the bald man support the girl in orange"", ""a video frame showing the bald man support the girl in orange""]",,2,2,0,how_head,,"[""a video frame showing the bald man support the girl in orange""]",stratified_CH,,,
4,6691330381,how does the man grab the boy,CH,MANNER,,MANNER,0,head_event,the man grab the boy,,"[""original"", ""anchor_primary""]","[""how does the man grab the boy"", ""a video frame showing the man grab the boy""]","[""how does the man grab the boy"", ""a video frame showing the man grab the boy""]",,2,2,0,how_head,,"[""a video frame showing the man grab the boy""]",stratified_CH,,,
6,3145698830,how did the man tell the baby to sit on the white stuffed toy,CH,MANNER,,MANNER,0,head_event,the man tell the baby to sit on the white stuffed toy,,"[""original"", ""anchor_primary""]","[""how did the man tell the baby to sit on the white stuffed toy"", ""a video frame showing the man tell the baby to sit on the white stuffed toy""]","[""how did the man tell the baby to sit on the white stuffed toy"", ""a video frame showing the man tell the baby to sit on the white stuffed toy""]",,2,2,0,how_head,,"[""a video frame showing the man tell the baby to sit on the white stuffed toy""]",stratified_CH,,,
8,3943634344,how did the lady compliment the girl at the end of the video,CH,MANNER,,MANNER,0,head_event,the lady compliment the girl,,"[""original"", ""anchor_primary""]","[""how did the lady compliment the girl at the end of the video"", ""a video frame showing the lady compliment the girl""]","[""how did the lady compliment the girl at the end of the video"", ""a video frame showing the lady compliment the girl""]",,2,2,0,how_head,,"[""a video frame showing the lady compliment the girl at the end of the video""]",stratified_CH,,,
0,2535384528,how did the man in black manage to make the ball fly so far,CH,MANNER,,MANNER,0,head_event,the man in black manage to make the ball fly so far,,"[""original"", ""anchor_primary""]","[""how did the man in black manage to make the ball fly so far"", ""a video frame showing the man in black manage to make the ball fly so far""]","[""how did the man in black manage to make the ball fly so far"", ""a video frame showing the man in black manage to make the ball fly so far""]",,2,2,0,how_head,,"[""a video frame showing the man in black manage to make the ball fly so far""]",stratified_CH,,,
1,3763643225,how did the boy support himself when he is about to fall,CH,MANNER,DURING,MANNER,1,clause_extracted,the boy support himself,,"[""original"", ""anchor_primary""]","[""how did the boy support himself when he is about to fall"", ""a video frame showing the boy support himself""]","[""how did the boy support himself when he is about to fall"", ""a video frame showing the boy support himself""]",,2,2,0,how_head,,"[""a video frame showing the boy support himself when he is about to fall""]",stratified_CH,,,
10,6143391925,how did the baby play with the ball,CH,MANNER,,MANNER,0,head_event,the baby play with the ball,,"[""original"", ""anchor_primary""]","[""how did the baby play with the ball"", ""a video frame showing the baby play with the ball""]","[""how did the baby play with the ball"", ""a video frame showing the baby play with the ball""]",,2,2,0,how_head,,"[""a video frame showing the baby play with the ball""]",stratified_CH,,,
4,2604394962,how did the man make the toy seem like it is looking down from the great height,CH,MANNER,,MANNER,0,head_event,the man make the toy seem like it is looking down from the great height,,"[""original"", ""anchor_primary""]","[""how did the man make the toy seem like it is looking down from the great height"", ""a video frame showing the man make the toy seem like it is looking down from the great height""]","[""how did the man make the toy seem like it is looking down from the great height"", ""a video frame showing the man make the toy seem like it is looking down from the great height""]",,2,2,0,how_head,,"[""a video frame showing the man make the toy seem like it is looking down from the great height""]",stratified_CH,,,
1,2930782930,how did the lady show affection to the boy in the middle of the video,CH,MANNER,,MANNER,0,head_event,the lady show affection to the boy,,"[""original"", ""anchor_primary""]","[""how did the lady show affection to the boy in the middle of the video"", ""a video frame showing the lady show affection to the boy""]","[""how did the lady show affection to the boy in the middle of the video"", ""a video frame showing the lady show affection to the boy""]",,2,2,0,how_head,,"[""a video frame showing the lady show affection to the boy in the middle of the video""]",stratified_CH,,,
7,2696280239,how was the person on the bull moving his right arm,CH,MANNER,,MANNER,0,head_event,the person on the bull moving his right arm,,"[""original"", ""anchor_primary""]","[""how was the person on the bull moving his right arm"", ""a video frame showing the person on the bull moving his right arm""]","[""how was the person on the bull moving his right arm"", ""a video frame showing the person on the bull moving his right arm""]",,2,2,0,how_head,no_clause_pattern_matched,"[""a video frame showing how was the person on the bull moving his right arm"", ""how was the person on the bull moving his right arm""]",stratified_CH,,,
4,8211075660,how did the car not hit the yellow tape,CH,MANNER,,MANNER,0,head_event,the car not hit the yellow tape,,"[""original"", ""anchor_primary""]","[""how did the car not hit the yellow tape"", ""a video frame showing the car not hit the yellow tape""]","[""how did the car not hit the yellow tape"", ""a video frame showing the car not hit the yellow tape""]",,2,2,0,how_head,,"[""a video frame showing the car not hit the yellow tape""]",stratified_CH,,,
8,3261079025,how was the plane moving before it took off,CH,MANNER,BEFORE,MANNER,1,clause_extracted,the plane moving,,"[""original"", ""anchor_primary""]","[""how was the plane moving before it took off"", ""a video frame showing the plane moving""]","[""how was the plane moving before it took off"", ""a video frame showing the plane moving""]",,2,2,0,how_head,no_clause_pattern_matched,"[""a video frame showing how was the plane moving before it took off"", ""how was the plane moving before it took off""]",stratified_CH,,,
3,3455926688,how is the kite moving,CH,MANNER,,MANNER,0,head_event,the kite moving,,"[""original"", ""anchor_primary""]","[""how is the kite moving"", ""a video frame showing the kite moving""]","[""how is the kite moving"", ""a video frame showing the kite moving""]",,2,2,0,how_head,no_clause_pattern_matched,"[""a video frame showing how is the kite moving"", ""how is the kite moving""]",stratified_CH,,,
5,4671452046,how did the lady in purple prevent the baby from falling when he bend down to stir the cup,CH,MANNER,DURING,MANNER,1,clause_extracted,the lady in purple prevent the baby from falling,,"[""original"", ""anchor_primary""]","[""how did the lady in purple prevent the baby from falling when he bend down to stir the cup"", ""a video frame showing the lady in purple prevent the baby from falling""]","[""how did the lady in purple prevent the baby from falling when he bend down to stir the cup"", ""a video frame showing the lady in purple prevent the baby from falling""]",,2,2,0,how_head,,"[""a video frame showing the lady in purple prevent the baby from falling when he bend down to stir the cup""]",stratified_CH,,,
8,4420239986,how does the cat attack the dog s face,CH,MANNER,,MANNER,0,head_event,the cat attack the dog s face,,"[""original"", ""anchor_primary""]","[""how does the cat attack the dog's face"", ""a video frame showing the cat attack the dog's face""]","[""how does the cat attack the dog's face"", ""a video frame showing the cat attack the dog's face""]",,2,2,0,how_head,,"[""a video frame showing the cat attack the dog's face""]",stratified_CH,,,
8,9576671750,how did the person show the back of the phone,CH,MANNER,,MANNER,0,head_event,the person show the back of the phone,,"[""original"", ""anchor_primary""]","[""how did the person show the back of the phone"", ""a video frame showing the person show the back of the phone""]","[""how did the person show the back of the phone"", ""a video frame showing the person show the back of the phone""]",,2,2,0,how_head,,"[""a video frame showing the person show the back of the phone""]",stratified_CH,,,
6,4092992100,how does the guy in red move his bicycle up at the start,CH,MANNER,,MANNER,0,head_event,the guy in red move his bicycle up at the start,,"[""original"", ""anchor_primary""]","[""how does the guy in red move his bicycle up at the start"", ""a video frame showing the guy in red move his bicycle up at the start""]","[""how does the guy in red move his bicycle up at the start"", ""a video frame showing the guy in red move his bicycle up at the start""]",,2,2,0,how_head,,"[""a video frame showing the guy in red move his bicycle up at the start""]",stratified_CH,,,
8,3359075894,how does the man in grey interact with the ball thrown at him,CH,MANNER,,MANNER,0,head_event,the man in grey interact with the ball thrown at him,,"[""original"", ""anchor_primary""]","[""how does the man in grey interact with the ball thrown at him"", ""a video frame showing the man in grey interact with the ball thrown at him""]","[""how does the man in grey interact with the ball thrown at him"", ""a video frame showing the man in grey interact with the ball thrown at him""]",,2,2,0,how_head,,"[""a video frame showing the man in grey interact with the ball thrown at him""]",stratified_CH,,,
0,4774302357,how did the man in grey shirt play his instrument,CH,MANNER,,MANNER,0,head_event,the man in grey shirt play his instrument,,"[""original"", ""anchor_primary""]","[""how did the man in grey shirt play his instrument"", ""a video frame showing the man in grey shirt play his instrument""]","[""how did the man in grey shirt play his instrument"", ""a video frame showing the man in grey shirt play his instrument""]",,2,2,0,how_head,,"[""a video frame showing the man in grey shirt play his instrument""]",stratified_CH,,,
2,8505893258,how does the lady in pink show her affection for the girls,CH,MANNER,,MANNER,0,head_event,the lady in pink show her affection for the girls,,"[""original"", ""anchor_primary""]","[""how does the lady in pink show her affection for the girls"", ""a video frame showing the lady in pink show her affection for the girls""]","[""how does the lady in pink show her affection for the girls"", ""a video frame showing the lady in pink show her affection for the girls""]",,2,2,0,how_head,,"[""a video frame showing the lady in pink show her affection for the girls""]",stratified_CH,,,
7,2957808913,how does the man in black jacket move his hands as he moved his legs forward after the middle part of the video,CH,MANNER,DURING,MANNER,1,clause_extracted,the man in black jacket move his hands,,"[""original"", ""anchor_primary""]","[""how does the man in black jacket move his hands as he moved his legs forward after the middle part of the video"", ""a video frame showing the man in black jacket move his hands""]","[""how does the man in black jacket move his hands as he moved his legs forward after the middle part of the video"", ""a video frame showing the man in black jacket move his hands""]",,2,2,0,how_head,,"[""a video frame showing the man in black jacket move his hands as he moved his legs forward after the middle part of the video""]",stratified_CH,,,
9,3846475848,how does the man ensure that the fur of the ferret is dried,CH,MANNER,,MANNER,0,head_event,the man ensure that the fur of the ferret is dried,,"[""original"", ""anchor_primary""]","[""how does the man ensure that the fur of the ferret is dried"", ""a video frame showing the man ensure that the fur of the ferret is dried""]","[""how does the man ensure that the fur of the ferret is dried"", ""a video frame showing the man ensure that the fur of the ferret is dried""]",,2,2,0,how_head,,"[""a video frame showing the man ensure that the fur of the ferret is dried""]",stratified_CH,,,
8,7771650716,how did the man in white show affection to the grey dog in the middle of the video,CH,MANNER,,MANNER,0,head_event,the man in white show affection to the grey dog,,"[""original"", ""anchor_primary""]","[""how did the man in white show affection to the grey dog in the middle of the video"", ""a video frame showing the man in white show affection to the grey dog""]","[""how did the man in white show affection to the grey dog in the middle of the video"", ""a video frame showing the man in white show affection to the grey dog""]",,2,2,0,how_head,,"[""a video frame showing the man in white show affection to the grey dog in the middle of the video""]",stratified_CH,,,
9,7492398760,how does the lady put down her camera at the start,CH,MANNER,,MANNER,0,head_event,the lady put down her camera at the start,,"[""original"", ""anchor_primary""]","[""how does the lady put down her camera at the start"", ""a video frame showing the lady put down her camera at the start""]","[""how does the lady put down her camera at the start"", ""a video frame showing the lady put down her camera at the start""]",,2,2,0,how_head,,"[""a video frame showing the lady put down her camera at the start""]",stratified_CH,,,
0,2679130168,how did the girl learn how to play with the cushion,CH,MANNER,,MANNER,0,head_event,the girl learn how to play with the cushion,,"[""original"", ""anchor_primary""]","[""how did the girl learn how to play with the cushion"", ""a video frame showing the girl learn how to play with the cushion""]","[""how did the girl learn how to play with the cushion"", ""a video frame showing the girl learn how to play with the cushion""]",,2,2,0,how_head,,"[""a video frame showing the girl learn how to play with the cushion""]",stratified_CH,,,
6,12392885583,how does the woman try to protect the baby when the baby approach the end of the bed,CH,MANNER,DURING,MANNER,1,clause_extracted,the woman try to protect the baby,,"[""original"", ""anchor_primary""]","[""how does the woman try to protect the baby when the baby approach the end of the bed"", ""a video frame showing the woman try to protect the baby""]","[""how does the woman try to protect the baby when the baby approach the end of the bed"", ""a video frame showing the woman try to protect the baby""]",,2,2,0,how_head,,"[""a video frame showing the woman try to protect the baby when the baby approach the end of the bed""]",stratified_CH,,,
1,5803861992,how did the woman beside the baby girl entertain her,CH,MANNER,,MANNER,0,head_event,the woman beside the baby girl entertain her,,"[""original"", ""anchor_primary""]","[""how did the woman beside the baby girl entertain her"", ""a video frame showing the woman beside the baby girl entertain her""]","[""how did the woman beside the baby girl entertain her"", ""a video frame showing the woman beside the baby girl entertain her""]",,2,2,0,how_head,,"[""a video frame showing the woman beside the baby girl entertain her""]",stratified_CH,,,
1,9612838272,how do the children transport themselves down to the bottom,CH,MANNER,,MANNER,0,head_event,the children transport themselves down to the bottom,,"[""original"", ""anchor_primary""]","[""how do the children transport themselves down to the bottom"", ""a video frame showing the children transport themselves down to the bottom""]","[""how do the children transport themselves down to the bottom"", ""a video frame showing the children transport themselves down to the bottom""]",,2,2,0,how_head,no_clause_pattern_matched,"[""a video frame showing how do the children transport themselves down to the bottom"", ""how do the children transport themselves down to the bottom""]",stratified_CH,,,
4,9531760182,what did the lady do after the baby leaned forward,TN,AFTER,AFTER,AFTER,0,clause_extracted,the baby leaned forward,the lady,"[""original"", ""anchor_primary"", ""target_entity""]","[""what did the lady do after the baby leaned forward"", ""a video frame showing the baby leaned forward"", ""a video frame showing the lady""]","[""what did the lady do after the baby leaned forward"", ""a video frame showing the baby leaned forward""]",,3,2,0,what_do,,"[""a video frame showing lady the baby leaned forward"", ""a video frame showing lady""]",stratified_TN,,,
6,5445581571,what did the white dog do after he looked at the black spotted dog,TN,AFTER,AFTER,AFTER,0,clause_extracted,he looked at the black spotted dog,the white dog,"[""original"", ""anchor_primary"", ""target_entity""]","[""what did the white dog do after he looked at the black spotted dog"", ""a video frame showing he looked at the black spotted dog"", ""a video frame showing the white dog""]","[""what did the white dog do after he looked at the black spotted dog"", ""a video frame showing he looked at the black spotted dog""]",,3,2,0,what_do,,"[""a video frame showing white dog he looked at the black spotted dog"", ""a video frame showing white dog""]",stratified_TN,,,
5,8313365386,what does the lady do near the end after she leaned forward and viewed the picture,TN,AFTER,AFTER,AFTER,0,clause_extracted,she leaned forward and viewed the picture,,"[""original"", ""anchor_primary""]","[""what does the lady do near the end after she leaned forward and viewed the picture"", ""a video frame showing she leaned forward and viewed the picture""]","[""what does the lady do near the end after she leaned forward and viewed the picture"", ""a video frame showing she leaned forward and viewed the picture""]",,2,2,0,what_head,no_clause_pattern_matched,"[""a video frame showing the lady do near the end after she leaned forward and viewed the picture"", ""what does the lady do near the end after she leaned forward and viewed the picture""]",stratified_TN,,,
1,6413546609,what does the person on the right do after throwing all the cards on the floor,TN,AFTER,AFTER,AFTER,0,clause_extracted,the person on the right throwing all the cards on the floor,the person on the right,"[""original"", ""anchor_primary"", ""target_entity""]","[""what does the person on the right do after throwing all the cards on the floor"", ""a video frame showing the person on the right throwing all the cards on the floor"", ""a video frame showing the person on the right""]","[""what does the person on the right do after throwing all the cards on the floor"", ""a video frame showing the person on the right throwing all the cards on the floor""]",,3,2,1,what_do,,"[""a video frame showing person on the right throwing all the cards on the floor"", ""a video frame showing person on the right""]",stratified_TN,,,
9,10607095936,what does the lady do after the man in red vest finishes talking at the end,TN,AFTER,AFTER,AFTER,0,clause_extracted,the man in red vest finishes talking,the lady,"[""original"", ""anchor_primary"", ""target_entity""]","[""what does the lady do after the man in red vest finishes talking at the end"", ""a video frame showing the man in red vest finishes talking"", ""a video frame showing the lady""]","[""what does the lady do after the man in red vest finishes talking at the end"", ""a video frame showing the man in red vest finishes talking""]",,3,2,0,what_do,,"[""a video frame showing lady the man in red vest finishes talking at the end"", ""a video frame showing lady""]",stratified_TN,,,
7,8224504302,what does the man in black do after shaking his hand near his mouth in the middle,TN,AFTER,AFTER,AFTER,0,clause_extracted,the man in black shaking his hand near his mouth,the man in black,"[""original"", ""anchor_primary"", ""target_entity""]","[""what does the man in black do after shaking his hand near his mouth in the middle"", ""a video frame showing the man in black shaking his hand near his mouth"", ""a video frame showing the man in black""]","[""what does the man in black do after shaking his hand near his mouth in the middle"", ""a video frame showing the man in black shaking his hand near his mouth""]",,3,2,1,what_do,,"[""a video frame showing man in black shaking his hand near his mouth in the middle"", ""a video frame showing man in black""]",stratified_TN,,,
6,6025238212,what does the girl in gold do after attempting to hit the man at the end,TN,AFTER,AFTER,AFTER,0,clause_extracted,the girl in gold attempting to hit the man,the girl in gold,"[""original"", ""anchor_primary"", ""target_entity""]","[""what does the girl in gold do after attempting to hit the man at the end"", ""a video frame showing the girl in gold attempting to hit the man"", ""a video frame showing the girl in gold""]","[""what does the girl in gold do after attempting to hit the man at the end"", ""a video frame showing the girl in gold attempting to hit the man""]",,3,2,1,what_do,,"[""a video frame showing girl in gold attempting to hit the man at the end"", ""a video frame showing girl in gold""]",stratified_TN,,,
4,2932897373,what did the man in grey and lady in white do after looking at the sign board in the middle of video,TN,AFTER,AFTER,AFTER,0,clause_extracted,the man in grey and lady in white looking at the sign board,the man in grey and lady in white,"[""original"", ""anchor_primary"", ""target_entity""]","[""what did the man in grey and lady in white do after looking at the sign board in the middle of video"", ""a video frame showing the man in grey and lady in white looking at the sign board"", ""a video frame showing the man in grey and lady in white""]","[""what did the man in grey and lady in white do after looking at the sign board in the middle of video"", ""a video frame showing the man in grey and lady in white looking at the sign board""]",,3,2,1,what_do,,"[""a video frame showing man in grey and lady in white looking at the sign board in the middle of video"", ""a video frame showing man in grey and lady in white""]",stratified_TN,,,
2,11566980553,what did the lady do after putting aside the present,TN,AFTER,AFTER,AFTER,0,clause_extracted,the lady putting aside the present,the lady,"[""original"", ""anchor_primary"", ""target_entity""]","[""what did the lady do after putting aside the present"", ""a video frame showing the lady putting aside the present"", ""a video frame showing the lady""]","[""what did the lady do after putting aside the present"", ""a video frame showing the lady putting aside the present""]",,3,2,1,what_do,,"[""a video frame showing lady putting aside the present"", ""a video frame showing lady""]",stratified_TN,,,
8,8189958994,what did the lady do after she stopped the black dog from circling her,TN,AFTER,AFTER,AFTER,0,clause_extracted,she stopped the black dog from circling her,the lady,"[""original"", ""anchor_primary"", ""target_entity""]","[""what did the lady do after she stopped the black dog from circling her"", ""a video frame showing she stopped the black dog from circling her"", ""a video frame showing the lady""]","[""what did the lady do after she stopped the black dog from circling her"", ""a video frame showing she stopped the black dog from circling her""]",,3,2,0,what_do,,"[""a video frame showing lady she stopped the black dog from circling her"", ""a video frame showing lady""]",stratified_TN,,,
6,4765717907,what did the boy do after being let on the ground near the end,TN,AFTER,AFTER,AFTER,0,clause_extracted,the boy being let on the ground near the end,the boy,"[""original"", ""anchor_primary"", ""target_entity""]","[""what did the boy do after being let on the ground near the end"", ""a video frame showing the boy being let on the ground near the end"", ""a video frame showing the boy""]","[""what did the boy do after being let on the ground near the end"", ""a video frame showing the boy being let on the ground near the end""]",,3,2,1,what_do,,"[""a video frame showing boy being let on the ground near the end"", ""a video frame showing boy""]",stratified_TN,,,
6,8188651630,what does the cat do right at the end after the human s foot rubbed its cheeks and face,TN,AFTER,AFTER,AFTER,0,clause_extracted,the human s foot rubbed its cheeks and face,,"[""original"", ""anchor_primary""]","[""what does the cat do right at the end after the human's foot rubbed its cheeks and face"", ""a video frame showing the human's foot rubbed its cheeks and face""]","[""what does the cat do right at the end after the human's foot rubbed its cheeks and face"", ""a video frame showing the human's foot rubbed its cheeks and face""]",,2,2,0,what_head,no_clause_pattern_matched,"[""a video frame showing the cat do right at the end after the human's foot rubbed its cheeks and face"", ""what does the cat do right at the end after the human's foot rubbed its cheeks and face""]",stratified_TN,,,
10,4970148391,what does the boy do after hitting the second balloon,TN,AFTER,AFTER,AFTER,0,clause_extracted,the boy hitting the second balloon,the boy,"[""original"", ""anchor_primary"", ""target_entity""]","[""what does the boy do after hitting the second balloon"", ""a video frame showing the boy hitting the second balloon"", ""a video frame showing the boy""]","[""what does the boy do after hitting the second balloon"", ""a video frame showing the boy hitting the second balloon""]",,3,2,1,what_do,,"[""a video frame showing boy hitting the second balloon"", ""a video frame showing boy""]",stratified_TN,,,
4,6253433310,what did the boy do after his head first came up the water,TN,AFTER,AFTER,AFTER,0,clause_extracted,his head first came up the water,the boy,"[""original"", ""anchor_primary"", ""target_entity""]","[""what did the boy do after his head first came up the water"", ""a video frame showing his head first came up the water"", ""a video frame showing the boy""]","[""what did the boy do after his head first came up the water"", ""a video frame showing his head first came up the water""]",,3,2,0,what_do,,"[""a video frame showing boy his head first came up the water"", ""a video frame showing boy""]",stratified_TN,,,
0,8455160795,what does the person with the stick do after pointing forward with the stick in the middle,TN,AFTER,AFTER,AFTER,0,clause_extracted,the person with the stick pointing forward with the stick,the person with the stick,"[""original"", ""anchor_primary"", ""target_entity""]","[""what does the person with the stick do after pointing forward with the stick in the middle"", ""a video frame showing the person with the stick pointing forward with the stick"", ""a video frame showing the person with the stick""]","[""what does the person with the stick do after pointing forward with the stick in the middle"", ""a video frame showing the person with the stick pointing forward with the stick""]",,3,2,1,what_do,,"[""a video frame showing person with the stick pointing forward with the stick in the middle"", ""a video frame showing person with the stick""]",stratified_TN,,,
1,4955723618,what did the man in grey do after he finished his speech,TN,AFTER,AFTER,AFTER,0,clause_extracted,he finished his speech,the man in grey,"[""original"", ""anchor_primary"", ""target_entity""]","[""what did the man in grey do after he finished his speech"", ""a video frame showing he finished his speech"", ""a video frame showing the man in grey""]","[""what did the man in grey do after he finished his speech"", ""a video frame showing he finished his speech""]",,3,2,0,what_do,,"[""a video frame showing man in grey he finished his speech"", ""a video frame showing man in grey""]",stratified_TN,,,
8,3376544720,what does the man in striped do after the man in black gets on the bull,TN,AFTER,AFTER,AFTER,0,clause_extracted,the man in black gets on the bull,the man in striped,"[""original"", ""anchor_primary"", ""target_entity""]","[""what does the man in striped do after the man in black gets on the bull"", ""a video frame showing the man in black gets on the bull"", ""a video frame showing the man in striped""]","[""what does the man in striped do after the man in black gets on the bull"", ""a video frame showing the man in black gets on the bull""]",,3,2,0,what_do,,"[""a video frame showing man in striped the man in black gets on the bull"", ""a video frame showing man in striped""]",stratified_TN,,,
4,4762946272,what did the boy do after the woman poured the flour into the spoon,TN,AFTER,AFTER,AFTER,0,clause_extracted,the woman poured the flour into the spoon,the boy,"[""original"", ""anchor_primary"", ""target_entity""]","[""what did the boy do after the woman poured the flour into the spoon"", ""a video frame showing the woman poured the flour into the spoon"", ""a video frame showing the boy""]","[""what did the boy do after the woman poured the flour into the spoon"", ""a video frame showing the woman poured the flour into the spoon""]",,3,2,0,what_do,,"[""a video frame showing boy the woman poured the flour into the spoon"", ""a video frame showing boy""]",stratified_TN,,,
11,3026084730,what did the three men do after the middle man finished speaking,TN,AFTER,AFTER,AFTER,0,clause_extracted,the middle man finished speaking,the three men,"[""original"", ""anchor_primary"", ""target_entity""]","[""what did the three men do after the middle man finished speaking"", ""a video frame showing the middle man finished speaking"", ""a video frame showing the three men""]","[""what did the three men do after the middle man finished speaking"", ""a video frame showing the middle man finished speaking""]",,3,2,0,what_do,,"[""a video frame showing three men the middle man finished speaking"", ""a video frame showing three men""]",stratified_TN,,,
1,8455160795,what does the person with a stick do after suddenly moving forward onto the shore near the start,TN,AFTER,AFTER,AFTER,0,clause_extracted,the person with a stick suddenly moving forward onto the shore near the start,the person with a stick,"[""original"", ""anchor_primary"", ""target_entity""]","[""what does the person with a stick do after suddenly moving forward onto the shore near the start"", ""a video frame showing the person with a stick suddenly moving forward onto the shore near the start"", ""a video frame showing the person with a stick""]","[""what does the person with a stick do after suddenly moving forward onto the shore near the start"", ""a video frame showing the person with a stick suddenly moving forward onto the shore near the start""]",,3,2,1,what_do,,"[""a video frame showing person with a stick suddenly moving forward onto the shore near the start"", ""a video frame showing person with a stick""]",stratified_TN,,,
4,4219909195,what did the girl do after the man pat the pillow,TN,AFTER,AFTER,AFTER,0,clause_extracted,the man pat the pillow,the girl,"[""original"", ""anchor_primary"", ""target_entity""]","[""what did the girl do after the man pat the pillow"", ""a video frame showing the man pat the pillow"", ""a video frame showing the girl""]","[""what did the girl do after the man pat the pillow"", ""a video frame showing the man pat the pillow""]",,3,2,0,what_do,,"[""a video frame showing girl the man pat the pillow"", ""a video frame showing girl""]",stratified_TN,,,
5,8457210773,what did the brown dog do after the black dog with red collar walked past in the middle,TN,AFTER,AFTER,AFTER,0,clause_extracted,the black dog with red collar walked past,the brown dog,"[""original"", ""anchor_primary"", ""target_entity""]","[""what did the brown dog do after the black dog with red collar walked past in the middle"", ""a video frame showing the black dog with red collar walked past"", ""a video frame showing the brown dog""]","[""what did the brown dog do after the black dog with red collar walked past in the middle"", ""a video frame showing the black dog with red collar walked past""]",,3,2,0,what_do,,"[""a video frame showing brown dog the black dog with red collar walked past in the middle"", ""a video frame showing brown dog""]",stratified_TN,,,
4,7605329840,what did the girl in stripes do after blowing the green balloon,TN,AFTER,AFTER,AFTER,0,clause_extracted,the girl in stripes blowing the green balloon,the girl in stripes,"[""original"", ""anchor_primary"", ""target_entity""]","[""what did the girl in stripes do after blowing the green balloon"", ""a video frame showing the girl in stripes blowing the green balloon"", ""a video frame showing the girl in stripes""]","[""what did the girl in stripes do after blowing the green balloon"", ""a video frame showing the girl in stripes blowing the green balloon""]",,3,2,1,what_do,,"[""a video frame showing girl in stripes blowing the green balloon"", ""a video frame showing girl in stripes""]",stratified_TN,,,
9,9408800471,what does the dog do after the boy throws the balloon up,TN,AFTER,AFTER,AFTER,0,clause_extracted,the boy throws the balloon up,the dog,"[""original"", ""anchor_primary"", ""target_entity""]","[""what does the dog do after the boy throws the balloon up"", ""a video frame showing the boy throws the balloon up"", ""a video frame showing the dog""]","[""what does the dog do after the boy throws the balloon up"", ""a video frame showing the boy throws the balloon up""]",,3,2,0,what_do,,"[""a video frame showing dog the boy throws the balloon up"", ""a video frame showing dog""]",stratified_TN,,,
7,4147398280,what does the boy do after managing to solve one face of the rubik,TN,AFTER,AFTER,AFTER,0,clause_extracted,the boy managing to solve one face of the rubik,the boy,"[""original"", ""anchor_primary"", ""target_entity""]","[""what does the boy do after managing to solve one face of the rubik"", ""a video frame showing the boy managing to solve one face of the rubik"", ""a video frame showing the boy""]","[""what does the boy do after managing to solve one face of the rubik"", ""a video frame showing the boy managing to solve one face of the rubik""]",,3,2,1,what_do,,"[""a video frame showing boy managing to solve one face of the rubik"", ""a video frame showing boy""]",stratified_TN,,,
10,6592821115,what did the lady in stripped do after the lady in grey hugged the girl in pink,TN,AFTER,AFTER,AFTER,0,clause_extracted,the lady in grey hugged the girl in pink,the lady in stripped,"[""original"", ""anchor_primary"", ""target_entity""]","[""what did the lady in stripped do after the lady in grey hugged the girl in pink"", ""a video frame showing the lady in grey hugged the girl in pink"", ""a video frame showing the lady in stripped""]","[""what did the lady in stripped do after the lady in grey hugged the girl in pink"", ""a video frame showing the lady in grey hugged the girl in pink""]",,3,2,0,what_do,,"[""a video frame showing lady in stripped the lady in grey hugged the girl in pink"", ""a video frame showing lady in stripped""]",stratified_TN,,,
2,3897746373,what did the man do after the girl in pink swam,TN,AFTER,AFTER,AFTER,0,clause_extracted,the girl in pink swam,the man,"[""original"", ""anchor_primary"", ""target_entity""]","[""what did the man do after the girl in pink swam"", ""a video frame showing the girl in pink swam"", ""a video frame showing the man""]","[""what did the man do after the girl in pink swam"", ""a video frame showing the girl in pink swam""]",,3,2,0,what_do,,"[""a video frame showing man the girl in pink swam"", ""a video frame showing man""]",stratified_TN,,,
7,4846820256,what did the boy do after he turned back at the end of the video,TN,AFTER,AFTER,AFTER,0,clause_extracted,he turned back,the boy,"[""original"", ""anchor_primary"", ""target_entity""]","[""what did the boy do after he turned back at the end of the video"", ""a video frame showing he turned back"", ""a video frame showing the boy""]","[""what did the boy do after he turned back at the end of the video"", ""a video frame showing he turned back""]",,3,2,0,what_do,,"[""a video frame showing boy he turned back at the end of the video"", ""a video frame showing boy""]",stratified_TN,,,
4,8493226484,what does the lady do after putting her hand behind the head of the boy at the start,TN,AFTER,AFTER,AFTER,0,clause_extracted,the lady putting her hand behind the head of the boy at the start,the lady,"[""original"", ""anchor_primary"", ""target_entity""]","[""what does the lady do after putting her hand behind the head of the boy at the start"", ""a video frame showing the lady putting her hand behind the head of the boy at the start"", ""a video frame showing the lady""]","[""what does the lady do after putting her hand behind the head of the boy at the start"", ""a video frame showing the lady putting her hand behind the head of the boy at the start""]",,3,2,1,what_do,,"[""a video frame showing lady putting her hand behind the head of the boy at the start"", ""a video frame showing lady""]",stratified_TN,,,
6,2796821016,what does the boy in striped do after bumping into the other boy in the middle of the video,TN,AFTER,AFTER,AFTER,0,clause_extracted,the boy in striped bumping into the other boy,the boy in striped,"[""original"", ""anchor_primary"", ""target_entity""]","[""what does the boy in striped do after bumping into the other boy in the middle of the video"", ""a video frame showing the boy in striped bumping into the other boy"", ""a video frame showing the boy in striped""]","[""what does the boy in striped do after bumping into the other boy in the middle of the video"", ""a video frame showing the boy in striped bumping into the other boy""]",,3,2,1,what_do,,"[""a video frame showing boy in striped bumping into the other boy in the middle of the video"", ""a video frame showing boy in striped""]",stratified_TN,,,
7,6097994550,what did the man lying down do before he rolled over,TP,BEFORE,BEFORE,BEFORE,0,clause_extracted,he rolled over,the man lying down,"[""original"", ""anchor_primary"", ""target_entity""]","[""what did the man lying down do before he rolled over"", ""a video frame showing he rolled over"", ""a video frame showing the man lying down""]","[""what did the man lying down do before he rolled over"", ""a video frame showing he rolled over""]",,3,2,0,what_do,,"[""a video frame showing man lying down he rolled over"", ""a video frame showing man lying down""]",stratified_TP,,,
8,12392885583,what did the man wearing the grey jacket do before the baby got the pacifier,TP,BEFORE,BEFORE,BEFORE,0,clause_extracted,the baby got the pacifier,the man wearing the grey jacket,"[""original"", ""anchor_primary"", ""target_entity""]","[""what did the man wearing the grey jacket do before the baby got the pacifier"", ""a video frame showing the baby got the pacifier"", ""a video frame showing the man wearing the grey jacket""]","[""what did the man wearing the grey jacket do before the baby got the pacifier"", ""a video frame showing the baby got the pacifier""]",,3,2,0,what_do,,"[""a video frame showing man wearing the grey jacket the baby got the pacifier"", ""a video frame showing man wearing the grey jacket""]",stratified_TP,,,
6,4968805923,what did the rightmost man in black do before the man in white hit the balloon,TP,BEFORE,BEFORE,BEFORE,0,clause_extracted,the man in white hit the balloon,the rightmost man in black,"[""original"", ""anchor_primary"", ""target_entity""]","[""what did the rightmost man in black do before the man in white hit the balloon"", ""a video frame showing the man in white hit the balloon"", ""a video frame showing the rightmost man in black""]","[""what did the rightmost man in black do before the man in white hit the balloon"", ""a video frame showing the man in white hit the balloon""]",,3,2,0,what_do,,"[""a video frame showing rightmost man in black the man in white hit the balloon"", ""a video frame showing rightmost man in black""]",stratified_TP,,,
3,4388652400,what is the dog doing before being touched by the man,TP,BEFORE,BEFORE,BEFORE,0,clause_extracted,the dog being touched by the man,the dog,"[""original"", ""anchor_primary"", ""target_entity""]","[""what is the dog doing before being touched by the man"", ""a video frame showing the dog being touched by the man"", ""a video frame showing the dog""]","[""what is the dog doing before being touched by the man"", ""a video frame showing the dog being touched by the man""]",,3,2,1,what_doing,no_clause_pattern_matched,"[""a video frame showing what is the dog doing before being touched by the man"", ""what is the dog doing before being touched by the man""]",stratified_TP,,,
2,5308503740,what did the black and white rabbit do before climbing towards the tree,TP,BEFORE,BEFORE,BEFORE,0,clause_extracted,the black and white rabbit climbing towards the tree,the black and white rabbit,"[""original"", ""anchor_primary"", ""target_entity""]","[""what did the black and white rabbit do before climbing towards the tree"", ""a video frame showing the black and white rabbit climbing towards the tree"", ""a video frame showing the black and white rabbit""]","[""what did the black and white rabbit do before climbing towards the tree"", ""a video frame showing the black and white rabbit climbing towards the tree""]",,3,2,1,what_do,,"[""a video frame showing black and white rabbit climbing towards the tree"", ""a video frame showing black and white rabbit""]",stratified_TP,,,
8,4584426085,what was the puppy doing before the lady put the red shirt over its body,TP,BEFORE,BEFORE,BEFORE,0,clause_extracted,the lady put the red shirt over its body,the puppy,"[""original"", ""anchor_primary"", ""target_entity""]","[""what was the puppy doing before the lady put the red shirt over its body"", ""a video frame showing the lady put the red shirt over its body"", ""a video frame showing the puppy""]","[""what was the puppy doing before the lady put the red shirt over its body"", ""a video frame showing the lady put the red shirt over its body""]",,3,2,0,what_doing,no_clause_pattern_matched,"[""a video frame showing what was the puppy doing before the lady put the red shirt over its body"", ""what was the puppy doing before the lady put the red shirt over its body""]",stratified_TP,,,
1,4968805923,what is the man in white holding behind his back before he moved his arms,TP,BEFORE,BEFORE,BEFORE,0,clause_extracted,he moved his arms,,"[""original"", ""anchor_primary""]","[""what is the man in white holding behind his back before he moved his arms"", ""a video frame showing he moved his arms""]","[""what is the man in white holding behind his back before he moved his arms"", ""a video frame showing he moved his arms""]",,2,2,0,what_head,no_clause_pattern_matched,"[""a video frame showing what is the man in white holding behind his back before he moved his arms"", ""what is the man in white holding behind his back before he moved his arms""]",stratified_TP,,,
3,7364407194,what did the baby in blue do before he looked up at the end,TP,BEFORE,BEFORE,BEFORE,0,clause_extracted,he looked up,the baby in blue,"[""original"", ""anchor_primary"", ""target_entity""]","[""what did the baby in blue do before he looked up at the end"", ""a video frame showing he looked up"", ""a video frame showing the baby in blue""]","[""what did the baby in blue do before he looked up at the end"", ""a video frame showing he looked up""]",,3,2,0,what_do,,"[""a video frame showing baby in blue he looked up at the end"", ""a video frame showing baby in blue""]",stratified_TP,,,
5,2930782930,what did the lady do before she kissed the baby,TP,BEFORE,BEFORE,BEFORE,0,clause_extracted,she kissed the baby,the lady,"[""original"", ""anchor_primary"", ""target_entity""]","[""what did the lady do before she kissed the baby"", ""a video frame showing she kissed the baby"", ""a video frame showing the lady""]","[""what did the lady do before she kissed the baby"", ""a video frame showing she kissed the baby""]",,3,2,0,what_do,,"[""a video frame showing lady she kissed the baby"", ""a video frame showing lady""]",stratified_TP,,,
3,5445581571,what is the white dog playing with before he looked up,TP,BEFORE,BEFORE,BEFORE,0,clause_extracted,he looked up,,"[""original"", ""anchor_primary""]","[""what is the white dog playing with before he looked up"", ""a video frame showing he looked up""]","[""what is the white dog playing with before he looked up"", ""a video frame showing he looked up""]",,2,2,0,what_head,no_clause_pattern_matched,"[""a video frame showing what is the white dog playing with before he looked up"", ""what is the white dog playing with before he looked up""]",stratified_TP,,,
4,4516967897,what were the two ladies doing before they started talking at the start of the video,TP,BEFORE,BEFORE,BEFORE,0,clause_extracted,they started talking at the start of the video,the two ladies,"[""original"", ""anchor_primary"", ""target_entity""]","[""what were the two ladies doing before they started talking at the start of the video"", ""a video frame showing they started talking at the start of the video"", ""a video frame showing the two ladies""]","[""what were the two ladies doing before they started talking at the start of the video"", ""a video frame showing they started talking at the start of the video""]",,3,2,0,what_doing,no_clause_pattern_matched,"[""a video frame showing what were the two ladies doing before they started talking at the start of the video"", ""what were the two ladies doing before they started talking at the start of the video""]",stratified_TP,,,
8,3429509208,what did the boy do before he raised his hand to take the camera,TP,BEFORE,BEFORE,BEFORE,0,clause_extracted,he raised his hand to take the camera,the boy,"[""original"", ""anchor_primary"", ""target_entity""]","[""what did the boy do before he raised his hand to take the camera"", ""a video frame showing he raised his hand to take the camera"", ""a video frame showing the boy""]","[""what did the boy do before he raised his hand to take the camera"", ""a video frame showing he raised his hand to take the camera""]",,3,2,0,what_do,,"[""a video frame showing boy he raised his hand to take the camera"", ""a video frame showing boy""]",stratified_TP,,,
3,3972259774,what do the people do before the man in yellow hands the box over to the lady,TP,BEFORE,BEFORE,BEFORE,0,clause_extracted,the man in yellow hands the box over to the lady,the people,"[""original"", ""anchor_primary"", ""target_entity""]","[""what do the people do before the man in yellow hands the box over to the lady"", ""a video frame showing the man in yellow hands the box over to the lady"", ""a video frame showing the people""]","[""what do the people do before the man in yellow hands the box over to the lady"", ""a video frame showing the man in yellow hands the box over to the lady""]",,3,2,0,what_do,no_clause_pattern_matched,"[""a video frame showing what do the people do before the man in yellow hands the box over to the lady"", ""what do the people do before the man in yellow hands the box over to the lady""]",stratified_TP,,,
9,8189958994,what is the lady doing before she stopped the dog in the beginning of the video,TP,BEFORE,BEFORE,BEFORE,0,clause_extracted,she stopped the dog,the lady,"[""original"", ""anchor_primary"", ""target_entity""]","[""what is the lady doing before she stopped the dog in the beginning of the video"", ""a video frame showing she stopped the dog"", ""a video frame showing the lady""]","[""what is the lady doing before she stopped the dog in the beginning of the video"", ""a video frame showing she stopped the dog""]",,3,2,0,what_doing,no_clause_pattern_matched,"[""a video frame showing what is the lady doing before she stopped the dog in the beginning of the video"", ""what is the lady doing before she stopped the dog in the beginning of the video""]",stratified_TP,,,
9,10030609934,what did the boy do before he bend down at the beginning of the video,TP,BEFORE,BEFORE,BEFORE,0,clause_extracted,he bend down,the boy,"[""original"", ""anchor_primary"", ""target_entity""]","[""what did the boy do before he bend down at the beginning of the video"", ""a video frame showing he bend down"", ""a video frame showing the boy""]","[""what did the boy do before he bend down at the beginning of the video"", ""a video frame showing he bend down""]",,3,2,0,what_do,,"[""a video frame showing boy he bend down at the beginning of the video"", ""a video frame showing boy""]",stratified_TP,,,
4,8557532213,what did the boy in yellow do before he passed the ball to the boy in blue,TP,BEFORE,BEFORE,BEFORE,0,clause_extracted,he passed the ball to the boy in blue,the boy in yellow,"[""original"", ""anchor_primary"", ""target_entity""]","[""what did the boy in yellow do before he passed the ball to the boy in blue"", ""a video frame showing he passed the ball to the boy in blue"", ""a video frame showing the boy in yellow""]","[""what did the boy in yellow do before he passed the ball to the boy in blue"", ""a video frame showing he passed the ball to the boy in blue""]",,3,2,0,what_do,,"[""a video frame showing boy in yellow he passed the ball to the boy in blue"", ""a video frame showing boy in yellow""]",stratified_TP,,,
1,6239210933,what does the child look at before drawing on the pink toy,TP,BEFORE,BEFORE,BEFORE,0,clause_extracted,drawing on the pink toy,,"[""original"", ""anchor_primary""]","[""what does the child look at before drawing on the pink toy"", ""a video frame showing drawing on the pink toy""]","[""what does the child look at before drawing on the pink toy"", ""a video frame showing drawing on the pink toy""]",,2,2,0,what_head,no_clause_pattern_matched,"[""a video frame showing the child look at before drawing on the pink toy"", ""what does the child look at before drawing on the pink toy""]",stratified_TP,,,
9,5801184682,what did the human do when the cat hid before the black bag,TP,BEFORE,DURING,BEFORE,1,clause_extracted,the cat hid before the black bag,the human,"[""original"", ""anchor_primary"", ""target_entity""]","[""what did the human do when the cat hid before the black bag"", ""a video frame showing the cat hid before the black bag"", ""a video frame showing the human""]","[""what did the human do when the cat hid before the black bag"", ""a video frame showing the cat hid before the black bag""]",,3,2,0,what_do,,"[""a video frame showing the cat hid before the black bag"", ""a video frame showing human near the cat hid before the black bag""]",stratified_TP,,,
4,3897746373,what did the man do before the girl in pink started swimming,TP,BEFORE,BEFORE,BEFORE,0,clause_extracted,the girl in pink started swimming,the man,"[""original"", ""anchor_primary"", ""target_entity""]","[""what did the man do before the girl in pink started swimming"", ""a video frame showing the girl in pink started swimming"", ""a video frame showing the man""]","[""what did the man do before the girl in pink started swimming"", ""a video frame showing the girl in pink started swimming""]",,3,2,0,what_do,,"[""a video frame showing man the girl in pink started swimming"", ""a video frame showing man""]",stratified_TP,,,
7,8457210773,what did the black dog do before it stood up at the end,TP,BEFORE,BEFORE,BEFORE,0,clause_extracted,it stood up,the black dog,"[""original"", ""anchor_primary"", ""target_entity""]","[""what did the black dog do before it stood up at the end"", ""a video frame showing it stood up"", ""a video frame showing the black dog""]","[""what did the black dog do before it stood up at the end"", ""a video frame showing it stood up""]",,3,2,0,what_do,,"[""a video frame showing black dog it stood up at the end"", ""a video frame showing black dog""]",stratified_TP,,,
0,5498331490,what was the cat doing before it first turned around,TP,BEFORE,BEFORE,BEFORE,0,clause_extracted,it first turned around,the cat,"[""original"", ""anchor_primary"", ""target_entity""]","[""what was the cat doing before it first turned around"", ""a video frame showing it first turned around"", ""a video frame showing the cat""]","[""what was the cat doing before it first turned around"", ""a video frame showing it first turned around""]",,3,2,0,what_doing,no_clause_pattern_matched,"[""a video frame showing what was the cat doing before it first turned around"", ""what was the cat doing before it first turned around""]",stratified_TP,,,
6,4955723618,what did the man in black in front of the man in grey do before the man in grey passed him the microphone,TP,BEFORE,BEFORE,BEFORE,0,clause_extracted,the man in grey passed him the microphone,the man in black in front of the man in grey,"[""original"", ""anchor_primary"", ""target_entity""]","[""what did the man in black in front of the man in grey do before the man in grey passed him the microphone"", ""a video frame showing the man in grey passed him the microphone"", ""a video frame showing the man in black in front of the man in grey""]","[""what did the man in black in front of the man in grey do before the man in grey passed him the microphone"", ""a video frame showing the man in grey passed him the microphone""]",,3,2,0,what_do,,"[""a video frame showing man in black in front of the man in grey the man in grey passed him the microphone"", ""a video frame showing man in black in front of the man in grey""]",stratified_TP,,,
7,4420239986,what does the dog do before he goes under the table at the end,TP,BEFORE,BEFORE,BEFORE,0,clause_extracted,he goes under the table,the dog,"[""original"", ""anchor_primary"", ""target_entity""]","[""what does the dog do before he goes under the table at the end"", ""a video frame showing he goes under the table"", ""a video frame showing the dog""]","[""what does the dog do before he goes under the table at the end"", ""a video frame showing he goes under the table""]",,3,2,0,what_do,,"[""a video frame showing dog he goes under the table at the end"", ""a video frame showing dog""]",stratified_TP,,,
7,4244817395,what does the man do to the boy before leaving him in the middle,TP,BEFORE,BEFORE,BEFORE,0,clause_extracted,leaving him,,"[""original"", ""anchor_primary""]","[""what does the man do to the boy before leaving him in the middle"", ""a video frame showing leaving him""]","[""what does the man do to the boy before leaving him in the middle"", ""a video frame showing leaving him""]",,2,2,0,what_head,no_clause_pattern_matched,"[""a video frame showing the man do to the boy before leaving him in the middle"", ""what does the man do to the boy before leaving him in the middle""]",stratified_TP,,,
3,2401167740,what was the man doing before taking a drink from his cup,TP,BEFORE,BEFORE,BEFORE,0,clause_extracted,the man taking a drink from his cup,the man,"[""original"", ""anchor_primary"", ""target_entity""]","[""what was the man doing before taking a drink from his cup"", ""a video frame showing the man taking a drink from his cup"", ""a video frame showing the man""]","[""what was the man doing before taking a drink from his cup"", ""a video frame showing the man taking a drink from his cup""]",,3,2,1,what_doing,no_clause_pattern_matched,"[""a video frame showing what was the man doing before taking a drink from his cup"", ""what was the man doing before taking a drink from his cup""]",stratified_TP,,,
4,3445431963,how did the first diver filmed position higher hands before waving to the camera,TP,BEFORE,BEFORE,BEFORE,0,clause_extracted,waving to the camera,,"[""original"", ""anchor_primary""]","[""how did the first diver filmed position higher hands before waving to the camera"", ""a video frame showing waving to the camera""]","[""how did the first diver filmed position higher hands before waving to the camera"", ""a video frame showing waving to the camera""]",,2,2,0,how_head,,"[""a video frame showing the first diver filmed position higher hands before waving to the camera""]",stratified_TP,,,
6,3261079025,what did the man in grey do before the plane took off,TP,BEFORE,BEFORE,BEFORE,0,clause_extracted,the plane took off,the man in grey,"[""original"", ""anchor_primary"", ""target_entity""]","[""what did the man in grey do before the plane took off"", ""a video frame showing the plane took off"", ""a video frame showing the man in grey""]","[""what did the man in grey do before the plane took off"", ""a video frame showing the plane took off""]",,3,2,0,what_do,,"[""a video frame showing man in grey the plane took off"", ""a video frame showing man in grey""]",stratified_TP,,,
3,9917882506,what was the boy doing right before the girl came to a stop in the middle,TP,BEFORE,BEFORE,BEFORE,0,clause_extracted,the girl came to a stop,the boy,"[""original"", ""anchor_primary"", ""target_entity""]","[""what was the boy doing right before the girl came to a stop in the middle"", ""a video frame showing the girl came to a stop"", ""a video frame showing the boy""]","[""what was the boy doing right before the girl came to a stop in the middle"", ""a video frame showing the girl came to a stop""]",,3,2,0,what_doing,no_clause_pattern_matched,"[""a video frame showing what was the boy doing right before the girl came to a stop in the middle"", ""what was the boy doing right before the girl came to a stop in the middle""]",stratified_TP,,,
6,4925211209,what did the man do before cutting the tree,TP,BEFORE,BEFORE,BEFORE,0,clause_extracted,the man cutting the tree,the man,"[""original"", ""anchor_primary"", ""target_entity""]","[""what did the man do before cutting the tree"", ""a video frame showing the man cutting the tree"", ""a video frame showing the man""]","[""what did the man do before cutting the tree"", ""a video frame showing the man cutting the tree""]",,3,2,1,what_do,,"[""a video frame showing man cutting the tree"", ""a video frame showing man""]",stratified_TP,,,
7,4263096481,what did the man do before he cut the fish sideways,TP,BEFORE,BEFORE,BEFORE,0,clause_extracted,he cut the fish sideways,the man,"[""original"", ""anchor_primary"", ""target_entity""]","[""what did the man do before he cut the fish sideways"", ""a video frame showing he cut the fish sideways"", ""a video frame showing the man""]","[""what did the man do before he cut the fish sideways"", ""a video frame showing he cut the fish sideways""]",,3,2,0,what_do,,"[""a video frame showing man he cut the fish sideways"", ""a video frame showing man""]",stratified_TP,,,
2,8513603944,what is the person in black doing near the children,TC,DURING,,DURING,0,head_event,the person in black doing near the children,,"[""original"", ""anchor_primary""]","[""what is the person in black doing near the children"", ""a video frame showing the person in black doing near the children""]","[""what is the person in black doing near the children"", ""a video frame showing the person in black doing near the children""]",,2,2,0,what_head,no_clause_pattern_matched,"[""a video frame showing what is the person in black doing near the children"", ""what is the person in black doing near the children""]",stratified_TC,,,
6,5296635780,what is the response of the man as the woman speaks to him at the end of the video,TC,DURING,DURING,DURING,0,clause_extracted,the woman speaks to him,,"[""original"", ""anchor_primary""]","[""what is the response of the man as the woman speaks to him at the end of the video"", ""a video frame showing the woman speaks to him""]","[""what is the response of the man as the woman speaks to him at the end of the video"", ""a video frame showing the woman speaks to him""]",,2,2,0,what_head,no_clause_pattern_matched,"[""a video frame showing what is the response of the man as the woman speaks to him at the end of the video"", ""what is the response of the man as the woman speaks to him at the end of the video""]",stratified_TC,,,
5,12682618843,what did the dog hold onto with his paw briefly while chewing the bone at the start,TC,DURING,DURING,DURING,0,clause_extracted,chewing the bone at the start,,"[""original"", ""anchor_primary""]","[""what did the dog hold onto with his paw briefly while chewing the bone at the start"", ""a video frame showing chewing the bone at the start""]","[""what did the dog hold onto with his paw briefly while chewing the bone at the start"", ""a video frame showing chewing the bone at the start""]",,2,2,0,what_head,no_clause_pattern_matched,"[""a video frame showing the dog hold onto with his paw briefly while chewing the bone at the start"", ""what did the dog hold onto with his paw briefly while chewing the bone at the start""]",stratified_TC,,,
3,5521781780,what does the man in grey hold in his hands while he was walking around,TC,DURING,DURING,DURING,0,clause_extracted,he was walking around,,"[""original"", ""anchor_primary""]","[""what does the man in grey hold in his hands while he was walking around"", ""a video frame showing he was walking around""]","[""what does the man in grey hold in his hands while he was walking around"", ""a video frame showing he was walking around""]",,2,2,0,what_head,no_clause_pattern_matched,"[""a video frame showing the man in grey hold in his hands while he was walking around"", ""what does the man in grey hold in his hands while he was walking around""]",stratified_TC,,,
5,4164771889,how does the boy being buried react as his friends scoop sand on him,TC,DURING,DURING,DURING,0,clause_extracted,his friends scoop sand on him,,"[""original"", ""anchor_primary""]","[""how does the boy being buried react as his friends scoop sand on him"", ""a video frame showing his friends scoop sand on him""]","[""how does the boy being buried react as his friends scoop sand on him"", ""a video frame showing his friends scoop sand on him""]",,2,2,0,how_head,,"[""a video frame showing the boy being buried react as his friends scoop sand on him""]",stratified_TC,,,
7,2782658657,how does the girl in pink position her hands while running,TC,DURING,DURING,DURING,0,clause_extracted,running,,"[""original"", ""anchor_primary""]","[""how does the girl in pink position her hands while running"", ""a video frame showing running""]","[""how does the girl in pink position her hands while running"", ""a video frame showing running""]",,2,2,0,how_head,,"[""a video frame showing the girl in pink position her hands while running""]",stratified_TC,,,
6,5875535585,what does the man in black do as he held the mic stand near the middle of the video,TC,DURING,DURING,DURING,0,clause_extracted,he held the mic stand near the middle of the video,the man in black,"[""original"", ""anchor_primary"", ""target_entity""]","[""what does the man in black do as he held the mic stand near the middle of the video"", ""a video frame showing he held the mic stand near the middle of the video"", ""a video frame showing the man in black""]","[""what does the man in black do as he held the mic stand near the middle of the video"", ""a video frame showing he held the mic stand near the middle of the video""]",,3,2,0,what_do,,"[""a video frame showing he held the mic stand near the middle of the video"", ""a video frame showing man in black near he held the mic stand near the middle of the video""]",stratified_TC,,,
8,3851913128,what does the person in yellow do as the guy in red takes off his goggles in the middle of the video,TC,DURING,DURING,DURING,0,clause_extracted,the guy in red takes off his goggles,the person in yellow,"[""original"", ""anchor_primary"", ""target_entity""]","[""what does the person in yellow do as the guy in red takes off his goggles in the middle of the video"", ""a video frame showing the guy in red takes off his goggles"", ""a video frame showing the person in yellow""]","[""what does the person in yellow do as the guy in red takes off his goggles in the middle of the video"", ""a video frame showing the guy in red takes off his goggles""]",,3,2,0,what_do,,"[""a video frame showing the guy in red takes off his goggles in the middle of the video"", ""a video frame showing person in yellow near the guy in red takes off his goggles in the middle of the video""]",stratified_TC,,,
4,3942617402,what happens to the train as it starts moving,TC,DURING,DURING,DURING,0,clause_extracted,it starts moving,the train,"[""original"", ""anchor_primary"", ""target_entity""]","[""what happens to the train as it starts moving"", ""a video frame showing it starts moving"", ""a video frame showing the train""]","[""what happens to the train as it starts moving"", ""a video frame showing it starts moving""]",,3,2,0,what_happened,no_clause_pattern_matched,"[""a video frame showing what happens to the train as it starts moving"", ""what happens to the train as it starts moving""]",stratified_TC,,,
4,6183104292,what does the lady do as the man poured the food,TC,DURING,DURING,DURING,0,clause_extracted,the man poured the food,the lady,"[""original"", ""anchor_primary"", ""target_entity""]","[""what does the lady do as the man poured the food"", ""a video frame showing the man poured the food"", ""a video frame showing the lady""]","[""what does the lady do as the man poured the food"", ""a video frame showing the man poured the food""]",,3,2,0,what_do,,"[""a video frame showing the man poured the food"", ""a video frame showing lady near the man poured the food""]",stratified_TC,,,
5,8575881495,what does the girl hold on her hand as she was sitting up in the middle,TC,DURING,DURING,DURING,0,clause_extracted,she was sitting up,,"[""original"", ""anchor_primary""]","[""what does the girl hold on her hand as she was sitting up in the middle"", ""a video frame showing she was sitting up""]","[""what does the girl hold on her hand as she was sitting up in the middle"", ""a video frame showing she was sitting up""]",,2,2,0,what_head,no_clause_pattern_matched,"[""a video frame showing the girl hold on her hand as she was sitting up in the middle"", ""what does the girl hold on her hand as she was sitting up in the middle""]",stratified_TC,,,
1,8277866423,how did the brown dog feel when the black dog lunges at the bone,TC,DURING,DURING,DURING,0,clause_extracted,the black dog lunges at the bone,,"[""original"", ""anchor_primary""]","[""how did the brown dog feel when the black dog lunges at the bone"", ""a video frame showing the black dog lunges at the bone""]","[""how did the brown dog feel when the black dog lunges at the bone"", ""a video frame showing the black dog lunges at the bone""]",,2,2,0,how_head,,"[""a video frame showing the brown dog feel when the black dog lunges at the bone""]",stratified_TC,,,
1,3550839192,how did the baby react when the train approached,TC,DURING,DURING,DURING,0,clause_extracted,the train approached,,"[""original"", ""anchor_primary""]","[""how did the baby react when the train approached"", ""a video frame showing the train approached""]","[""how did the baby react when the train approached"", ""a video frame showing the train approached""]",,2,2,0,how_head,,"[""a video frame showing the baby react when the train approached""]",stratified_TC,,,
8,5133787349,how does the man in front react when the other two fall down,TC,DURING,DURING,DURING,0,clause_extracted,the other two fall down,,"[""original"", ""anchor_primary""]","[""how does the man in front react when the other two fall down"", ""a video frame showing the other two fall down""]","[""how does the man in front react when the other two fall down"", ""a video frame showing the other two fall down""]",,2,2,0,how_head,,"[""a video frame showing the man in front react when the other two fall down""]",stratified_TC,,,
2,4935987905,what is the white dog doing as it hid in the bushes,TC,DURING,DURING,DURING,0,clause_extracted,it hid in the bushes,the white dog,"[""original"", ""anchor_primary"", ""target_entity""]","[""what is the white dog doing as it hid in the bushes"", ""a video frame showing it hid in the bushes"", ""a video frame showing the white dog""]","[""what is the white dog doing as it hid in the bushes"", ""a video frame showing it hid in the bushes""]",,3,2,0,what_doing,no_clause_pattern_matched,"[""a video frame showing what is the white dog doing as it hid in the bushes"", ""what is the white dog doing as it hid in the bushes""]",stratified_TC,,,
4,7533369046,what was the baby looking at in the middle of the video,TC,DURING,,DURING,0,head_event,the baby looking at,,"[""original"", ""anchor_primary""]","[""what was the baby looking at in the middle of the video"", ""a video frame showing the baby looking at""]","[""what was the baby looking at in the middle of the video"", ""a video frame showing the baby looking at""]",,2,2,0,what_head,no_clause_pattern_matched,"[""a video frame showing what was the baby looking at in the middle of the video"", ""what was the baby looking at in the middle of the video""]",stratified_TC,,,
1,5875242364,where did the baby put his fingers when he was sitting in the makeshift pool,TC,DURING,DURING,DURING,0,clause_extracted,he was sitting in the makeshift pool,,"[""original"", ""anchor_primary""]","[""where did the baby put his fingers when he was sitting in the makeshift pool"", ""a video frame showing he was sitting in the makeshift pool""]","[""where did the baby put his fingers when he was sitting in the makeshift pool"", ""a video frame showing he was sitting in the makeshift pool""]",,2,2,0,wh_other,no_clause_pattern_matched,"[""a video frame showing the baby put his fingers when he was sitting in the makeshift pool"", ""where did the baby put his fingers when he was sitting in the makeshift pool""]",stratified_TC,,,
7,10001787725,what does the baby do as it tries to move forwards,TC,DURING,DURING,DURING,0,clause_extracted,it tries to move forwards,the baby,"[""original"", ""anchor_primary"", ""target_entity""]","[""what does the baby do as it tries to move forwards"", ""a video frame showing it tries to move forwards"", ""a video frame showing the baby""]","[""what does the baby do as it tries to move forwards"", ""a video frame showing it tries to move forwards""]",,3,2,0,what_do,,"[""a video frame showing it tries to move forwards"", ""a video frame showing baby near it tries to move forwards""]",stratified_TC,,,
8,6786501294,how does the boy respond to the blond lady who is talking to him,TC,DURING,,DURING,0,head_event,the boy respond to the blond lady who is talking to him,,"[""original"", ""anchor_primary""]","[""how does the boy respond to the blond lady who is talking to him"", ""a video frame showing the boy respond to the blond lady who is talking to him""]","[""how does the boy respond to the blond lady who is talking to him"", ""a video frame showing the boy respond to the blond lady who is talking to him""]",,2,2,0,how_head,,"[""a video frame showing the boy respond to the blond lady talking to him""]",stratified_TC,,,
7,5256928210,what does the man wear on his head,TC,DURING,,DURING,0,head_event,the man wear on his head,,"[""original"", ""anchor_primary""]","[""what does the man wear on his head"", ""a video frame showing the man wear on his head""]","[""what does the man wear on his head"", ""a video frame showing the man wear on his head""]",,2,2,0,what_head,no_clause_pattern_matched,"[""a video frame showing the man wear on his head"", ""what does the man wear on his head""]",stratified_TC,,,
8,3830567237,what do the two women in stripes do at the end while the man is washing the horse,TC,DURING,DURING,DURING,0,clause_extracted,the man is washing the horse,the two women in stripes,"[""original"", ""anchor_primary"", ""target_entity""]","[""what do the two women in stripes do at the end while the man is washing the horse"", ""a video frame showing the man is washing the horse"", ""a video frame showing the two women in stripes""]","[""what do the two women in stripes do at the end while the man is washing the horse"", ""a video frame showing the man is washing the horse""]",,3,2,0,what_do,no_clause_pattern_matched,"[""a video frame showing what do the two women in stripes do at the end while the man is washing the horse"", ""what do the two women in stripes do at the end while the man is washing the horse""]",stratified_TC,,,
8,6898821807,what does the boy do when he realises the baby is crying,TC,DURING,DURING,DURING,0,clause_extracted,he realises the baby is crying,the boy,"[""original"", ""anchor_primary"", ""target_entity""]","[""what does the boy do when he realises the baby is crying"", ""a video frame showing he realises the baby is crying"", ""a video frame showing the boy""]","[""what does the boy do when he realises the baby is crying"", ""a video frame showing he realises the baby is crying""]",,3,2,0,what_do,,"[""a video frame showing he realises the baby is crying"", ""a video frame showing boy near he realises the baby is crying""]",stratified_TC,,,
2,5427285434,what was the person opposite the boy doing as the boy was dancing near the end,TC,DURING,DURING,DURING,0,clause_extracted,the boy was dancing near the end,the person opposite the boy,"[""original"", ""anchor_primary"", ""target_entity""]","[""what was the person opposite the boy doing as the boy was dancing near the end"", ""a video frame showing the boy was dancing near the end"", ""a video frame showing the person opposite the boy""]","[""what was the person opposite the boy doing as the boy was dancing near the end"", ""a video frame showing the boy was dancing near the end""]",,3,2,0,what_doing,no_clause_pattern_matched,"[""a video frame showing what was the person opposite the boy doing as the boy was dancing near the end"", ""what was the person opposite the boy doing as the boy was dancing near the end""]",stratified_TC,,,
7,3303565503,how does the lady react to the man moving his hand to her waist,TC,DURING,,DURING,0,head_event,the lady react to the man moving his hand to her waist,,"[""original"", ""anchor_primary""]","[""how does the lady react to the man moving his hand to her waist"", ""a video frame showing the lady react to the man moving his hand to her waist""]","[""how does the lady react to the man moving his hand to her waist"", ""a video frame showing the lady react to the man moving his hand to her waist""]",,2,2,0,how_head,,"[""a video frame showing the lady react to the man moving his hand to her waist""]",stratified_TC,,,
2,3902997424,how did the 2 people react to the guy playing keyboard,TC,DURING,,DURING,0,head_event,the 2 people react to the guy playing keyboard,,"[""original"", ""anchor_primary""]","[""how did the 2 people react to the guy playing keyboard"", ""a video frame showing the 2 people react to the guy playing keyboard""]","[""how did the 2 people react to the guy playing keyboard"", ""a video frame showing the 2 people react to the guy playing keyboard""]",,2,2,0,how_head,,"[""a video frame showing the 2 people react to the guy playing keyboard""]",stratified_TC,,,
9,3960291106,what is the lady doing as she clapped at the end of the video,TC,DURING,DURING,DURING,0,clause_extracted,she clapped,the lady,"[""original"", ""anchor_primary"", ""target_entity""]","[""what is the lady doing as she clapped at the end of the video"", ""a video frame showing she clapped"", ""a video frame showing the lady""]","[""what is the lady doing as she clapped at the end of the video"", ""a video frame showing she clapped""]",,3,2,0,what_doing,no_clause_pattern_matched,"[""a video frame showing what is the lady doing as she clapped at the end of the video"", ""what is the lady doing as she clapped at the end of the video""]",stratified_TC,,,
3,9408800471,does the dog try to bite on the ball when the ball rolls on the ground,TC,DURING,DURING,DURING,0,clause_extracted,the ball rolls on the ground,,"[""original"", ""anchor_primary""]","[""does the dog try to bite on the ball when the ball rolls on the ground"", ""a video frame showing the ball rolls on the ground""]","[""does the dog try to bite on the ball when the ball rolls on the ground"", ""a video frame showing the ball rolls on the ground""]",,2,2,0,unmatched,no_clause_pattern_matched,"[""a video frame showing does the dog try to bite on the ball when the ball rolls on the ground"", ""does the dog try to bite on the ball when the ball rolls on the ground""]",stratified_TC,,,
7,8189958994,what did the black dog do when it saw the white dog,TC,DURING,DURING,DURING,0,clause_extracted,it saw the white dog,the black dog,"[""original"", ""anchor_primary"", ""target_entity""]","[""what did the black dog do when it saw the white dog"", ""a video frame showing it saw the white dog"", ""a video frame showing the black dog""]","[""what did the black dog do when it saw the white dog"", ""a video frame showing it saw the white dog""]",,3,2,0,what_do,,"[""a video frame showing it saw the white dog"", ""a video frame showing black dog near it saw the white dog""]",stratified_TC,,,
3,3388598772,what does the man with a white cap do ater the man in blue and the woman in black finished kissing,TC,DURING,,DURING,0,head_event,the man with a white cap do ater the man in blue and the woman in black finished kissing,,"[""original"", ""anchor_primary""]","[""what does the man with a white cap do ater the man in blue and the woman in black finished kissing"", ""a video frame showing the man with a white cap do ater the man in blue and the woman in black finished kissing""]","[""what does the man with a white cap do ater the man in blue and the woman in black finished kissing"", ""a video frame showing the man with a white cap do ater the man in blue and the woman in black finished kissing""]",,2,2,0,what_head,no_clause_pattern_matched,"[""a video frame showing the man with a white cap do ater the man in blue and the woman in black finished kissing"", ""what does the man with a white cap do ater the man in blue and the woman in black finished kissing""]",stratified_TC,,,
2,6898821807,how does the boy react to the baby pushing his hand away,TC,DURING,,DURING,0,head_event,the boy react to the baby pushing his hand away,,"[""original"", ""anchor_primary""]","[""how does the boy react to the baby pushing his hand away"", ""a video frame showing the boy react to the baby pushing his hand away""]","[""how does the boy react to the baby pushing his hand away"", ""a video frame showing the boy react to the baby pushing his hand away""]",,2,2,0,how_head,,"[""a video frame showing the boy react to the baby pushing his hand away""]",stratified_TC,,,
3,6037747123,what are the people on the grass doing,TC,DURING,,DURING,0,entity_only,,the people on the grass,"[""original"", ""target_entity""]","[""what are the people on the grass doing"", ""a video frame showing the people on the grass""]","[""what are the people on the grass doing""]",,2,1,0,what_doing,no_clause_pattern_matched,"[""a video frame showing what are the people on the grass doing"", ""what are the people on the grass doing""]",parser_failure,,,
2,2833209794,what are the ladies shown at the other side of the escalator doing,TC,DURING,,DURING,0,entity_only,,the ladies shown at the other side of the escalator,"[""original"", ""target_entity""]","[""what are the ladies shown at the other side of the escalator doing"", ""a video frame showing the ladies shown at the other side of the escalator""]","[""what are the ladies shown at the other side of the escalator doing""]",,2,1,0,what_doing,no_clause_pattern_matched,"[""a video frame showing what are the ladies shown at the other side of the escalator doing"", ""what are the ladies shown at the other side of the escalator doing""]",parser_failure,,,
6,5349766264,what are the people doing in the video,TC,DURING,,DURING,0,entity_only,,the people,"[""original"", ""target_entity""]","[""what are the people doing in the video"", ""a video frame showing the people""]","[""what are the people doing in the video""]",,2,1,0,what_doing,no_clause_pattern_matched,"[""a video frame showing what are the people doing"", ""what are the people doing in the video""]",parser_failure,,,
9,3526597179,what are the three people doing at the end of the video,TC,DURING,,DURING,0,entity_only,,the three people,"[""original"", ""target_entity""]","[""what are the three people doing at the end of the video"", ""a video frame showing the three people""]","[""what are the three people doing at the end of the video""]",,2,1,0,what_doing,no_clause_pattern_matched,"[""a video frame showing what are the three people doing at the end of the video"", ""what are the three people doing at the end of the video""]",parser_failure,,,
5,4942054721,what was the goat at the leftmost doing at the end of the video,TC,DURING,,DURING,0,entity_only,,the goat at the leftmost,"[""original"", ""target_entity""]","[""what was the goat at the leftmost doing at the end of the video"", ""a video frame showing the goat at the leftmost""]","[""what was the goat at the leftmost doing at the end of the video""]",,2,1,0,what_doing,no_clause_pattern_matched,"[""a video frame showing what was the goat at the leftmost doing at the end of the video"", ""what was the goat at the leftmost doing at the end of the video""]",parser_failure,,,
7,5521781780,what activity is being carried out by the group of people,TC,DURING,,DURING,0,no_structure,,,"[""original""]","[""what activity is being carried out by the group of people""]","[""what activity is being carried out by the group of people""]",no_anchor_event,1,1,0,unmatched,no_clause_pattern_matched,"[""a video frame showing what activity is being carried out by the group of people"", ""what activity is being carried out by the group of people""]",parser_failure,,,
2,4671452046,why the cup toppled,CW,CAUSE,,CAUSE,0,no_structure,,,"[""original""]","[""why the cup toppled""]","[""why the cup toppled""]",no_anchor_event,1,1,0,unmatched,no_clause_pattern_matched,"[""a video frame showing why the cup toppled"", ""why the cup toppled""]",parser_failure,,,
7,5504913999,what sport is the man doing,TC,DURING,,DURING,0,no_structure,,,"[""original""]","[""what sport is the man doing""]","[""what sport is the man doing""]",no_anchor_event,1,1,0,unmatched,no_clause_pattern_matched,"[""a video frame showing what sport is the man doing"", ""what sport is the man doing""]",parser_failure,,,
2,4516967897,what did the lady with short blonde hair do at the end of the video,TC,DURING,,DURING,0,entity_only,,the lady with short blonde hair,"[""original"", ""target_entity""]","[""what did the lady with short blonde hair do at the end of the video"", ""a video frame showing the lady with short blonde hair""]","[""what did the lady with short blonde hair do at the end of the video""]",,2,1,0,what_do,no_clause_pattern_matched,"[""a video frame showing the lady with short blonde hair do at the end of the video"", ""what did the lady with short blonde hair do at the end of the video""]",parser_failure,,,
8,8171216955,what did the boy do in the middle of the video,TC,DURING,,DURING,0,entity_only,,the boy,"[""original"", ""target_entity""]","[""what did the boy do in the middle of the video"", ""a video frame showing the boy""]","[""what did the boy do in the middle of the video""]",,2,1,0,what_do,no_clause_pattern_matched,"[""a video frame showing the boy do in the middle of the video"", ""what did the boy do in the middle of the video""]",parser_failure,,,
4,4942054721,what were the goats doing that were zoomed in by the video doing,TC,DURING,,DURING,0,entity_only,,the goats doing that were zoomed in by the video,"[""original"", ""target_entity""]","[""what were the goats doing that were zoomed in by the video doing"", ""a video frame showing the goats doing that were zoomed in by the video""]","[""what were the goats doing that were zoomed in by the video doing""]",,2,1,0,what_doing,no_clause_pattern_matched,"[""a video frame showing what were the goats doing that were zoomed in by the video doing"", ""what were the goats doing that were zoomed in by the video doing""]",parser_failure,,,
4,5205081904,what activity is the child doing,TC,DURING,,DURING,0,no_structure,,,"[""original""]","[""what activity is the child doing""]","[""what activity is the child doing""]",no_anchor_event,1,1,0,unmatched,no_clause_pattern_matched,"[""a video frame showing what activity is the child doing"", ""what activity is the child doing""]",parser_failure,,,
5,5328004991,what activity is being done,TC,DURING,,DURING,0,no_structure,,,"[""original""]","[""what activity is being done""]","[""what activity is being done""]",no_anchor_event,1,1,0,unmatched,no_clause_pattern_matched,"[""a video frame showing what activity is being done"", ""what activity is being done""]",parser_failure,,,
9,4244817395,what activity is the boy carrying out,TC,DURING,,DURING,0,no_structure,,,"[""original""]","[""what activity is the boy carrying out""]","[""what activity is the boy carrying out""]",no_anchor_event,1,1,0,unmatched,no_clause_pattern_matched,"[""a video frame showing what activity is the boy carrying out"", ""what activity is the boy carrying out""]",parser_failure,,,
9,6239210933,what activity is the child doing,TC,DURING,,DURING,0,no_structure,,,"[""original""]","[""what activity is the child doing""]","[""what activity is the child doing""]",no_anchor_event,1,1,0,unmatched,no_clause_pattern_matched,"[""a video frame showing what activity is the child doing"", ""what activity is the child doing""]",parser_failure,,,
7,2990321092,who finished the food first,TC,DURING,,DURING,0,no_structure,,,"[""original""]","[""who finished the food first""]","[""who finished the food first""]",no_anchor_event,1,1,0,unmatched,no_clause_pattern_matched,"[""a video frame showing who finished the food first"", ""who finished the food first""]",parser_failure,,,
8,4010069381,what did the girl do at the end of the video,TC,DURING,,DURING,0,entity_only,,the girl,"[""original"", ""target_entity""]","[""what did the girl do at the end of the video"", ""a video frame showing the girl""]","[""what did the girl do at the end of the video""]",,2,1,0,what_do,no_clause_pattern_matched,"[""a video frame showing the girl do at the end of the video"", ""what did the girl do at the end of the video""]",parser_failure,,,
1,3359075894,what did the man in grey do at the end,TC,DURING,,DURING,0,entity_only,,the man in grey,"[""original"", ""target_entity""]","[""what did the man in grey do at the end"", ""a video frame showing the man in grey""]","[""what did the man in grey do at the end""]",,2,1,0,what_do,no_clause_pattern_matched,"[""a video frame showing the man in grey do at the end"", ""what did the man in grey do at the end""]",parser_failure,,,
9,3711681535,how many people are in the video,TC,DURING,,DURING,0,no_structure,,,"[""original""]","[""how many people are in the video""]","[""how many people are in the video""]",no_anchor_event,1,1,0,unmatched,no_clause_pattern_matched,"[""a video frame showing how many people are"", ""how many people are in the video""]",parser_failure,,,
0,11849091804,what is the kid with red and blue shirt doing,TC,DURING,,DURING,0,entity_only,,the kid with red and blue shirt,"[""original"", ""target_entity""]","[""what is the kid with red and blue shirt doing"", ""a video frame showing the kid with red and blue shirt""]","[""what is the kid with red and blue shirt doing""]",,2,1,0,what_doing,no_clause_pattern_matched,"[""a video frame showing what is the kid with red and blue shirt doing"", ""what is the kid with red and blue shirt doing""]",parser_failure,,,
2,5433090067,what did the girl do at the end of the video,TC,DURING,,DURING,0,entity_only,,the girl,"[""original"", ""target_entity""]","[""what did the girl do at the end of the video"", ""a video frame showing the girl""]","[""what did the girl do at the end of the video""]",,2,1,0,what_do,no_clause_pattern_matched,"[""a video frame showing the girl do at the end of the video"", ""what did the girl do at the end of the video""]",parser_failure,,,
0,3218498932,what are the boys doing,TC,DURING,,DURING,0,entity_only,,the boys,"[""original"", ""target_entity""]","[""what are the boys doing"", ""a video frame showing the boys""]","[""what are the boys doing""]",,2,1,0,what_doing,no_clause_pattern_matched,"[""a video frame showing what are the boys doing"", ""what are the boys doing""]",parser_failure,,,
2,9576671750,which side of the phone did the person show the camera at the end,TC,DURING,,DURING,0,no_structure,,,"[""original""]","[""which side of the phone did the person show the camera at the end""]","[""which side of the phone did the person show the camera at the end""]",no_anchor_event,1,1,0,unmatched,no_clause_pattern_matched,"[""a video frame showing which side of the phone did the person show the camera at the end"", ""which side of the phone did the person show the camera at the end""]",parser_failure,,,
5,3741143820,why deos the man with grey and black sweater walks to the corner of the stage in the beginning,CW,CAUSE,,CAUSE,0,no_structure,,,"[""original""]","[""why deos the man with grey and black sweater walks to the corner of the stage in the beginning""]","[""why deos the man with grey and black sweater walks to the corner of the stage in the beginning""]",no_anchor_event,1,1,0,unmatched,no_clause_pattern_matched,"[""a video frame showing why deos the man with grey and black sweater walks to the corner of the stage in the beginning"", ""why deos the man with grey and black sweater walks to the corner of the stage in the beginning""]",parser_failure,,,
5,2442307875,what was the smallest girl at the outer right doing at the end of the video,TC,DURING,,DURING,0,entity_only,,the smallest girl at the outer right,"[""original"", ""target_entity""]","[""what was the smallest girl at the outer right doing at the end of the video"", ""a video frame showing the smallest girl at the outer right""]","[""what was the smallest girl at the outer right doing at the end of the video""]",,2,1,0,what_doing,no_clause_pattern_matched,"[""a video frame showing what was the smallest girl at the outer right doing at the end of the video"", ""what was the smallest girl at the outer right doing at the end of the video""]",parser_failure,,,
4,4372494989,why the man bend down,CW,CAUSE,,CAUSE,0,no_structure,,,"[""original""]","[""why the man bend down""]","[""why the man bend down""]",no_anchor_event,1,1,0,unmatched,no_clause_pattern_matched,"[""a video frame showing why the man bend down"", ""why the man bend down""]",parser_failure,,,
2,2793806282,what gesture did the lady in blue made for the dog to catch the blue toy,TC,DURING,,DURING,0,no_structure,,,"[""original""]","[""what gesture did the lady in blue made for the dog to catch the blue toy""]","[""what gesture did the lady in blue made for the dog to catch the blue toy""]",no_anchor_event,1,1,0,unmatched,no_clause_pattern_matched,"[""a video frame showing what gesture did the lady in blue made for the dog to catch the blue toy"", ""what gesture did the lady in blue made for the dog to catch the blue toy""]",parser_failure,,,
6,3376544720,what activity is happening,TC,DURING,,DURING,0,no_structure,,,"[""original""]","[""what activity is happening""]","[""what activity is happening""]",no_anchor_event,1,1,0,unmatched,no_clause_pattern_matched,"[""a video frame showing what activity is happening"", ""what activity is happening""]",parser_failure,,,
8,2717347132,what is the baby doing in this video,TC,DURING,,DURING,0,entity_only,,the baby,"[""original"", ""target_entity""]","[""what is the baby doing in this video"", ""a video frame showing the baby""]","[""what is the baby doing in this video""]",,2,1,0,what_doing,no_clause_pattern_matched,"[""a video frame showing what is the baby doing"", ""what is the baby doing in this video""]",parser_failure,,,
4,3526597179,what is the lady in white doing at the end of the video,TC,DURING,,DURING,0,entity_only,,the lady in white,"[""original"", ""target_entity""]","[""what is the lady in white doing at the end of the video"", ""a video frame showing the lady in white""]","[""what is the lady in white doing at the end of the video""]",,2,1,0,what_doing,no_clause_pattern_matched,"[""a video frame showing what is the lady in white doing at the end of the video"", ""what is the lady in white doing at the end of the video""]",parser_failure,,,
2,7492398760,why did the lady in purple swing the boy too after some time,CW,CAUSE,AFTER,CAUSE,1,clause_extracted,the lady in purple swing the boy too,,"[""original"", ""anchor_primary""]","[""why did the lady in purple swing the boy too after some time"", ""a video frame showing the lady in purple swing the boy too""]","[""why did the lady in purple swing the boy too after some time"", ""a video frame showing the lady in purple swing the boy too""]",,2,2,0,why_head,,"[""a video frame showing the lady in purple swing the boy too after some time""]",type_lexical_disagreement,,,
5,8188651630,how does the person move higher feet when the cat grabs hold of it towards the end,CH,MANNER,DURING,MANNER,1,clause_extracted,the person move higher feet,,"[""original"", ""anchor_primary""]","[""how does the person move higher feet when the cat grabs hold of it towards the end"", ""a video frame showing the person move higher feet""]","[""how does the person move higher feet when the cat grabs hold of it towards the end"", ""a video frame showing the person move higher feet""]",,2,2,0,how_head,,"[""a video frame showing the person move higher feet when the cat grabs hold of it towards the end""]",type_lexical_disagreement,,,
1,4006608424,how is the boy being held while the man is on the swing,CH,MANNER,DURING,MANNER,1,clause_extracted,the boy being held,,"[""original"", ""anchor_primary""]","[""how is the boy being held while the man is on the swing"", ""a video frame showing the boy being held""]","[""how is the boy being held while the man is on the swing"", ""a video frame showing the boy being held""]",,2,2,0,how_head,no_clause_pattern_matched,"[""a video frame showing how is the boy being held while the man is on the swing"", ""how is the boy being held while the man is on the swing""]",type_lexical_disagreement,,,
3,5116088152,why did the baby grab the banana after the adult point to it,CW,CAUSE,AFTER,CAUSE,1,clause_extracted,the baby grab the banana,,"[""original"", ""anchor_primary""]","[""why did the baby grab the banana after the adult point to it"", ""a video frame showing the baby grab the banana""]","[""why did the baby grab the banana after the adult point to it"", ""a video frame showing the baby grab the banana""]",,2,2,0,why_head,,"[""a video frame showing the baby grab the banana after the adult point to it""]",type_lexical_disagreement,,,
5,5679866364,why was the man in yellow looking back at the group while they were crossing the water,CW,CAUSE,DURING,CAUSE,1,clause_extracted,the man in yellow looking back at the group,,"[""original"", ""anchor_primary""]","[""why was the man in yellow looking back at the group while they were crossing the water"", ""a video frame showing the man in yellow looking back at the group""]","[""why was the man in yellow looking back at the group while they were crossing the water"", ""a video frame showing the man in yellow looking back at the group""]",,2,2,0,why_head,no_clause_pattern_matched,"[""a video frame showing why was the man in yellow looking back at the group while they were crossing the water"", ""why was the man in yellow looking back at the group while they were crossing the water""]",type_lexical_disagreement,,,
1,3206694342,what does the boy on the right in front do when the others stood up again after the middle,TN,AFTER,DURING,AFTER,1,clause_extracted,the others stood up again after the middle,the boy on the right in front,"[""original"", ""anchor_primary"", ""target_entity""]","[""what does the boy on the right in front do when the others stood up again after the middle"", ""a video frame showing the others stood up again after the middle"", ""a video frame showing the boy on the right in front""]","[""what does the boy on the right in front do when the others stood up again after the middle"", ""a video frame showing the others stood up again after the middle""]",,3,2,0,what_do,,"[""a video frame showing the others stood up again after the middle"", ""a video frame showing boy on the right in front near the others stood up again after the middle""]",type_lexical_disagreement,,,
5,4984331176,why did the student in yellow go after the lady in black singlet,CW,CAUSE,AFTER,CAUSE,1,clause_extracted,the student in yellow go,,"[""original"", ""anchor_primary""]","[""why did the student in yellow go after the lady in black singlet"", ""a video frame showing the student in yellow go""]","[""why did the student in yellow go after the lady in black singlet"", ""a video frame showing the student in yellow go""]",,2,2,0,why_head,,"[""a video frame showing the student in yellow go after the lady in black singlet""]",type_lexical_disagreement,,,
6,14003541505,why did the girl in pink move away after touching the baby s chin,CW,CAUSE,AFTER,CAUSE,1,clause_extracted,the girl in pink move away,,"[""original"", ""anchor_primary""]","[""why did the girl in pink move away after touching the baby's chin"", ""a video frame showing the girl in pink move away""]","[""why did the girl in pink move away after touching the baby's chin"", ""a video frame showing the girl in pink move away""]",,2,2,0,why_head,,"[""a video frame showing the girl in pink move away after touching the baby's chin""]",type_lexical_disagreement,,,
5,13919236672,why did the girl continue looking down while holding the blue toy at the end of the video,CW,CAUSE,DURING,CAUSE,1,clause_extracted,the girl continue looking down,,"[""original"", ""anchor_primary""]","[""why did the girl continue looking down while holding the blue toy at the end of the video"", ""a video frame showing the girl continue looking down""]","[""why did the girl continue looking down while holding the blue toy at the end of the video"", ""a video frame showing the girl continue looking down""]",,2,2,0,why_head,,"[""a video frame showing the girl continue looking down while holding the blue toy at the end of the video""]",type_lexical_disagreement,,,
1,8513603944,why did the child in blue helmet turn his head back while sliding,CW,CAUSE,DURING,CAUSE,1,clause_extracted,the child in blue helmet turn his head back,,"[""original"", ""anchor_primary""]","[""why did the child in blue helmet turn his head back while sliding"", ""a video frame showing the child in blue helmet turn his head back""]","[""why did the child in blue helmet turn his head back while sliding"", ""a video frame showing the child in blue helmet turn his head back""]",,2,2,0,why_head,,"[""a video frame showing the child in blue helmet turn his head back while sliding""]",type_lexical_disagreement,,,
3,4882821564,why did the boy return to the christmas tree after unwrapping one present,CW,CAUSE,AFTER,CAUSE,1,clause_extracted,the boy return to the christmas tree,,"[""original"", ""anchor_primary""]","[""why did the boy return to the christmas tree after unwrapping one present"", ""a video frame showing the boy return to the christmas tree""]","[""why did the boy return to the christmas tree after unwrapping one present"", ""a video frame showing the boy return to the christmas tree""]",,2,2,0,why_head,,"[""a video frame showing the boy return to the christmas tree after unwrapping one present""]",type_lexical_disagreement,,,
2,8224492254,why did the adult move her finger to the baby while holding his hands,CW,CAUSE,DURING,CAUSE,1,clause_extracted,the adult move her finger to the baby,,"[""original"", ""anchor_primary""]","[""why did the adult move her finger to the baby while holding his hands"", ""a video frame showing the adult move her finger to the baby""]","[""why did the adult move her finger to the baby while holding his hands"", ""a video frame showing the adult move her finger to the baby""]",,2,2,0,why_head,,"[""a video frame showing the adult move her finger to the baby while holding his hands""]",type_lexical_disagreement,,,
3,2973331780,why did the lady in black hold one hands up after singing for a while,CW,CAUSE,AFTER,CAUSE,1,clause_extracted,the lady in black hold one hands up,,"[""original"", ""anchor_primary""]","[""why did the lady in black hold one hands up after singing for a while"", ""a video frame showing the lady in black hold one hands up""]","[""why did the lady in black hold one hands up after singing for a while"", ""a video frame showing the lady in black hold one hands up""]",,2,2,0,why_head,,"[""a video frame showing the lady in black hold one hands up after singing for a while""]",type_lexical_disagreement,,,
1,2809330695,why did the baby look like he is almost going to cry when he tries to turn his body over,CW,CAUSE,DURING,CAUSE,1,clause_extracted,the baby look like he is almost going to cry,,"[""original"", ""anchor_primary""]","[""why did the baby look like he is almost going to cry when he tries to turn his body over"", ""a video frame showing the baby look like he is almost going to cry""]","[""why did the baby look like he is almost going to cry when he tries to turn his body over"", ""a video frame showing the baby look like he is almost going to cry""]",,2,2,0,why_head,,"[""a video frame showing the baby look like he is almost going to cry when he tries to turn his body over""]",type_lexical_disagreement,,,
8,8557532213,why did the boy in yellow look at the boy in blue before the boy in blue kicked the ball,CW,CAUSE,BEFORE,CAUSE,1,clause_extracted,the boy in yellow look at the boy in blue,,"[""original"", ""anchor_primary""]","[""why did the boy in yellow look at the boy in blue before the boy in blue kicked the ball"", ""a video frame showing the boy in yellow look at the boy in blue""]","[""why did the boy in yellow look at the boy in blue before the boy in blue kicked the ball"", ""a video frame showing the boy in yellow look at the boy in blue""]",,2,2,0,why_head,,"[""a video frame showing the boy in yellow look at the boy in blue before the boy in blue kicked the ball""]",type_lexical_disagreement,,,
0,3192668394,why did the man in black sweater hold up a cup of water while talking to friends,CW,CAUSE,DURING,CAUSE,1,clause_extracted,the man in black sweater hold up a cup of water,,"[""original"", ""anchor_primary""]","[""why did the man in black sweater hold up a cup of water while talking to friends"", ""a video frame showing the man in black sweater hold up a cup of water""]","[""why did the man in black sweater hold up a cup of water while talking to friends"", ""a video frame showing the man in black sweater hold up a cup of water""]",,2,2,0,why_head,,"[""a video frame showing the man in black sweater hold up a cup of water while talking to friends""]",type_lexical_disagreement,,,
0,6642268693,why did the dog leave the toy after a while at the start,CW,CAUSE,AFTER,CAUSE,1,clause_extracted,the dog leave the toy,,"[""original"", ""anchor_primary""]","[""why did the dog leave the toy after a while at the start"", ""a video frame showing the dog leave the toy""]","[""why did the dog leave the toy after a while at the start"", ""a video frame showing the dog leave the toy""]",,2,2,0,why_head,,"[""a video frame showing the dog leave the toy after a while at the start""]",type_lexical_disagreement,,,
1,7416295940,why did the baby follow the man and scoop some sand after the man showed the baby how he filled the truck,CW,CAUSE,AFTER,CAUSE,1,clause_extracted,the baby follow the man and scoop some sand,,"[""original"", ""anchor_primary""]","[""why did the baby follow the man and scoop some sand after the man showed the baby how he filled the truck"", ""a video frame showing the baby follow the man and scoop some sand""]","[""why did the baby follow the man and scoop some sand after the man showed the baby how he filled the truck"", ""a video frame showing the baby follow the man and scoop some sand""]",,2,2,0,why_head,,"[""a video frame showing the baby follow the man and scoop some sand after the man showed the baby how he filled the truck""]",type_lexical_disagreement,,,
2,7453733046,why does the man in white bend down after reaching the pavement,CW,CAUSE,AFTER,CAUSE,1,clause_extracted,the man in white bend down,,"[""original"", ""anchor_primary""]","[""why does the man in white bend down after reaching the pavement"", ""a video frame showing the man in white bend down""]","[""why does the man in white bend down after reaching the pavement"", ""a video frame showing the man in white bend down""]",,2,2,0,why_head,,"[""a video frame showing the man in white bend down after reaching the pavement""]",type_lexical_disagreement,,,
3,8253302563,why did the boy steer the wheel after pressing the horn,CW,CAUSE,AFTER,CAUSE,1,clause_extracted,the boy steer the wheel,,"[""original"", ""anchor_primary""]","[""why did the boy steer the wheel after pressing the horn"", ""a video frame showing the boy steer the wheel""]","[""why did the boy steer the wheel after pressing the horn"", ""a video frame showing the boy steer the wheel""]",,2,2,0,why_head,,"[""a video frame showing the boy steer the wheel after pressing the horn""]",type_lexical_disagreement,,,
6,4244817395,why did the boy squat down after the lady pointed down,CW,CAUSE,AFTER,CAUSE,1,clause_extracted,the boy squat down,,"[""original"", ""anchor_primary""]","[""why did the boy squat down after the lady pointed down"", ""a video frame showing the boy squat down""]","[""why did the boy squat down after the lady pointed down"", ""a video frame showing the boy squat down""]",,2,2,0,why_head,,"[""a video frame showing the boy squat down after the lady pointed down""]",type_lexical_disagreement,,,
8,3477387686,how did the girl get the dog s attention after she clapped at the end of the video,CH,MANNER,AFTER,MANNER,1,clause_extracted,the girl get the dog s attention,,"[""original"", ""anchor_primary""]","[""how did the girl get the dog's attention after she clapped at the end of the video"", ""a video frame showing the girl get the dog's attention""]","[""how did the girl get the dog's attention after she clapped at the end of the video"", ""a video frame showing the girl get the dog's attention""]",,2,2,0,how_head,,"[""a video frame showing the girl get the dog's attention after she clapped at the end of the video""]",type_lexical_disagreement,,,
1,4189100053,why does the woman put out her hand when the boy tries to feed himself initially,CW,CAUSE,DURING,CAUSE,1,clause_extracted,the woman put out her hand,,"[""original"", ""anchor_primary""]","[""why does the woman put out her hand when the boy tries to feed himself initially"", ""a video frame showing the woman put out her hand""]","[""why does the woman put out her hand when the boy tries to feed himself initially"", ""a video frame showing the woman put out her hand""]",,2,2,0,why_head,,"[""a video frame showing the woman put out her hand when the boy tries to feed himself initially""]",type_lexical_disagreement,,,
4,3145698830,why did the man reach forward to the boy after he took the book,CW,CAUSE,AFTER,CAUSE,1,clause_extracted,the man reach forward to the boy,,"[""original"", ""anchor_primary""]","[""why did the man reach forward to the boy after he took the book"", ""a video frame showing the man reach forward to the boy""]","[""why did the man reach forward to the boy after he took the book"", ""a video frame showing the man reach forward to the boy""]",,2,2,0,why_head,,"[""a video frame showing the man reach forward to the boy after he took the book""]",type_lexical_disagreement,,,
5,3376544720,why did the lady in blue capture the scene with her camera when the man is riding the bull,CW,CAUSE,DURING,CAUSE,1,clause_extracted,the lady in blue capture the scene with her camera,,"[""original"", ""anchor_primary""]","[""why did the lady in blue capture the scene with her camera when the man is riding the bull"", ""a video frame showing the lady in blue capture the scene with her camera""]","[""why did the lady in blue capture the scene with her camera when the man is riding the bull"", ""a video frame showing the lady in blue capture the scene with her camera""]",,2,2,0,why_head,,"[""a video frame showing the lady in blue capture the scene with her camera when the man is riding the bull""]",type_lexical_disagreement,,,
3,2573424030,why did the dog stand on 2 legs after seeing the man give a treat to the baby,CW,CAUSE,AFTER,CAUSE,1,clause_extracted,the dog stand on 2 legs,,"[""original"", ""anchor_primary""]","[""why did the dog stand on 2 legs after seeing the man give a treat to the baby"", ""a video frame showing the dog stand on 2 legs""]","[""why did the dog stand on 2 legs after seeing the man give a treat to the baby"", ""a video frame showing the dog stand on 2 legs""]",,2,2,0,why_head,,"[""a video frame showing the dog stand on 2 legs after seeing the man give a treat to the baby""]",type_lexical_disagreement,,,
5,6516459343,why is the man in green holding onto the shoe as the man in white is cutting it,CW,CAUSE,DURING,CAUSE,1,clause_extracted,the man in green holding onto the shoe,,"[""original"", ""anchor_primary""]","[""why is the man in green holding onto the shoe as the man in white is cutting it"", ""a video frame showing the man in green holding onto the shoe""]","[""why is the man in green holding onto the shoe as the man in white is cutting it"", ""a video frame showing the man in green holding onto the shoe""]",,2,2,0,why_head,no_clause_pattern_matched,"[""a video frame showing why is the man in green holding onto the shoe as the man in white is cutting it"", ""why is the man in green holding onto the shoe as the man in white is cutting it""]",type_lexical_disagreement,,,
4,10607095936,why do the man in the vest and the man with a cape hi-five after they answer the lady s question,CW,CAUSE,AFTER,CAUSE,1,clause_extracted,the man in the vest and the man with a cape hi-five,,"[""original"", ""anchor_primary""]","[""why do the man in the vest and the man with a cape hi-five after they answer the lady's question"", ""a video frame showing the man in the vest and the man with a cape hi-five""]","[""why do the man in the vest and the man with a cape hi-five after they answer the lady's question"", ""a video frame showing the man in the vest and the man with a cape hi-five""]",,2,2,0,why_head,no_clause_pattern_matched,"[""a video frame showing why do the man in the vest and the man with a cape hi-five after they answer the lady's question"", ""why do the man in the vest and the man with a cape hi-five after they answer the lady's question""]",type_lexical_disagreement,,,
7,8531675050,why does the woman keep her hands in a specific position after going near the man,CW,CAUSE,AFTER,CAUSE,1,clause_extracted,the woman keep her hands in a specific position,,"[""original"", ""anchor_primary""]","[""why does the woman keep her hands in a specific position after going near the man"", ""a video frame showing the woman keep her hands in a specific position""]","[""why does the woman keep her hands in a specific position after going near the man"", ""a video frame showing the woman keep her hands in a specific position""]",,2,2,0,why_head,,"[""a video frame showing the woman keep her hands in a specific position after going near the man""]",type_lexical_disagreement,,,
1,3655906094,why did the man with sunglasses move his hand when talking to the man in blue hat,CW,CAUSE,DURING,CAUSE,1,clause_extracted,the man with sunglasses move his hand,,"[""original"", ""anchor_primary""]","[""why did the man with sunglasses move his hand when talking to the man in blue hat"", ""a video frame showing the man with sunglasses move his hand""]","[""why did the man with sunglasses move his hand when talking to the man in blue hat"", ""a video frame showing the man with sunglasses move his hand""]",,2,2,0,why_head,,"[""a video frame showing the man with sunglasses move his hand when talking to the man in blue hat""]",type_lexical_disagreement,,,
11,9531760182,what did the lady do after she put the bowl onto the table at the beginning of the table,TN,AFTER,AFTER,AFTER,0,clause_extracted,she put the bowl onto the table,the lady,"[""original"", ""anchor_primary"", ""target_entity""]","[""what did the lady do after she put the bowl onto the table at the beginning of the table"", ""a video frame showing she put the bowl onto the table"", ""a video frame showing the lady""]","[""what did the lady do after she put the bowl onto the table at the beginning of the table"", ""a video frame showing she put the bowl onto the table""]",,3,2,0,what_do,,"[""a video frame showing lady she put the bowl onto the table at the beginning of the table"", ""a video frame showing lady""]",explicit_subject_clause,,,
7,7786283208,why did the girl in white put her hands on the floor as she moves,CW,CAUSE,DURING,CAUSE,1,clause_extracted,the girl in white put her hands on the floor,,"[""original"", ""anchor_primary""]","[""why did the girl in white put her hands on the floor as she moves"", ""a video frame showing the girl in white put her hands on the floor""]","[""why did the girl in white put her hands on the floor as she moves"", ""a video frame showing the girl in white put her hands on the floor""]",,2,2,0,why_head,,"[""a video frame showing the girl in white put her hands on the floor as she moves""]",explicit_subject_clause,,,
2,8531675050,why does the lady in black and white crouch into the red tent after pointing to the crowd,CW,CAUSE,AFTER,CAUSE,1,clause_extracted,the lady in black and white crouch into the red tent,,"[""original"", ""anchor_primary""]","[""why does the lady in black and white crouch into the red tent after pointing to the crowd"", ""a video frame showing the lady in black and white crouch into the red tent""]","[""why does the lady in black and white crouch into the red tent after pointing to the crowd"", ""a video frame showing the lady in black and white crouch into the red tent""]",,2,2,0,why_head,,"[""a video frame showing the lady in black and white crouch into the red tent after pointing to the crowd""]",explicit_subject_clause,,,
4,5735711594,how did the big white dog respond when the smaller dogs approach it,TC,DURING,DURING,DURING,0,clause_extracted,the smaller dogs approach it,,"[""original"", ""anchor_primary""]","[""how did the big white dog respond when the smaller dogs approach it"", ""a video frame showing the smaller dogs approach it""]","[""how did the big white dog respond when the smaller dogs approach it"", ""a video frame showing the smaller dogs approach it""]",,2,2,0,how_head,,"[""a video frame showing the big white dog respond when the smaller dogs approach it""]",explicit_subject_clause,,,
6,4378803532,what did the boy in stripped do after he dropped the sparkles on the floor,TN,AFTER,AFTER,AFTER,0,clause_extracted,he dropped the sparkles on the floor,the boy in stripped,"[""original"", ""anchor_primary"", ""target_entity""]","[""what did the boy in stripped do after he dropped the sparkles on the floor"", ""a video frame showing he dropped the sparkles on the floor"", ""a video frame showing the boy in stripped""]","[""what did the boy in stripped do after he dropped the sparkles on the floor"", ""a video frame showing he dropped the sparkles on the floor""]",,3,2,0,what_do,,"[""a video frame showing boy in stripped he dropped the sparkles on the floor"", ""a video frame showing boy in stripped""]",explicit_subject_clause,,,
11,8107573462,why did the boy stay on the ground after falling down,CW,CAUSE,AFTER,CAUSE,1,clause_extracted,the boy stay on the ground,,"[""original"", ""anchor_primary""]","[""why did the boy stay on the ground after falling down"", ""a video frame showing the boy stay on the ground""]","[""why did the boy stay on the ground after falling down"", ""a video frame showing the boy stay on the ground""]",,2,2,0,why_head,,"[""a video frame showing the boy stay on the ground after falling down""]",explicit_subject_clause,,,
6,5064681723,what is the lady looking at when she stood at the road,TC,DURING,DURING,DURING,0,clause_extracted,she stood at the road,,"[""original"", ""anchor_primary""]","[""what is the lady looking at when she stood at the road"", ""a video frame showing she stood at the road""]","[""what is the lady looking at when she stood at the road"", ""a video frame showing she stood at the road""]",,2,2,0,what_head,no_clause_pattern_matched,"[""a video frame showing what is the lady looking at when she stood at the road"", ""what is the lady looking at when she stood at the road""]",explicit_subject_clause,,,
1,13919236672,why does the girl turn around after spinning for a while near the beginning,CW,CAUSE,AFTER,CAUSE,1,clause_extracted,the girl turn around,,"[""original"", ""anchor_primary""]","[""why does the girl turn around after spinning for a while near the beginning"", ""a video frame showing the girl turn around""]","[""why does the girl turn around after spinning for a while near the beginning"", ""a video frame showing the girl turn around""]",,2,2,0,why_head,,"[""a video frame showing the girl turn around after spinning for a while near the beginning""]",explicit_subject_clause,,,
9,6806999702,what did the dog do after the girl approached the adult and stood beside him,TN,AFTER,AFTER,AFTER,0,clause_extracted,the girl approached the adult and stood beside him,the dog,"[""original"", ""anchor_primary"", ""target_entity""]","[""what did the dog do after the girl approached the adult and stood beside him"", ""a video frame showing the girl approached the adult and stood beside him"", ""a video frame showing the dog""]","[""what did the dog do after the girl approached the adult and stood beside him"", ""a video frame showing the girl approached the adult and stood beside him""]",,3,2,0,what_do,,"[""a video frame showing dog the girl approached the adult and stood beside him"", ""a video frame showing dog""]",explicit_subject_clause,,,
5,3063380173,what did the kitten outside the container do after it stood up in the middle of the video,TN,AFTER,AFTER,AFTER,0,clause_extracted,it stood up,the kitten outside the container,"[""original"", ""anchor_primary"", ""target_entity""]","[""what did the kitten outside the container do after it stood up in the middle of the video"", ""a video frame showing it stood up"", ""a video frame showing the kitten outside the container""]","[""what did the kitten outside the container do after it stood up in the middle of the video"", ""a video frame showing it stood up""]",,3,2,0,what_do,,"[""a video frame showing kitten outside the container it stood up in the middle of the video"", ""a video frame showing kitten outside the container""]",explicit_subject_clause,,,
1,5256928210,what does the man do as the dog stood in front of him,TC,DURING,DURING,DURING,0,clause_extracted,the dog stood in front of him,the man,"[""original"", ""anchor_primary"", ""target_entity""]","[""what does the man do as the dog stood in front of him"", ""a video frame showing the dog stood in front of him"", ""a video frame showing the man""]","[""what does the man do as the dog stood in front of him"", ""a video frame showing the dog stood in front of him""]",,3,2,0,what_do,,"[""a video frame showing the dog stood in front of him"", ""a video frame showing man near the dog stood in front of him""]",explicit_subject_clause,,,
7,4378803532,what did the man do after the boy in stripped asked for an exchange of sparkles,TN,AFTER,AFTER,AFTER,0,clause_extracted,the boy in stripped asked for an exchange of sparkles,the man,"[""original"", ""anchor_primary"", ""target_entity""]","[""what did the man do after the boy in stripped asked for an exchange of sparkles"", ""a video frame showing the boy in stripped asked for an exchange of sparkles"", ""a video frame showing the man""]","[""what did the man do after the boy in stripped asked for an exchange of sparkles"", ""a video frame showing the boy in stripped asked for an exchange of sparkles""]",,3,2,0,what_do,,"[""a video frame showing man the boy in stripped asked for an exchange of sparkles"", ""a video frame showing man""]",explicit_subject_clause,,,
2,2957808913,what do the men on stage do when the man in black jacket is dancing the street,TC,DURING,DURING,DURING,0,clause_extracted,the man in black jacket is dancing the street,the men on stage,"[""original"", ""anchor_primary"", ""target_entity""]","[""what do the men on stage do when the man in black jacket is dancing the street"", ""a video frame showing the man in black jacket is dancing the street"", ""a video frame showing the men on stage""]","[""what do the men on stage do when the man in black jacket is dancing the street"", ""a video frame showing the man in black jacket is dancing the street""]",,3,2,0,what_do,no_clause_pattern_matched,"[""a video frame showing what do the men on stage do when the man in black jacket is dancing the street"", ""what do the men on stage do when the man in black jacket is dancing the street""]",explicit_subject_clause,,,
7,6143391925,what did the woman do after the baby kicked the ball at the end of the video,TN,AFTER,AFTER,AFTER,0,clause_extracted,the baby kicked the ball,the woman,"[""original"", ""anchor_primary"", ""target_entity""]","[""what did the woman do after the baby kicked the ball at the end of the video"", ""a video frame showing the baby kicked the ball"", ""a video frame showing the woman""]","[""what did the woman do after the baby kicked the ball at the end of the video"", ""a video frame showing the baby kicked the ball""]",,3,2,0,what_do,,"[""a video frame showing woman the baby kicked the ball at the end of the video"", ""a video frame showing woman""]",explicit_subject_clause,,,
4,8464056582,what does the dog do after the baby sits down at the start,TN,AFTER,AFTER,AFTER,0,clause_extracted,the baby sits down at the start,the dog,"[""original"", ""anchor_primary"", ""target_entity""]","[""what does the dog do after the baby sits down at the start"", ""a video frame showing the baby sits down at the start"", ""a video frame showing the dog""]","[""what does the dog do after the baby sits down at the start"", ""a video frame showing the baby sits down at the start""]",,3,2,0,what_do,,"[""a video frame showing dog the baby sits down at the start"", ""a video frame showing dog""]",explicit_subject_clause,,,
7,3063380173,how did the kitten inside the container react when the kitten outside did not come in at the middle of the video,TC,DURING,DURING,DURING,0,clause_extracted,the kitten outside did not come in,,"[""original"", ""anchor_primary""]","[""how did the kitten inside the container react when the kitten outside did not come in at the middle of the video"", ""a video frame showing the kitten outside did not come in""]","[""how did the kitten inside the container react when the kitten outside did not come in at the middle of the video"", ""a video frame showing the kitten outside did not come in""]",,2,2,0,how_head,,"[""a video frame showing the kitten inside the container react when the kitten outside did not come in at the middle of the video""]",explicit_subject_clause,,,
7,4955723618,why did the man in black with tied up hair turned backwards after he received the microphone,CW,CAUSE,AFTER,CAUSE,1,clause_extracted,the man in black with tied up hair turned backwards,,"[""original"", ""anchor_primary""]","[""why did the man in black with tied up hair turned backwards after he received the microphone"", ""a video frame showing the man in black with tied up hair turned backwards""]","[""why did the man in black with tied up hair turned backwards after he received the microphone"", ""a video frame showing the man in black with tied up hair turned backwards""]",,2,2,0,why_head,,"[""a video frame showing the man in black with tied up hair turned backwards after he received the microphone""]",explicit_subject_clause,,,
9,5833145209,why did the black bird bend over into the water when it is in the pot,CW,CAUSE,DURING,CAUSE,1,clause_extracted,the black bird bend over into the water,,"[""original"", ""anchor_primary""]","[""why did the black bird bend over into the water when it is in the pot"", ""a video frame showing the black bird bend over into the water""]","[""why did the black bird bend over into the water when it is in the pot"", ""a video frame showing the black bird bend over into the water""]",,2,2,0,why_head,,"[""a video frame showing the black bird bend over into the water when it is in the pot""]",explicit_subject_clause,,,
7,2782307049,how did the lady in black supported herself as she helped the lady in red at the end,CH,MANNER,DURING,MANNER,1,clause_extracted,the lady in black supported herself,,"[""original"", ""anchor_primary""]","[""how did the lady in black supported herself as she helped the lady in red at the end"", ""a video frame showing the lady in black supported herself""]","[""how did the lady in black supported herself as she helped the lady in red at the end"", ""a video frame showing the lady in black supported herself""]",,2,2,0,how_head,,"[""a video frame showing the lady in black supported herself as she helped the lady in red at the end""]",explicit_subject_clause,,,
4,3261079025,why did one of the man have to hold onto the plane before it took off,CW,CAUSE,BEFORE,CAUSE,1,clause_extracted,one of the man have to hold onto the plane,,"[""original"", ""anchor_primary""]","[""why did one of the man have to hold onto the plane before it took off"", ""a video frame showing one of the man have to hold onto the plane""]","[""why did one of the man have to hold onto the plane before it took off"", ""a video frame showing one of the man have to hold onto the plane""]",,2,2,0,why_head,,"[""a video frame showing one of the man have to hold onto the plane before it took off""]",explicit_subject_clause,,,
6,3171006258,what did the man do after he took off one of his skates,TN,AFTER,AFTER,AFTER,0,clause_extracted,he took off one of his skates,the man,"[""original"", ""anchor_primary"", ""target_entity""]","[""what did the man do after he took off one of his skates"", ""a video frame showing he took off one of his skates"", ""a video frame showing the man""]","[""what did the man do after he took off one of his skates"", ""a video frame showing he took off one of his skates""]",,3,2,0,what_do,,"[""a video frame showing man he took off one of his skates"", ""a video frame showing man""]",pronoun_clause,,,
5,7001078933,what did the man with white helmet do after he pushed the man with black helmet,TN,AFTER,AFTER,AFTER,0,clause_extracted,he pushed the man with black helmet,the man with white helmet,"[""original"", ""anchor_primary"", ""target_entity""]","[""what did the man with white helmet do after he pushed the man with black helmet"", ""a video frame showing he pushed the man with black helmet"", ""a video frame showing the man with white helmet""]","[""what did the man with white helmet do after he pushed the man with black helmet"", ""a video frame showing he pushed the man with black helmet""]",,3,2,0,what_do,,"[""a video frame showing man with white helmet he pushed the man with black helmet"", ""a video frame showing man with white helmet""]",pronoun_clause,,,
0,6097994550,what did the man sitting on top do after he came off the person on the ground,TN,AFTER,AFTER,AFTER,0,clause_extracted,he came off the person on the ground,the man sitting on top,"[""original"", ""anchor_primary"", ""target_entity""]","[""what did the man sitting on top do after he came off the person on the ground"", ""a video frame showing he came off the person on the ground"", ""a video frame showing the man sitting on top""]","[""what did the man sitting on top do after he came off the person on the ground"", ""a video frame showing he came off the person on the ground""]",,3,2,0,what_do,,"[""a video frame showing man sitting on top he came off the person on the ground"", ""a video frame showing man sitting on top""]",pronoun_clause,,,
4,3972259774,why do they wave hands towards the end,CW,CAUSE,,CAUSE,0,head_event,they wave hands towards the end,,"[""original"", ""anchor_primary""]","[""why do they wave hands towards the end"", ""a video frame showing they wave hands towards the end""]","[""why do they wave hands towards the end"", ""a video frame showing they wave hands towards the end""]",,2,2,0,why_head,no_clause_pattern_matched,"[""a video frame showing why do they wave hands towards the end"", ""why do they wave hands towards the end""]",pronoun_clause,,,
8,6727904179,why is it bright outside the window,CW,CAUSE,,CAUSE,0,head_event,it bright outside the window,,"[""original"", ""anchor_primary""]","[""why is it bright outside the window"", ""a video frame showing it bright outside the window""]","[""why is it bright outside the window"", ""a video frame showing it bright outside the window""]",,2,2,0,why_head,no_clause_pattern_matched,"[""a video frame showing why is it bright outside the window"", ""why is it bright outside the window""]",pronoun_clause,,,
6,4707679105,what did the man do after he looked at the camera at the end of the video,TN,AFTER,AFTER,AFTER,0,clause_extracted,he looked at the camera,the man,"[""original"", ""anchor_primary"", ""target_entity""]","[""what did the man do after he looked at the camera at the end of the video"", ""a video frame showing he looked at the camera"", ""a video frame showing the man""]","[""what did the man do after he looked at the camera at the end of the video"", ""a video frame showing he looked at the camera""]",,3,2,0,what_do,,"[""a video frame showing man he looked at the camera at the end of the video"", ""a video frame showing man""]",pronoun_clause,,,
1,2400171624,why did he stopped halfway for a short while in the video,CW,CAUSE,DURING,CAUSE,1,clause_extracted,he stopped halfway for a short,,"[""original"", ""anchor_primary""]","[""why did he stopped halfway for a short while in the video"", ""a video frame showing he stopped halfway for a short""]","[""why did he stopped halfway for a short while in the video"", ""a video frame showing he stopped halfway for a short""]",,2,2,0,why_head,,"[""a video frame showing he stopped halfway for a short while""]",pronoun_clause,,,
1,3026084730,what did the man in the middle do after he put the paper into his pocket at the beginning of the video,TN,AFTER,AFTER,AFTER,0,clause_extracted,he put the paper into his pocket,,"[""original"", ""anchor_primary""]","[""what did the man in the middle do after he put the paper into his pocket at the beginning of the video"", ""a video frame showing he put the paper into his pocket""]","[""what did the man in the middle do after he put the paper into his pocket at the beginning of the video"", ""a video frame showing he put the paper into his pocket""]",,2,2,0,what_head,,"[""a video frame showing man in the middle he put the paper into his pocket at the beginning of the video"", ""a video frame showing man in the middle""]",pronoun_clause,,,
6,6188449000,how did the boy react as he was playing with the paper,TC,DURING,DURING,DURING,0,clause_extracted,he was playing with the paper,,"[""original"", ""anchor_primary""]","[""how did the boy react as he was playing with the paper"", ""a video frame showing he was playing with the paper""]","[""how did the boy react as he was playing with the paper"", ""a video frame showing he was playing with the paper""]",,2,2,0,how_head,,"[""a video frame showing the boy react as he was playing with the paper""]",pronoun_clause,,,
4,5533380417,what did the baby do after it moved its feet,TN,AFTER,AFTER,AFTER,0,clause_extracted,it moved its feet,the baby,"[""original"", ""anchor_primary"", ""target_entity""]","[""what did the baby do after it moved its feet"", ""a video frame showing it moved its feet"", ""a video frame showing the baby""]","[""what did the baby do after it moved its feet"", ""a video frame showing it moved its feet""]",,3,2,0,what_do,,"[""a video frame showing baby it moved its feet"", ""a video frame showing baby""]",pronoun_clause,,,
4,6443512089,how does the child react when he sees his shadow,TC,DURING,DURING,DURING,0,clause_extracted,he sees his shadow,,"[""original"", ""anchor_primary""]","[""how does the child react when he sees his shadow"", ""a video frame showing he sees his shadow""]","[""how does the child react when he sees his shadow"", ""a video frame showing he sees his shadow""]",,2,2,0,how_head,,"[""a video frame showing the child react when he sees his shadow""]",pronoun_clause,,,
2,11871253306,what does the boy in white sleeves do after he seeing the ball running,TN,AFTER,AFTER,AFTER,0,clause_extracted,he seeing the ball running,the boy in white sleeves,"[""original"", ""anchor_primary"", ""target_entity""]","[""what does the boy in white sleeves do after he seeing the ball running"", ""a video frame showing he seeing the ball running"", ""a video frame showing the boy in white sleeves""]","[""what does the boy in white sleeves do after he seeing the ball running"", ""a video frame showing he seeing the ball running""]",,3,2,0,what_do,,"[""a video frame showing boy in white sleeves he seeing the ball running"", ""a video frame showing boy in white sleeves""]",pronoun_clause,,,
7,13919236672,what did the girl do after she dragged open the red box,TN,AFTER,AFTER,AFTER,0,clause_extracted,she dragged open the red box,the girl,"[""original"", ""anchor_primary"", ""target_entity""]","[""what did the girl do after she dragged open the red box"", ""a video frame showing she dragged open the red box"", ""a video frame showing the girl""]","[""what did the girl do after she dragged open the red box"", ""a video frame showing she dragged open the red box""]",,3,2,0,what_do,,"[""a video frame showing girl she dragged open the red box"", ""a video frame showing girl""]",pronoun_clause,,,
8,4217422838,what did the boy do after he completely tore the wrappers from the spear,TN,AFTER,AFTER,AFTER,0,clause_extracted,he completely tore the wrappers from the spear,the boy,"[""original"", ""anchor_primary"", ""target_entity""]","[""what did the boy do after he completely tore the wrappers from the spear"", ""a video frame showing he completely tore the wrappers from the spear"", ""a video frame showing the boy""]","[""what did the boy do after he completely tore the wrappers from the spear"", ""a video frame showing he completely tore the wrappers from the spear""]",,3,2,0,what_do,,"[""a video frame showing boy he completely tore the wrappers from the spear"", ""a video frame showing boy""]",pronoun_clause,,,
7,2987766537,what did the baby do at the end when he cannot change the posture,TC,DURING,DURING,DURING,0,clause_extracted,he cannot change the posture,the baby,"[""original"", ""anchor_primary"", ""target_entity""]","[""what did the baby do at the end when he cannot change the posture"", ""a video frame showing he cannot change the posture"", ""a video frame showing the baby""]","[""what did the baby do at the end when he cannot change the posture"", ""a video frame showing he cannot change the posture""]",,3,2,0,what_do,no_clause_pattern_matched,"[""a video frame showing the baby do at the end when he cannot change the posture"", ""what did the baby do at the end when he cannot change the posture""]",pronoun_clause,,,
5,2782658657,what did the girl in pink do after she reached the stairs,TN,AFTER,AFTER,AFTER,0,clause_extracted,she reached the stairs,the girl in pink,"[""original"", ""anchor_primary"", ""target_entity""]","[""what did the girl in pink do after she reached the stairs"", ""a video frame showing she reached the stairs"", ""a video frame showing the girl in pink""]","[""what did the girl in pink do after she reached the stairs"", ""a video frame showing she reached the stairs""]",,3,2,0,what_do,,"[""a video frame showing girl in pink she reached the stairs"", ""a video frame showing girl in pink""]",pronoun_clause,,,
7,7605329840,what was the girl in black doing before she stood up near the end,TP,BEFORE,BEFORE,BEFORE,0,clause_extracted,she stood up near the end,the girl in black,"[""original"", ""anchor_primary"", ""target_entity""]","[""what was the girl in black doing before she stood up near the end"", ""a video frame showing she stood up near the end"", ""a video frame showing the girl in black""]","[""what was the girl in black doing before she stood up near the end"", ""a video frame showing she stood up near the end""]",,3,2,0,what_doing,no_clause_pattern_matched,"[""a video frame showing what was the girl in black doing before she stood up near the end"", ""what was the girl in black doing before she stood up near the end""]",pronoun_clause,,,
0,7001078933,what did the man with white helmet do before he bend down,TP,BEFORE,BEFORE,BEFORE,0,clause_extracted,he bend down,the man with white helmet,"[""original"", ""anchor_primary"", ""target_entity""]","[""what did the man with white helmet do before he bend down"", ""a video frame showing he bend down"", ""a video frame showing the man with white helmet""]","[""what did the man with white helmet do before he bend down"", ""a video frame showing he bend down""]",,3,2,0,what_do,,"[""a video frame showing man with white helmet he bend down"", ""a video frame showing man with white helmet""]",pronoun_clause,,,
9,3155382178,what does the woman do when she first approached the man at the start,TC,DURING,DURING,DURING,0,clause_extracted,she first approached the man at the start,the woman,"[""original"", ""anchor_primary"", ""target_entity""]","[""what does the woman do when she first approached the man at the start"", ""a video frame showing she first approached the man at the start"", ""a video frame showing the woman""]","[""what does the woman do when she first approached the man at the start"", ""a video frame showing she first approached the man at the start""]",,3,2,0,what_do,,"[""a video frame showing she first approached the man at the start"", ""a video frame showing woman near she first approached the man at the start""]",pronoun_clause,,,
5,7988210561,what did the baby do after she touched the toy s hand,TN,AFTER,AFTER,AFTER,0,clause_extracted,she touched the toy s hand,the baby,"[""original"", ""anchor_primary"", ""target_entity""]","[""what did the baby do after she touched the toy's hand"", ""a video frame showing she touched the toy's hand"", ""a video frame showing the baby""]","[""what did the baby do after she touched the toy's hand"", ""a video frame showing she touched the toy's hand""]",,3,2,0,what_do,,"[""a video frame showing baby she touched the toy's hand"", ""a video frame showing baby""]",pronoun_clause,,,
