arm,video,n_questions,gold_at_4_rate,mIoP,mIoU,delta_gold_at_4_vs_A,delta_mIoP_vs_A,delta_mIoU_vs_A
A,10001787725,4,0.5,0.25,0.21999999999999986,0.0,0.0,0.0
A,10030609934,10,0.5,0.20399793733127058,0.14685967409739592,0.0,0.0,0.0
A,10042935613,12,0.5,0.339324172657506,0.21640945303157308,0.0,0.0,0.0
A,10082798964,3,0.6666666666666666,0.25303030303030294,0.13180212484156797,0.0,0.0,0.0
A,10127533784,4,0.75,0.2818481360148027,0.2801504344540474,0.0,0.0,0.0
A,10309542255,5,0.8,0.5171747505080837,0.40473633441256673,0.0,0.0,0.0
A,10607095936,7,0.2857142857142857,0.06339889673223009,0.03988468991684036,0.0,0.0,0.0
A,10779838974,4,1.0,0.25,0.07432432432432434,0.0,0.0,0.0
A,11244289523,8,0.875,0.4538352272727274,0.3627695332317856,0.0,0.0,0.0
A,11503803033,3,0.3333333333333333,0.18212121212121177,0.11234448893581571,0.0,0.0,0.0
A,11541421563,7,0.5714285714285714,0.14744588744588746,0.12130167367843422,0.0,0.0,0.0
A,11566930393,4,0.25,0.0,0.0,0.0,0.0,0.0
A,11566980553,8,0.5,0.25,0.16789473684210526,0.0,0.0,0.0
A,11681746823,5,1.0,0.7553417053417053,0.6905242737283179,0.0,0.0,0.0
A,11849091804,1,1.0,1.0,0.17254901960784322,0.0,0.0,0.0
A,11871253306,10,0.1,0.11941893939393937,0.11229667092982212,0.0,0.0,0.0
A,11966080214,5,0.4,0.0,0.0,0.0,0.0,0.0
A,12392885583,9,0.6666666666666666,0.2773838383838384,0.154618081800178,0.0,0.0,0.0
A,12682618843,6,0.5,0.308217741260628,0.19722032629906636,0.0,0.0,0.0
A,13296054183,1,0.0,0.0,0.0,0.0,0.0,0.0
A,13569831214,5,0.6,0.34999999999999964,0.26733333333333315,0.0,0.0,0.0
A,13919236672,9,0.1111111111111111,0.0980429082280934,0.06060958842923246,0.0,0.0,0.0
A,14003541505,8,0.625,0.24997159090909082,0.21366276807211462,0.0,0.0,0.0
A,2400171624,4,0.5,0.09539772727272722,0.09494458267360319,0.0,0.0,0.0
A,2400715506,3,0.3333333333333333,0.3333333333333333,0.10705596107055955,0.0,0.0,0.0
A,2401167740,6,0.8333333333333334,0.2529166666666667,0.2307073737458849,0.0,0.0,0.0
A,2405940242,5,1.0,0.5049090909090908,0.3375606214652498,0.0,0.0,0.0
A,2434859163,2,1.0,0.2857954545454547,0.2684098185699041,0.0,0.0,0.0
A,2435100235,9,0.2222222222222222,0.1111111111111111,0.022952529994783546,0.0,0.0,0.0
A,2435633172,6,0.0,0.06776515151515176,0.025685931115003034,0.0,0.0,0.0
A,2442307875,6,0.6666666666666666,0.2765151515151515,0.21439393939393933,0.0,0.0,0.0
A,2454242177,9,0.7777777777777778,0.5555555555555556,0.1516040709258818,0.0,0.0,0.0
A,2461993294,3,0.3333333333333333,0.466199494949495,0.15314411344727705,0.0,0.0,0.0
A,2495861393,7,0.2857142857142857,0.23051948051948049,0.12744533947065587,0.0,0.0,0.0
A,2503404966,6,0.16666666666666666,0.0490719696969697,0.032204738111218836,0.0,0.0,0.0
A,2535384528,6,0.3333333333333333,0.1265151515151515,0.09608277900960831,0.0,0.0,0.0
A,2559262403,6,0.16666666666666666,0.1334517045454546,0.07871084210056394,0.0,0.0,0.0
A,2567843468,6,0.6666666666666666,0.30950213049584613,0.25720330163008864,0.0,0.0,0.0
A,2573424030,9,0.5555555555555556,0.3063888888888885,0.15932662132337538,0.0,0.0,0.0
A,2584172238,8,0.75,0.3437855113636363,0.2599829432344546,0.0,0.0,0.0
A,2596300565,4,0.25,0.25,0.03142857142857142,0.0,0.0,0.0
A,2599937944,7,0.8571428571428571,0.7159415584415585,0.40755628469101535,0.0,0.0,0.0
A,2604394962,6,0.16666666666666666,0.16666666666666666,0.11235144927536234,0.0,0.0,0.0
A,2614918961,5,0.2,0.026803030303030568,0.013857663232932665,0.0,0.0,0.0
A,2623954636,11,0.18181818181818182,0.03322314049586772,0.0224827996324137,0.0,0.0,0.0
A,2669452260,3,0.3333333333333333,0.3552348484848486,0.2964365471699178,0.0,0.0,0.0
A,2679130168,8,0.875,0.4627947443181818,0.3192327042688265,0.0,0.0,0.0
A,2679328607,7,1.0,0.30055194805194796,0.2023999290769322,0.0,0.0,0.0
A,2696280239,7,0.5714285714285714,0.28593831168831174,0.21469223106841093,0.0,0.0,0.0
A,2697214342,2,0.5,0.5,0.09777777777777774,0.0,0.0,0.0
A,2697261300,5,0.6,0.45935454545454546,0.3094786152294081,0.0,0.0,0.0
A,2705374471,2,1.0,0.33147775942080837,0.3314777594208083,0.0,0.0,0.0
A,2712662377,4,1.0,0.4447386363636363,0.36304832427663924,0.0,0.0,0.0
A,2717347132,4,0.75,0.636125,0.24577551986058954,0.0,0.0,0.0
A,2726497009,8,0.5,0.09375000000000006,0.09375000000000006,0.0,0.0,0.0
A,2731071928,1,0.0,0.31977272727272765,0.16185436558150268,0.0,0.0,0.0
A,2735019707,7,0.7142857142857143,0.3679177489177489,0.2891044334658649,0.0,0.0,0.0
A,2736413196,7,0.7142857142857143,0.3253571428571429,0.059854010274641586,0.0,0.0,0.0
A,2771402761,4,0.0,0.0,0.0,0.0,0.0,0.0
A,2782307049,4,0.5,0.25,0.12359550561797758,0.0,0.0,0.0
A,2782658657,7,0.7142857142857143,0.38101623376623384,0.29008827018435535,0.0,0.0,0.0
A,2793260225,6,0.6666666666666666,0.4972624292073751,0.30513182471093275,0.0,0.0,0.0
A,2793806282,8,0.25,0.15784090909090903,0.06959116035759072,0.0,0.0,0.0
A,2796821016,5,0.0,0.0,0.0,0.0,0.0,0.0
A,2809330695,6,0.3333333333333333,0.3133238636363637,0.26752320354248676,0.0,0.0,0.0
A,2821788355,6,0.5,0.4267045454545455,0.22211245809212957,0.0,0.0,0.0
A,2824317018,7,0.2857142857142857,0.21175324675324667,0.07106359120394122,0.0,0.0,0.0
A,2829462646,1,1.0,0.3004772727272705,0.12154000312560241,0.0,0.0,0.0
A,2833209794,4,0.5,0.11554926138259472,0.09574582234099309,0.0,0.0,0.0
A,2834146886,9,0.5555555555555556,0.36176094276094267,0.25495098120721077,0.0,0.0,0.0
A,2854886555,5,0.6,0.5949818181818183,0.39090812929944924,0.0,0.0,0.0
A,2868183184,9,0.5555555555555556,0.42151515151515156,0.12631596984579924,0.0,0.0,0.0
A,2871995580,6,0.3333333333333333,0.15990808326574749,0.11949494949494949,0.0,0.0,0.0
A,2877270840,4,0.75,0.3079545454545454,0.2048403193612774,0.0,0.0,0.0
A,2925298951,7,0.42857142857142855,0.20011985182025432,0.13807389179329801,0.0,0.0,0.0
A,2930782930,7,0.2857142857142857,0.22424025974025974,0.09408478340345136,0.0,0.0,0.0
A,2932897373,4,0.75,0.6969504447268107,0.49424774202410793,0.0,0.0,0.0
A,2957808913,6,0.6666666666666666,0.25385227272727273,0.17174212292174998,0.0,0.0,0.0
A,2971556305,2,0.0,0.0,0.0,0.0,0.0,0.0
A,2973331780,4,1.0,0.7455454545454546,0.45541622284518507,0.0,0.0,0.0
A,2976913210,4,0.75,0.0,0.0,0.0,0.0,0.0
A,2977504625,3,0.3333333333333333,0.1325757575757576,0.06306306306306307,0.0,0.0,0.0
A,2978295992,2,0.0,0.0,0.0,0.0,0.0,0.0
A,2984974097,4,0.75,0.33687500000000004,0.22114331862088915,0.0,0.0,0.0
A,2987766537,2,0.0,0.0011363636363636125,0.0006675567423230833,0.0,0.0,0.0
A,2990321092,3,0.6666666666666666,0.3908181818181819,0.3061281888564131,0.0,0.0,0.0
A,3026084730,8,0.125,0.023071022727272742,0.01695293842582543,0.0,0.0,0.0
A,3046900922,9,0.6666666666666666,0.33867845117845125,0.19543544850366162,0.0,0.0,0.0
A,3049351381,2,0.5,0.5,0.30985915492957733,0.0,0.0,0.0
A,3060478605,1,0.0,0.0,0.0,0.0,0.0,0.0
A,3063380173,5,0.8,0.1720454545454546,0.16403033586132182,0.0,0.0,0.0
A,3078294001,7,0.5714285714285714,0.3280032467532467,0.2502706962111031,0.0,0.0,0.0
A,3105728894,6,0.3333333333333333,0.21228914141414137,0.15016618135404206,0.0,0.0,0.0
A,3107742409,3,0.0,0.0,0.0,0.0,0.0,0.0
A,3112351937,3,1.0,0.32286785379568883,0.3228678537956888,0.0,0.0,0.0
A,3121571439,7,0.7142857142857143,0.03571428571428571,0.03571428571428571,0.0,0.0,0.0
A,3131380536,4,0.75,0.5,0.09672312504768447,0.0,0.0,0.0
A,3145698830,10,0.3,0.17423181818181818,0.11888666878972057,0.0,0.0,0.0
A,3151715056,3,0.0,0.06101262626262638,0.027131430393804997,0.0,0.0,0.0
A,3155382178,9,0.6666666666666666,0.38132575757575765,0.2720769499959357,0.0,0.0,0.0
A,3158022797,3,0.3333333333333333,0.0,0.0,0.0,0.0,0.0
A,3164519967,6,0.5,0.27270075757575757,0.13382958988530405,0.0,0.0,0.0
A,3171006258,5,0.6,0.33327272727272744,0.0725946767545069,0.0,0.0,0.0
A,3192668394,7,0.7142857142857143,0.5348701298701299,0.20995856227270654,0.0,0.0,0.0
A,3194558043,1,0.0,0.0,0.0,0.0,0.0,0.0
A,3198533789,2,0.0,0.0,0.0,0.0,0.0,0.0
A,3206694342,3,0.0,0.0,0.0,0.0,0.0,0.0
A,3218498932,7,0.8571428571428571,0.34054587808854025,0.22088325289085975,0.0,0.0,0.0
A,3233088823,3,0.6666666666666666,0.4828787878787879,0.24641451674283932,0.0,0.0,0.0
A,3261079025,7,0.42857142857142855,0.39945454545454545,0.29139200384920366,0.0,0.0,0.0
A,3263908208,7,1.0,0.8685064935064934,0.3086435266452637,0.0,0.0,0.0
A,3270490566,3,0.6666666666666666,0.20818181818181827,0.192760942760943,0.0,0.0,0.0
A,3303565503,7,0.7142857142857143,0.2397792207792208,0.09747512708918896,0.0,0.0,0.0
A,3321261856,5,0.6,0.15302424242424245,0.08218140783943248,0.0,0.0,0.0
A,3322503255,6,0.3333333333333333,0.16666666666666666,0.030683403068340304,0.0,0.0,0.0
A,3340340268,8,0.0,0.03744318181818187,0.02293929267613481,0.0,0.0,0.0
A,3345608051,5,0.6,0.2,0.026993865030674878,0.0,0.0,0.0
A,3359075894,8,0.625,0.1056818181818182,0.09966997822536745,0.0,0.0,0.0
A,3372023610,6,0.5,0.16666666666666666,0.0520094562647754,0.0,0.0,0.0
A,3375218204,10,0.5,0.15984999999999996,0.0790469115451659,0.0,0.0,0.0
A,3376544720,8,0.375,0.26346946022727274,0.14960588811411155,0.0,0.0,0.0
A,3380344744,2,0.5,0.001181818181818052,0.00020241654210261849,0.0,0.0,0.0
A,3383804222,6,0.16666666666666666,0.06680871212121216,0.04429584981477997,0.0,0.0,0.0
A,3388598772,6,0.8333333333333334,0.577354797979798,0.449305229865635,0.0,0.0,0.0
A,3427674558,4,0.5,0.31204545454545474,0.3118297310674808,0.0,0.0,0.0
A,3429509208,10,0.7,0.4192509469696969,0.2865996736526391,0.0,0.0,0.0
A,3441428429,5,0.0,0.06604848484848477,0.030440490489092437,0.0,0.0,0.0
A,3445431963,4,0.5,0.091796875,0.03889557628648812,0.0,0.0,0.0
A,3455926688,3,1.0,1.0,0.26493017422680093,0.0,0.0,0.0
A,3456030972,5,0.4,0.35942727272727276,0.16203073286454103,0.0,0.0,0.0
A,3462517143,5,0.6,0.2933969696969698,0.17856715096208764,0.0,0.0,0.0
A,3477387686,6,0.3333333333333333,0.17945833333333353,0.1763945191572116,0.0,0.0,0.0
A,3508407941,4,0.75,0.575262784090909,0.3520822201983894,0.0,0.0,0.0
A,3508459605,11,0.18181818181818182,0.11492906336088149,0.09388328750044116,0.0,0.0,0.0
A,3524939594,8,1.0,0.39658735795454547,0.2963675823952982,0.0,0.0,0.0
A,3526597179,6,1.0,0.4414861111111113,0.34222607205236555,0.0,0.0,0.0
A,3530231811,3,0.3333333333333333,0.0,0.0,0.0,0.0,0.0
A,3550839192,2,1.0,0.7173863636363635,0.170562041295351,0.0,0.0,0.0
A,3555755537,1,1.0,1.0,0.18032786885245908,0.0,0.0,0.0
A,3557498300,7,0.5714285714285714,0.3232770562770562,0.20731351975049472,0.0,0.0,0.0
A,3581585756,7,0.14285714285714285,0.0,0.0,0.0,0.0,0.0
A,3626788516,6,0.5,0.3979924242424242,0.22123963728311147,0.0,0.0,0.0
A,3655906094,7,0.42857142857142855,0.12612337662337664,0.10743118912009517,0.0,0.0,0.0
A,3708066257,2,0.5,0.0,0.0,0.0,0.0,0.0
A,3711681535,8,0.5,0.29262405303030287,0.10831907151652541,0.0,0.0,0.0
A,3719793245,2,0.0,0.032806818181818236,0.027177903714721483,0.0,0.0,0.0
A,3741143820,5,0.6,0.46854545454545454,0.42630301259231695,0.0,0.0,0.0
A,3763643225,5,0.6,0.5363318181818182,0.3648384764500663,0.0,0.0,0.0
A,3804148568,3,0.3333333333333333,0.3333333333333333,0.02295252999478353,0.0,0.0,0.0
A,3814690167,4,0.75,0.6566507619731268,0.324681338028169,0.0,0.0,0.0
A,3821781616,7,1.0,0.5622099282902173,0.4481694978174658,0.0,0.0,0.0
A,3830567237,10,0.7,0.45261590909090915,0.14333010404890656,0.0,0.0,0.0
A,3846475848,10,0.7,0.6,0.06724799937727101,0.0,0.0,0.0
A,3851913128,6,0.5,0.17391997449386257,0.06245833333333334,0.0,0.0,0.0
A,3861485381,6,0.6666666666666666,0.15967676767676778,0.13224031806159367,0.0,0.0,0.0
A,3869005094,4,0.75,0.3844269368947204,0.2797640283042884,0.0,0.0,0.0
A,3897746373,6,0.5,0.20024353482468663,0.11097967260298613,0.0,0.0,0.0
A,3902997424,5,0.8,0.3501864112327463,0.30013860137289833,0.0,0.0,0.0
A,3942617402,4,0.25,0.25,0.10679611650485435,0.0,0.0,0.0
A,3943634344,9,0.4444444444444444,0.23127777777777775,0.21565337296715253,0.0,0.0,0.0
A,3960291106,8,0.625,0.2989349714932832,0.16590707545770145,0.0,0.0,0.0
A,3963997053,5,0.2,0.2909090909090909,0.16625194805194807,0.0,0.0,0.0
A,3972259774,8,0.5,0.04944957386363632,0.03421375921375917,0.0,0.0,0.0
A,3974684583,4,0.75,0.6923636363636363,0.43790459070478316,0.0,0.0,0.0
A,3981865268,2,0.0,0.0,0.0,0.0,0.0,0.0
A,4006608424,10,0.4,0.24792575757575727,0.07498440750689883,0.0,0.0,0.0
A,4010069381,4,0.75,0.6582954545454545,0.4004313438083699,0.0,0.0,0.0
A,4024008346,6,0.6666666666666666,0.2975909924063891,0.21579099240638913,0.0,0.0,0.0
A,4036955771,4,0.5,0.25,0.14666666666666686,0.0,0.0,0.0
A,4075791856,3,0.0,0.0,0.0,0.0,0.0,0.0
A,4092992100,6,0.8333333333333334,0.23827651515151516,0.16105155235063862,0.0,0.0,0.0
A,4094488636,4,0.75,0.5748674242424242,0.41308086653037,0.0,0.0,0.0
A,4103088549,7,0.42857142857142855,0.41890909090909095,0.257202196704537,0.0,0.0,0.0
A,4123915842,7,0.7142857142857143,0.5225389610389611,0.3507001004688081,0.0,0.0,0.0
A,4127497265,5,0.6,0.17670454545454548,0.15636304063343304,0.0,0.0,0.0
A,4130504920,4,1.0,0.4883522727272727,0.27784706772436835,0.0,0.0,0.0
A,4132599924,2,0.5,0.6100795454545457,0.3865985648242532,0.0,0.0,0.0
A,4138579400,6,0.5,0.4216019338189658,0.15631337277878543,0.0,0.0,0.0
A,4146348376,2,0.5,0.5,0.3013698630136986,0.0,0.0,0.0
A,4147398280,3,0.3333333333333333,0.0,0.0,0.0,0.0,0.0
A,4151403382,6,0.5,0.4776098484848483,0.387261223094773,0.0,0.0,0.0
A,4164771889,9,0.7777777777777778,0.5985126262626262,0.40125511433530586,0.0,0.0,0.0
A,4166942239,6,0.8333333333333334,0.3333333333333333,0.16958111916264093,0.0,0.0,0.0
A,4189100053,7,0.2857142857142857,0.2793668831168831,0.1361676483335837,0.0,0.0,0.0
A,4190655097,6,0.5,0.29485164141414133,0.13873257006270454,0.0,0.0,0.0
A,4199369046,5,0.4,0.4,0.052932450522811994,0.0,0.0,0.0
A,4217422838,7,0.42857142857142855,0.2857142857142857,0.04473874656245475,0.0,0.0,0.0
A,4219909195,10,0.2,0.1960378787878788,0.12221689704937813,0.0,0.0,0.0
A,4244817395,9,0.3333333333333333,0.2999999999999999,0.1064772112369365,0.0,0.0,0.0
A,4249756405,7,0.5714285714285714,0.42857142857142855,0.05929919137466306,0.0,0.0,0.0
A,4251505427,7,0.5714285714285714,0.468383116883117,0.07689986567675454,0.0,0.0,0.0
A,4260763967,5,0.6,0.24426818181818183,0.1910601588391292,0.0,0.0,0.0
A,4263096481,5,0.8,0.3566454545454546,0.1173853127239652,0.0,0.0,0.0
A,4264435046,7,0.5714285714285714,0.46905381121078804,0.22021454523874803,0.0,0.0,0.0
A,4272084125,10,0.4,0.2091409090909091,0.11505924704824604,0.0,0.0,0.0
A,4276006683,9,0.5555555555555556,0.4968813131313131,0.1502858939491787,0.0,0.0,0.0
A,4333544549,8,0.5,0.3552784090909091,0.06023934434450305,0.0,0.0,0.0
A,4336654741,7,0.42857142857142855,0.2680259740259739,0.1624612114289282,0.0,0.0,0.0
A,4378803532,11,0.6363636363636364,0.43152479338842975,0.18976676726213457,0.0,0.0,0.0
A,4388652400,4,0.0,0.08075378787878788,0.04873612143232345,0.0,0.0,0.0
A,4412508597,5,0.6,0.4454772727272728,0.30053394283430224,0.0,0.0,0.0
A,4419096437,7,0.7142857142857143,0.18890800865800866,0.03598640595575591,0.0,0.0,0.0
A,4420239986,9,0.7777777777777778,0.5184614269846229,0.10964555270792808,0.0,0.0,0.0
A,4443526735,6,0.5,0.5321034045635639,0.23435491014630613,0.0,0.0,0.0
A,4444192938,8,0.5,0.16245738636363638,0.15928530503110339,0.0,0.0,0.0
A,4465235803,6,1.0,0.6442095959595961,0.4120555978130506,0.0,0.0,0.0
A,4485498145,6,0.8333333333333334,0.2248013459810411,0.20174200602074022,0.0,0.0,0.0
A,4485707628,7,0.5714285714285714,0.5557121212121211,0.2864510085471183,0.0,0.0,0.0
A,4488066715,9,0.4444444444444444,0.26268434343434344,0.15339204858726596,0.0,0.0,0.0
A,4516967897,4,0.5,0.39478409090909117,0.13089379065163836,0.0,0.0,0.0
A,4518113460,7,0.2857142857142857,0.2857142857142857,0.1952534350141347,0.0,0.0,0.0
A,4542882771,4,0.5,0.009446022727272617,0.0028209043861881396,0.0,0.0,0.0
A,4564478328,6,0.8333333333333334,0.25516792929292925,0.18978551732691254,0.0,0.0,0.0
A,4584426085,10,0.4,0.08712727272727278,0.04812211287407117,0.0,0.0,0.0
A,4603484665,5,1.0,0.738651515151515,0.4233904992984662,0.0,0.0,0.0
A,4612723694,9,0.4444444444444444,0.38152777777777774,0.12016076029660547,0.0,0.0,0.0
A,4626085492,9,0.5555555555555556,0.246753367003367,0.17500351083499674,0.0,0.0,0.0
A,4636208292,5,0.4,0.15545454545454535,0.12481751824817515,0.0,0.0,0.0
A,4650556666,6,0.5,0.2976190476190476,0.05000819134993447,0.0,0.0,0.0
A,4671452046,10,0.7,0.34685681818181824,0.2034767812616025,0.0,0.0,0.0
A,4674481985,8,0.25,0.1643892045454545,0.0672095038945681,0.0,0.0,0.0
A,4688219212,9,0.3333333333333333,0.06296717171717171,0.03740708236759003,0.0,0.0,0.0
A,4698622422,7,0.8571428571428571,0.4205681818181817,0.3071141367428613,0.0,0.0,0.0
A,4707679105,4,0.5,0.23419886363636366,0.21425970751893297,0.0,0.0,0.0
A,4761953886,3,0.6666666666666666,0.3333333333333333,0.04793028322440088,0.0,0.0,0.0
A,4762946272,7,0.5714285714285714,0.16231818181818183,0.09728187541225755,0.0,0.0,0.0
A,4765564263,6,0.8333333333333334,0.5793598484848484,0.3767708308093374,0.0,0.0,0.0
A,4765717907,9,0.5555555555555556,0.2212946127946128,0.11386490201764578,0.0,0.0,0.0
A,4770216656,1,1.0,0.0,0.0,0.0,0.0,0.0
A,4774302357,6,0.8333333333333334,0.38792297979797974,0.31602248909507913,0.0,0.0,0.0
A,4798585428,5,0.6,0.14090909090909104,0.14090909090909104,0.0,0.0,0.0
A,4815534482,5,0.4,0.07363636363636375,0.0352941176470589,0.0,0.0,0.0
A,4825843801,2,0.5,0.6477272727272725,0.3026568501920611,0.0,0.0,0.0
A,4838113006,9,0.4444444444444444,0.2222222222222222,0.03320366990517976,0.0,0.0,0.0
A,4838145161,6,0.16666666666666666,0.16666666666666666,0.01373283395755306,0.0,0.0,0.0
A,4846820256,4,0.5,0.3908125000000001,0.38427855640096825,0.0,0.0,0.0
A,4857781123,4,0.0,0.0,0.0,0.0,0.0,0.0
A,4859057828,9,0.6666666666666666,0.2471137480376414,0.22715981542856017,0.0,0.0,0.0
A,4882414082,2,0.0,0.0,0.0,0.0,0.0,0.0
A,4882821564,8,0.375,0.06099621212121211,0.014703572759081648,0.0,0.0,0.0
A,4889681401,2,0.0,0.0,0.0,0.0,0.0,0.0
A,4896969617,11,0.45454545454545453,0.26881404958677685,0.19012620802154775,0.0,0.0,0.0
A,4915733559,8,0.25,0.11451420454545458,0.10555584825360528,0.0,0.0,0.0
A,4925211209,3,0.3333333333333333,0.5435606060606061,0.2591503141072106,0.0,0.0,0.0
A,4935987905,4,1.0,0.7250530303030303,0.3574819680592023,0.0,0.0,0.0
A,4942054721,3,0.3333333333333333,0.3333333333333333,0.2404371584699453,0.0,0.0,0.0
A,4949582792,10,0.1,0.0,0.0,0.0,0.0,0.0
A,4955723618,10,0.5,0.24413409090909083,0.14409856675540342,0.0,0.0,0.0
A,4967810888,5,0.8,0.25671818181818135,0.24025685553895199,0.0,0.0,0.0
A,4968805923,8,0.625,0.5003709778194314,0.4266200221313901,0.0,0.0,0.0
A,4970148391,8,0.375,0.2351789772727274,0.22118180717069605,0.0,0.0,0.0
A,4978714491,7,0.2857142857142857,0.1827922077922079,0.11796406580184635,0.0,0.0,0.0
A,4984331176,4,0.5,0.29092256355099244,0.2656926380793369,0.0,0.0,0.0
A,4984417707,6,0.8333333333333334,0.39545688955552655,0.3284756272923149,0.0,0.0,0.0
A,5017166671,2,0.0,0.0,0.0,0.0,0.0,0.0
A,5026660202,2,0.0,0.0,0.0,0.0,0.0,0.0
A,5056964274,7,0.8571428571428571,0.2531038961038961,0.19146077434668377,0.0,0.0,0.0
A,5061117640,6,0.5,0.24486616161616168,0.20538025119267445,0.0,0.0,0.0
A,5064681723,4,1.0,0.4591534090909092,0.44294765497218347,0.0,0.0,0.0
A,5070310138,6,0.6666666666666666,0.31299242424242446,0.2424758030864214,0.0,0.0,0.0
A,5116088152,9,0.2222222222222222,0.17058585858585842,0.1102852135038574,0.0,0.0,0.0
A,5129152550,4,0.25,0.1756704545454545,0.12061889454136887,0.0,0.0,0.0
A,5133787349,8,0.5,0.15980495321131946,0.12964176829268295,0.0,0.0,0.0
A,5134317883,7,0.0,0.04220779220779229,0.01600985221674882,0.0,0.0,0.0
A,5138093706,9,0.4444444444444444,0.18118939393939393,0.08441888240312195,0.0,0.0,0.0
A,5145526755,3,0.0,0.0,0.0,0.0,0.0,0.0
A,5173770364,5,0.2,0.2,0.1294117647058824,0.0,0.0,0.0
A,5205081904,7,0.42857142857142855,0.2235032467532467,0.18539110050008575,0.0,0.0,0.0
A,5229476012,4,0.25,0.010136363636363634,0.00473380317568141,0.0,0.0,0.0
A,5235909148,7,0.7142857142857143,0.4838697388998436,0.2751145298073446,0.0,0.0,0.0
A,5237219621,3,0.6666666666666666,0.10959090909090922,0.07035923775060571,0.0,0.0,0.0
A,5256928210,9,1.0,0.7169494949494949,0.1952146982587417,0.0,0.0,0.0
A,5296635780,7,0.5714285714285714,0.4855162337662337,0.27257017096823644,0.0,0.0,0.0
A,5297811305,6,0.8333333333333334,0.3012727272727274,0.12770973277634087,0.0,0.0,0.0
A,5308503740,2,0.5,0.5,0.10891089108910885,0.0,0.0,0.0
A,5328004991,8,0.875,0.7335814393939394,0.3264077499456252,0.0,0.0,0.0
A,5328616848,7,0.8571428571428571,0.6917967464472701,0.45184234182355665,0.0,0.0,0.0
A,5333075105,9,0.8888888888888888,0.8978055555555553,0.5033360035748791,0.0,0.0,0.0
A,5349766264,10,0.6,0.30120359848484857,0.0461481147308828,0.0,0.0,0.0
A,5349969207,5,0.8,0.6758257575757577,0.38537143781509153,0.0,0.0,0.0
A,5406108447,5,0.6,0.3813681818181819,0.17060633697537303,0.0,0.0,0.0
A,5427285434,7,0.8571428571428571,0.4237193608724182,0.27493558804642615,0.0,0.0,0.0
A,5429688959,6,0.8333333333333334,0.8333333333333334,0.0946354447366745,0.0,0.0,0.0
A,5433090067,7,0.42857142857142855,0.2884696969696971,0.11874815934787726,0.0,0.0,0.0
A,5445581571,8,0.75,0.18181534090909102,0.10963395286321685,0.0,0.0,0.0
A,5467727317,2,1.0,0.5,0.05418719211822663,0.0,0.0,0.0
A,5498331490,6,0.8333333333333334,0.6666666666666666,0.07586246796401955,0.0,0.0,0.0
A,5504913999,7,0.8571428571428571,0.42857142857142855,0.08242692661129455,0.0,0.0,0.0
A,5521781780,8,0.625,0.6063125000000001,0.30508704129753594,0.0,0.0,0.0
A,5533380417,6,0.6666666666666666,0.5188484848484848,0.2112287568879091,0.0,0.0,0.0
A,5549243726,6,0.8333333333333334,0.24763510101010103,0.14774260070768802,0.0,0.0,0.0
A,5561024834,11,0.36363636363636365,0.2036845730027549,0.1355281551901001,0.0,0.0,0.0
A,5607805258,3,0.6666666666666666,0.6666666666666666,0.17888524590163932,0.0,0.0,0.0
A,5623068492,7,0.7142857142857143,0.5444036796536799,0.2847189141016922,0.0,0.0,0.0
A,5635265624,5,0.6,0.09075000000000005,0.06244600633970464,0.0,0.0,0.0
A,5662041273,12,0.6666666666666666,0.5085881290263566,0.20938414894012836,0.0,0.0,0.0
A,5667931404,5,0.6,0.4,0.24377619828685987,0.0,0.0,0.0
A,5679866364,8,0.625,0.4420066287878788,0.17405722954061512,0.0,0.0,0.0
A,5681946487,7,0.7142857142857143,0.2613697225044388,0.11447448979591836,0.0,0.0,0.0
A,5735711594,7,0.8571428571428571,0.5290226171988885,0.1587494488603638,0.0,0.0,0.0
A,5766018720,7,0.42857142857142855,0.24879870129870127,0.06790997714456956,0.0,0.0,0.0
A,5801184682,9,0.4444444444444444,0.422222222222222,0.1247828126137726,0.0,0.0,0.0
A,5803861992,7,1.0,1.0,0.08236891997243796,0.0,0.0,0.0
A,5833145209,8,0.5,0.2124548694686169,0.112158954386592,0.0,0.0,0.0
A,5854324479,6,0.5,0.08851483585858588,0.05593187208163544,0.0,0.0,0.0
A,5858985747,5,0.6,0.26525757575757575,0.25107500155347046,0.0,0.0,0.0
A,5875242364,8,0.875,0.6118321931324826,0.3683901318389315,0.0,0.0,0.0
A,5875535585,9,0.4444444444444444,0.4444444444444444,0.030121678174296562,0.0,0.0,0.0
A,5879651428,2,0.0,0.07920454545454546,0.06698058812223717,0.0,0.0,0.0
A,5885887012,2,1.0,1.0,0.15714285714285708,0.0,0.0,0.0
A,5902452647,6,0.16666666666666666,0.08333333333333341,0.08333333333333341,0.0,0.0,0.0
A,5907839036,8,0.375,0.21590909090909063,0.12323882761104364,0.0,0.0,0.0
A,5913180144,8,0.5,0.23719886363636355,0.1378095842595521,0.0,0.0,0.0
A,5919180502,8,0.625,0.11506912878787892,0.06163495121261681,0.0,0.0,0.0
A,5933003028,1,1.0,0.6258351893095769,0.571138211382114,0.0,0.0,0.0
A,5940941487,3,0.6666666666666666,0.07575757575757579,0.07575757575757579,0.0,0.0,0.0
A,5945172741,9,0.5555555555555556,0.3333333333333333,0.08566475999328758,0.0,0.0,0.0
A,5987365500,4,0.75,0.75,0.3370212765957446,0.0,0.0,0.0
A,6024684644,4,0.5,0.30207765151515137,0.2850522068401072,0.0,0.0,0.0
A,6025238212,5,0.4,0.2534624875898769,0.19195480708813048,0.0,0.0,0.0
A,6031805098,7,0.5714285714285714,0.2857142857142857,0.0903282291093588,0.0,0.0,0.0
A,6037747123,6,1.0,0.3617904040404037,0.12040014988896963,0.0,0.0,0.0
A,6046149003,1,1.0,0.04250946969696948,0.035204805859886404,0.0,0.0,0.0
A,6078524411,9,0.6666666666666666,0.3644292929292928,0.07046110239939854,0.0,0.0,0.0
A,6097994550,9,0.5555555555555556,0.4302592592592593,0.24658202184060438,0.0,0.0,0.0
A,6142416815,2,0.5,0.5,0.06962025316455693,0.0,0.0,0.0
A,6143391925,9,0.6666666666666666,0.2360765993265993,0.11429982452919545,0.0,0.0,0.0
A,6168295272,7,0.42857142857142855,0.16613365800865815,0.1463475927492723,0.0,0.0,0.0
A,6168716346,5,0.6,0.5045454545454545,0.3454090192387932,0.0,0.0,0.0
A,6183104292,6,0.8333333333333334,0.42470707070707076,0.23835872355990495,0.0,0.0,0.0
A,6188449000,7,0.5714285714285714,0.2640692640692644,0.05261405136266113,0.0,0.0,0.0
A,6201488511,7,0.5714285714285714,0.37662337662337686,0.2870349988994059,0.0,0.0,0.0
A,6233408665,9,0.1111111111111111,0.0973392255892256,0.07723431439927492,0.0,0.0,0.0
A,6239210933,9,0.3333333333333333,0.1111111111111111,0.07236457849369878,0.0,0.0,0.0
A,6244382586,3,1.0,0.23648989898989906,0.19508921285331524,0.0,0.0,0.0
A,6244675392,8,0.375,0.2528409090909091,0.05946251642238441,0.0,0.0,0.0
A,6253433310,5,0.6,0.24738857701848183,0.182956086518187,0.0,0.0,0.0
A,6265968082,3,0.6666666666666666,0.4758661616161617,0.3528563508107787,0.0,0.0,0.0
A,6277800530,3,0.6666666666666666,0.8186565656565655,0.22002407253977543,0.0,0.0,0.0
A,6291413193,7,0.5714285714285714,0.4136060606060605,0.23853328643844068,0.0,0.0,0.0
A,6297019062,7,0.42857142857142855,0.17075541125541122,0.109440079365472,0.0,0.0,0.0
A,6300775954,6,0.5,0.3573446969696971,0.261723460191342,0.0,0.0,0.0
A,6329954198,4,0.5,0.4149107675442132,0.401714338983447,0.0,0.0,0.0
A,6356067859,7,0.2857142857142857,0.05726731601731601,0.051046937328464825,0.0,0.0,0.0
A,6413546609,5,0.2,0.1917816099826044,0.08975256410256408,0.0,0.0,0.0
A,6443512089,5,0.4,0.1422893939393937,0.09002722325336343,0.0,0.0,0.0
A,6480018109,2,1.0,0.9981060606060608,0.479857588028964,0.0,0.0,0.0
A,6516459343,11,0.6363636363636364,0.43571625344352627,0.09034359835844818,0.0,0.0,0.0
A,6582763207,3,0.3333333333333333,0.26119002525252527,0.1930745627851084,0.0,0.0,0.0
A,6592821115,13,0.07692307692307693,0.08945221445221442,0.03904438406309853,0.0,0.0,0.0
A,6618792571,9,0.3333333333333333,0.13638888888888878,0.07416992960097653,0.0,0.0,0.0
A,6621511673,8,0.625,0.5,0.03064066852367691,0.0,0.0,0.0
A,6624174621,6,0.5,0.08813762626262613,0.05406336888248636,0.0,0.0,0.0
A,6642268693,7,0.42857142857142855,0.18181818181818174,0.15140505336790683,0.0,0.0,0.0
A,6690256857,3,1.0,0.5480353535353535,0.3388733697946698,0.0,0.0,0.0
A,6691330381,7,0.42857142857142855,0.14285714285714285,0.015331010452961669,0.0,0.0,0.0
A,6713120511,7,0.5714285714285714,0.0687813852813853,0.036543727237077106,0.0,0.0,0.0
A,6727904179,8,0.375,0.21962620223803098,0.1532758935960557,0.0,0.0,0.0
A,6754608321,6,0.6666666666666666,0.15780050505050505,0.1377502659519297,0.0,0.0,0.0
A,6762389913,6,0.6666666666666666,0.44590782828282843,0.15390614008722162,0.0,0.0,0.0
A,6772999108,4,0.5,0.0,0.0,0.0,0.0,0.0
A,6786501294,5,0.4,0.2,0.0179591836734694,0.0,0.0,0.0
A,6806999702,11,0.18181818181818182,0.1343285123966945,0.05546245793858237,0.0,0.0,0.0
A,6879924118,3,0.6666666666666666,0.8246439393939392,0.2932581753433127,0.0,0.0,0.0
A,6895608152,7,0.14285714285714285,0.14285714285714285,0.008121077888519759,0.0,0.0,0.0
A,6896884547,7,0.42857142857142855,0.4105952380952381,0.1433136356034578,0.0,0.0,0.0
A,6898821807,9,0.5555555555555556,0.2689301346801347,0.18301840366954958,0.0,0.0,0.0
A,6964124866,2,1.0,1.0,0.6054135338345867,0.0,0.0,0.0
A,6988748711,8,0.25,0.06960606060606059,0.05315965501824814,0.0,0.0,0.0
A,7001078933,7,0.14285714285714285,0.07142857142857142,0.04282951562242806,0.0,0.0,0.0
A,7059877301,8,0.25,0.11244791666666651,0.07690503378418145,0.0,0.0,0.0
A,7088595057,6,0.16666666666666666,0.16666666666666666,0.022696815718157185,0.0,0.0,0.0
A,7114553643,8,0.5,0.4788380681818182,0.1174559747091086,0.0,0.0,0.0
A,7149153537,6,0.3333333333333333,0.2813636363636361,0.09558462888000203,0.0,0.0,0.0
A,7164729910,8,0.5,0.3569210647734715,0.11224686471629819,0.0,0.0,0.0
A,7223854838,4,0.25,0.039772727272727224,0.028539707419017707,0.0,0.0,0.0
A,7288107396,7,0.7142857142857143,0.4425189393939393,0.24893846200242406,0.0,0.0,0.0
A,7308042410,7,0.2857142857142857,0.24889718614718612,0.1351906303514385,0.0,0.0,0.0
A,7331927796,10,0.5,0.24176893939393937,0.10979583244475352,0.0,0.0,0.0
A,7364407194,2,1.0,0.5,0.16923076923076927,0.0,0.0,0.0
A,7416295940,10,0.5,0.21188484848484865,0.07919638769656553,0.0,0.0,0.0
A,7442562474,6,0.5,0.17251641414141414,0.069079958840807,0.0,0.0,0.0
A,7453733046,13,0.6153846153846154,0.16626165501165496,0.11970553881061524,0.0,0.0,0.0
A,7492398760,11,0.5454545454545454,0.2109876033057854,0.11008009880976076,0.0,0.0,0.0
A,7531285946,8,0.625,0.45692992424242423,0.1709140068468896,0.0,0.0,0.0
A,7533369046,4,0.75,0.15482954545454558,0.12095899693185626,0.0,0.0,0.0
A,7536230796,5,0.6,0.3162878787878788,0.13653581471676007,0.0,0.0,0.0
A,7571121368,7,0.42857142857142855,0.2770660173160172,0.11221646932144232,0.0,0.0,0.0
A,7572859950,3,1.0,0.10606060606060601,0.10606060606060601,0.0,0.0,0.0
A,7605329840,7,0.5714285714285714,0.31808008658008663,0.2994712710418054,0.0,0.0,0.0
A,7728559968,5,0.6,0.6010560606060604,0.2075571986415954,0.0,0.0,0.0
A,7771650716,8,0.75,0.567507124387882,0.3363504391710753,0.0,0.0,0.0
A,7786283208,6,0.0,0.12505050505050505,0.1158525173123713,0.0,0.0,0.0
A,7961460440,1,0.0,0.0,0.0,0.0,0.0,0.0
A,7987845241,4,0.25,0.0,0.0,0.0,0.0,0.0
A,7988210561,7,0.8571428571428571,0.6632164502164501,0.535437552420745,0.0,0.0,0.0
A,7999756100,5,0.4,0.3177290482524142,0.1780277558482731,0.0,0.0,0.0
A,8024853715,5,1.0,0.5582022976334916,0.29484674786451787,0.0,0.0,0.0
A,8064178441,9,0.4444444444444444,0.2222222222222222,0.027120051644883045,0.0,0.0,0.0
A,8080432373,8,0.5,0.054119318181818185,0.02941630636195183,0.0,0.0,0.0
A,8107573462,10,0.9,0.32301363636363634,0.24259441280874747,0.0,0.0,0.0
A,8132842161,6,1.0,0.6640707070707074,0.41435212776715363,0.0,0.0,0.0
A,8171216955,6,0.5,0.3946309568716208,0.1566231916743673,0.0,0.0,0.0
A,8188651630,4,0.25,0.25,0.04119850187265917,0.0,0.0,0.0
A,8189958994,8,0.375,0.3347566287878788,0.1709237964505927,0.0,0.0,0.0
A,8211075660,4,0.75,0.5293257575757577,0.13494630548360223,0.0,0.0,0.0
A,8224492254,4,0.5,0.21136363636363636,0.10258445516891031,0.0,0.0,0.0
A,8224504302,3,0.3333333333333333,0.28030303030303005,0.28030303030303005,0.0,0.0,0.0
A,8225502382,8,0.25,0.1287168560606061,0.12164321334403305,0.0,0.0,0.0
A,8241491518,2,0.5,0.1946742424242427,0.12521046511036546,0.0,0.0,0.0
A,8253302563,8,0.375,0.32149621212121215,0.24316491077579694,0.0,0.0,0.0
A,8277866423,8,0.75,0.449817646727498,0.22359067908721428,0.0,0.0,0.0
A,8313365386,7,0.5714285714285714,0.3062770562770563,0.21175352853631366,0.0,0.0,0.0
A,8318310610,3,0.0,0.0,0.0,0.0,0.0,0.0
A,8330342965,7,0.7142857142857143,0.3474025974025974,0.27800169636896305,0.0,0.0,0.0
A,8387356484,3,0.3333333333333333,0.0,0.0,0.0,0.0,0.0
A,8388104887,5,0.4,0.09510000000000002,0.09282576866764276,0.0,0.0,0.0
A,8403741210,2,0.5,0.19940530303030332,0.1554202070183107,0.0,0.0,0.0
A,8428551576,10,0.4,0.15606136363636364,0.07235742068267845,0.0,0.0,0.0
A,8455160795,4,0.5,0.25834280303030294,0.15940904906513628,0.0,0.0,0.0
A,8457210773,5,0.0,0.027272727272726976,0.01578947368421036,0.0,0.0,0.0
A,8464056582,7,0.2857142857142857,0.10633116883116882,0.02747914053959052,0.0,0.0,0.0
A,8493226484,4,0.75,0.27849242424242415,0.2629367418304337,0.0,0.0,0.0
A,8495272210,6,0.6666666666666666,0.35558459595959585,0.18195074630983624,0.0,0.0,0.0
A,8505893258,5,0.2,0.0,0.0,0.0,0.0,0.0
A,8513603944,5,0.4,0.39170757575757575,0.181363971322309,0.0,0.0,0.0
A,8531675050,5,0.4,0.33530867223235933,0.17404133925267778,0.0,0.0,0.0
A,8552680285,4,0.75,0.24685606060606063,0.15148349575857448,0.0,0.0,0.0
A,8557532213,8,0.875,0.39398746179607225,0.24683488007786414,0.0,0.0,0.0
A,8575881495,9,0.5555555555555556,0.255851851851852,0.12102380850608184,0.0,0.0,0.0
A,8594314852,10,0.8,0.5714037878787879,0.4494175676962696,0.0,0.0,0.0
A,8604794910,6,1.0,0.35577651515151515,0.30306955542565533,0.0,0.0,0.0
A,8627074061,6,0.5,0.16666666666666666,0.11458333333333337,0.0,0.0,0.0
A,8740703217,6,0.8333333333333334,0.24955245710929652,0.13784960718294056,0.0,0.0,0.0
A,8783897632,7,0.5714285714285714,0.22737987012987007,0.1519658096719169,0.0,0.0,0.0
A,8797589693,8,0.0,0.0,0.0,0.0,0.0,0.0
A,8811725760,9,0.4444444444444444,0.22643350421128197,0.12419082092109227,0.0,0.0,0.0
A,9082180631,4,0.75,0.24376080626080632,0.10708718188222348,0.0,0.0,0.0
A,9088819598,8,0.5,0.35310142398309685,0.16314351602467375,0.0,0.0,0.0
A,9217939684,7,0.5714285714285714,0.17018398268398263,0.15006030209880714,0.0,0.0,0.0
A,9293415110,2,0.0,0.10227272727272732,0.04054054054054056,0.0,0.0,0.0
A,9304738817,1,1.0,0.0,0.0,0.0,0.0,0.0
A,9408800471,10,0.6,0.2753222183695784,0.1973153055860682,0.0,0.0,0.0
A,9473479950,5,0.8,0.31135832802499464,0.19670399663820348,0.0,0.0,0.0
A,9498159305,4,0.5,0.007360084788176741,0.0026067734401067667,0.0,0.0,0.0
A,9531760182,9,0.4444444444444444,0.18213530655391122,0.12074155441213315,0.0,0.0,0.0
A,9565310990,6,0.3333333333333333,0.17523584190250863,0.0940810176628175,0.0,0.0,0.0
A,9576671750,3,0.6666666666666666,0.24839485950597076,0.16333969336095094,0.0,0.0,0.0
A,9612838272,7,0.7142857142857143,0.3511648993019874,0.29554373515575255,0.0,0.0,0.0
A,9917882506,6,0.16666666666666666,0.0,0.0,0.0,0.0,0.0
F,10001787725,4,0.5,0.25,0.21999999999999986,0.0,0.0,0.0
F,10030609934,10,0.5,0.20399793733127058,0.14685967409739592,0.0,0.0,0.0
F,10042935613,12,0.5,0.339324172657506,0.21640945303157308,0.0,0.0,0.0
F,10082798964,3,0.6666666666666666,0.22272727272727275,0.11328179620862551,0.0,-0.030303030303030193,-0.018520328632942465
F,10127533784,4,0.75,0.2818481360148027,0.2801504344540474,0.0,0.0,0.0
F,10309542255,5,0.8,0.5171747505080837,0.40473633441256673,0.0,0.0,0.0
F,10607095936,7,0.2857142857142857,0.06339889673223009,0.03988468991684036,0.0,0.0,0.0
F,10779838974,4,1.0,0.25,0.07432432432432434,0.0,0.0,0.0
F,11244289523,8,0.875,0.4538352272727274,0.3627695332317856,0.0,0.0,0.0
F,11503803033,3,0.3333333333333333,0.18212121212121177,0.11234448893581571,0.0,0.0,0.0
F,11541421563,7,0.5714285714285714,0.14744588744588746,0.12130167367843422,0.0,0.0,0.0
F,11566930393,4,0.25,0.0,0.0,0.0,0.0,0.0
F,11566980553,8,0.5,0.25,0.16789473684210526,0.0,0.0,0.0
F,11681746823,5,1.0,0.7553417053417053,0.6905242737283179,0.0,0.0,0.0
F,11849091804,1,1.0,1.0,0.17254901960784322,0.0,0.0,0.0
F,11871253306,10,0.2,0.13540530303030301,0.12609802869774583,0.1,0.015986363636363646,0.013801357767923711
F,11966080214,5,0.4,0.0,0.0,0.0,0.0,0.0
F,12392885583,9,0.6666666666666666,0.2773838383838384,0.154618081800178,0.0,0.0,0.0
F,12682618843,6,0.5,0.308217741260628,0.19722032629906636,0.0,0.0,0.0
F,13296054183,1,0.0,0.0,0.0,0.0,0.0,0.0
F,13569831214,5,0.6,0.34999999999999964,0.26733333333333315,0.0,0.0,0.0
F,13919236672,9,0.1111111111111111,0.0980429082280934,0.06060958842923246,0.0,0.0,0.0
F,14003541505,8,0.625,0.24997159090909082,0.21366276807211462,0.0,0.0,0.0
F,2400171624,4,0.5,0.027102272727272732,0.021207540458829815,0.0,-0.06829545454545449,-0.07373704221477337
F,2400715506,3,0.3333333333333333,0.3021212121212122,0.09419879062736203,0.0,-0.031212121212121136,-0.012857170443197521
F,2401167740,6,0.8333333333333334,0.2529166666666667,0.2307073737458849,0.0,0.0,0.0
F,2405940242,5,1.0,0.5049090909090908,0.33756062146524984,0.0,0.0,5.551115123125783e-17
F,2434859163,2,1.0,0.2857954545454547,0.2684098185699041,0.0,0.0,0.0
F,2435100235,9,0.2222222222222222,0.1111111111111111,0.022952529994783546,0.0,0.0,0.0
F,2435633172,6,0.0,0.06776515151515176,0.025685931115003034,0.0,0.0,0.0
F,2442307875,6,0.6666666666666666,0.2954545454545454,0.23636363636363625,0.0,0.018939393939393923,0.021969696969696917
F,2454242177,9,0.7777777777777778,0.5555555555555556,0.1516040709258818,0.0,0.0,0.0
F,2461993294,3,0.3333333333333333,0.466199494949495,0.15314411344727705,0.0,0.0,0.0
F,2495861393,7,0.2857142857142857,0.23051948051948049,0.12744533947065587,0.0,0.0,0.0
F,2503404966,6,0.16666666666666666,0.16666666666666666,0.044176706827309224,0.0,0.11759469696969696,0.011971968716090388
F,2535384528,6,0.3333333333333333,0.1265151515151515,0.09608277900960831,0.0,0.0,0.0
F,2559262403,6,0.16666666666666666,0.1334517045454546,0.07871084210056394,0.0,0.0,0.0
F,2567843468,6,0.6666666666666666,0.30950213049584613,0.25720330163008864,0.0,0.0,0.0
F,2573424030,9,0.5555555555555556,0.3063888888888885,0.15932662132337538,0.0,0.0,0.0
F,2584172238,8,0.75,0.3437855113636363,0.2599829432344546,0.0,0.0,0.0
F,2596300565,4,0.25,0.25,0.03142857142857142,0.0,0.0,0.0
F,2599937944,7,0.8571428571428571,0.7159415584415585,0.40755628469101535,0.0,0.0,0.0
F,2604394962,6,0.16666666666666666,0.16666666666666666,0.11235144927536234,0.0,0.0,0.0
F,2614918961,5,0.2,0.1981863636363635,0.18397434545032584,0.0,0.17138333333333292,0.17011668221739318
F,2623954636,11,0.18181818181818182,0.10154958677685945,0.07721361405738432,0.0,0.06832644628099173,0.05473081442497062
F,2669452260,3,0.3333333333333333,0.3552348484848486,0.2964365471699178,0.0,0.0,0.0
F,2679130168,8,0.875,0.3926444128787878,0.3002155762424773,0.0,-0.07015033143939398,-0.019017128026349195
F,2679328607,7,1.0,0.30055194805194796,0.2023999290769322,0.0,0.0,0.0
F,2696280239,7,0.5714285714285714,0.3443798701298702,0.27313378950996936,0.0,0.05844155844155846,0.05844155844155843
F,2697214342,2,0.5,0.5,0.09777777777777774,0.0,0.0,0.0
F,2697261300,5,0.6,0.45935454545454546,0.3094786152294081,0.0,0.0,0.0
F,2705374471,2,1.0,0.33147775942080837,0.3314777594208083,0.0,0.0,0.0
F,2712662377,4,1.0,0.4447386363636363,0.36304832427663924,0.0,0.0,0.0
F,2717347132,4,0.75,0.636125,0.24577551986058954,0.0,0.0,0.0
F,2726497009,8,0.5,0.09375000000000006,0.09375000000000006,0.0,0.0,0.0
F,2731071928,1,0.0,0.31977272727272765,0.16185436558150268,0.0,0.0,0.0
F,2735019707,7,0.7142857142857143,0.3679177489177489,0.2891044334658649,0.0,0.0,0.0
F,2736413196,7,0.7142857142857143,0.3253571428571429,0.059854010274641586,0.0,0.0,0.0
F,2771402761,4,0.0,0.0,0.0,0.0,0.0,0.0
F,2782307049,4,0.5,0.25,0.12359550561797758,0.0,0.0,0.0
F,2782658657,7,0.7142857142857143,0.4456233766233767,0.3564458160976308,0.0,0.06460714285714286,0.06635754591327547
F,2793260225,6,0.6666666666666666,0.4972624292073751,0.30513182471093275,0.0,0.0,0.0
F,2793806282,8,0.25,0.15784090909090903,0.06959116035759072,0.0,0.0,0.0
F,2796821016,5,0.0,0.0,0.0,0.0,0.0,0.0
F,2809330695,6,0.5,0.3133238636363637,0.26752320354248676,0.16666666666666669,0.0,0.0
F,2821788355,6,0.5,0.4267045454545455,0.22211245809212957,0.0,0.0,0.0
F,2824317018,7,0.2857142857142857,0.21175324675324667,0.07106359120394122,0.0,0.0,0.0
F,2829462646,1,1.0,0.3004772727272705,0.12154000312560241,0.0,0.0,0.0
F,2833209794,4,0.5,0.11554926138259472,0.09574582234099309,0.0,0.0,0.0
F,2834146886,9,0.5555555555555556,0.36176094276094267,0.25495098120721077,0.0,0.0,0.0
F,2854886555,5,0.6,0.5949818181818183,0.39090812929944924,0.0,0.0,0.0
F,2868183184,9,0.5555555555555556,0.31040404040404046,0.069468424626161,0.0,-0.1111111111111111,-0.05684754521963824
F,2871995580,6,0.3333333333333333,0.15990808326574749,0.11949494949494949,0.0,0.0,0.0
F,2877270840,4,0.75,0.3079545454545454,0.2048403193612774,0.0,0.0,0.0
F,2925298951,7,0.42857142857142855,0.20011985182025432,0.13807389179329801,0.0,0.0,0.0
F,2930782930,7,0.2857142857142857,0.22424025974025974,0.09408478340345136,0.0,0.0,0.0
F,2932897373,4,0.75,0.6969504447268107,0.49424774202410793,0.0,0.0,0.0
F,2957808913,6,0.6666666666666666,0.25385227272727273,0.17174212292174998,0.0,0.0,0.0
F,2971556305,2,0.0,0.0,0.0,0.0,0.0,0.0
F,2973331780,4,1.0,0.7455454545454546,0.45541622284518507,0.0,0.0,0.0
F,2976913210,4,0.75,0.0,0.0,0.0,0.0,0.0
F,2977504625,3,0.3333333333333333,0.1325757575757576,0.06306306306306307,0.0,0.0,0.0
F,2978295992,2,0.0,0.0,0.0,0.0,0.0,0.0
F,2984974097,4,0.75,0.33687500000000004,0.22114331862088915,0.0,0.0,0.0
F,2987766537,2,0.0,0.0011363636363636125,0.0006675567423230833,0.0,0.0,0.0
F,2990321092,3,0.6666666666666666,0.3908181818181819,0.3061281888564131,0.0,0.0,0.0
F,3026084730,8,0.0,0.023071022727272742,0.01695293842582543,-0.125,0.0,0.0
F,3046900922,9,0.6666666666666666,0.33867845117845125,0.19543544850366162,0.0,0.0,0.0
F,3049351381,2,0.5,0.5,0.30985915492957733,0.0,0.0,0.0
F,3060478605,1,0.0,0.0,0.0,0.0,0.0,0.0
F,3063380173,5,0.8,0.1720454545454546,0.16403033586132182,0.0,0.0,0.0
F,3078294001,7,0.5714285714285714,0.3280032467532467,0.2502706962111031,0.0,0.0,0.0
F,3105728894,6,0.3333333333333333,0.30318181818181816,0.1738299401399772,0.0,0.09089267676767679,0.023663758785935157
F,3107742409,3,0.0,0.0,0.0,0.0,0.0,0.0
F,3112351937,3,1.0,0.32286785379568883,0.3228678537956888,0.0,0.0,0.0
F,3121571439,7,0.7142857142857143,0.08883116883116886,0.07363029572633731,0.0,0.053116883116883146,0.037916010012051596
F,3131380536,4,0.75,0.5,0.09672312504768447,0.0,0.0,0.0
F,3145698830,10,0.3,0.17423181818181818,0.11888666878972057,0.0,0.0,0.0
F,3151715056,3,0.0,0.06101262626262638,0.027131430393804997,0.0,0.0,0.0
F,3155382178,9,0.6666666666666666,0.38132575757575765,0.2720769499959357,0.0,0.0,0.0
F,3158022797,3,0.3333333333333333,0.0,0.0,0.0,0.0,0.0
F,3164519967,6,0.5,0.27270075757575757,0.13382958988530405,0.0,0.0,0.0
F,3171006258,5,0.6,0.33327272727272744,0.0725946767545069,0.0,0.0,0.0
F,3192668394,7,0.7142857142857143,0.5348701298701299,0.20995856227270654,0.0,0.0,0.0
F,3194558043,1,0.0,0.0,0.0,0.0,0.0,0.0
F,3198533789,2,0.0,0.0,0.0,0.0,0.0,0.0
F,3206694342,3,0.0,0.0,0.0,0.0,0.0,0.0
F,3218498932,7,0.8571428571428571,0.34054587808854025,0.22088325289085975,0.0,0.0,0.0
F,3233088823,3,0.6666666666666666,0.4828787878787879,0.24641451674283932,0.0,0.0,0.0
F,3261079025,7,0.42857142857142855,0.39945454545454545,0.29139200384920366,0.0,0.0,0.0
F,3263908208,7,1.0,0.8685064935064934,0.3086435266452637,0.0,0.0,0.0
F,3270490566,3,0.6666666666666666,0.0,0.0,0.0,-0.20818181818181827,-0.192760942760943
F,3303565503,7,0.7142857142857143,0.2397792207792208,0.09747512708918896,0.0,0.0,0.0
F,3321261856,5,0.6,0.15302424242424245,0.08218140783943248,0.0,0.0,0.0
F,3322503255,6,0.3333333333333333,0.16666666666666666,0.030683403068340304,0.0,0.0,0.0
F,3340340268,8,0.0,0.03744318181818187,0.02293929267613481,0.0,0.0,0.0
F,3345608051,5,0.6,0.2,0.026993865030674878,0.0,0.0,0.0
F,3359075894,8,0.625,0.1056818181818182,0.09966997822536745,0.0,0.0,0.0
F,3372023610,6,0.5,0.16666666666666666,0.0520094562647754,0.0,0.0,0.0
F,3375218204,10,0.5,0.15984999999999996,0.0790469115451659,0.0,0.0,0.0
F,3376544720,8,0.375,0.23863636363636348,0.13260188087774283,0.0,-0.024833096590909265,-0.017004007236368718
F,3380344744,2,0.5,0.001181818181818052,0.00020241654210261849,0.0,0.0,0.0
F,3383804222,6,0.0,0.06680871212121216,0.04429584981477997,-0.16666666666666666,0.0,0.0
F,3388598772,6,0.8333333333333334,0.577354797979798,0.449305229865635,0.0,0.0,0.0
F,3427674558,4,0.5,0.31204545454545474,0.3118297310674808,0.0,0.0,0.0
F,3429509208,10,0.6,0.4893967803030302,0.3258074494470995,-0.09999999999999998,0.0701458333333333,0.03920777579446039
F,3441428429,5,0.0,0.06604848484848477,0.030440490489092437,0.0,0.0,0.0
F,3445431963,4,0.5,0.091796875,0.03889557628648812,0.0,0.0,0.0
F,3455926688,3,1.0,1.0,0.26493017422680093,0.0,0.0,0.0
F,3456030972,5,0.4,0.35942727272727276,0.16203073286454103,0.0,0.0,0.0
F,3462517143,5,0.6,0.2933969696969698,0.17856715096208764,0.0,0.0,0.0
F,3477387686,6,0.3333333333333333,0.17945833333333353,0.1763945191572116,0.0,0.0,0.0
F,3508407941,4,0.75,0.575262784090909,0.3520822201983894,0.0,0.0,0.0
F,3508459605,11,0.18181818181818182,0.11492906336088149,0.09388328750044116,0.0,0.0,0.0
F,3524939594,8,1.0,0.39658735795454547,0.2963675823952982,0.0,0.0,0.0
F,3526597179,6,1.0,0.4414861111111113,0.34222607205236555,0.0,0.0,0.0
F,3530231811,3,0.3333333333333333,0.0,0.0,0.0,0.0,0.0
F,3550839192,2,1.0,0.7173863636363635,0.170562041295351,0.0,0.0,0.0
F,3555755537,1,1.0,1.0,0.18032786885245908,0.0,0.0,0.0
F,3557498300,7,0.5714285714285714,0.3232770562770562,0.20731351975049472,0.0,0.0,0.0
F,3581585756,7,0.14285714285714285,0.0,0.0,0.0,0.0,0.0
F,3626788516,6,0.5,0.3979924242424242,0.22123963728311147,0.0,0.0,0.0
F,3655906094,7,0.42857142857142855,0.12612337662337664,0.10743118912009517,0.0,0.0,0.0
F,3708066257,2,0.5,0.0,0.0,0.0,0.0,0.0
F,3711681535,8,0.5,0.29262405303030287,0.10831907151652541,0.0,0.0,0.0
F,3719793245,2,0.0,0.032806818181818236,0.027177903714721483,0.0,0.0,0.0
F,3741143820,5,0.6,0.46854545454545454,0.42630301259231695,0.0,0.0,0.0
F,3763643225,5,0.6,0.5363318181818182,0.3648384764500663,0.0,0.0,0.0
F,3804148568,3,0.3333333333333333,0.3333333333333333,0.02295252999478353,0.0,0.0,0.0
F,3814690167,4,0.75,0.6566507619731268,0.324681338028169,0.0,0.0,0.0
F,3821781616,7,1.0,0.5622099282902173,0.4481694978174658,0.0,0.0,0.0
F,3830567237,10,0.7,0.45261590909090915,0.14333010404890656,0.0,0.0,0.0
F,3846475848,10,0.7,0.6,0.06724799937727101,0.0,0.0,0.0
F,3851913128,6,0.5,0.17391997449386257,0.06245833333333334,0.0,0.0,0.0
F,3861485381,6,0.6666666666666666,0.15967676767676778,0.13224031806159367,0.0,0.0,0.0
F,3869005094,4,1.0,0.6484065331146517,0.47473860160179804,0.25,0.2639795962199313,0.1949745732975096
F,3897746373,6,0.5,0.20024353482468663,0.11097967260298613,0.0,0.0,0.0
F,3902997424,5,0.8,0.3501864112327463,0.30013860137289833,0.0,0.0,0.0
F,3942617402,4,0.25,0.25,0.10679611650485435,0.0,0.0,0.0
F,3943634344,9,0.4444444444444444,0.23127777777777775,0.21565337296715253,0.0,0.0,0.0
F,3960291106,8,0.625,0.2989349714932832,0.16590707545770145,0.0,0.0,0.0
F,3963997053,5,0.4,0.21734545454545465,0.158601099085865,0.2,-0.07356363636363625,-0.0076508489660830625
F,3972259774,8,0.5,0.04944957386363632,0.03421375921375917,0.0,0.0,0.0
F,3974684583,4,0.75,0.6923636363636363,0.43790459070478316,0.0,0.0,0.0
F,3981865268,2,0.0,0.0,0.0,0.0,0.0,0.0
F,4006608424,10,0.4,0.24792575757575727,0.07498440750689883,0.0,0.0,0.0
F,4010069381,4,0.75,0.6582954545454545,0.4004313438083699,0.0,0.0,0.0
F,4024008346,6,0.6666666666666666,0.2975909924063891,0.21579099240638913,0.0,0.0,0.0
F,4036955771,4,0.75,0.25,0.14666666666666686,0.25,0.0,0.0
F,4075791856,3,0.0,0.0,0.0,0.0,0.0,0.0
F,4092992100,6,0.8333333333333334,0.23827651515151516,0.16105155235063862,0.0,0.0,0.0
F,4094488636,4,0.75,0.5748674242424242,0.41308086653037,0.0,0.0,0.0
F,4103088549,7,0.42857142857142855,0.41890909090909095,0.257202196704537,0.0,0.0,0.0
F,4123915842,7,0.7142857142857143,0.5225389610389611,0.3507001004688081,0.0,0.0,0.0
F,4127497265,5,0.4,0.13171818181818182,0.13165235564036162,-0.19999999999999996,-0.04498636363636366,-0.024710684993071413
F,4130504920,4,1.0,0.4883522727272727,0.27784706772436835,0.0,0.0,0.0
F,4132599924,2,0.5,0.6100795454545457,0.3865985648242532,0.0,0.0,0.0
F,4138579400,6,0.6666666666666666,0.4216019338189658,0.14533351929893193,0.16666666666666663,0.0,-0.010979853479853502
F,4146348376,2,0.5,0.5,0.3013698630136986,0.0,0.0,0.0
F,4147398280,3,0.3333333333333333,0.038674242424242465,0.02622184554536818,0.0,0.038674242424242465,0.02622184554536818
F,4151403382,6,0.5,0.31094318181818165,0.2608244414855776,0.0,-0.16666666666666663,-0.12643678160919541
F,4164771889,9,0.7777777777777778,0.5985126262626262,0.40125511433530586,0.0,0.0,0.0
F,4166942239,6,0.8333333333333334,0.3333333333333333,0.17112587224906065,0.0,0.0,0.0015447530864197145
F,4189100053,7,0.2857142857142857,0.2793668831168831,0.1361676483335837,0.0,0.0,0.0
F,4190655097,6,0.5,0.29485164141414133,0.13873257006270454,0.0,0.0,0.0
F,4199369046,5,0.4,0.4,0.052932450522811994,0.0,0.0,0.0
F,4217422838,7,0.42857142857142855,0.2857142857142857,0.04473874656245475,0.0,0.0,0.0
F,4219909195,10,0.2,0.2246939393939394,0.13872225978686142,0.0,0.0286560606060606,0.016505362737483292
F,4244817395,9,0.3333333333333333,0.2999999999999999,0.10647721123693649,0.0,0.0,-1.3877787807814457e-17
F,4249756405,7,0.5714285714285714,0.42857142857142855,0.05929919137466306,0.0,0.0,0.0
F,4251505427,7,0.5714285714285714,0.468383116883117,0.07689986567675454,0.0,0.0,0.0
F,4260763967,5,0.4,0.24426818181818183,0.1910601588391292,-0.19999999999999996,0.0,0.0
F,4263096481,5,0.8,0.3566454545454546,0.1173853127239652,0.0,0.0,0.0
F,4264435046,7,0.5714285714285714,0.46905381121078804,0.22021454523874803,0.0,0.0,0.0
F,4272084125,10,0.4,0.18595681818181817,0.0978623610541503,0.0,-0.023184090909090932,-0.01719688599409573
F,4276006683,9,0.5555555555555556,0.4968813131313131,0.1502858939491787,0.0,0.0,0.0
F,4333544549,8,0.5,0.3665596590909091,0.062447577399958806,0.0,0.01128125000000002,0.002208233055455755
F,4336654741,7,0.2857142857142857,0.15409740259740246,0.11845403784577357,-0.14285714285714285,-0.11392857142857143,-0.04400717358315462
F,4378803532,11,0.6363636363636364,0.43152479338842975,0.18976676726213457,0.0,0.0,0.0
F,4388652400,4,0.0,0.08075378787878788,0.04873612143232345,0.0,0.0,0.0
F,4412508597,5,0.6,0.4454772727272728,0.30053394283430224,0.0,0.0,0.0
F,4419096437,7,0.7142857142857143,0.18890800865800866,0.03598640595575591,0.0,0.0,0.0
F,4420239986,9,0.7777777777777778,0.5428966121698081,0.11594529584016294,0.0,0.02443518518518517,0.0062997431322348585
F,4443526735,6,0.5,0.5321034045635639,0.23435491014630613,0.0,0.0,0.0
F,4444192938,8,0.375,0.11060260565225875,0.09777185806140642,-0.125,-0.05185478071137763,-0.06151344696969696
F,4465235803,6,0.8333333333333334,0.6442095959595961,0.4120555978130506,-0.16666666666666663,0.0,0.0
F,4485498145,6,0.8333333333333334,0.21981060606060607,0.1784212174902743,0.0,-0.004990739920435028,-0.02332078853046593
F,4485707628,7,0.5714285714285714,0.5557121212121211,0.2864510085471183,0.0,0.0,0.0
F,4488066715,9,0.4444444444444444,0.26268434343434344,0.15339204858726596,0.0,0.0,0.0
F,4516967897,4,0.5,0.39478409090909117,0.13089379065163836,0.0,0.0,0.0
F,4518113460,7,0.2857142857142857,0.14285714285714285,0.11859838274932635,0.0,-0.14285714285714285,-0.07665505226480834
F,4542882771,4,0.5,0.009446022727272617,0.0028209043861881396,0.0,0.0,0.0
F,4564478328,6,0.8333333333333334,0.25516792929292925,0.18978551732691254,0.0,0.0,0.0
F,4584426085,10,0.4,0.08712727272727278,0.04812211287407117,0.0,0.0,0.0
F,4603484665,5,1.0,0.738651515151515,0.4233904992984662,0.0,0.0,0.0
F,4612723694,9,0.5555555555555556,0.38152777777777774,0.12016076029660547,0.11111111111111116,0.0,0.0
F,4626085492,9,0.5555555555555556,0.246753367003367,0.17500351083499674,0.0,0.0,0.0
F,4636208292,5,0.4,0.15545454545454535,0.12481751824817515,0.0,0.0,0.0
F,4650556666,6,0.5,0.2976190476190476,0.05000819134993447,0.0,0.0,0.0
F,4671452046,10,0.7,0.34685681818181824,0.2034767812616025,0.0,0.0,0.0
F,4674481985,8,0.25,0.1643892045454545,0.0672095038945681,0.0,0.0,0.0
F,4688219212,9,0.3333333333333333,0.06296717171717171,0.03740708236759003,0.0,0.0,0.0
F,4698622422,7,0.8571428571428571,0.4205681818181817,0.3071141367428613,0.0,0.0,0.0
F,4707679105,4,0.5,0.23419886363636366,0.21425970751893297,0.0,0.0,0.0
F,4761953886,3,0.3333333333333333,0.3333333333333333,0.04793028322440088,-0.3333333333333333,0.0,0.0
F,4762946272,7,0.5714285714285714,0.16231818181818183,0.09728187541225755,0.0,0.0,0.0
F,4765564263,6,0.8333333333333334,0.5793598484848484,0.3767708308093374,0.0,0.0,0.0
F,4765717907,9,0.5555555555555556,0.2212946127946128,0.11386490201764578,0.0,0.0,0.0
F,4770216656,1,1.0,0.0,0.0,0.0,0.0,0.0
F,4774302357,6,0.8333333333333334,0.38792297979797974,0.31602248909507913,0.0,0.0,0.0
F,4798585428,5,0.6,0.14090909090909104,0.14090909090909104,0.0,0.0,0.0
F,4815534482,5,0.4,0.07363636363636375,0.0352941176470589,0.0,0.0,0.0
F,4825843801,2,0.5,0.6477272727272725,0.3026568501920611,0.0,0.0,0.0
F,4838113006,9,0.3333333333333333,0.2222222222222222,0.03320366990517976,-0.1111111111111111,0.0,0.0
F,4838145161,6,0.16666666666666666,0.16666666666666666,0.01373283395755306,0.0,0.0,0.0
F,4846820256,4,0.5,0.3908125000000001,0.38427855640096825,0.0,0.0,0.0
F,4857781123,4,0.0,0.0,0.0,0.0,0.0,0.0
F,4859057828,9,0.6666666666666666,0.2471137480376414,0.22715981542856017,0.0,0.0,0.0
F,4882414082,2,0.0,0.0,0.0,0.0,0.0,0.0
F,4882821564,8,0.375,0.06099621212121211,0.014703572759081648,0.0,0.0,0.0
F,4889681401,2,0.0,0.0,0.0,0.0,0.0,0.0
F,4896969617,11,0.45454545454545453,0.26881404958677685,0.19012620802154775,0.0,0.0,0.0
F,4915733559,8,0.25,0.11451420454545458,0.10555584825360528,0.0,0.0,0.0
F,4925211209,3,0.3333333333333333,0.5435606060606061,0.2591503141072106,0.0,0.0,0.0
F,4935987905,4,1.0,0.7250530303030303,0.3574819680592023,0.0,0.0,0.0
F,4942054721,3,0.3333333333333333,0.3333333333333333,0.2404371584699453,0.0,0.0,0.0
F,4949582792,10,0.2,0.05848409090909109,0.05112578062936015,0.1,0.05848409090909109,0.05112578062936015
F,4955723618,10,0.5,0.24413409090909083,0.14409856675540342,0.0,0.0,0.0
F,4967810888,5,0.8,0.25216818181818146,0.23369554460344766,0.0,-0.0045499999999998875,-0.0065613109355043275
F,4968805923,8,0.625,0.5088084778194314,0.43739817840134965,0.0,0.008437499999999987,0.010778156269959538
F,4970148391,8,0.375,0.2351789772727274,0.22118180717069605,0.0,0.0,0.0
F,4978714491,7,0.2857142857142857,0.1827922077922079,0.11796406580184635,0.0,0.0,0.0
F,4984331176,4,0.5,0.29092256355099244,0.2656926380793369,0.0,0.0,0.0
F,4984417707,6,0.8333333333333334,0.39545688955552655,0.3284756272923149,0.0,0.0,0.0
F,5017166671,2,0.0,0.0,0.0,0.0,0.0,0.0
F,5026660202,2,0.0,0.0,0.0,0.0,0.0,0.0
F,5056964274,7,0.7142857142857143,0.2531038961038961,0.19146077434668377,-0.1428571428571428,0.0,0.0
F,5061117640,6,0.5,0.24486616161616168,0.20538025119267445,0.0,0.0,0.0
F,5064681723,4,1.0,0.4591534090909092,0.44294765497218347,0.0,0.0,0.0
F,5070310138,6,0.6666666666666666,0.31299242424242446,0.2424758030864214,0.0,0.0,0.0
F,5116088152,9,0.2222222222222222,0.17058585858585842,0.1102852135038574,0.0,0.0,0.0
F,5129152550,4,0.25,0.1756704545454545,0.12061889454136887,0.0,0.0,0.0
F,5133787349,8,0.375,0.22187881684768307,0.1735878664423209,-0.125,0.06207386363636361,0.04394609814963796
F,5134317883,7,0.0,0.04220779220779229,0.01600985221674882,0.0,0.0,0.0
F,5138093706,9,0.4444444444444444,0.18118939393939393,0.08441888240312195,0.0,0.0,0.0
F,5145526755,3,0.0,0.0,0.0,0.0,0.0,0.0
F,5173770364,5,0.2,0.2,0.1294117647058824,0.0,0.0,0.0
F,5205081904,7,0.42857142857142855,0.2235032467532467,0.18539110050008575,0.0,0.0,0.0
F,5229476012,4,0.25,0.010136363636363634,0.00473380317568141,0.0,0.0,0.0
F,5235909148,7,0.7142857142857143,0.4838697388998436,0.2751145298073446,0.0,0.0,0.0
F,5237219621,3,0.6666666666666666,0.10959090909090922,0.07035923775060571,0.0,0.0,0.0
F,5256928210,9,1.0,0.7169494949494949,0.1952146982587417,0.0,0.0,0.0
F,5296635780,7,0.5714285714285714,0.48226623376623373,0.2709947329857908,0.0,-0.003249999999999975,-0.0015754379824456377
F,5297811305,6,0.8333333333333334,0.3012727272727274,0.12770973277634087,0.0,0.0,0.0
F,5308503740,2,0.5,0.5,0.10891089108910885,0.0,0.0,0.0
F,5328004991,8,0.875,0.7335814393939394,0.3264077499456252,0.0,0.0,0.0
F,5328616848,7,0.8571428571428571,0.6917967464472701,0.45184234182355665,0.0,0.0,0.0
F,5333075105,9,0.8888888888888888,0.8978055555555553,0.5033360035748791,0.0,0.0,0.0
F,5349766264,10,0.6,0.30120359848484857,0.0461481147308828,0.0,0.0,0.0
F,5349969207,5,0.8,0.6758257575757577,0.38537143781509153,0.0,0.0,0.0
F,5406108447,5,0.6,0.3673742424242425,0.1545043817009717,0.0,-0.013993939393939392,-0.016101955274401336
F,5427285434,7,0.8571428571428571,0.40091273399763006,0.26326211865867105,0.0,-0.022806626874788127,-0.011673469387755098
F,5429688959,6,0.8333333333333334,0.8333333333333334,0.0946354447366745,0.0,0.0,0.0
F,5433090067,7,0.42857142857142855,0.2884696969696971,0.11874815934787726,0.0,0.0,0.0
F,5445581571,8,0.75,0.18181534090909102,0.10963395286321685,0.0,0.0,0.0
F,5467727317,2,1.0,0.5,0.05418719211822663,0.0,0.0,0.0
F,5498331490,6,0.8333333333333334,0.6666666666666666,0.07586246796401955,0.0,0.0,0.0
F,5504913999,7,0.8571428571428571,0.535978354978355,0.13874222509758402,0.0,0.10740692640692645,0.05631529848628947
F,5521781780,8,0.625,0.6063125000000001,0.30508704129753594,0.0,0.0,0.0
F,5533380417,6,0.6666666666666666,0.5188484848484848,0.2112287568879091,0.0,0.0,0.0
F,5549243726,6,0.6666666666666666,0.24763510101010103,0.14774260070768802,-0.16666666666666674,0.0,0.0
F,5561024834,11,0.6363636363636364,0.2675619834710745,0.15995051053207893,0.2727272727272727,0.06387741046831963,0.024422355341978813
F,5607805258,3,0.6666666666666666,0.6666666666666666,0.17888524590163932,0.0,0.0,0.0
F,5623068492,7,0.7142857142857143,0.5444036796536799,0.2847189141016922,0.0,0.0,0.0
F,5635265624,5,0.6,0.09075000000000005,0.06244600633970464,0.0,0.0,0.0
F,5662041273,12,0.6666666666666666,0.4899770179152456,0.2000217058124997,0.0,-0.018611111111111023,-0.009362443127628656
F,5667931404,5,0.6,0.4,0.24377619828685987,0.0,0.0,0.0
F,5679866364,8,0.625,0.4420066287878788,0.17405722954061512,0.0,0.0,0.0
F,5681946487,7,0.7142857142857143,0.2613697225044388,0.11447448979591836,0.0,0.0,0.0
F,5735711594,7,0.8571428571428571,0.5290226171988885,0.1587494488603638,0.0,0.0,0.0
F,5766018720,7,0.42857142857142855,0.24879870129870127,0.06790997714456956,0.0,0.0,0.0
F,5801184682,9,0.4444444444444444,0.422222222222222,0.1247828126137726,0.0,0.0,0.0
F,5803861992,7,1.0,0.952409090909091,0.07559363430524058,0.0,-0.04759090909090902,-0.0067752856671973866
F,5833145209,8,0.5,0.2124548694686169,0.112158954386592,0.0,0.0,0.0
F,5854324479,6,0.6666666666666666,0.23847283211770023,0.20551289060015399,0.16666666666666663,0.14995799625911435,0.14958101851851854
F,5858985747,5,0.6,0.26525757575757575,0.25107500155347046,0.0,0.0,0.0
F,5875242364,8,0.875,0.6118321931324826,0.3683901318389315,0.0,0.0,0.0
F,5875535585,9,0.4444444444444444,0.4444444444444444,0.030121678174296562,0.0,0.0,0.0
F,5879651428,2,0.0,0.07920454545454546,0.06698058812223717,0.0,0.0,0.0
F,5885887012,2,1.0,1.0,0.15714285714285708,0.0,0.0,0.0
F,5902452647,6,0.16666666666666666,0.08333333333333341,0.08333333333333341,0.0,0.0,0.0
F,5907839036,8,0.375,0.1515378787878785,0.09635162917041887,0.0,-0.06437121212121213,-0.026887198440624774
F,5913180144,8,0.5,0.22535606060606045,0.14537310613422066,0.0,-0.011842803030303106,0.007563521874668577
F,5919180502,8,0.625,0.11506912878787892,0.06163495121261681,0.0,0.0,0.0
F,5933003028,1,1.0,0.6258351893095769,0.571138211382114,0.0,0.0,0.0
F,5940941487,3,0.6666666666666666,0.07575757575757579,0.07575757575757579,0.0,0.0,0.0
F,5945172741,9,0.4444444444444444,0.3333333333333333,0.08566475999328758,-0.11111111111111116,0.0,0.0
F,5987365500,4,0.75,0.75,0.3370212765957446,0.0,0.0,0.0
F,6024684644,4,0.5,0.30207765151515137,0.2850522068401072,0.0,0.0,0.0
F,6025238212,5,0.8,0.25497915425654355,0.1923877056597395,0.4,0.0015166666666666662,0.000432898571609025
F,6031805098,7,0.5714285714285714,0.2857142857142857,0.0903282291093588,0.0,0.0,0.0
F,6037747123,6,0.8333333333333334,0.3617904040404037,0.12040014988896963,-0.16666666666666663,0.0,0.0
F,6046149003,1,1.0,0.04250946969696948,0.035204805859886404,0.0,0.0,0.0
F,6078524411,9,0.7777777777777778,0.3644292929292928,0.07046110239939854,0.11111111111111116,0.0,0.0
F,6097994550,9,0.5555555555555556,0.4302592592592593,0.24658202184060438,0.0,0.0,0.0
F,6142416815,2,0.5,0.5,0.06962025316455693,0.0,0.0,0.0
F,6143391925,9,0.7777777777777778,0.2360765993265993,0.11429982452919545,0.11111111111111116,0.0,0.0
F,6168295272,7,0.2857142857142857,0.16613365800865815,0.1463475927492723,-0.14285714285714285,0.0,0.0
F,6168716346,5,0.6,0.5045454545454545,0.3454090192387932,0.0,0.0,0.0
F,6183104292,6,0.8333333333333334,0.4537765151515152,0.2770880743038406,0.0,0.029069444444444426,0.03872935074393563
F,6188449000,7,0.42857142857142855,0.2640692640692644,0.05261405136266113,-0.14285714285714285,0.0,0.0
F,6201488511,7,0.5714285714285714,0.37662337662337686,0.2870349988994059,0.0,0.0,0.0
F,6233408665,9,0.1111111111111111,0.0973392255892256,0.07723431439927492,0.0,0.0,0.0
F,6239210933,9,0.2222222222222222,0.1111111111111111,0.07236457849369878,-0.1111111111111111,0.0,0.0
F,6244382586,3,1.0,0.23648989898989906,0.19508921285331524,0.0,0.0,0.0
F,6244675392,8,0.375,0.2528409090909091,0.05946251642238441,0.0,0.0,0.0
F,6253433310,5,0.6,0.24738857701848183,0.182956086518187,0.0,0.0,0.0
F,6265968082,3,0.6666666666666666,0.4758661616161617,0.3528563508107787,0.0,0.0,0.0
F,6277800530,3,0.6666666666666666,0.4853232323232322,0.14984863394328427,0.0,-0.3333333333333333,-0.07017543859649117
F,6291413193,7,0.5714285714285714,0.4136060606060605,0.23853328643844068,0.0,0.0,0.0
F,6297019062,7,0.42857142857142855,0.17075541125541122,0.109440079365472,0.0,0.0,0.0
F,6300775954,6,0.5,0.3573446969696971,0.261723460191342,0.0,0.0,0.0
F,6329954198,4,0.5,0.4149107675442132,0.401714338983447,0.0,0.0,0.0
F,6356067859,7,0.2857142857142857,0.05726731601731601,0.051046937328464825,0.0,0.0,0.0
F,6413546609,5,0.2,0.1917816099826044,0.08975256410256408,0.0,0.0,0.0
F,6443512089,5,0.4,0.1422893939393937,0.09002722325336343,0.0,0.0,0.0
F,6480018109,2,1.0,0.9981060606060608,0.479857588028964,0.0,0.0,0.0
F,6516459343,11,0.6363636363636364,0.43571625344352627,0.09034359835844818,0.0,0.0,0.0
F,6582763207,3,0.3333333333333333,0.26119002525252527,0.1930745627851084,0.0,0.0,0.0
F,6592821115,13,0.0,0.02010489510489513,0.01188163583210105,-0.07692307692307693,-0.06934731934731929,-0.02716274823099748
F,6618792571,9,0.3333333333333333,0.13638888888888878,0.07416992960097653,0.0,0.0,0.0
F,6621511673,8,0.625,0.5362850378787877,0.0651771654266857,0.0,0.036285037878787674,0.034536496903008786
F,6624174621,6,0.5,0.08813762626262613,0.05406336888248636,0.0,0.0,0.0
F,6642268693,7,0.5714285714285714,0.18181818181818174,0.15140505336790683,0.14285714285714285,0.0,0.0
F,6690256857,3,1.0,0.5480353535353535,0.3388733697946698,0.0,0.0,0.0
F,6691330381,7,0.42857142857142855,0.14285714285714285,0.015331010452961669,0.0,0.0,0.0
F,6713120511,7,0.5714285714285714,0.0687813852813853,0.036543727237077106,0.0,0.0,0.0
F,6727904179,8,0.5,0.1807907196969697,0.10739294846495126,0.125,-0.038835482541061284,-0.04588294513110444
F,6754608321,6,0.5,0.15780050505050505,0.1377502659519297,-0.16666666666666663,0.0,0.0
F,6762389913,6,0.6666666666666666,0.44590782828282843,0.15390614008722162,0.0,0.0,0.0
F,6772999108,4,0.5,0.0,0.0,0.0,0.0,0.0
F,6786501294,5,0.4,0.2,0.0179591836734694,0.0,0.0,0.0
F,6806999702,11,0.18181818181818182,0.1343285123966945,0.05546245793858237,0.0,0.0,0.0
F,6879924118,3,0.6666666666666666,0.8246439393939392,0.2932581753433127,0.0,0.0,0.0
F,6895608152,7,0.14285714285714285,0.14285714285714285,0.008121077888519759,0.0,0.0,0.0
F,6896884547,7,0.42857142857142855,0.4105952380952381,0.1433136356034578,0.0,0.0,0.0
F,6898821807,9,0.5555555555555556,0.29311279461279466,0.19562194340015873,0.0,0.024182659932659945,0.012603539730609153
F,6964124866,2,1.0,1.0,0.6054135338345867,0.0,0.0,0.0
F,6988748711,8,0.25,0.06960606060606059,0.05315965501824814,0.0,0.0,0.0
F,7001078933,7,0.14285714285714285,0.07142857142857142,0.04282951562242806,0.0,0.0,0.0
F,7059877301,8,0.125,0.01988636363636352,0.012685302371078034,-0.125,-0.09256155303030299,-0.06421973141310341
F,7088595057,6,0.16666666666666666,0.16666666666666666,0.022696815718157185,0.0,0.0,0.0
F,7114553643,8,0.625,0.4788380681818182,0.1174559747091086,0.125,0.0,0.0
F,7149153537,6,0.3333333333333333,0.2813636363636361,0.09558462888000203,0.0,0.0,0.0
F,7164729910,8,0.5,0.3569210647734715,0.11224686471629819,0.0,0.0,0.0
F,7223854838,4,0.25,0.039772727272727224,0.028539707419017707,0.0,0.0,0.0
F,7288107396,7,0.7142857142857143,0.4425189393939393,0.24893846200242406,0.0,0.0,0.0
F,7308042410,7,0.42857142857142855,0.24889718614718612,0.1351906303514385,0.14285714285714285,0.0,0.0
F,7331927796,10,0.5,0.23949393939393943,0.10710670126669346,0.0,-0.0022749999999999437,-0.002689131178060064
F,7364407194,2,1.0,0.5,0.16923076923076927,0.0,0.0,0.0
F,7416295940,10,0.6,0.27383257575757597,0.12195716142858318,0.09999999999999998,0.06194772727272732,0.04276077373201764
F,7442562474,6,0.5,0.17251641414141414,0.069079958840807,0.0,0.0,0.0
F,7453733046,13,0.6153846153846154,0.16626165501165496,0.11970553881061524,0.0,0.0,0.0
F,7492398760,11,0.5454545454545454,0.2109876033057854,0.11008009880976076,0.0,0.0,0.0
F,7531285946,8,0.625,0.45692992424242423,0.1709140068468896,0.0,0.0,0.0
F,7533369046,4,0.75,0.15482954545454558,0.12095899693185626,0.0,0.0,0.0
F,7536230796,5,0.6,0.3162878787878788,0.13653581471676007,0.0,0.0,0.0
F,7571121368,7,0.42857142857142855,0.2770660173160172,0.11221646932144232,0.0,0.0,0.0
F,7572859950,3,1.0,0.10606060606060601,0.10606060606060601,0.0,0.0,0.0
F,7605329840,7,0.5714285714285714,0.31808008658008663,0.2994712710418054,0.0,0.0,0.0
F,7728559968,5,0.6,0.6010560606060604,0.2075571986415954,0.0,0.0,0.0
F,7771650716,8,0.75,0.567507124387882,0.3363504391710753,0.0,0.0,0.0
F,7786283208,6,0.0,0.12505050505050505,0.1158525173123713,0.0,0.0,0.0
F,7961460440,1,0.0,0.0,0.0,0.0,0.0,0.0
F,7987845241,4,0.25,0.0,0.0,0.0,0.0,0.0
F,7988210561,7,0.8571428571428571,0.6632164502164501,0.535437552420745,0.0,0.0,0.0
F,7999756100,5,0.4,0.3177290482524142,0.1780277558482731,0.0,0.0,0.0
F,8024853715,5,1.0,0.5582022976334916,0.29484674786451787,0.0,0.0,0.0
F,8064178441,9,0.4444444444444444,0.2222222222222222,0.027120051644883045,0.0,0.0,0.0
F,8080432373,8,0.5,0.054119318181818185,0.02941630636195183,0.0,0.0,0.0
F,8107573462,10,0.9,0.32301363636363634,0.24259441280874747,0.0,0.0,0.0
F,8132842161,6,1.0,0.6640707070707074,0.41435212776715363,0.0,0.0,0.0
F,8171216955,6,0.5,0.3946309568716208,0.1566231916743673,0.0,0.0,0.0
F,8188651630,4,0.25,0.25,0.04119850187265917,0.0,0.0,0.0
F,8189958994,8,0.375,0.3347566287878788,0.1709237964505927,0.0,0.0,0.0
F,8211075660,4,0.75,0.5293257575757577,0.13494630548360223,0.0,0.0,0.0
F,8224492254,4,0.5,0.21136363636363636,0.10258445516891031,0.0,0.0,0.0
F,8224504302,3,0.3333333333333333,0.28030303030303005,0.28030303030303005,0.0,0.0,0.0
F,8225502382,8,0.25,0.1287168560606061,0.12164321334403305,0.0,0.0,0.0
F,8241491518,2,0.5,0.1946742424242427,0.12521046511036546,0.0,0.0,0.0
F,8253302563,8,0.375,0.32149621212121215,0.24316491077579694,0.0,0.0,0.0
F,8277866423,8,0.75,0.449817646727498,0.22359067908721428,0.0,0.0,0.0
F,8313365386,7,0.5714285714285714,0.3062770562770563,0.21175352853631366,0.0,0.0,0.0
F,8318310610,3,0.0,0.0,0.0,0.0,0.0,0.0
F,8330342965,7,0.7142857142857143,0.3800357142857143,0.28177948735408764,0.0,0.03263311688311693,0.003777790985124596
F,8387356484,3,0.3333333333333333,0.0,0.0,0.0,0.0,0.0
F,8388104887,5,0.4,0.09510000000000002,0.09282576866764276,0.0,0.0,0.0
F,8403741210,2,0.5,0.19940530303030332,0.1554202070183107,0.0,0.0,0.0
F,8428551576,10,0.4,0.15606136363636364,0.07235742068267845,0.0,0.0,0.0
F,8455160795,4,0.5,0.25834280303030294,0.15940904906513628,0.0,0.0,0.0
F,8457210773,5,0.0,0.027272727272726976,0.01578947368421036,0.0,0.0,0.0
F,8464056582,7,0.2857142857142857,0.10633116883116882,0.02747914053959052,0.0,0.0,0.0
F,8493226484,4,0.75,0.27849242424242415,0.2629367418304337,0.0,0.0,0.0
F,8495272210,6,0.6666666666666666,0.2800492424242424,0.14852659447125743,0.0,-0.07553535353535346,-0.0334241518385788
F,8505893258,5,0.2,0.0,0.0,0.0,0.0,0.0
F,8513603944,5,0.4,0.39170757575757575,0.181363971322309,0.0,0.0,0.0
F,8531675050,5,0.4,0.2627863636363636,0.1300807331920717,0.0,-0.07252230859599573,-0.04396060606060609
F,8552680285,4,0.75,0.24685606060606063,0.15148349575857448,0.0,0.0,0.0
F,8557532213,8,0.875,0.39398746179607225,0.24683488007786414,0.0,0.0,0.0
F,8575881495,9,0.5555555555555556,0.255851851851852,0.12102380850608184,0.0,0.0,0.0
F,8594314852,10,0.8,0.5645787878787879,0.4425829318975289,0.0,-0.00682499999999997,-0.006834635798740718
F,8604794910,6,1.0,0.35577651515151515,0.30306955542565533,0.0,0.0,0.0
F,8627074061,6,0.5,0.16666666666666666,0.11458333333333337,0.0,0.0,0.0
F,8740703217,6,0.8333333333333334,0.16243124498808434,0.05072839506172839,0.0,-0.08712121212121218,-0.08712121212121218
F,8783897632,7,0.5714285714285714,0.22737987012987007,0.1519658096719169,0.0,0.0,0.0
F,8797589693,8,0.0,0.0,0.0,0.0,0.0,0.0
F,8811725760,9,0.4444444444444444,0.22643350421128197,0.12419082092109227,0.0,0.0,0.0
F,9082180631,4,0.75,0.24376080626080632,0.10708718188222348,0.0,0.0,0.0
F,9088819598,8,0.625,0.35310142398309685,0.16314351602467375,0.125,0.0,0.0
F,9217939684,7,0.5714285714285714,0.17018398268398263,0.15006030209880714,0.0,0.0,0.0
F,9293415110,2,0.0,0.10227272727272732,0.04054054054054056,0.0,0.0,0.0
F,9304738817,1,1.0,0.0,0.0,0.0,0.0,0.0
F,9408800471,10,0.6,0.2753222183695784,0.1973153055860682,0.0,0.0,0.0
F,9473479950,5,0.8,0.11135832802499465,0.08531159157491233,0.0,-0.19999999999999998,-0.11139240506329115
F,9498159305,4,0.5,0.007360084788176741,0.0026067734401067667,0.0,0.0,0.0
F,9531760182,9,0.4444444444444444,0.18213530655391122,0.12074155441213315,0.0,0.0,0.0
F,9565310990,6,0.3333333333333333,0.17523584190250863,0.0940810176628175,0.0,0.0,0.0
F,9576671750,3,0.6666666666666666,0.24839485950597076,0.16333969336095094,0.0,0.0,0.0
F,9612838272,7,0.7142857142857143,0.3511648993019874,0.29554373515575255,0.0,0.0,0.0
F,9917882506,6,0.16666666666666666,0.0,0.0,0.0,0.0,0.0
G,10001787725,4,0.5,0.1824343282676616,0.17118455320420678,0.0,-0.0675656717323384,-0.04881544679579308
G,10030609934,10,0.5,0.23053963053963047,0.1805967859257102,0.0,0.02654169320835989,0.03373711182831429
G,10042935613,12,0.4166666666666667,0.27382180159957936,0.18100917980752937,-0.08333333333333331,-0.06550237105792661,-0.03540027322404371
G,10082798964,3,0.6666666666666666,0.22272727272727275,0.11328179620862551,0.0,-0.030303030303030193,-0.018520328632942465
G,10127533784,4,0.75,0.2818481360148027,0.2801504344540474,0.0,0.0,0.0
G,10309542255,5,0.8,0.5171747505080837,0.40473633441256673,0.0,0.0,0.0
G,10607095936,7,0.2857142857142857,0.06339889673223009,0.03988468991684036,0.0,0.0,0.0
G,10779838974,4,1.0,0.25,0.07432432432432434,0.0,0.0,0.0
G,11244289523,8,0.875,0.5116003787878789,0.40536729859491416,0.0,0.05776515151515149,0.04259776536312854
G,11503803033,3,0.3333333333333333,0.18212121212121177,0.11234448893581571,0.0,0.0,0.0
G,11541421563,7,0.5714285714285714,0.14744588744588746,0.12130167367843422,0.0,0.0,0.0
G,11566930393,4,0.25,0.0,0.0,0.0,0.0,0.0
G,11566980553,8,0.5,0.25,0.16789473684210526,0.0,0.0,0.0
G,11681746823,5,1.0,0.7553417053417053,0.6905242737283179,0.0,0.0,0.0
G,11849091804,1,1.0,1.0,0.17254901960784322,0.0,0.0,0.0
G,11871253306,10,0.1,0.11941893939393937,0.11229667092982212,0.0,0.0,0.0
G,11966080214,5,0.4,0.0,0.0,0.0,0.0,0.0
G,12392885583,9,0.6666666666666666,0.36237457912457915,0.21278586261483365,0.0,0.08499074074074076,0.05816778081465565
G,12682618843,6,0.3333333333333333,0.308217741260628,0.19722032629906636,-0.16666666666666669,0.0,0.0
G,13296054183,1,0.0,0.0,0.0,0.0,0.0,0.0
G,13569831214,5,0.6,0.34999999999999964,0.26733333333333315,0.0,0.0,0.0
G,13919236672,9,0.1111111111111111,0.0980429082280934,0.06060958842923246,0.0,0.0,0.0
G,14003541505,8,0.625,0.24997159090909082,0.21366276807211462,0.0,0.0,0.0
G,2400171624,4,0.5,0.0,0.0,0.0,-0.09539772727272722,-0.09494458267360319
G,2400715506,3,0.3333333333333333,0.3333333333333333,0.10705596107055958,0.0,0.0,2.7755575615628914e-17
G,2401167740,6,0.6666666666666666,0.2529166666666667,0.2307073737458849,-0.16666666666666674,0.0,0.0
G,2405940242,5,1.0,0.4852272727272727,0.32498510529095415,0.0,-0.019681818181818078,-0.012575516174295642
G,2434859163,2,1.0,0.2857954545454547,0.2684098185699041,0.0,0.0,0.0
G,2435100235,9,0.2222222222222222,0.15708754208754208,0.04523349368113677,0.0,0.045976430976430976,0.022280963686353225
G,2435633172,6,0.0,0.023068181818181852,0.00846468184471689,0.0,-0.044696969696969915,-0.01722124927028614
G,2442307875,6,0.6666666666666666,0.2954545454545454,0.23636363636363625,0.0,0.018939393939393923,0.021969696969696917
G,2454242177,9,0.6666666666666666,0.5555555555555556,0.1516040709258818,-0.11111111111111116,0.0,0.0
G,2461993294,3,0.3333333333333333,0.466199494949495,0.2031872540857584,0.0,0.0,0.050043140638481365
G,2495861393,7,0.2857142857142857,0.24004329004329,0.1323714478450401,0.0,0.009523809523809518,0.0049261083743842304
G,2503404966,6,0.16666666666666666,0.16666666666666666,0.044176706827309224,0.0,0.11759469696969696,0.011971968716090388
G,2535384528,6,0.3333333333333333,0.1265151515151515,0.09608277900960831,0.0,0.0,0.0
G,2559262403,6,0.16666666666666666,0.10496212121212128,0.052308679729678724,0.0,-0.028489583333333318,-0.02640216237088521
G,2567843468,6,0.6666666666666666,0.31505852978700927,0.26559368593265614,0.0,0.005556399291163139,0.0083903843025675
G,2573424030,9,0.4444444444444444,0.40214646464646425,0.2549104083772169,-0.11111111111111116,0.09575757575757576,0.09558378705384152
G,2584172238,8,0.75,0.3437855113636363,0.2599829432344546,0.0,0.0,0.0
G,2596300565,4,0.25,0.25,0.03142857142857142,0.0,0.0,0.0
G,2599937944,7,0.8571428571428571,0.7136038961038961,0.40540097565773486,0.0,-0.002337662337662416,-0.0021553090332804836
G,2604394962,6,0.16666666666666666,0.16666666666666666,0.11235144927536234,0.0,0.0,0.0
G,2614918961,5,0.2,0.22201818181818173,0.19922515627685988,0.0,0.19521515151515115,0.18536749304392722
G,2623954636,11,0.09090909090909091,0.10154958677685945,0.07721361405738432,-0.09090909090909091,0.06832644628099173,0.05473081442497062
G,2669452260,3,0.3333333333333333,0.4285404040404041,0.3648771149981794,0.0,0.07330555555555551,0.06844056782826158
G,2679130168,8,0.875,0.5176444128787878,0.33867711470401574,0.0,0.054849668560606024,0.01944441043518924
G,2679328607,7,0.8571428571428571,0.30055194805194796,0.2023999290769322,-0.1428571428571429,0.0,0.0
G,2696280239,7,0.7142857142857143,0.3443798701298702,0.27313378950996936,0.1428571428571429,0.05844155844155846,0.05844155844155843
G,2697214342,2,0.5,0.5,0.09777777777777774,0.0,0.0,0.0
G,2697261300,5,0.6,0.45935454545454546,0.3094786152294081,0.0,0.0,0.0
G,2705374471,2,1.0,0.33147775942080837,0.3314777594208083,0.0,0.0,0.0
G,2712662377,4,1.0,0.4447386363636363,0.36304832427663924,0.0,0.0,0.0
G,2717347132,4,0.75,0.636125,0.24577551986058954,0.0,0.0,0.0
G,2726497009,8,0.5,0.09375000000000006,0.09375000000000006,0.0,0.0,0.0
G,2731071928,1,0.0,0.31977272727272765,0.16185436558150268,0.0,0.0,0.0
G,2735019707,7,0.7142857142857143,0.3679177489177489,0.2891044334658649,0.0,0.0,0.0
G,2736413196,7,0.5714285714285714,0.3253571428571429,0.059854010274641586,-0.1428571428571429,0.0,0.0
G,2771402761,4,0.0,0.0,0.0,0.0,0.0,0.0
G,2782307049,4,0.5,0.25,0.12359550561797758,0.0,0.0,0.0
G,2782658657,7,0.7142857142857143,0.4456233766233767,0.3564458160976308,0.0,0.06460714285714286,0.06635754591327547
G,2793260225,6,0.6666666666666666,0.4972624292073751,0.30513182471093275,0.0,0.0,0.0
G,2793806282,8,0.125,0.06258522727272728,0.030951444307069823,-0.125,-0.09525568181818175,-0.0386397160505209
G,2796821016,5,0.0,0.0,0.0,0.0,0.0,0.0
G,2809330695,6,0.3333333333333333,0.20730113636363653,0.1776175261644859,0.0,-0.10602272727272719,-0.08990567737800087
G,2821788355,6,0.5,0.4267045454545455,0.22211245809212957,0.0,0.0,0.0
G,2824317018,7,0.2857142857142857,0.17405844155844147,0.042163583736239026,0.0,-0.0376948051948052,-0.028900007467702195
G,2829462646,1,0.0,0.0,0.0,-1.0,-0.3004772727272705,-0.12154000312560241
G,2833209794,4,0.75,0.3460904085904087,0.2723910676025241,0.25,0.23054114720781396,0.17664524526153097
G,2834146886,9,0.4444444444444444,0.5117213804713804,0.38057541537548695,-0.11111111111111116,0.1499604377104377,0.12562443416827618
G,2854886555,5,0.6,0.5628181818181818,0.3604432471183199,0.0,-0.032163636363636505,-0.03046488218112936
G,2868183184,9,0.5555555555555556,0.3333333333333333,0.0535090831693482,0.0,-0.08818181818181825,-0.07280688667645104
G,2871995580,6,0.3333333333333333,0.2754383862960506,0.21451052581893704,0.0,0.11553030303030312,0.09501557632398755
G,2877270840,4,0.75,0.3079545454545454,0.2048403193612774,0.0,0.0,0.0
G,2925298951,7,0.42857142857142855,0.3309504795258821,0.20768282713171818,0.0,0.13083062770562776,0.06960893533842016
G,2930782930,7,0.42857142857142855,0.22424025974025974,0.09408478340345136,0.14285714285714285,0.0,0.0
G,2932897373,4,0.75,0.6969504447268107,0.49424774202410793,0.0,0.0,0.0
G,2957808913,6,0.6666666666666666,0.25385227272727273,0.17174212292174998,0.0,0.0,0.0
G,2971556305,2,0.0,0.0,0.0,0.0,0.0,0.0
G,2973331780,4,1.0,0.9319886363636364,0.5366141623092433,0.0,0.18644318181818176,0.08119793946405823
G,2976913210,4,0.75,0.10130681818181829,0.028912888369981214,0.0,0.10130681818181829,0.028912888369981214
G,2977504625,3,0.3333333333333333,0.1325757575757576,0.06306306306306307,0.0,0.0,0.0
G,2978295992,2,0.0,0.0,0.0,0.0,0.0,0.0
G,2984974097,4,0.75,0.33687500000000004,0.22114331862088915,0.0,0.0,0.0
G,2987766537,2,0.0,0.0011363636363636125,0.0006675567423230833,0.0,0.0,0.0
G,2990321092,3,0.6666666666666666,0.3908181818181819,0.3061281888564131,0.0,0.0,0.0
G,3026084730,8,0.0,0.023071022727272742,0.01695293842582543,-0.125,0.0,0.0
G,3046900922,9,0.6666666666666666,0.27521885521885525,0.15658443664583188,0.0,-0.063459595959596,-0.03885101185782974
G,3049351381,2,0.5,0.5,0.30985915492957733,0.0,0.0,0.0
G,3060478605,1,0.0,0.0,0.0,0.0,0.0,0.0
G,3063380173,5,0.6,0.1720454545454546,0.16403033586132182,-0.20000000000000007,0.0,0.0
G,3078294001,7,0.5714285714285714,0.3280032467532467,0.2502706962111031,0.0,0.0,0.0
G,3105728894,6,0.3333333333333333,0.30318181818181816,0.1738299401399772,0.0,0.09089267676767679,0.023663758785935157
G,3107742409,3,0.0,0.0,0.0,0.0,0.0,0.0
G,3112351937,3,1.0,0.6562011871290222,0.5323916633194984,0.0,0.33333333333333337,0.2095238095238096
G,3121571439,7,0.5714285714285714,0.04658116883116875,0.04211915701407077,-0.1428571428571429,0.010866883116883039,0.006404871299785057
G,3131380536,4,0.75,0.5,0.09672312504768447,0.0,0.0,0.0
G,3145698830,10,0.3,0.17423181818181818,0.11888666878972057,0.0,0.0,0.0
G,3151715056,3,0.0,0.06101262626262638,0.027131430393804997,0.0,0.0,0.0
G,3155382178,9,0.6666666666666666,0.38132575757575765,0.2720769499959357,0.0,0.0,0.0
G,3158022797,3,0.0,0.0,0.0,-0.3333333333333333,0.0,0.0
G,3164519967,6,0.5,0.37128409090909087,0.19989388788803494,0.0,0.0985833333333333,0.06606429800273089
G,3171006258,5,0.4,0.41062272727272753,0.0882855762218907,-0.19999999999999996,0.07735000000000009,0.015690899467383806
G,3192668394,7,0.7142857142857143,0.43636688311688326,0.14994366615472896,0.0,-0.09850324675324668,-0.060014896117977584
G,3194558043,1,0.0,0.0,0.0,0.0,0.0,0.0
G,3198533789,2,0.0,0.0,0.0,0.0,0.0,0.0
G,3206694342,3,0.0,0.0,0.0,0.0,0.0,0.0
G,3218498932,7,0.8571428571428571,0.34054587808854025,0.22088325289085975,0.0,0.0,0.0
G,3233088823,3,0.6666666666666666,0.24779545454545446,0.22673566813815346,0.0,-0.23508333333333345,-0.019678848604685856
G,3261079025,7,0.42857142857142855,0.39945454545454545,0.29139200384920366,0.0,0.0,0.0
G,3263908208,7,1.0,0.8712121212121212,0.3107230147324806,0.0,0.0027056277056277667,0.0020794880872169186
G,3270490566,3,0.3333333333333333,0.17799999999999994,0.1520658589624107,-0.3333333333333333,-0.030181818181818337,-0.04069508379853229
G,3303565503,7,0.7142857142857143,0.2397792207792208,0.09747512708918896,0.0,0.0,0.0
G,3321261856,5,0.6,0.24927878787878793,0.12684520603398236,0.0,0.09625454545454548,0.04466379819454988
G,3322503255,6,0.3333333333333333,0.26182196969696964,0.08514344200398376,0.0,0.09515530303030298,0.054460038935643454
G,3340340268,8,0.0,0.03744318181818187,0.02293929267613481,0.0,0.0,0.0
G,3345608051,5,0.6,0.4,0.09739386503067497,0.0,0.2,0.0704000000000001
G,3359075894,8,0.625,0.15965909090909092,0.15364725095264017,0.0,0.05397727272727272,0.05397727272727272
G,3372023610,6,0.5,0.1625018741566295,0.14136956521739133,0.0,-0.004164792510037152,0.08936010895261592
G,3375218204,10,0.3,0.18787954545454555,0.09180514341333196,-0.2,0.028029545454545585,0.012758231868166062
G,3376544720,8,0.25,0.125,0.018965517241379334,-0.125,-0.13846946022727274,-0.13064037087273223
G,3380344744,2,0.5,0.001181818181818052,0.00020241654210261849,0.0,0.0,0.0
G,3383804222,6,0.0,0.06680871212121216,0.04429584981477997,-0.16666666666666666,0.0,0.0
G,3388598772,6,0.8333333333333334,0.48603282828282834,0.3433803799036533,0.0,-0.09132196969696971,-0.1059248499619817
G,3427674558,4,0.5,0.31250000000000006,0.31250000000000006,0.0,0.0004545454545453187,0.0006702689325192579
G,3429509208,10,0.6,0.5197301136363637,0.353596758702185,-0.09999999999999998,0.10047916666666679,0.06699708504954588
G,3441428429,5,0.0,0.06604848484848477,0.030440490489092437,0.0,0.0,0.0
G,3445431963,4,0.5,0.091796875,0.03889557628648812,0.0,0.0,0.0
G,3455926688,3,1.0,1.0,0.26493017422680093,0.0,0.0,0.0
G,3456030972,5,0.4,0.35942727272727276,0.16203073286454103,0.0,0.0,0.0
G,3462517143,5,0.4,0.2933969696969698,0.17856715096208764,-0.19999999999999996,0.0,0.0
G,3477387686,6,0.3333333333333333,0.17945833333333353,0.1763945191572116,0.0,0.0,0.0
G,3508407941,4,0.5,0.575262784090909,0.3520822201983894,-0.25,0.0,0.0
G,3508459605,11,0.09090909090909091,0.07822796143250686,0.05603527658677776,-0.09090909090909091,-0.03670110192837463,-0.037848010913663396
G,3524939594,8,1.0,0.3662665719696969,0.25404079446363464,0.0,-0.030320785984848553,-0.042326787931663556
G,3526597179,6,0.6666666666666666,0.3402133838383841,0.24794712824735554,-0.33333333333333337,-0.10127272727272718,-0.09427894380501001
G,3530231811,3,0.0,0.0,0.0,-0.3333333333333333,0.0,0.0
G,3550839192,2,1.0,0.7173863636363635,0.170562041295351,0.0,0.0,0.0
G,3555755537,1,1.0,1.0,0.18032786885245908,0.0,0.0,0.0
G,3557498300,7,0.5714285714285714,0.3232770562770562,0.20731351975049472,0.0,0.0,0.0
G,3581585756,7,0.14285714285714285,0.0,0.0,0.0,0.0,0.0
G,3626788516,6,0.5,0.3979924242424242,0.22123963728311147,0.0,0.0,0.0
G,3655906094,7,0.42857142857142855,0.1654090909090909,0.15434995662709797,0.0,0.03928571428571426,0.0469187675070028
G,3708066257,2,0.5,0.0,0.0,0.0,0.0,0.0
G,3711681535,8,0.625,0.38636363636363635,0.19248709295709804,0.125,0.09373958333333349,0.08416802144057263
G,3719793245,2,0.0,0.032806818181818236,0.027177903714721483,0.0,0.0,0.0
G,3741143820,5,0.4,0.46854545454545454,0.42630301259231695,-0.19999999999999996,0.0,0.0
G,3763643225,5,0.6,0.48210454545454545,0.3389234118253242,0.0,-0.054227272727272735,-0.02591506462474208
G,3804148568,3,0.3333333333333333,0.3333333333333333,0.02295252999478353,0.0,0.0,0.0
G,3814690167,4,0.75,0.6566507619731268,0.324681338028169,0.0,0.0,0.0
G,3821781616,7,1.0,0.5622099282902173,0.4481694978174658,0.0,0.0,0.0
G,3830567237,10,0.6,0.45261590909090915,0.14333010404890656,-0.09999999999999998,0.0,0.0
G,3846475848,10,0.6,0.6,0.06724799937727101,-0.09999999999999998,0.0,0.0
G,3851913128,6,0.5,0.17391997449386257,0.06245833333333334,0.0,0.0,0.0
G,3861485381,6,0.3333333333333333,0.15967676767676778,0.13224031806159367,-0.3333333333333333,0.0,0.0
G,3869005094,4,1.0,0.6484065331146517,0.47473860160179804,0.25,0.2639795962199313,0.1949745732975096
G,3897746373,6,0.3333333333333333,0.20024353482468663,0.11097967260298613,-0.16666666666666669,0.0,0.0
G,3902997424,5,0.8,0.3501864112327463,0.30013860137289833,0.0,0.0,0.0
G,3942617402,4,0.25,0.25,0.10679611650485435,0.0,0.0,0.0
G,3943634344,9,0.3333333333333333,0.23127777777777775,0.21565337296715253,-0.1111111111111111,0.0,0.0
G,3960291106,8,0.5,0.2989349714932832,0.16590707545770145,-0.125,0.0,0.0
G,3963997053,5,0.4,0.21734545454545465,0.158601099085865,0.2,-0.07356363636363625,-0.0076508489660830625
G,3972259774,8,0.5,0.08470052083333333,0.0651708623264964,0.0,0.035250946969697015,0.030957103112737222
G,3974684583,4,0.75,0.6923636363636363,0.42544003131781,0.0,0.0,-0.012464559386973162
G,3981865268,2,0.0,0.0,0.0,0.0,0.0,0.0
G,4006608424,10,0.3,0.24792575757575727,0.07498440750689883,-0.10000000000000003,0.0,0.0
G,4010069381,4,1.0,0.6582954545454545,0.4004313438083699,0.25,0.0,0.0
G,4024008346,6,0.5,0.2975909924063891,0.21579099240638913,-0.16666666666666663,0.0,0.0
G,4036955771,4,0.75,0.25,0.14666666666666686,0.25,0.0,0.0
G,4075791856,3,0.0,0.0,0.0,0.0,0.0,0.0
G,4092992100,6,0.8333333333333334,0.31793560606060606,0.2048804882015827,0.0,0.0796590909090909,0.04382893585094408
G,4094488636,4,0.75,0.5748674242424242,0.41308086653037,0.0,0.0,0.0
G,4103088549,7,0.42857142857142855,0.41890909090909095,0.257202196704537,0.0,0.0,0.0
G,4123915842,7,0.7142857142857143,0.3796818181818183,0.2872080369767446,0.0,-0.14285714285714285,-0.06349206349206354
G,4127497265,5,0.2,0.17670454545454548,0.15636304063343304,-0.39999999999999997,0.0,0.0
G,4130504920,4,1.0,0.4883522727272727,0.27784706772436835,0.0,0.0,0.0
G,4132599924,2,1.0,0.6100795454545457,0.3865985648242532,0.5,0.0,0.0
G,4138579400,6,0.6666666666666666,0.4216019338189658,0.14533351929893193,0.16666666666666663,0.0,-0.010979853479853502
G,4146348376,2,0.5,0.5,0.3013698630136986,0.0,0.0,0.0
G,4147398280,3,0.3333333333333333,0.0,0.0,0.0,0.0,0.0
G,4151403382,6,0.5,0.4776098484848483,0.387261223094773,0.0,0.0,0.0
G,4164771889,9,0.7777777777777778,0.5013594276094276,0.3166525743092988,0.0,-0.0971531986531986,-0.08460254002600709
G,4166942239,6,0.8333333333333334,0.3333333333333333,0.17112587224906065,0.0,0.0,0.0015447530864197145
G,4189100053,7,0.2857142857142857,0.2793668831168831,0.1361676483335837,0.0,0.0,0.0
G,4190655097,6,0.5,0.29485164141414133,0.13873257006270454,0.0,0.0,0.0
G,4199369046,5,0.4,0.315609090909091,0.040975000049691665,0.0,-0.08439090909090902,-0.011957450473120329
G,4217422838,7,0.42857142857142855,0.38385551948051955,0.05948813144564662,0.0,0.09814123376623385,0.014749384883191871
G,4219909195,10,0.2,0.3051012028526945,0.1547516013489761,0.0,0.1090633240648157,0.032534704299597955
G,4244817395,9,0.3333333333333333,0.18888888888888877,0.09618481357611779,0.0,-0.1111111111111111,-0.010292397660818714
G,4249756405,7,0.5714285714285714,0.4617654220779221,0.0705970296957909,0.0,0.033193993506493547,0.011297838321127844
G,4251505427,7,0.5714285714285714,0.5244577922077925,0.1060195969881795,0.0,0.05607467532467553,0.029119731311424965
G,4260763967,5,0.4,0.32119090909090914,0.23614187494392827,-0.19999999999999996,0.07692272727272731,0.04508171610479908
G,4263096481,5,0.8,0.309828787878788,0.12117350069074218,0.0,-0.04681666666666662,0.0037881879667769763
G,4264435046,7,0.42857142857142855,0.6057713436783204,0.27359673669106893,-0.14285714285714285,0.13671753246753238,0.0533821914523209
G,4272084125,10,0.4,0.2273318181818181,0.1286735008447378,0.0,0.018190909090909008,0.013614253796491768
G,4276006683,9,0.5555555555555556,0.5576212121212121,0.22168894626416727,0.0,0.060739898989898955,0.07140305231498856
G,4333544549,8,0.375,0.3665596590909091,0.062447577399958806,-0.125,0.01128125000000002,0.002208233055455755
G,4336654741,7,0.2857142857142857,0.1422142857142856,0.11545497198104292,-0.14285714285714285,-0.1258116883116883,-0.047006239447885276
G,4378803532,11,0.45454545454545453,0.3622196969696969,0.1540827620693354,-0.18181818181818182,-0.06930509641873284,-0.035684005192799156
G,4388652400,4,0.0,0.08075378787878788,0.04873612143232345,0.0,0.0,0.0
G,4412508597,5,0.6,0.498519696969697,0.34153411454359295,0.0,0.053042424242424224,0.04100017170929071
G,4419096437,7,0.5714285714285714,0.2902813852813853,0.07661812818744898,-0.1428571428571429,0.10137337662337664,0.04063172223169307
G,4420239986,9,0.7777777777777778,0.48498821548821547,0.120916695108941,0.0,-0.03347321149640747,0.011271142401012915
G,4443526735,6,0.5,0.5321034045635639,0.23435491014630613,0.0,0.0,0.0
G,4444192938,8,0.375,0.16245738636363638,0.15928530503110339,-0.125,0.0,0.0
G,4465235803,6,0.8333333333333334,0.6442095959595961,0.4120555978130506,-0.16666666666666663,0.0,0.0
G,4485498145,6,0.8333333333333334,0.21981060606060607,0.1784212174902743,0.0,-0.004990739920435028,-0.02332078853046593
G,4485707628,7,0.5714285714285714,0.5557121212121211,0.2864510085471183,0.0,0.0,0.0
G,4488066715,9,0.3333333333333333,0.26268434343434344,0.15339204858726596,-0.1111111111111111,0.0,0.0
G,4516967897,4,0.5,0.39478409090909117,0.13089379065163836,0.0,0.0,0.0
G,4518113460,7,0.14285714285714285,0.14285714285714285,0.11859838274932635,-0.14285714285714285,-0.14285714285714285,-0.07665505226480834
G,4542882771,4,0.25,0.009446022727272617,0.0028209043861881396,-0.25,0.0,0.0
G,4564478328,6,0.6666666666666666,0.3348030303030302,0.23252888363724325,-0.16666666666666674,0.07963510101010096,0.04274336631033071
G,4584426085,10,0.4,0.21049318181818183,0.08244341609397048,0.0,0.12336590909090905,0.034321303219899305
G,4603484665,5,1.0,0.7973446969696967,0.4471519645504861,0.0,0.05869318181818173,0.023761465252019887
G,4612723694,9,0.5555555555555556,0.38152777777777774,0.12016076029660547,0.11111111111111116,0.0,0.0
G,4626085492,9,0.5555555555555556,0.24636447811447815,0.20857547916507807,0.0,-0.0003888888888888553,0.03357196833008133
G,4636208292,5,0.4,0.15545454545454535,0.12481751824817515,0.0,0.0,0.0
G,4650556666,6,0.5,0.2976190476190476,0.05000819134993447,0.0,0.0,0.0
G,4671452046,10,0.4,0.1829704545454546,0.11076918819321575,-0.29999999999999993,-0.16388636363636364,-0.09270759306838676
G,4674481985,8,0.125,0.1643892045454545,0.0672095038945681,-0.125,0.0,0.0
G,4688219212,9,0.3333333333333333,0.14510521885521885,0.08493041274854612,0.0,0.08213804713804713,0.047523330380956096
G,4698622422,7,0.7142857142857143,0.4522229437229436,0.3524617047897949,-0.1428571428571428,0.03165476190476191,0.04534756804693357
G,4707679105,4,0.5,0.23419886363636366,0.21425970751893297,0.0,0.0,0.0
G,4761953886,3,0.3333333333333333,0.3333333333333333,0.04793028322440088,-0.3333333333333333,0.0,0.0
G,4762946272,7,0.5714285714285714,0.16231818181818183,0.09728187541225755,0.0,0.0,0.0
G,4765564263,6,0.8333333333333334,0.5793598484848484,0.3767708308093374,0.0,0.0,0.0
G,4765717907,9,0.3333333333333333,0.14426767676767677,0.063652767436746,-0.22222222222222227,-0.07702693602693603,-0.05021213458089978
G,4770216656,1,1.0,0.0,0.0,0.0,0.0,0.0
G,4774302357,6,0.8333333333333334,0.3942424242424242,0.32397217176524923,0.0,0.006319444444444489,0.0079496826701701
G,4798585428,5,0.6,0.14090909090909104,0.14090909090909104,0.0,0.0,0.0
G,4815534482,5,0.4,0.19000000000000006,0.12628398791540799,0.0,0.11636363636363631,0.0909898702683491
G,4825843801,2,1.0,0.6477272727272725,0.3026568501920611,0.5,0.0,0.0
G,4838113006,9,0.3333333333333333,0.2222222222222222,0.03320366990517978,-0.1111111111111111,0.0,2.0816681711721685e-17
G,4838145161,6,0.16666666666666666,0.16666666666666666,0.01373283395755306,0.0,0.0,0.0
G,4846820256,4,0.5,0.3908125000000002,0.3842785564009683,0.0,5.551115123125783e-17,5.551115123125783e-17
G,4857781123,4,0.0,0.0,0.0,0.0,0.0,0.0
G,4859057828,9,0.5555555555555556,0.21933597025986365,0.1993820376507824,-0.11111111111111105,-0.027777777777777762,-0.027777777777777762
G,4882414082,2,0.0,0.0,0.0,0.0,0.0,0.0
G,4882821564,8,0.0,0.09539962121212112,0.039162289837769586,-0.375,0.034403409090909005,0.024458717078687936
G,4889681401,2,0.0,0.0,0.0,0.0,0.0,0.0
G,4896969617,11,0.36363636363636365,0.3225330578512397,0.24384521628601055,-0.09090909090909088,0.05371900826446285,0.0537190082644628
G,4915733559,8,0.125,0.11451420454545458,0.10555584825360528,-0.125,0.0,0.0
G,4925211209,3,0.3333333333333333,0.5435606060606061,0.2591503141072106,0.0,0.0,0.0
G,4935987905,4,0.75,0.7250530303030303,0.3574819680592023,-0.25,0.0,0.0
G,4942054721,3,0.3333333333333333,0.3333333333333333,0.2404371584699453,0.0,0.0,0.0
G,4949582792,10,0.1,0.105586363636364,0.052909038901790974,0.0,0.105586363636364,0.052909038901790974
G,4955723618,10,0.5,0.24413409090909083,0.14409856675540342,0.0,0.0,0.0
G,4967810888,5,0.8,0.415804545454545,0.3973319082398111,0.0,0.15908636363636364,0.15707505270085914
G,4968805923,8,0.625,0.5259391596376132,0.40818129666227493,0.0,0.025568181818181768,-0.01843872546911518
G,4970148391,8,0.375,0.2351789772727274,0.22118180717069605,0.0,0.0,0.0
G,4978714491,7,0.14285714285714285,0.1827922077922079,0.11796406580184635,-0.14285714285714285,0.0,0.0
G,4984331176,4,0.5,0.29092256355099244,0.2656926380793369,0.0,0.0,0.0
G,4984417707,6,0.8333333333333334,0.32058820268683963,0.27947973892784683,0.0,-0.07486868686868692,-0.048995888364468054
G,5017166671,2,0.0,0.0,0.0,0.0,0.0,0.0
G,5026660202,2,0.0,0.0,0.0,0.0,0.0,0.0
G,5056964274,7,0.5714285714285714,0.2791038961038961,0.22130739623025444,-0.2857142857142857,0.025999999999999968,0.02984662188357068
G,5061117640,6,0.16666666666666666,0.12288131313131323,0.10621496204164772,-0.33333333333333337,-0.12198484848484845,-0.09916528915102672
G,5064681723,4,1.0,0.4591534090909092,0.44294765497218347,0.0,0.0,0.0
G,5070310138,6,0.6666666666666666,0.31299242424242446,0.2424758030864214,0.0,0.0,0.0
G,5116088152,9,0.2222222222222222,0.17058585858585842,0.1102852135038574,0.0,0.0,0.0
G,5129152550,4,0.0,0.0,0.0,-0.25,-0.1756704545454545,-0.12061889454136887
G,5133787349,8,0.375,0.3124150384385922,0.24856433979839665,-0.125,0.15261008522727273,0.1189225715057137
G,5134317883,7,0.0,0.04220779220779229,0.01600985221674882,0.0,0.0,0.0
G,5138093706,9,0.4444444444444444,0.18118939393939393,0.08441888240312195,0.0,0.0,0.0
G,5145526755,3,0.0,0.0,0.0,0.0,0.0,0.0
G,5173770364,5,0.2,0.2,0.1294117647058824,0.0,0.0,0.0
G,5205081904,7,0.42857142857142855,0.2235032467532467,0.18539110050008575,0.0,0.0,0.0
G,5229476012,4,0.25,0.0,0.0,0.0,-0.010136363636363634,-0.00473380317568141
G,5235909148,7,0.7142857142857143,0.4838697388998436,0.2751145298073446,0.0,0.0,0.0
G,5237219621,3,0.3333333333333333,0.2385075757575759,0.2037062199532845,-0.3333333333333333,0.12891666666666668,0.1333469822026788
G,5256928210,9,1.0,0.7169494949494949,0.19521469825874171,0.0,0.0,2.7755575615628914e-17
G,5296635780,7,0.5714285714285714,0.48226623376623373,0.2709947329857908,0.0,-0.003249999999999975,-0.0015754379824456377
G,5297811305,6,0.6666666666666666,0.3012727272727274,0.12770973277634087,-0.16666666666666674,0.0,0.0
G,5308503740,2,0.0,0.0,0.0,-0.5,-0.5,-0.10891089108910885
G,5328004991,8,0.875,0.7335814393939394,0.3264077499456252,0.0,0.0,0.0
G,5328616848,7,0.7142857142857143,0.6728084415584416,0.4221144990884768,-0.1428571428571428,-0.018988304888828522,-0.029727842735079835
G,5333075105,9,1.0,0.8978055555555553,0.5033360035748791,0.11111111111111116,0.0,0.0
G,5349766264,10,0.6,0.30120359848484857,0.0461481147308828,0.0,0.0,0.0
G,5349969207,5,1.0,0.47582575757575774,0.24787143781509152,0.19999999999999996,-0.19999999999999996,-0.1375
G,5406108447,5,0.6,0.29260303030303036,0.0881085955979518,0.0,-0.08876515151515152,-0.08249774137742123
G,5427285434,7,0.7142857142857143,0.36950421173253994,0.22830496485571475,-0.1428571428571428,-0.05421514913987824,-0.0466306231907114
G,5429688959,6,0.8333333333333334,0.8333333333333334,0.08479354729171035,0.0,0.0,-0.009841897444964151
G,5433090067,7,0.42857142857142855,0.2884696969696971,0.11874815934787726,0.0,0.0,0.0
G,5445581571,8,0.5,0.18181534090909102,0.10963395286321685,-0.25,0.0,0.0
G,5467727317,2,1.0,0.5,0.05418719211822663,0.0,0.0,0.0
G,5498331490,6,0.6666666666666666,0.6666666666666666,0.07586246796401955,-0.16666666666666674,0.0,0.0
G,5504913999,7,0.8571428571428571,0.42857142857142855,0.08242692661129455,0.0,0.0,0.0
G,5521781780,8,0.625,0.5587973484848486,0.27309066711993946,0.0,-0.04751515151515151,-0.03199637417759649
G,5533380417,6,0.6666666666666666,0.5188484848484848,0.2112287568879091,0.0,0.0,0.0
G,5549243726,6,0.8333333333333334,0.24005176767676772,0.13919281298281289,0.0,-0.007583333333333303,-0.008549787724875135
G,5561024834,11,0.5454545454545454,0.2036845730027549,0.1355281551901001,0.18181818181818177,0.0,0.0
G,5607805258,3,0.6666666666666666,0.6666666666666666,0.17888524590163932,0.0,0.0,0.0
G,5623068492,7,0.7142857142857143,0.5444036796536799,0.2847189141016922,0.0,0.0,0.0
G,5635265624,5,0.4,0.11423939393939402,0.0732308145290075,-0.19999999999999996,0.023489393939393963,0.010784808189302858
G,5662041273,12,0.5833333333333334,0.32331035124857893,0.15712351205223693,-0.08333333333333326,-0.1852777777777777,-0.052260636887891426
G,5667931404,5,0.6,0.4,0.24377619828685987,0.0,0.0,0.0
G,5679866364,8,0.625,0.41356912878787877,0.15260156813829914,0.0,-0.028437500000000004,-0.021455661402315973
G,5681946487,7,0.5714285714285714,0.2613697225044388,0.11447448979591836,-0.1428571428571429,0.0,0.0
G,5735711594,7,0.8571428571428571,0.5408288942551656,0.164103642258391,0.0,0.011806277056277015,0.005354193398027202
G,5766018720,7,0.2857142857142857,0.17731709956709962,0.02164606361351837,-0.14285714285714285,-0.07148160173160165,-0.04626391353105119
G,5801184682,9,0.4444444444444444,0.39393939393939365,0.10904726829789152,0.0,-0.028282828282828354,-0.015735544315881075
G,5803861992,7,1.0,1.0,0.08236891997243793,0.0,0.0,-2.7755575615628914e-17
G,5833145209,8,0.5,0.2124548694686169,0.112158954386592,0.0,0.0,0.0
G,5854324479,6,0.5,0.23847283211770023,0.20551289060015399,0.0,0.14995799625911435,0.14958101851851854
G,5858985747,5,0.6,0.26525757575757575,0.25107500155347046,0.0,0.0,0.0
G,5875242364,8,0.875,0.6118321931324826,0.3683901318389315,0.0,0.0,0.0
G,5875535585,9,0.4444444444444444,0.4444444444444444,0.030121678174296562,0.0,0.0,0.0
G,5879651428,2,0.0,0.07920454545454546,0.06698058812223717,0.0,0.0,0.0
G,5885887012,2,1.0,1.0,0.15714285714285714,0.0,0.0,5.551115123125783e-17
G,5902452647,6,0.16666666666666666,0.08333333333333341,0.08333333333333341,0.0,0.0,0.0
G,5907839036,8,0.375,0.1515378787878785,0.09635162917041887,0.0,-0.06437121212121213,-0.026887198440624774
G,5913180144,8,0.5,0.22535606060606045,0.14537310613422066,0.0,-0.011842803030303106,0.007563521874668577
G,5919180502,8,0.5,0.11506912878787892,0.06163495121261681,-0.125,0.0,0.0
G,5933003028,1,1.0,0.6258351893095769,0.571138211382114,0.0,0.0,0.0
G,5940941487,3,0.6666666666666666,0.07575757575757579,0.07575757575757579,0.0,0.0,0.0
G,5945172741,9,0.4444444444444444,0.34090909090909105,0.08766076797731955,-0.11111111111111116,0.0075757575757577356,0.001996007984031961
G,5987365500,4,0.75,0.75,0.3370212765957446,0.0,0.0,0.0
G,6024684644,4,0.5,0.30207765151515137,0.2850522068401072,0.0,0.0,0.0
G,6025238212,5,0.6,0.25497915425654355,0.1923877056597395,0.19999999999999996,0.0015166666666666662,0.000432898571609025
G,6031805098,7,0.5714285714285714,0.42857142857142855,0.16654251482364452,0.0,0.14285714285714285,0.07621428571428572
G,6037747123,6,0.8333333333333334,0.3617904040404037,0.12040014988896963,-0.16666666666666663,0.0,0.0
G,6046149003,1,1.0,0.04250946969696948,0.035204805859886404,0.0,0.0,0.0
G,6078524411,9,0.6666666666666666,0.3644292929292928,0.07046110239939854,0.0,0.0,0.0
G,6097994550,9,0.5555555555555556,0.4302592592592593,0.24658202184060438,0.0,0.0,0.0
G,6142416815,2,0.5,0.5,0.06962025316455693,0.0,0.0,0.0
G,6143391925,9,0.6666666666666666,0.2360765993265993,0.11429982452919545,0.0,0.0,0.0
G,6168295272,7,0.14285714285714285,0.134419642857143,0.11126873434450023,-0.2857142857142857,-0.031714015151515146,-0.03507885840477208
G,6168716346,5,0.4,0.34360757575757567,0.1866136746083898,-0.19999999999999996,-0.16093787878787885,-0.1587953446304034
G,6183104292,6,0.6666666666666666,0.4537765151515152,0.2770880743038406,-0.16666666666666674,0.029069444444444426,0.03872935074393563
G,6188449000,7,0.2857142857142857,0.2640692640692644,0.05261405136266113,-0.2857142857142857,0.0,0.0
G,6201488511,7,0.5714285714285714,0.37662337662337686,0.2870349988994059,0.0,0.0,0.0
G,6233408665,9,0.1111111111111111,0.0973392255892256,0.07723431439927492,0.0,0.0,0.0
G,6239210933,9,0.2222222222222222,0.1111111111111111,0.07236457849369878,-0.1111111111111111,0.0,0.0
G,6244382586,3,1.0,0.23648989898989906,0.19508921285331524,0.0,0.0,0.0
G,6244675392,8,0.5,0.29829545454545453,0.08621174242857638,0.125,0.045454545454545414,0.026749226006191965
G,6253433310,5,0.4,0.24738857701848183,0.182956086518187,-0.19999999999999996,0.0,0.0
G,6265968082,3,0.6666666666666666,0.4758661616161617,0.3528563508107787,0.0,0.0,0.0
G,6277800530,3,0.6666666666666666,0.4853232323232322,0.14984863394328427,0.0,-0.3333333333333333,-0.07017543859649117
G,6291413193,7,0.5714285714285714,0.41902272727272727,0.24076649990046936,0.0,0.005416666666666792,0.002233213462028677
G,6297019062,7,0.42857142857142855,0.17075541125541122,0.109440079365472,0.0,0.0,0.0
G,6300775954,6,0.3333333333333333,0.2849343434343436,0.21478940798110654,-0.16666666666666669,-0.07241035353535352,-0.04693405221023547
G,6329954198,4,0.5,0.4149107675442132,0.401714338983447,0.0,0.0,0.0
G,6356067859,7,0.2857142857142857,0.11450216450216451,0.09652747791781557,0.0,0.0572348484848485,0.04548054058935075
G,6413546609,5,0.2,0.1917816099826044,0.08975256410256408,0.0,0.0,0.0
G,6443512089,5,0.4,0.11592575757575777,0.05624295615188006,0.0,-0.026363636363635923,-0.03378426710148337
G,6480018109,2,1.0,0.9981060606060608,0.479857588028964,0.0,0.0,0.0
G,6516459343,11,0.45454545454545453,0.43571625344352627,0.09034359835844818,-0.18181818181818182,0.0,0.0
G,6582763207,3,0.3333333333333333,0.26119002525252527,0.1930745627851084,0.0,0.0,0.0
G,6592821115,13,0.0,0.012674825174825183,0.007882576787170439,-0.07692307692307693,-0.07677738927738924,-0.03116180727592809
G,6618792571,9,0.3333333333333333,0.13638888888888878,0.07416992960097653,0.0,0.0,0.0
G,6621511673,8,0.625,0.5362850378787877,0.0651771654266857,0.0,0.036285037878787674,0.034536496903008786
G,6624174621,6,0.5,0.08813762626262613,0.05406336888248636,0.0,0.0,0.0
G,6642268693,7,0.7142857142857143,0.2675324675324675,0.21275976746806383,0.28571428571428575,0.08571428571428577,0.061354714100157
G,6690256857,3,1.0,0.5480353535353535,0.3388733697946698,0.0,0.0,0.0
G,6691330381,7,0.42857142857142855,0.2255075757575757,0.09182109425562122,0.0,0.08265043290043286,0.07649008380265955
G,6713120511,7,0.5714285714285714,0.0687813852813853,0.036543727237077106,0.0,0.0,0.0
G,6727904179,8,0.5,0.24839741561515194,0.18204710697317664,0.125,0.028771213377120963,0.028771213377120936
G,6754608321,6,0.3333333333333333,0.15780050505050505,0.1377502659519297,-0.3333333333333333,0.0,0.0
G,6762389913,6,0.6666666666666666,0.44590782828282843,0.15390614008722162,0.0,0.0,0.0
G,6772999108,4,0.25,0.0,0.0,-0.25,0.0,0.0
G,6786501294,5,0.2,0.2,0.0179591836734694,-0.2,0.0,0.0
G,6806999702,11,0.18181818181818182,0.10579063360881556,0.04227097304733237,0.0,-0.02853787878787893,-0.01319148489125
G,6879924118,3,1.0,0.8246439393939392,0.29325817534331267,0.33333333333333337,0.0,-5.551115123125783e-17
G,6895608152,7,0.14285714285714285,0.14285714285714285,0.008121077888519759,0.0,0.0,0.0
G,6896884547,7,0.42857142857142855,0.4560497835497835,0.18876818105800314,0.0,0.04545454545454536,0.04545454545454533
G,6898821807,9,0.6666666666666666,0.29311279461279466,0.19562194340015873,0.11111111111111105,0.024182659932659945,0.012603539730609153
G,6964124866,2,1.0,1.0,0.6054135338345867,0.0,0.0,0.0
G,6988748711,8,0.125,0.06960606060606059,0.05315965501824814,-0.125,0.0,0.0
G,7001078933,7,0.14285714285714285,0.07142857142857142,0.04282951562242806,0.0,0.0,0.0
G,7059877301,8,0.125,0.01988636363636352,0.012685302371078034,-0.125,-0.09256155303030299,-0.06421973141310341
G,7088595057,6,0.16666666666666666,0.21364141414141413,0.047420761341957655,0.0,0.046974747474747475,0.02472394562380047
G,7114553643,8,0.625,0.4788380681818182,0.1174559747091086,0.125,0.0,0.0
G,7149153537,6,0.3333333333333333,0.2813636363636361,0.09558462888000203,0.0,0.0,0.0
G,7164729910,8,0.375,0.3569210647734715,0.11224686471629819,-0.125,0.0,0.0
G,7223854838,4,0.25,0.039772727272727224,0.028539707419017707,0.0,0.0,0.0
G,7288107396,7,0.5714285714285714,0.4425189393939393,0.24893846200242406,-0.1428571428571429,0.0,0.0
G,7308042410,7,0.42857142857142855,0.24889718614718612,0.1351906303514385,0.14285714285714285,0.0,0.0
G,7331927796,10,0.5,0.27585757575757575,0.15524391486610217,0.0,0.034088636363636377,0.04544808242134865
G,7364407194,2,1.0,0.5,0.16923076923076927,0.0,0.0,0.0
G,7416295940,10,0.5,0.2510825757575759,0.10258119916186184,0.0,0.03919772727272727,0.023384811465296307
G,7442562474,6,0.5,0.17251641414141414,0.069079958840807,0.0,0.0,0.0
G,7453733046,13,0.6153846153846154,0.2687680652680653,0.2136076740645079,0.0,0.10250641025641033,0.09390213525389265
G,7492398760,11,0.5454545454545454,0.2109876033057854,0.11008009880976076,0.0,0.0,0.0
G,7531285946,8,0.625,0.3986013257575758,0.150858292540219,0.0,-0.05832859848484845,-0.02005571430667058
G,7533369046,4,0.5,0.15482954545454558,0.12095899693185626,-0.25,0.0,0.0
G,7536230796,5,0.6,0.3162878787878788,0.13653581471676007,0.0,0.0,0.0
G,7571121368,7,0.42857142857142855,0.2770660173160172,0.11221646932144232,0.0,0.0,0.0
G,7572859950,3,1.0,0.42446878902304935,0.19962931951089838,0.0,0.31840818296244333,0.09356871345029237
G,7605329840,7,0.42857142857142855,0.31808008658008663,0.2994712710418054,-0.14285714285714285,0.0,0.0
G,7728559968,5,0.6,0.6010560606060604,0.2075571986415954,0.0,0.0,0.0
G,7771650716,8,0.625,0.567507124387882,0.3363504391710753,-0.125,0.0,0.0
G,7786283208,6,0.0,0.14020580808080801,0.12303947095597116,0.0,0.015155303030302963,0.007186953643599864
G,7961460440,1,0.0,0.0,0.0,0.0,0.0,0.0
G,7987845241,4,0.25,0.0,0.0,0.0,0.0,0.0
G,7988210561,7,0.8571428571428571,0.6722077922077921,0.5494142712596252,0.0,0.008991341991341995,0.013976718838880187
G,7999756100,5,0.4,0.3177290482524142,0.1780277558482731,0.0,0.0,0.0
G,8024853715,5,0.8,0.5582022976334916,0.29484674786451787,-0.19999999999999996,0.0,0.0
G,8064178441,9,0.4444444444444444,0.18084006734006738,0.022989061658244117,0.0,-0.041382154882154826,-0.004130989986638928
G,8080432373,8,0.25,0.054119318181818185,0.02941630636195183,-0.25,0.0,0.0
G,8107573462,10,0.7,0.32301363636363634,0.24259441280874747,-0.20000000000000007,0.0,0.0
G,8132842161,6,1.0,0.7384368686868689,0.45214854158877976,0.0,0.0743661616161615,0.03779641382162613
G,8171216955,6,0.5,0.3333333333333333,0.08555555555555557,0.0,-0.06129762353828749,-0.07106763611881174
G,8188651630,4,0.25,0.25,0.04119850187265917,0.0,0.0,0.0
G,8189958994,8,0.375,0.28262121212121216,0.1174044534487173,0.0,-0.052135416666666656,-0.053519343001875386
G,8211075660,4,0.75,0.5293257575757577,0.13494630548360223,0.0,0.0,0.0
G,8224492254,4,0.5,0.21136363636363636,0.10258445516891031,0.0,0.0,0.0
G,8224504302,3,0.0,0.0,0.0,-0.3333333333333333,-0.28030303030303005,-0.28030303030303005
G,8225502382,8,0.25,0.017921401515151543,0.010847758798578501,0.0,-0.11079545454545456,-0.11079545454545456
G,8241491518,2,0.5,0.1946742424242427,0.12521046511036546,0.0,0.0,0.0
G,8253302563,8,0.5,0.32149621212121215,0.24316491077579694,0.125,0.0,0.0
G,8277866423,8,0.625,0.449817646727498,0.22359067908721428,-0.125,0.0,0.0
G,8313365386,7,0.5714285714285714,0.47754329004329005,0.33288838395859355,0.0,0.17126623376623373,0.12113485542227989
G,8318310610,3,0.0,0.0,0.0,0.0,0.0,0.0
G,8330342965,7,0.5714285714285714,0.4542954545454546,0.33086651089501234,-0.1428571428571429,0.10689285714285723,0.0528648145260493
G,8387356484,3,0.3333333333333333,0.3333333333333333,0.07154471544715449,0.0,0.3333333333333333,0.07154471544715449
G,8388104887,5,0.4,0.19930303030303032,0.19454289407252062,0.0,0.1042030303030303,0.10171712540487786
G,8403741210,2,0.0,0.19940530303030332,0.1554202070183107,-0.5,0.0,0.0
G,8428551576,10,0.4,0.15606136363636364,0.07235742068267845,0.0,0.0,0.0
G,8455160795,4,0.5,0.25834280303030294,0.15940904906513628,0.0,0.0,0.0
G,8457210773,5,0.0,0.0,0.0,0.0,-0.027272727272726976,-0.01578947368421036
G,8464056582,7,0.14285714285714285,0.10633116883116882,0.02747914053959052,-0.14285714285714285,0.0,0.0
G,8493226484,4,0.75,0.27849242424242415,0.2629367418304337,0.0,0.0,0.0
G,8495272210,6,0.5,0.2540593434343434,0.08156404816198301,-0.16666666666666663,-0.10152525252525246,-0.10038669814785323
G,8505893258,5,0.2,0.18716954906310976,0.04052199074074074,0.0,0.18716954906310976,0.04052199074074074
G,8513603944,5,0.4,0.39170757575757575,0.181363971322309,0.0,0.0,0.0
G,8531675050,5,0.4,0.2627863636363636,0.1300807331920717,0.0,-0.07252230859599573,-0.04396060606060609
G,8552680285,4,0.75,0.2466117424242424,0.15969592710453318,0.0,-0.0002443181818182205,0.008212431345958698
G,8557532213,8,0.75,0.37275545422031464,0.23284019882648604,-0.125,-0.021232007575757605,-0.013994681251378094
G,8575881495,9,0.4444444444444444,0.24843602693602693,0.11723245760601247,-0.11111111111111116,-0.00741582491582507,-0.003791350900069365
G,8594314852,10,0.7,0.5577537878787879,0.43082431933213394,-0.10000000000000009,-0.01364999999999994,-0.018593248364135673
G,8604794910,6,1.0,0.4056237373737374,0.3087443478088539,0.0,0.049847222222222265,0.005674792383198568
G,8627074061,6,0.5,0.28047853535353534,0.1941294898540904,0.0,0.11381186868686868,0.07954615652075703
G,8740703217,6,0.6666666666666666,0.16243124498808434,0.05072839506172839,-0.16666666666666674,-0.08712121212121218,-0.08712121212121218
G,8783897632,7,0.5714285714285714,0.22737987012987007,0.1519658096719169,0.0,0.0,0.0
G,8797589693,8,0.0,0.0,0.0,0.0,0.0,0.0
G,8811725760,9,0.4444444444444444,0.23856937745826626,0.13068736764318456,0.0,0.012135873246984286,0.0064965467220922946
G,9082180631,4,0.25,0.15521961355294686,0.07115510689679973,-0.5,-0.08854119270785946,-0.03593207498542375
G,9088819598,8,0.5,0.35310142398309685,0.16314351602467375,0.0,0.0,0.0
G,9217939684,7,0.42857142857142855,0.17018398268398263,0.15006030209880714,-0.14285714285714285,0.0,0.0
G,9293415110,2,0.0,0.10227272727272732,0.04054054054054056,0.0,0.0,0.0
G,9304738817,1,1.0,0.0,0.0,0.0,0.0,0.0
G,9408800471,10,0.5,0.33709308014044026,0.2356926907450788,-0.09999999999999998,0.061770861770861885,0.038377385159010596
G,9473479950,5,0.6,0.5025207320124491,0.28171412207224034,-0.20000000000000007,0.19116240398745443,0.08501012543403685
G,9498159305,4,0.5,0.007360084788176741,0.0026067734401067667,0.0,0.0,0.0
G,9531760182,9,0.4444444444444444,0.18213530655391122,0.12074155441213315,0.0,0.0,0.0
G,9565310990,6,0.3333333333333333,0.14061409894743232,0.07163244949351531,0.0,-0.03462174295507631,-0.022448568169302185
G,9576671750,3,0.6666666666666666,0.24839485950597076,0.16333969336095094,0.0,0.0,0.0
G,9612838272,7,0.7142857142857143,0.3511648993019874,0.29554373515575255,0.0,0.0,0.0
G,9917882506,6,0.16666666666666666,0.0,0.0,0.0,0.0,0.0
