video,qid,type,question,pred_answer_idx,pred_answer_label,gold_answer_idx,gold_answer_label,acc_qa,pred_span_start,pred_span_end,gold_spans,iop,iou,acc_gqa_unverified,used_clip_anchor,raw_answer_nonempty,retrieval_span_ms,caption_answer_ms,query_mode,traversal_mode,relation,relation_source,fallback_reason,num_ppr_calls,context_frame_count
9873067604,4,CW,why did the boy in white sway his head around,2,C,2,C,True,11.522,15.922,"[[25.3, 31.2]]",0.0,0.0,False,True,True,2819.48,2555.14,none,none,,,,1,4
7508439506,1,CW,why did the boy put his hands on the baby,3,D,0,A,False,3.739,8.139,"[[0.0, 2.4]]",0.0,0.0,False,True,True,8.38,2665.63,none,none,,,,1,4
6136926089,8,TN,what does the baby do after letting go of the cart,1,B,1,B,True,6.542,10.942,"[[9.9, 13.0]]",0.23683,0.16136,False,True,True,6.77,2868.45,none,none,,,,1,4
6793786769,5,TC,what is the person in black behind the boy doing as the boy plays with the train,1,B,1,B,True,45.3,48.0,"[[7.7, 22.0], [28.0, 35.4], [43.0, 48]]",1.0,0.54,True,True,True,7.84,2352.89,none,none,,,,1,4
3562017845,7,CH,how did the bird in the front get to the other side of the land,1,B,1,B,True,16.519,20.919,"[[7.2, 11.9]]",0.0,0.0,False,True,True,7.83,2645.01,none,none,,,,1,4
7499763064,5,CW,why did the man stretch his arm out to touch the rope in the middle,2,C,4,E,False,0.344,4.744,"[[5.2, 6.1]]",0.0,0.0,False,True,True,7.8,2479.97,none,none,,,,1,4
6329077812,7,TP,what did the lady do before wipping the baby s mouth,2,C,4,E,False,23.459,27.859,"[[29.2, 43.8]]",0.0,0.0,False,True,True,7.84,2538.7,none,none,,,,1,4
4273039295,4,CW,why does the baby bend down near the tree,0,A,0,A,True,56.36,60.76,"[[53.5, 60.9]]",1.0,0.59459,True,True,True,7.66,2620.97,none,none,,,,1,4
3066064005,1,CW,why is the woman in purple holding on to a bunch of cutlery,0,A,0,A,True,20.122,24.522,"[[2.2, 11.8]]",0.0,0.0,False,True,True,7.71,3425.5,none,none,,,,1,4
3851961428,11,TN,how did the man on the most right reacted after the man in red showed him a hand gesture,4,E,1,B,False,0.0,2.467,"[[38.5, 46.5]]",0.0,0.0,False,True,True,7.9,2842.24,none,none,,,,1,4
4822859674,2,CW,why does the baby start climbing on the floor after walking for a while at the start of the video,2,C,3,D,False,12.523,16.923,"[[1.3, 7.8]]",0.0,0.0,False,True,True,6.45,2451.93,none,none,,,,1,4
4279106208,10,CW,why did the lady hold onto the child when going down the slide together,1,B,1,B,True,0.0,4.36,"[[0.0, 13.8]]",1.0,0.31594,True,True,True,7.19,2516.06,none,none,,,,1,4
2821968703,5,CW,why is the man leaning towards the back,4,E,4,E,True,25.895,30.0,"[[14.3, 21.0]]",0.0,0.0,False,True,True,7.59,2198.59,none,none,,,,1,4
4273039295,8,TN,what does the woman in green beanie do after the child runs away for a while,0,A,1,B,False,68.48,72.88,"[[54.5, 59.5]]",0.0,0.0,False,True,True,7.75,2403.33,none,none,,,,1,4
4273039295,7,TC,what does the woman in green beanie do as the child in runs pass him,0,A,3,D,False,68.48,72.88,"[[40.9, 47.6]]",0.0,0.0,False,True,True,7.64,2820.99,none,none,,,,1,4
10597533885,4,TN,what does the baby do after touching the toy house in the middle,2,C,1,B,False,45.915,50.315,"[[30.5, 38.0]]",0.0,0.0,False,True,True,7.89,2611.98,none,none,,,,1,4
14012319794,8,CW,why did the girl take the piece of card at the start of the video,3,D,0,A,False,0.0,3.783,"[[0.1, 6.5]]",0.97357,0.56667,False,True,True,8.47,4444.79,none,none,,,,1,4
3249402410,9,TN,what did the lady in pink do after the lady in red passed her the pan,4,E,2,C,False,0.202,4.602,"[[17.1, 21.3]]",0.0,0.0,False,True,True,7.74,3169.86,none,none,,,,1,4
3784543730,1,CW,why is the black shirt man moving his legs up and down on the bicycle,1,B,1,B,True,14.583,18.983,"[[10.4, 28]]",1.0,0.25,True,True,True,7.85,2565.69,none,none,,,,1,4
5658916668,6,TN,what did the man do after falling,3,D,3,D,True,10.446,14.846,"[[14.8, 18.3]]",0.01045,0.00585,False,True,True,7.81,2908.59,none,none,,,,1,4
4087654898,0,CH,how did the children fill up the bucket,3,D,0,A,False,7.81,11.0,"[[0.0, 3.1], [5.6, 8.0]]",0.05956,0.03519,False,True,True,7.0,2520.09,none,none,,,,1,4
3471421544,4,CH,how does the baby move the chair,1,B,0,A,False,29.832,34.232,"[[12.5, 48.7]]",1.0,0.12155,False,True,True,7.86,2869.96,none,none,,,,1,4
4013751996,7,CW,why does the girl face downwards while talking,1,B,3,D,False,9.395,13.795,"[[7.5, 11.1]]",0.38752,0.27087,False,True,True,7.74,2402.81,none,none,,,,1,4
6617533993,7,TC,how does the boy feel while playing,4,E,4,E,True,18.842,23.242,"[[46.1, 48.9]]",0.0,0.0,False,True,True,8.16,2779.83,none,none,,,,1,4
7499763064,3,TC,what does the man above hold onto while climbing up,0,A,0,A,True,8.185,12.585,"[[5.4, 19.3], [19.6, 25]]",1.0,0.31655,True,True,True,16.88,2422.64,none,none,,,,1,4
4087654898,7,TN,what does the girl do after filling the bucket,2,C,4,E,False,7.677,11.0,"[[7.2, 10.8]]",0.93982,0.82196,False,True,True,7.46,2550.21,none,none,,,,1,4
3851961428,4,CW,why does the boy wearing blue struggle after taking off his goggles,3,D,4,E,False,2.605,7.005,"[[2.7, 8.9]]",0.97836,0.68382,False,True,True,17.84,2494.01,none,none,,,,1,4
8563398032,5,TN,why did the man with plain black shirt stop moving his hands for a while in the middle,0,A,4,E,False,57.36,61.76,"[[31.4, 38.6]]",0.0,0.0,False,True,True,7.69,2975.13,none,none,,,,1,4
4483447009,3,TN,what does the duck do after pecking for a while at the start,0,A,2,C,False,0.0,3.201,"[[2.8, 9.4]]",0.12527,0.04266,False,True,True,7.61,2663.09,none,none,,,,1,4
9409566840,2,CH,how does the brown dog keep the white dog down,1,B,1,B,True,0.0,2.634,"[[1.0, 5.7], [12.5, 15.7], [29.9, 32.5]]",0.62032,0.28663,True,True,True,7.58,3073.13,none,none,,,,1,4
14012319794,4,CW,why did the girl pull the tent down towards her in the middle of the video,3,D,1,B,False,51.217,55.617,"[[54.0, 65.6]]",0.36742,0.1124,False,True,True,7.75,3205.89,none,none,,,,1,4
4626535366,4,CW,why does the kid stands near the poster,3,D,3,D,True,11.714,16.114,"[[11.5, 45.8]]",1.0,0.12828,True,True,True,8.1,2836.64,none,none,,,,1,4
11584566583,3,CH,how did the woman in green adjusts her glasses at the middle,0,A,0,A,True,5.708,10.108,"[[6.7, 7.8]]",0.25,0.25,False,True,True,7.68,2734.1,none,none,,,,1,4
8563398032,0,CW,why did the man with plain black shirt raise his hands after the man beside him touch his nose,4,E,4,E,True,57.36,61.76,"[[0.6, 6.8]]",0.0,0.0,False,True,True,7.66,3105.57,none,none,,,,1,4
11565498775,2,CW,why does the boy look up at the man in the middle of the video,1,B,1,B,True,36.405,40.805,"[[10.4, 18.1]]",0.0,0.0,False,True,True,6.46,2379.65,none,none,,,,1,4
4123211145,3,CW,why did the person at the back throw a jacket towards the girls when they are dancing in front,3,D,3,D,True,10.78,15.18,"[[23.3, 26.8]]",0.0,0.0,False,True,True,8.23,3299.08,none,none,,,,1,4
5603283408,3,CW,why did the object on the ground move after the middle part of the video,2,C,1,B,False,0.0,2.867,"[[18.8, 20.3]]",0.0,0.0,False,True,True,7.34,2940.56,none,none,,,,1,4
5840177726,1,CW,why did the man in red pedal faster when going upslope,2,C,2,C,True,4.573,8.973,"[[0.1, 2.1]]",0.0,0.0,False,True,True,7.17,2630.79,none,none,,,,1,4
5421648216,1,CW,why is there collar on the white sheep,0,A,0,A,True,14.25,18.65,"[[0.2, 5.1], [9.5, 21.2], [34.2, 43]]",1.0,0.37607,True,True,True,7.72,2548.38,none,none,,,,1,4
4782722858,3,TN,what did the lady in brown skirt do after the first time she shaked her body,4,E,4,E,True,44.36,48.76,"[[7.0, 12.0]]",0.0,0.0,False,True,True,6.54,2694.31,none,none,,,,1,4
5323654756,6,TN,what did the girl in pink do after she approached the boy in blue,1,B,1,B,True,5.641,10.041,"[[34.5, 42.6]]",0.0,0.0,False,True,True,8.29,2735.26,none,none,,,,1,4
4279106208,3,TP,why does the lady hold the baby before getting down the slide,3,D,3,D,True,3.52,7.92,"[[0.2, 7.8]]",0.97273,0.5544,True,True,True,7.5,2433.91,none,none,,,,1,4
2835125654,2,TC,what do the elephants do as the people were watching in the second half of the video,0,A,4,E,False,35.504,39.904,"[[27.7, 37.2]]",0.38545,0.13897,False,True,True,7.95,2255.51,none,none,,,,1,4
6329077812,9,TN,what did the lady do after cleaning the baby s mouth,4,E,4,E,True,23.459,27.859,"[[49.5, 61]]",0.0,0.0,False,True,True,8.13,2806.25,none,none,,,,1,4
4179163342,12,TN,what did the tallest girl do after the man pointed at her,1,B,2,C,False,58.16,62.56,"[[40.5, 44.5]]",0.0,0.0,False,True,True,7.59,3036.92,none,none,,,,1,4
11587211476,4,CW,why are there people standing and sitting around at the boundaries of the course,3,D,4,E,False,11.48,15.88,"[[44.0, 49]]",0.0,0.0,False,True,True,7.67,2901.83,none,none,,,,1,4
11587211476,3,CW,why did the man releash the dog s leash,1,B,1,B,True,35.604,40.004,"[[0.1, 8.2]]",0.0,0.0,False,True,True,7.48,2931.02,none,none,,,,1,4
5658916668,1,CH,how did the man sliding down slope make sure that he keeps his balance,2,C,2,C,True,3.539,7.939,"[[7.1, 9.8]]",0.1907,0.13402,False,True,True,7.56,3077.33,none,none,,,,1,4
2835125654,6,TC,what does the man do with his left leg as he watches the elephant at the start,0,A,1,B,False,8.21,12.61,"[[0.0, 11.2]]",0.67955,0.23711,False,True,True,7.48,2024.99,none,none,,,,1,4
2920952624,4,CW,why does the taller woman look up and kiss at the camera in the middle of the video,0,A,2,C,False,21.323,25.723,"[[9.2, 10.3]]",0.0,0.0,False,True,True,7.51,2277.03,none,none,,,,1,4
8177965766,1,TP,what did the man on the stage do before sitting,1,B,1,B,True,0.8,5.2,"[[9.4, 11.6]]",0.0,0.0,False,True,True,7.51,2930.18,none,none,,,,1,4
2552130183,10,TN,what does the baby do after the lady lays it down on the ground near the end,2,C,1,B,False,5.274,9.674,"[[60.8, 67.6]]",0.0,0.0,False,True,True,8.4,2613.29,none,none,,,,1,4
3452354871,1,CW,why did the man lift up his sole after the bird gotten off his foot,1,B,1,B,True,1.804,6.204,"[[8.2, 11.4]]",0.0,0.0,False,True,True,7.27,2382.79,none,none,,,,1,4
8208035645,4,TC,what happened to the boy when he cycled upslope at the end,1,B,1,B,True,0.0,4.169,"[[13.2, 14]]",0.0,0.0,False,True,True,6.05,2356.85,none,none,,,,1,4
8177965766,0,TN,what did the woman do to the microphone after awhile,3,D,3,D,True,0.0,2.742,"[[3.5, 6.8]]",0.0,0.0,False,True,True,7.18,2593.43,none,none,,,,1,4
9735768590,5,TN,what does the woman do after tucking out her tongue,3,D,2,C,False,13.115,17.515,"[[11.1, 14.4]]",0.29197,0.20025,False,True,True,7.04,2699.36,none,none,,,,1,4
6617533993,4,CH,how does the boy move himself forward in the middle of the video towards the girl and toy,3,D,3,D,True,48.717,53.117,"[[19.4, 22.2]]",0.0,0.0,False,True,True,8.27,3172.21,none,none,,,,1,4
7888256388,4,TC,what did the girl do when the lady was patting the dog at the start,2,C,3,D,False,13.482,17.882,"[[0.0, 1.9]]",0.0,0.0,False,True,True,6.93,2719.51,none,none,,,,1,4
6163877860,0,CW,why did the baby remove her socks,2,C,2,C,True,7.967,12.367,"[[3.1, 54.8]]",1.0,0.08511,True,True,True,8.23,2773.22,none,none,,,,1,4
7330294814,7,TN,what does the lady in white do after sitting on the couch at the start,0,A,0,A,True,32.501,36.901,"[[7.7, 9.3]]",0.0,0.0,False,True,True,7.72,3500.66,none,none,,,,1,4
3402648543,6,TN,what does the big dog do after the small dogs suck it for a while,3,D,4,E,False,0.678,5.078,"[[2.3, 5.8]]",0.63134,0.54233,False,True,True,7.58,2155.07,none,none,,,,1,4
11565498775,8,TN,what does the boy do after moving closer to the man,1,B,1,B,True,15.284,19.684,"[[12.3, 17.0]]",0.38997,0.23237,False,True,True,9.82,2568.36,none,none,,,,1,4
5047408177,0,CW,why does the girl pick up clothes from the basket,0,A,2,C,False,27.0,31.4,"[[0.0, 17.3]]",0.0,0.0,False,True,True,7.54,2285.7,none,none,,,,1,4
3402648543,9,TN,what do the small dogs do after the big dog runs away at the end,2,C,2,C,True,8.936,13.336,"[[6.1, 21.6]]",1.0,0.28387,True,True,True,7.81,1935.07,none,none,,,,1,4
14012319794,9,CW,why did the girl run out of the room in the middle of the video,1,B,1,B,True,79.967,84.367,"[[75.0, 80.3], [92.6, 98.0]]",0.07576,0.03559,False,True,True,8.02,2970.14,none,none,,,,1,4
7691172922,1,TC,how did the lady reward the dog for coming to her,1,B,1,B,True,37.84,42.24,"[[19.4, 23.6]]",0.0,0.0,False,True,True,7.76,2702.92,none,none,,,,1,4
2920952624,7,TN,what does the shorter woman do after putting her left hand into a bag,0,A,1,B,False,28.706,33.106,"[[1.9, 5.8]]",0.0,0.0,False,True,True,7.77,1988.15,none,none,,,,1,4
8254300526,3,CW,why did the adult move his finger up the air near the start,0,A,3,D,False,34.05,38.45,"[[3.1, 4.8]]",0.0,0.0,False,True,True,6.94,2558.13,none,none,,,,1,4
8177965766,3,TC,what does the man on stage do while the lady sings,0,A,1,B,False,0.0,2.742,"[[18.4, 29]]",0.0,0.0,False,True,True,7.45,2856.96,none,none,,,,1,4
3402648543,1,TC,what are the small dogs doing when the big dog is standing still,4,E,1,B,False,15.985,20.385,"[[0.6, 4.1]]",0.0,0.0,False,True,True,7.79,2021.09,none,none,,,,1,4
3249402410,4,CW,why is the lady in pink standing next to the lady in red,2,C,2,C,True,20.423,23.0,"[[4.1, 17.1]]",0.0,0.0,False,True,True,7.5,2786.82,none,none,,,,1,4
4179163342,4,CW,why did the shortest girl cover her mouth near the end of the video,1,B,1,B,True,58.861,63.261,"[[31.2, 33.3]]",0.0,0.0,False,True,True,8.35,2381.03,none,none,,,,1,4
6163877860,8,CW,why did the socks disappear from the baby s hands,0,A,3,D,False,39.717,44.117,"[[54.8, 56.0]]",0.0,0.0,False,True,True,7.99,2858.89,none,none,,,,1,4
6793786769,8,TC,what did the boy do when the train moved away in the middle of the video,1,B,1,B,True,0.175,4.575,"[[21.1, 31.6]]",0.0,0.0,False,True,True,7.32,2701.05,none,none,,,,1,4
6793786769,6,CW,why did the train stopped a while near the end of the video,0,A,0,A,True,21.967,26.367,"[[38.0, 39.8]]",0.0,0.0,False,True,True,7.9,2668.3,none,none,,,,1,4
8208035645,2,TN,what does the boy do after going downslope at the start,4,E,4,E,True,11.113,14.0,"[[1.5, 5.1]]",0.0,0.0,False,True,True,9.2,2580.03,none,none,,,,1,4
3249402410,6,CH,how did the lady in black on the right spread the chesse around the pizza,2,C,0,A,False,2.805,7.205,"[[0.0, 16.0]]",1.0,0.275,False,True,True,7.88,2722.78,none,none,,,,1,4
4179163342,11,TN,what did the dog do after the girl hugged it in the middle of the video,2,C,2,C,True,44.947,49.347,"[[47.0, 49.2]]",0.5,0.5,True,True,True,17.42,2356.85,none,none,,,,1,4
7691172922,0,CH,how did the dog greet the lady,1,B,0,A,False,9.845,14.245,"[[12.3, 21.3]]",0.44213,0.16983,False,True,True,8.12,2965.89,none,none,,,,1,4
2885091387,6,TC,what does the man in blue do when the car tilts at a sharp angle near the end,0,A,0,A,True,25.361,29.761,"[[33.7, 35.6]]",0.0,0.0,False,True,True,7.73,2369.32,none,none,,,,1,4
4822859674,9,CH,how did the man supported the second boy he held near the end of the video,1,B,3,D,False,12.523,16.923,"[[25.7, 31.6]]",0.0,0.0,False,True,True,7.78,2516.9,none,none,,,,1,4
4087654898,6,CW,why are both of them staring downwards,1,B,1,B,True,8.344,11.0,"[[0.0, 9.4]]",0.39762,0.09601,False,True,True,7.19,2691.51,none,none,,,,1,4
8563398032,6,CH,how does the man in plain shirt direct the attention towards the pictures on the walls near the end,0,A,4,E,False,58.8,63.2,"[[71.0, 81.6]]",0.0,0.0,False,True,True,8.45,2923.12,none,none,,,,1,4
5702201498,0,TC,what is the man hugging while sleeping,1,B,1,B,True,2.438,6.838,"[[0.1, 11.0]]",1.0,0.40367,True,True,True,7.11,2757.5,none,none,,,,1,4
4087013668,5,TN,what did the lady in pink shirt do after the baby threw the peels out,4,E,1,B,False,5.308,9.707,"[[7.1, 16.8]]",0.59261,0.22689,False,True,True,7.35,2738.06,none,none,,,,1,4
5008618500,2,CH,how does the girl take a closer look at the baby in the middle of the video,3,D,4,E,False,1.704,6.104,"[[13.3, 22.9]]",0.0,0.0,False,True,True,7.31,2602.91,none,none,,,,1,4
4273039295,5,CW,why does the baby fall down near the end of the video,0,A,3,D,False,65.6,70.0,"[[65.5, 68.2]]",0.59091,0.57778,False,True,True,7.83,2496.15,none,none,,,,1,4
4983922034,2,CW,why does the black dog standing towards the right not jump after the middle,1,B,1,B,True,1.604,6.004,"[[8.8, 11.8]]",0.0,0.0,False,True,True,7.33,2553.03,none,none,,,,1,4
10727696143,4,CW,why did the boy run forward at the start,1,B,1,B,True,33.502,37.902,"[[4.6, 9.3]]",0.0,0.0,False,True,True,7.64,2707.38,none,none,,,,1,4
8312058649,3,CW,why does the baby turn his head to look backwards in the middle of the video,4,E,4,E,True,18.967,23.367,"[[17.3, 22.4]]",0.7803,0.56593,True,True,True,7.44,3119.04,none,none,,,,1,4
4983922034,8,TC,what is the black dog doing when the man kicks the snow,0,A,1,B,False,2.071,6.471,"[[5.1, 10.7]]",0.31158,0.15887,False,True,True,7.31,2413.17,none,none,,,,1,4
3402648543,2,CW,why is the big dog moving away from the small dogs,2,C,2,C,True,7.601,12.001,"[[5.8, 17.6]]",1.0,0.37288,True,True,True,7.35,2178.6,none,none,,,,1,4
6159637889,5,TN,what does the person do after the baby waves its hand in the middle of the video,3,D,4,E,False,44.88,49.28,"[[31.9, 36.7]]",0.0,0.0,False,True,True,7.92,3093.29,none,none,,,,1,4
2510696559,0,CW,why did the boy look down at the bike before starting to cycle,3,D,3,D,True,9.111,13.511,"[[0.0, 1.6]]",0.0,0.0,False,True,True,7.76,3453.04,none,none,,,,1,4
8990144134,4,TC,what did the cat do when it saw the bird standing there,0,A,4,E,False,2.271,6.671,"[[2.6, 7.1]]",0.92526,0.84308,False,True,True,7.0,1974.22,none,none,,,,1,4
4083875373,5,TN,what does the girl do after standing up at the end,1,B,4,E,False,11.38,15.78,"[[50.6, 54]]",0.0,0.0,False,True,True,7.22,2831.61,none,none,,,,1,4
5323654756,3,CW,why did the girl in green lean backwards at the beginning of the video,4,E,1,B,False,32.201,36.601,"[[3.8, 10.3]]",0.0,0.0,False,True,True,8.44,3112.35,none,none,,,,1,4
4279106208,5,TC,how did the woman make sure that the child plays safely on the slide,2,C,2,C,True,3.52,7.92,"[[0.1, 13.5]]",1.0,0.32836,True,True,True,7.4,2493.69,none,none,,,,1,4
4822859674,8,TN,what did the lady do after the boy crawled towards her,2,C,1,B,False,12.398,16.798,"[[9.8, 15.2]]",0.63684,0.40042,False,True,True,7.52,2627.54,none,none,,,,1,4
7499763064,4,TC,what does the man do as the lady in blue was waiting behind him,4,E,4,E,True,0.678,5.078,"[[6.2, 25]]",0.0,0.0,False,True,True,7.22,2245.62,none,none,,,,1,4
3402648543,4,CW,why does the big dog run behind the house,2,C,3,D,False,9.061,13.461,"[[18.7, 21.6]]",0.0,0.0,False,True,True,7.16,2132.97,none,none,,,,1,4
8990144134,2,TC,what does the cat do when it first sat up,3,D,3,D,True,0.0,2.467,"[[3.2, 7.5]]",0.0,0.0,False,True,True,7.15,2104.89,none,none,,,,1,4
4658396458,3,CW,why did the adult stretch out his hands to the baby while the baby is touching the basket,2,C,4,E,False,76.55,80.95,"[[41.8, 50.0]]",0.0,0.0,False,True,True,7.5,3599.85,none,none,,,,1,4
6542914065,9,CW,why did the man in red suddenly slow down,3,D,3,D,True,4.373,8.773,"[[7.2, 10.0]]",0.35755,0.2796,False,True,True,5.93,2621.77,none,none,,,,1,4
9735768590,6,TN,how does the baby react after the woman runs the finger across the baby s stomach,0,A,0,A,True,0.0,3.268,"[[10.9, 14.6]]",0.0,0.0,False,True,True,8.06,2976.34,none,none,,,,1,4
3469864014,6,CH,how did the cat respond to the camera,1,B,4,E,False,21.09,25.49,"[[9.8, 13.0]]",0.0,0.0,False,True,True,7.4,2191.55,none,none,,,,1,4
6542914065,8,CW,why is the three men running on the field,2,C,2,C,True,3.839,8.239,"[[4.9, 10]]",0.75895,0.54205,True,True,True,6.29,2640.82,none,none,,,,1,4
8177965766,6,TP,how does the man react to the performance before sitting down,1,B,0,A,False,0.8,5.2,"[[11.4, 13.4]]",0.0,0.0,False,True,True,7.57,2755.86,none,none,,,,1,4
3935853204,8,CW,why are people standing around and staring at the screen,1,B,0,A,False,13.149,17.549,"[[15.1, 20.4]]",0.55652,0.33769,False,True,True,7.43,2599.92,none,none,,,,1,4
6018514357,6,CW,why did the man hold the baby s hands,0,A,0,A,True,36.739,41.139,"[[11.9, 16.6]]",0.0,0.0,False,True,True,8.09,2800.62,none,none,,,,1,4
6163877860,7,CW,why did the book drop,1,B,1,B,True,7.592,11.992,"[[17.2, 19.0]]",0.0,0.0,False,True,True,7.95,2683.87,none,none,,,,1,4
2920952624,3,CW,why does the shorter woman open the fridge at the end of the video,4,E,4,E,True,22.325,26.724,"[[29.0, 34]]",0.0,0.0,False,True,True,7.28,2073.12,none,none,,,,1,4
3355698421,2,CH,how did the man in checkered shirt gesture towards the woman in black,3,D,3,D,True,0.0,3.802,"[[4.7, 7.6]]",0.0,0.0,False,True,True,7.5,2482.14,none,none,,,,1,4
3784543730,6,CW,why is there person in black moving his legs,3,D,3,D,True,11.714,16.114,"[[10.4, 28]]",1.0,0.25,True,True,True,7.43,2496.44,none,none,,,,1,4
3562017845,2,CW,why does the bird start shaking its body,1,B,1,B,True,0.102,4.502,"[[20.4, 35.3]]",0.0,0.0,False,True,True,7.49,2613.65,none,none,,,,1,4
2835125654,9,CW,why were the people standing at the fence at the beginning,2,C,2,C,True,5.607,10.007,"[[0.0, 22.3]]",1.0,0.19731,True,True,True,7.67,2148.36,none,none,,,,1,4
5352022985,3,CW,why does the dog shake its body near the end of the video,0,A,0,A,True,7.61,12.01,"[[10.9, 47]]",0.25223,0.02817,False,True,True,7.39,2387.23,none,none,,,,1,4
7651639778,7,TC,what is the the man in blue jacket doing on the shoulder,3,D,3,D,True,57.193,61.593,"[[0.8, 49.9]]",0.0,0.0,False,True,True,8.2,2556.98,none,none,,,,1,4
9873067604,5,TN,what did the boy with collar shirt do after he looked at the camera at first,4,E,3,D,False,19.53,23.93,"[[9.9, 14.3]]",0.0,0.0,False,True,True,7.69,2330.76,none,none,,,,1,4
13884293626,6,CW,why did the lady in purple touched her hair in the middle of the video,1,B,0,A,False,133.849,138.249,"[[50.6, 55.5]]",0.0,0.0,False,True,True,8.43,2699.36,none,none,,,,1,4
3402648543,5,CW,why does the big dog face the two small dogs when they re playing,3,D,2,C,False,7.601,12.001,"[[6.3, 17.7]]",1.0,0.38596,False,True,True,8.13,2239.89,none,none,,,,1,4
5889898795,8,CW,why does the lady in white face the men s bodies some time before they are ready to jump,3,D,3,D,True,24.26,28.66,"[[27.1, 38.5], [54.4, 60.5], [68.0, 78.2]]",0.35449,0.10953,False,True,True,7.85,3221.24,none,none,,,,1,4
3355698421,3,CW,why does the man in checkered turn to his left after drinking,1,B,1,B,True,0.0,3.001,"[[0.5, 5.1]]",0.83338,0.49035,True,True,True,7.88,2959.58,none,none,,,,1,4
6860322796,0,TN,what does the black dog do after it plays a while with the brown dog,2,C,0,A,False,22.258,26.658,"[[6.7, 10.4]]",0.0,0.0,False,True,True,7.45,2386.79,none,none,,,,1,4
4123211145,9,TN,what did the girl in orange do after she took the towel from the girl in yellow,4,E,4,E,True,10.946,15.346,"[[28.1, 30.1]]",0.0,0.0,False,True,True,8.33,3276.52,none,none,,,,1,4
7330294814,2,CW,why is the lady in beige holding a soft toy,1,B,1,B,True,7.943,12.343,"[[7.6, 52.4], [60.9, 69.3], [71.4, 73.6]]",1.0,0.09821,True,True,True,7.62,3606.66,none,none,,,,1,4
2482028659,5,CW,why are there 2 people in black at the side of the stage,3,D,1,B,False,3.706,8.106,"[[0.0, 6.1], [8.9, 21.5]]",0.54411,0.29535,False,True,True,7.35,2809.82,none,none,,,,1,4
6205856607,1,TN,what does the horse do after it turns back to the girl the second time,0,A,0,A,True,15.651,20.051,"[[10.5, 16.2]]",0.12473,0.05746,False,True,True,7.94,2451.18,none,none,,,,1,4
5889898795,4,CH,how does the second man in black put his hands when he ziplines down,1,B,0,A,False,48.517,52.917,"[[42.5, 43.3]]",0.0,0.0,False,True,True,7.71,2978.38,none,none,,,,1,4
6793786769,10,CW,why did the person near the table touch the train when it approached him,2,C,3,D,False,39.675,44.075,"[[22.8, 26.0]]",0.0,0.0,False,True,True,8.22,2402.35,none,none,,,,1,4
3124551255,2,CW,why did nt the man at the back play with the boy,4,E,4,E,True,59.862,64.262,"[[38.5, 62.8]]",0.66773,0.11404,True,True,True,7.38,3271.35,none,none,,,,1,4
2547885226,0,CW,why is the kid holding toy dinosaur in the sand,1,B,1,B,True,4.073,8.473,"[[0.8, 10.6]]",1.0,0.44898,True,True,True,7.2,2713.42,none,none,,,,1,4
8254300526,8,CW,why does the baby look upwards towards the end,2,C,2,C,True,21.467,25.867,"[[28.7, 37.4]]",0.0,0.0,False,True,True,7.82,2948.77,none,none,,,,1,4
9213637099,0,TP,what did the girl do before she put her hands up in the middle,1,B,1,B,True,32.925,37.325,"[[24.8, 29.1]]",0.0,0.0,False,True,True,7.63,2857.71,none,none,,,,1,4
9256409422,7,CH,how did the lady show agreement at the end of the video,4,E,4,E,True,59.962,64.362,"[[73.4, 77]]",0.0,0.0,False,True,True,8.32,2477.48,none,none,,,,1,4
2810112808,4,TC,how does the man in grey feel when looking at the cards in his hands near the beginning,0,A,2,C,False,8.411,12.811,"[[6.0, 10.9]]",0.56577,0.36552,False,True,True,8.55,2652.89,none,none,,,,1,4
3502722122,7,CW,why does the boy keep pushing the green cover down in the middle of the video,0,A,4,E,False,8.24,12.64,"[[4.9, 12.7]]",1.0,0.5641,False,True,True,7.85,2612.25,none,none,,,,1,4
5702201498,1,CW,why did the man open his eyes after hugging the pillow for a while,0,A,2,C,False,3.539,7.939,"[[6.4, 9.6]]",0.34979,0.25393,False,True,True,7.42,2779.35,none,none,,,,1,4
7651639778,1,CW,why does the man in brown jacket point at the steel pipe after the man wearing hoodie starts tying something,1,B,1,B,True,40.976,45.376,"[[13.8, 16.3]]",0.0,0.0,False,True,True,7.82,2899.02,none,none,,,,1,4
3851961428,10,TN,what did the person on the most right do after he did a gesture to the man in red,3,D,3,D,True,13.816,18.216,"[[38.5, 46.5]]",0.0,0.0,False,True,True,17.09,2537.67,none,none,,,,1,4
4279106208,7,TN,why did the woman talk to the child after going down the slide together,0,A,0,A,True,0.0,4.36,"[[16.0, 22]]",0.0,0.0,False,True,True,7.38,2454.86,none,none,,,,1,4
6542914065,5,TN,what does the other three people do after the man in grey pats the ball in the middle,0,A,4,E,False,3.839,8.239,"[[4.9, 10]]",0.75895,0.54205,False,True,True,6.58,2197.28,none,none,,,,1,4
3562017845,6,TN,what did the bird that crossed the water do after the bird behind sat down at the middle of the video,3,D,3,D,True,21.424,25.824,"[[20.7, 24.6]]",0.72191,0.61995,True,True,True,7.86,2360.05,none,none,,,,1,4
6018514357,3,CH,how did the man help the baby get off the slide,0,A,0,A,True,0.0,3.535,"[[11.9, 16.6]]",0.0,0.0,False,True,True,7.26,2797.69,none,none,,,,1,4
2482028659,6,CW,why is there a flash of light in the middle of the video,0,A,1,B,False,0.0,3.501,"[[8.1, 8.3]]",0.0,0.0,False,True,True,7.35,2779.46,none,none,,,,1,4
4822859674,4,CW,why is the girl sitting on the rocking chair moving the controller on her hand at the end of the video,2,C,2,C,True,32.835,36.0,"[[17.2, 19.6], [32.2, 34.0]]",0.36809,0.30658,False,True,True,6.18,2587.62,none,none,,,,1,4
7330294814,5,CW,why did the late in beige put the pooh bear onto the floor,1,B,1,B,True,72.708,77.0,"[[69.1, 70.2]]",0.0,0.0,False,True,True,8.11,3392.03,none,none,,,,1,4
7651639778,2,CW,why does the man in brown jacket raise his left arm after pointing at the steel pipe,2,C,2,C,True,40.976,45.376,"[[16.3, 19.9]]",0.0,0.0,False,True,True,7.87,3063.43,none,none,,,,1,4
2810112808,1,TP,what does the man in red do before placing the card down at the start,3,D,3,D,True,77.747,82.147,"[[0.1, 5.9]]",0.0,0.0,False,True,True,6.43,2085.42,none,none,,,,1,4
4087013668,0,CW,why did the baby throw the orange stuff back into the bowl,2,C,2,C,True,5.308,9.707,"[[2.7, 36.4], [40.0, 60.0]]",1.0,0.13056,True,True,True,7.28,2345.28,none,none,,,,1,4
8547321641,9,TN,what did the man do after the baby walked towards the sea at the end of the video,2,C,2,C,True,0.0,2.267,"[[6.5, 10.9]]",0.0,0.0,False,True,True,7.6,2611.53,none,none,,,,1,4
9409566840,3,CW,why does the brown dog turn away for a while near the end,2,C,0,A,False,18.02,22.42,"[[16.2, 21.3]]",0.7454,0.52728,False,True,True,7.11,2567.22,none,none,,,,1,4
4087013668,7,TN,what did the lady in pink do after the boy threw the peels back into the bowl,1,B,1,B,True,45.973,50.373,"[[22.1, 30.2]]",0.0,0.0,False,True,True,7.57,2973.41,none,none,,,,1,4
4658396458,1,CW,why did the baby move the toy towards his mouth after taking it up,3,D,3,D,True,58.8,63.2,"[[81.6, 89.9]]",0.0,0.0,False,True,True,7.69,3040.48,none,none,,,,1,4
4123211145,1,TC,what are the two girls doing,0,A,0,A,True,44.847,49.247,"[[28.4, 90.0]]",1.0,0.07143,True,True,True,8.05,2792.97,none,none,,,,1,4
3066064005,0,CW,what is the dining table surrounded by,2,C,2,C,True,9.745,14.145,"[[0.0, 11.9]]",0.48971,0.15233,False,True,True,6.53,2643.2,none,none,,,,1,4
2885091387,9,CH,how is the water splashed from the puddle,3,D,3,D,True,6.809,11.209,"[[7.5, 25.6]]",0.84295,0.19738,True,True,True,7.39,2567.44,none,none,,,,1,4
5352022985,2,TN,what does the dog do after it was pattted by the woman,1,B,1,B,True,12.782,17.182,"[[9.0, 14.4]]",0.36781,0.1978,False,True,True,7.74,2496.97,none,none,,,,1,4
4123211145,8,CW,why are the girls moving their body in the video,0,A,0,A,True,53.556,57.956,"[[28.4, 90.0]]",1.0,0.07143,True,True,True,7.8,2509.6,none,none,,,,1,4
4635309062,11,TN,what happens to the red meat in the pan after the man in white stirs it for a while,2,C,2,C,True,37.673,42.073,"[[13.6, 43.0]]",1.0,0.14966,True,True,True,7.42,2547.93,none,none,,,,1,4
4087654898,5,CW,why is the girl holding the water hose,0,A,2,C,False,8.544,11.0,"[[0.0, 8.2]]",0.0,0.0,False,True,True,5.83,2482.18,none,none,,,,1,4
4483447009,0,CW,why did the duck move its head when it walked,0,A,0,A,True,0.0,3.168,"[[0.2, 8.4]]",0.93686,0.35329,True,True,True,7.22,2464.85,none,none,,,,1,4
6793786769,3,CW,why did the boy lean so close to the trains at the beginning of the video,1,B,4,E,False,21.967,26.367,"[[2.6, 3.0]]",0.0,0.0,False,True,True,7.6,2562.08,none,none,,,,1,4
8563398032,3,TN,what does the man with black shirt with wording do after the other man leans back near the end,3,D,4,E,False,54.0,58.4,"[[54.2, 63.2]]",0.95455,0.45652,False,True,True,8.54,3543.12,none,none,,,,1,4
3355698421,1,CW,why do the man in white and the lady in black constantly look down,0,A,0,A,True,36.839,40.0,"[[12.7, 26.8], [27.9, 35.3]]",0.0,0.0,False,True,True,7.64,2896.95,none,none,,,,1,4
4179163342,5,CW,why did the children can not stop laughing after jumping around,2,C,4,E,False,36.839,41.239,"[[43.1, 72]]",0.0,0.0,False,True,True,7.78,2576.02,none,none,,,,1,4
7508439506,5,CW,why did the boy lean forward to the boy,0,A,0,A,True,2.438,6.838,"[[0.0, 1.8], [11.1, 11.5], [13.9, 15.2], [18.0, 19.8]]",0.0,0.0,False,True,True,7.25,2512.64,none,none,,,,1,4
4279106208,0,CH,how does the lady ensure the baby s safty while sliding down the slope,4,E,2,C,False,3.52,7.92,"[[8.6, 15.8]]",0.0,0.0,False,True,True,8.48,2396.15,none,none,,,,1,4
5586394125,9,CH,how does the dog with red leash drink water,0,A,0,A,True,18.821,23.221,"[[12.8, 16.0]]",0.0,0.0,False,True,True,6.98,2684.84,none,none,,,,1,4
5047408177,5,CH,how did the woman make sure that the clothes are neat,2,C,2,C,True,13.333,17.733,"[[29.3, 30.7]]",0.0,0.0,False,True,True,7.2,2204.17,none,none,,,,1,4
3124551255,8,TC,what does the boy do as the brown dog walks beside him in the middle,2,C,4,E,False,1.303,5.704,"[[30.8, 44.2]]",0.0,0.0,False,True,True,7.61,2720.67,none,none,,,,1,4
3595273118,2,CW,why is a camera pointed at the man initally,0,A,1,B,False,4.907,9.307,"[[0.4, 1.2]]",0.0,0.0,False,True,True,6.8,2651.92,none,none,,,,1,4
3402648543,7,TC,how do the small dogs react when the big dog tries to get away,1,B,1,B,True,0.0,2.992,"[[6.1, 19.5]]",0.0,0.0,False,True,True,8.07,2257.81,none,none,,,,1,4
2510696559,7,TN,what does the boy do after hopping the bicycle in the middle of the video,1,B,1,B,True,9.211,13.611,"[[27.9, 41.4], [53.6, 58.8]]",0.0,0.0,False,True,True,7.61,2746.77,none,none,,,,1,4
6793786769,11,CW,why did the boy lifted his head again in the middle of the video,0,A,1,B,False,31.8,36.2,"[[29.5, 30.8]]",0.0,0.0,False,True,True,7.86,2545.5,none,none,,,,1,4
3843551232,1,CW,why did the black dog prance upwards at the start of the video,0,A,0,A,True,7.61,12.01,"[[0.4, 2.6]]",0.0,0.0,False,True,True,7.32,2562.54,none,none,,,,1,4
6205856607,7,TN,what does the girl do after patting the horse,4,E,2,C,False,29.865,33.0,"[[19.4, 21.6]]",0.0,0.0,False,True,True,7.36,2614.91,none,none,,,,1,4
6793786769,7,CH,how did the boy interact with the train in the middle of the video,0,A,0,A,True,0.342,4.742,"[[29.8, 35.3]]",0.0,0.0,False,True,True,7.65,2875.42,none,none,,,,1,4
4658396458,7,CH,how did the pink basket toy move in the video,1,B,3,D,False,4.925,9.325,"[[51.5, 60.4]]",0.0,0.0,False,True,True,8.42,3082.47,none,none,,,,1,4
6617533993,2,CW,why did the girl hold onto the thing on top of the white toy in the middle of the video,0,A,0,A,True,11.842,16.242,"[[3.5, 19.0]]",1.0,0.28387,True,True,True,7.51,3350.71,none,none,,,,1,4
8547321641,8,TN,what did the baby do after he walked up to the camera,2,C,2,C,True,0.0,2.867,"[[3.1, 6.5]]",0.0,0.0,False,True,True,7.55,2666.04,none,none,,,,1,4
5047408177,2,CW,why does the woman hold a shirt,4,E,3,D,False,24.6,29.0,"[[13.1, 28.6]]",0.90909,0.25157,False,True,True,8.04,2052.93,none,none,,,,1,4
10727696143,5,TN,what did the boy do after running to the door,3,D,1,B,False,21.691,26.091,"[[9.3, 13.4]]",0.0,0.0,False,True,True,9.14,2347.63,none,none,,,,1,4
6018514357,7,TC,what does the baby hold onto while climbing up the step at the end,3,D,3,D,True,38.874,43.0,"[[36.8, 42.7]]",0.92728,0.61704,True,True,True,16.38,3635.41,none,none,,,,1,4
4635309062,0,CW,why did the white shirt man stop cooking halfway,3,D,0,A,False,21.624,26.024,"[[60.7, 67.2]]",0.0,0.0,False,True,True,8.21,3107.81,none,none,,,,1,4
6018514357,5,TN,what did the baby do after standing up on the slide,0,A,3,D,False,2.138,6.538,"[[9.3, 12.6]]",0.0,0.0,False,True,True,7.56,2594.07,none,none,,,,1,4
6542914065,1,CH,how did the man in grey signal for the other people to move run,0,A,0,A,True,4.573,8.973,"[[4.2, 5.6]]",0.23331,0.21506,False,True,True,7.46,2510.87,none,none,,,,1,4
4087654898,3,CW,why is the girl bent down,2,C,2,C,True,8.344,11.0,"[[0.0, 8.2]]",0.0,0.0,False,True,True,7.62,2758.96,none,none,,,,1,4
7888256388,2,TC,what does the girl do as the dog was sniffing the lady s shoes,2,C,0,A,False,9.178,13.578,"[[9.2, 12.9]]",0.84091,0.84091,False,True,True,7.23,2302.73,none,none,,,,1,4
8254300526,7,CW,why does the baby stretch his left hand out towards the end,4,E,1,B,False,35.717,40.117,"[[35.7, 36.8]]",0.24621,0.24528,False,True,True,7.43,2740.67,none,none,,,,1,4
4126010904,1,TC,what do the other people do as the tall man leans his face against the tv screen,4,E,4,E,True,54.106,58.506,"[[30.4, 39.0]]",0.0,0.0,False,True,True,7.62,3060.74,none,none,,,,1,4
8252088130,4,TN,what did the woman do after adjusting her hand in the middle,0,A,3,D,False,0.0,3.702,"[[8.6, 12.4]]",0.0,0.0,False,True,True,7.33,2308.31,none,none,,,,1,4
4744503881,0,CW,why does the lady wearing black top come near the table at the end,0,A,1,B,False,12.014,16.0,"[[12.7, 16.0]]",0.82794,0.82794,False,True,True,7.2,2637.76,none,none,,,,1,4
3843551232,7,TN,how did the black puppy react after sering the big dog wag its tail,2,C,3,D,False,0.0,4.102,"[[8.5, 18.3]]",0.0,0.0,False,True,True,8.42,2581.17,none,none,,,,1,4
2552130183,9,TN,what does the baby do after holding tight to the lady s fingers,2,C,2,C,True,2.604,7.004,"[[43.1, 52.4]]",0.0,0.0,False,True,True,8.23,2975.09,none,none,,,,1,4
5658916668,0,CW,why did the man extend his arms forward,1,B,1,B,True,9.445,13.845,"[[7.1, 9.8]]",0.08069,0.05264,False,True,True,6.4,2493.79,none,none,,,,1,4
5840177726,0,CH,how did the men make their way upslope,4,E,4,E,True,7.343,11.743,"[[0.1, 2.1]]",0.0,0.0,False,True,True,7.43,2483.19,none,none,,,,1,4
5840177726,5,CW,why did the man in brown jump up a little nearing the end,1,B,4,E,False,5.474,9.874,"[[9.8, 12.2]]",0.01689,0.01105,False,True,True,7.45,2569.23,none,none,,,,1,4
11670386946,4,TN,what does the man in brown do after smiling at the camera in the middle,0,A,2,C,False,16.185,20.585,"[[18.4, 28.3]]",0.4966,0.18036,False,True,True,8.76,2469.64,none,none,,,,1,4
7887764754,1,CW,why did the baby keep swaying her legs,4,E,4,E,True,0.0,3.735,"[[2.1, 9.5]]",0.43773,0.17209,False,True,True,7.22,2638.19,none,none,,,,1,4
7330294814,1,CW,why is the baby in yellow looking up at the lady in grey,1,B,1,B,True,73.409,77.0,"[[3.3, 8.6], [28.6, 29.5], [30.5, 32.0], [51.6, 55.0], [67.6, 68.9]]",0.0,0.0,False,True,True,7.97,3262.79,none,none,,,,1,4
10597533885,5,TN,what does the baby do after playing with the toy house in yellow at the end,3,D,3,D,True,31.734,36.134,"[[50.6, 57.7]]",0.0,0.0,False,True,True,8.0,2744.3,none,none,,,,1,4
3452354871,4,CH,how did the man get the bird off his shoe,3,D,3,D,True,3.305,7.705,"[[3.8, 7.4]]",0.81818,0.81818,True,True,True,7.17,2437.06,none,none,,,,1,4
5047408177,3,CH,how did the woman help the girl sort the clothing to hang before she does so,2,C,2,C,True,24.4,28.8,"[[18.5, 31.3]]",1.0,0.34375,True,True,True,7.38,2054.39,none,none,,,,1,4
6160414832,8,TN,what is the boy in yellow do after the man in black placed the dices in one corner,1,B,1,B,True,58.294,61.0,"[[24.0, 26.2]]",0.0,0.0,False,True,True,6.94,2568.11,none,none,,,,1,4
14012319794,0,CW,why is the girl running away from the camera,1,B,3,D,False,91.8,96.2,"[[71.2, 80.0], [90.5, 99.1]]",1.0,0.51163,False,True,True,6.57,2702.18,none,none,,,,1,4
2920952624,9,TN,what does the shorter woman do after talking with the taller woman,1,B,2,C,False,20.698,25.098,"[[27.5, 34]]",0.0,0.0,False,True,True,7.42,2155.15,none,none,,,,1,4
9528990839,6,CW,why did the man bend forward at the beginning of the video,2,C,2,C,True,0.867,5.267,"[[1.0, 4.1]]",0.70455,0.70455,True,True,True,7.13,2999.0,none,none,,,,1,4
4013751996,3,CW,why does nt the girl need to paddle at the beginning,0,A,0,A,True,0.136,4.536,"[[0.0, 4.3]]",0.94644,0.91813,True,True,True,7.22,2343.18,none,none,,,,1,4
3124551255,5,TN,what does the boy do after looking up at the start,4,E,2,C,False,62.565,65.0,"[[0.8, 2.8]]",0.0,0.0,False,True,True,7.86,3545.63,none,none,,,,1,4
4179163342,10,CH,how did the youngest girl show affection to the dog,1,B,0,A,False,44.947,49.347,"[[46.1, 49.2]]",0.70455,0.70455,False,True,True,7.91,2641.15,none,none,,,,1,4
4740074365,8,CH,how did the bridegroom show affection to the bride,0,A,0,A,True,1.47,5.87,"[[14.9, 17.9]]",0.0,0.0,False,True,True,7.98,2442.3,none,none,,,,1,4
6163877860,6,CW,why was the baby without socks eventually,2,C,4,E,False,7.967,12.367,"[[0.0, 3.9], [12.7, 15.2]]",0.0,0.0,False,True,True,8.36,2644.22,none,none,,,,1,4
2547885226,5,TN,what does the kid do right after standing up,1,B,1,B,True,10.379,14.0,"[[12.3, 13.5]]",0.33142,0.33142,False,True,True,7.81,2411.62,none,none,,,,1,4
6018514357,4,TC,what was the man doing as the baby was on the slide,0,A,0,A,True,3.506,7.906,"[[0.0, 14.5]]",1.0,0.30345,True,True,True,8.07,2676.89,none,none,,,,1,4
5586394125,5,TC,what is the lady in blue shirt doing when the lady in white is patting the dog at the beginning of the video,0,A,0,A,True,6.542,10.942,"[[0.5, 8.9]]",0.53589,0.22581,True,True,True,7.13,2816.04,none,none,,,,1,4
4822859674,1,CW,why does the baby start moving towards the woman at the start of the video,1,B,4,E,False,21.574,25.974,"[[1.1, 8.7]]",0.0,0.0,False,True,True,7.54,2547.78,none,none,,,,1,4
4635309062,6,TN,what does the man in white do after the man in black picks up the white bowl near the end,2,C,2,C,True,43.846,48.246,"[[60.0, 67.7]]",0.0,0.0,False,True,True,8.15,3000.69,none,none,,,,1,4
4013751996,2,CW,why did the girl squat down after some time,1,B,3,D,False,17.069,21.469,"[[6.0, 8.8], [26.4, 30.3]]",0.0,0.0,False,True,True,7.65,2196.77,none,none,,,,1,4
6860322796,6,TC,what did the brown dog do when it saw the black dog running away at the beginning of the video,0,A,0,A,True,11.547,15.947,"[[4.1, 10.0]]",0.0,0.0,False,True,True,7.82,2471.66,none,none,,,,1,4
5323654756,9,CW,why is the boy in blue standing at the corner of the room,1,B,3,D,False,49.151,53.551,"[[18.9, 67.8]]",1.0,0.08998,False,True,True,7.38,3261.96,none,none,,,,1,4
2885091387,2,CW,why did the car tilt at such a great angle after driving til the end of the puddle of water,1,B,1,B,True,17.787,22.187,"[[30.2, 35.6]]",0.0,0.0,False,True,True,7.75,2702.93,none,none,,,,1,4
2920952624,1,CW,why does the shorter woman sprinkle something into her frying pan at the beginning of the video,0,A,0,A,True,17.32,21.72,"[[2.9, 5.5]]",0.0,0.0,False,True,True,8.28,2262.5,none,none,,,,1,4
7888256388,1,TN,what did the dog do after the lady removed her hands,1,B,4,E,False,10.446,14.846,"[[6.5, 9.9]]",0.0,0.0,False,True,True,8.34,2798.57,none,none,,,,1,4
9256409422,8,CW,why did the lady put both her hands on her face after she turned back to the camera,2,C,0,A,False,60.029,64.429,"[[8.9, 13.6]]",0.0,0.0,False,True,True,7.78,3007.4,none,none,,,,1,4
11670386946,3,CW,why is the man wearing a brown reading a piece of paper while pointing at the side,3,D,4,E,False,26.195,30.595,"[[28.8, 33]]",0.40797,0.26379,False,True,True,7.14,2757.89,none,none,,,,1,4
4626535366,5,TN,what did the children do after their presentation,0,A,3,D,False,10.312,14.712,"[[41.4, 47.0]]",0.0,0.0,False,True,True,7.84,2863.36,none,none,,,,1,4
4626535366,7,CW,why is there a board beside the children,4,E,1,B,False,11.514,15.914,"[[11.5, 45.8]]",1.0,0.12828,False,True,True,7.91,2805.47,none,none,,,,1,4
3066064005,2,CW,why are the women pulling out the chairs at the dining table,2,C,0,A,False,9.745,14.145,"[[12.4, 24.7]]",0.39665,0.1167,False,True,True,7.39,2766.25,none,none,,,,1,4
3124551255,7,TN,what does the brown dog do after sniffing the boy at the start,1,B,1,B,True,1.303,5.704,"[[9.2, 21.6]]",0.0,0.0,False,True,True,7.95,3090.5,none,none,,,,1,4
9208803675,3,TN,what does the lady in green do after the lady in red gives her a push at the start,2,C,2,C,True,2.772,7.172,"[[4.1, 7.9]]",0.6981,0.59895,True,True,True,7.05,2845.9,none,none,,,,1,4
2589540862,2,CW,why did the girl end up on the floor at the end,4,E,4,E,True,20.322,23.0,"[[20.9, 22.7]]",0.67214,0.67214,True,True,True,6.98,3000.14,none,none,,,,1,4
9735768590,0,CH,how does the woman play with the baby at the start,3,D,4,E,False,16.118,20.518,"[[0.1, 11.2]]",0.0,0.0,False,True,True,7.08,2907.42,none,none,,,,1,4
4757890069,3,TC,what do the men on the third and fourth truck do when passing by,3,D,2,C,False,24.427,28.827,"[[17.1, 37.1]]",1.0,0.22,False,True,True,7.56,2972.68,none,none,,,,1,4
4782722858,1,CW,why does the lady in brown looks back and dances near the beginning,1,B,1,B,True,44.0,48.4,"[[2.0, 6.1]]",0.0,0.0,False,True,True,6.51,2666.1,none,none,,,,1,4
5586394125,8,TN,what did the dog with white leash do after moving away from the woman,1,B,1,B,True,14.45,18.85,"[[8.5, 12.6]]",0.0,0.0,False,True,True,7.71,2673.36,none,none,,,,1,4
4635309062,1,CW,why is there a man in black moving his arms,3,D,3,D,True,21.624,26.024,"[[0.2, 68.1]]",1.0,0.0648,True,True,True,7.79,2701.87,none,none,,,,1,4
4136617240,9,CW,why does the girl squat at the start,4,E,3,D,False,0.0,3.201,"[[0.0, 2.3]]",0.71853,0.71853,False,True,True,7.72,2815.68,none,none,,,,1,4
6205856607,3,TN,what does the girl do after tucking her hair behind her ear,2,C,0,A,False,0.0,2.434,"[[17.3, 18.1]]",0.0,0.0,False,True,True,7.48,2486.87,none,none,,,,1,4
9528990839,5,TP,what did the lady do before she waved into the camera,0,A,1,B,False,17.533,21.933,"[[19.7, 24.5]]",0.50758,0.32057,False,True,True,7.25,2545.24,none,none,,,,1,4
11565498775,7,TN,what happens to the structure after the boy moves the handle up,2,C,2,C,True,6.208,10.608,"[[0.1, 10.0]]",0.86173,0.36082,True,True,True,7.67,2692.46,none,none,,,,1,4
2716277960,3,CW,why are the two men on the wooden log,0,A,2,C,False,6.942,11.342,"[[4.2, 10.8]]",0.87682,0.54018,False,True,True,6.87,2700.22,none,none,,,,1,4
7330294814,3,CW,why is the lady in grey holding on to rainbow toys on he hand,2,C,2,C,True,37.673,42.073,"[[1.6, 3.7], [8.2, 10.3], [16.1, 23.3], [29.3, 30.8], [31.5, 53.7], [61.0, 76.7]]",1.0,0.1982,True,True,True,7.53,3063.18,none,none,,,,1,4
9256409422,2,CW,why does the lady put her hands on her face after she turning back,0,A,0,A,True,18.287,22.687,"[[9.2, 13.3]]",0.0,0.0,False,True,True,7.77,3658.95,none,none,,,,1,4
8254300526,1,CW,why did the adult swing a toy in the air,1,B,1,B,True,1.592,5.992,"[[4.2, 6.3]]",0.4072,0.38053,False,True,True,7.55,2728.08,none,none,,,,1,4
14012319794,3,CW,why did the girl take the two sticks at the start of the video,3,D,2,C,False,19.883,24.283,"[[15.2, 20.2]]",0.07197,0.03486,False,True,True,8.51,2433.2,none,none,,,,1,4
5702201498,3,CW,why is the man lying down,3,D,3,D,True,0.0,3.234,"[[0.1, 10.7]]",0.96908,0.29293,True,True,True,7.12,2875.57,none,none,,,,1,4
6793786769,0,TC,how is the boy positioned in the video,1,B,1,B,True,13.342,17.742,"[[0.0, 42.7]]",1.0,0.10304,True,True,True,7.81,2545.62,none,none,,,,1,4
5863411262,3,TN,what does the man in white shirt do after caressing the donkey at the start,2,C,1,B,False,27.663,32.063,"[[5.1, 8.3]]",0.0,0.0,False,True,True,7.53,2467.17,none,none,,,,1,4
10727696143,1,CW,why does the boy raise his arm when he reaches the wooden door at the start of the video,4,E,3,D,False,18.487,22.887,"[[7.6, 14.6], [33.9, 37.1]]",0.0,0.0,False,True,True,7.79,2678.06,none,none,,,,1,4
3124551255,4,CW,why did the boy walk away from elmo,3,D,3,D,True,9.512,13.912,"[[59.1, 65]]",0.0,0.0,False,True,True,7.71,3457.19,none,none,,,,1,4
2547885226,4,TP,what does the kid do before right before standing up,3,D,2,C,False,10.379,14.0,"[[6.0, 11.4]]",0.28192,0.1276,False,True,True,7.41,2801.47,none,none,,,,1,4
3784543730,2,CW,why did the driver move towards the cyclist when the blue car is approaching,0,A,0,A,True,8.678,13.078,"[[25.2, 28]]",0.0,0.0,False,True,True,7.71,2613.38,none,none,,,,1,4
4658396458,0,CW,why did the baby reach out her hand after awhile of looking at the camera,1,B,1,B,True,52.508,56.908,"[[5.0, 14.3]]",0.0,0.0,False,True,True,8.3,2947.43,none,none,,,,1,4
4123211145,5,TN,what did the girl in yellow do after she caught the towel,0,A,0,A,True,56.659,61.059,"[[23.7, 27.9]]",0.0,0.0,False,True,True,7.92,2956.57,none,none,,,,1,4
4273039295,12,TN,what does the child do after the woman in green beanie pulls him up and cleans his down jacket,1,B,0,A,False,70.4,74.8,"[[69.6, 84.1]]",1.0,0.30345,False,True,True,7.99,2151.0,none,none,,,,1,4
3066064005,7,TN,what does the lady in red do after the woman in black points her finger,2,C,3,D,False,9.745,14.145,"[[1.7, 7.2]]",0.0,0.0,False,True,True,7.53,2777.49,none,none,,,,1,4
7651639778,0,CW,why is the man wearing a hoodie sitting on the shoulder of the other man,0,A,0,A,True,51.687,56.087,"[[0.1, 55.9]]",0.95746,0.07525,True,True,True,9.47,3039.66,none,none,,,,1,4
4635309062,7,TC,how does the man in black look while preparing the meat plate,2,C,2,C,True,19.822,24.222,"[[0.4, 43.1], [57.5, 68.9]]",1.0,0.10304,True,True,True,7.81,2979.8,none,none,,,,1,4
5603283408,0,CW,why did the girl bend down periodically to look at her feet,2,C,4,E,False,17.486,21.886,"[[0.2, 2.3], [9.6, 11.8], [19.5, 21.6], [25.5, 29.6]]",0.47727,0.47727,False,True,True,7.3,2550.02,none,none,,,,1,4
5603283408,2,TN,what does the girl do after turning around right at the start,4,E,4,E,True,10.354,14.754,"[[2.1, 9.4]]",0.0,0.0,False,True,True,7.05,2355.83,none,none,,,,1,4
7887764754,3,TN,what does the dog do after getting food from the baby at the start,3,D,3,D,True,30.866,35.0,"[[0.2, 3.3], [22.6, 24.6]]",0.0,0.0,False,True,True,7.43,2635.86,none,none,,,,1,4
3562017845,0,TN,what did the bird do after stepping into the water,3,D,0,A,False,16.819,21.219,"[[1.7, 5.4]]",0.0,0.0,False,True,True,8.68,2495.3,none,none,,,,1,4
9213637099,4,CW,why are there a group of men at the back for the field,4,E,4,E,True,33.342,37.742,"[[35.9, 44.2]]",0.41856,0.16961,False,True,True,7.63,3197.17,none,none,,,,1,4
2835125654,3,CW,why does the man in white hold up his phone in the middle of the video,4,E,4,E,True,6.208,10.608,"[[22.8, 25.1]]",0.0,0.0,False,True,True,7.54,2236.53,none,none,,,,1,4
9256409422,6,CW,why is there a wire on the lady s face,4,E,4,E,True,68.27,72.67,"[[17.6, 25.6]]",0.0,0.0,False,True,True,7.5,3333.83,none,none,,,,1,4
3066064005,5,CH,how does the woman in black signal place to sit for the lady in red at the beginning,2,C,2,C,True,0.0,2.867,"[[0.7, 2.4]]",0.59289,0.59289,True,True,True,7.51,2985.67,none,none,,,,1,4
4483447009,1,CW,why were the two ducks separated by a fence,0,A,0,A,True,6.676,11.076,"[[8.8, 25.2]]",0.51717,0.12284,True,True,True,7.43,2669.09,none,none,,,,1,4
6136926089,4,CH,how does the baby get up the stairs,2,C,2,C,True,31.167,35.567,"[[30.9, 36.0]]",1.0,0.86275,True,True,True,6.51,2551.06,none,none,,,,1,4
2552130183,4,CW,why does the lady move her face close to the baby s at the beginning of the video,1,B,3,D,False,40.509,44.909,"[[9.0, 12.1]]",0.0,0.0,False,True,True,8.51,2568.05,none,none,,,,1,4
6018514357,1,TN,what did the baby do after coming off the slide,2,C,1,B,False,2.138,6.538,"[[14.5, 36.9]]",0.0,0.0,False,True,True,7.57,2576.7,none,none,,,,1,4
6205856607,2,TN,what does the horse do after the girl pats it in the middle of the video,0,A,0,A,True,15.651,20.051,"[[19.3, 29.7]]",0.17072,0.05347,False,True,True,7.55,2336.39,none,none,,,,1,4
9873067604,2,CH,how did the person try to get the girl attention,1,B,3,D,False,2.43,6.83,"[[4.0, 7.3]]",0.6431,0.58099,False,True,True,7.37,2906.38,none,none,,,,1,4
5840177726,4,CW,why were the men turning down to their left,2,C,2,C,True,4.573,8.973,"[[2.2, 8.0]]",0.77877,0.50588,True,True,True,7.4,2433.6,none,none,,,,1,4
6018514357,0,TC,what does the man do as the baby is walking,2,C,2,C,True,36.639,41.039,"[[16.6, 18.6]]",0.0,0.0,False,True,True,8.42,2802.16,none,none,,,,1,4
5889898795,7,CH,how did the third man in white shorts move his legs,0,A,1,B,False,71.073,75.473,"[[79.9, 82.6]]",0.0,0.0,False,True,True,8.78,2978.8,none,none,,,,1,4
2810112808,6,CW,why does the man in red stretch his hands out near the middle of the video,3,D,4,E,False,77.747,82.147,"[[38.6, 42.3], [51.9, 57.5]]",0.0,0.0,False,True,True,8.71,2736.63,none,none,,,,1,4
4757890069,1,CW,why is there a barrier palced in the middle of the opposite road,1,B,0,A,False,27.329,31.729,"[[11.2, 16.6]]",0.0,0.0,False,True,True,7.74,2657.59,none,none,,,,1,4
4279106208,4,CW,why does the woman point her finger at the end of the video,0,A,0,A,True,18.16,22.0,"[[20.0, 21.7]]",0.44271,0.44271,False,True,True,7.51,2552.02,none,none,,,,1,4
11276567104,3,TN,what does the priest do after letting go of the woman s head,3,D,3,D,True,31.4,35.8,"[[28.2, 35.5]]",0.93182,0.53947,True,True,True,7.7,2742.01,none,none,,,,1,4
8990144134,0,CH,how did the cat approach the bird,3,D,1,B,False,2.271,6.671,"[[4.1, 8.1]]",0.58435,0.4411,False,True,True,7.29,2163.58,none,none,,,,1,4
8208035645,3,CW,why did the boy change his direction in the middle of cycling,2,C,0,A,False,7.41,11.81,"[[5.5, 8.9]]",0.33873,0.23621,False,True,True,7.26,2531.74,none,none,,,,1,4
4273039295,6,CW,why does the adult wearing green became pat the baby s after the baby fell off,4,E,4,E,True,70.4,74.8,"[[67.1, 71.8]]",0.31818,0.18182,False,True,True,7.64,2400.47,none,none,,,,1,4
9208803675,1,CW,why is the lady in blue climbing onto the standby position when the lady in green took off,1,B,3,D,False,11.247,15.647,"[[0.0, 6.4]]",0.0,0.0,False,True,True,7.07,2831.34,none,none,,,,1,4
7651639778,5,CW,why does the man wearing hoodie hug the man carrying him near the end of the video,0,A,2,C,False,51.187,55.587,"[[63.0, 65]]",0.0,0.0,False,True,True,8.11,2454.01,none,none,,,,1,4
4273039295,9,TN,what does the child do after stopping at a tree,2,C,2,C,True,57.8,62.2,"[[54.0, 59.6]]",0.40909,0.21951,False,True,True,7.28,2618.86,none,none,,,,1,4
11565498775,1,CW,why does the man bend down throughout the video,1,B,1,B,True,34.003,38.403,"[[14.8, 37.0]]",0.68117,0.12698,True,True,True,7.66,2870.54,none,none,,,,1,4
7499763064,0,TN,what does the lady in blue do after the man above started taking a step up at the start,1,B,0,A,False,1.22,5.62,"[[2.2, 5.8]]",0.77729,0.74676,False,True,True,13.23,2431.95,none,none,,,,1,4
7651639778,3,CW,why does the man in brown jacket touch the back of the man wearing hoodie in the middle of the video,0,A,2,C,False,54.89,59.29,"[[32.8, 50.9]]",0.0,0.0,False,True,True,7.94,2545.74,none,none,,,,1,4
11565498775,11,TN,how does the man react after the boy goes away,3,D,0,A,False,34.003,38.403,"[[36.0, 40.6]]",0.5461,0.36422,False,True,True,8.21,2912.23,none,none,,,,1,4
3066064005,6,TN,what do the women do after reaching their correctly assigned seats,0,A,0,A,True,20.723,25.123,"[[12.0, 22.3]]",0.35843,0.12018,False,True,True,7.82,2648.53,none,none,,,,1,4
6793786769,2,CH,how did the boy show affection to the train at the start of the video,1,B,2,C,False,43.967,48.0,"[[0.0, 7.8]]",0.0,0.0,False,True,True,7.69,2480.33,none,none,,,,1,4
9256409422,5,TN,how did the girl react when she saw the camera after she turned back,4,E,3,D,False,59.962,64.362,"[[8.7, 12.3]]",0.0,0.0,False,True,True,7.53,3532.44,none,none,,,,1,4
3124551255,6,TN,what does the boy do after putting his hand into the mouth of toy at the start,2,C,3,D,False,4.306,8.707,"[[6.0, 8.4]]",0.54545,0.54545,False,True,True,7.45,2689.74,none,none,,,,1,4
7651639778,6,CH,how did the man in brown jacket gives support to the man in blue jack,4,E,3,D,False,56.192,60.592,"[[32.8, 50.9]]",0.0,0.0,False,True,True,8.3,2747.54,none,none,,,,1,4
4658396458,2,CW,why did the baby reach out her 2 hands in front after looking at a toy basket,1,B,3,D,False,58.925,63.325,"[[23.1, 31.0]]",0.0,0.0,False,True,True,7.87,3042.93,none,none,,,,1,4
10109097475,2,CW,why is the man signaling the pilot,1,B,1,B,True,0.0,2.2,"[[15.4, 25.3], [64.9, 70.8]]",0.0,0.0,False,True,True,6.41,2509.85,none,none,,,,1,4
5586394125,7,TN,how did the woman in white react when the dog s head approach her,2,C,3,D,False,0.0,3.134,"[[0.5, 8.9]]",0.84047,0.29599,False,True,True,7.22,2676.47,none,none,,,,1,4
9208803675,0,CW,why did the half naked man reach out his hands towards the lady at the middle swing,3,D,4,E,False,11.781,16.181,"[[3.6, 8.0], [9.2, 11.2]]",0.0,0.0,False,True,True,7.25,2905.99,none,none,,,,1,4
5047408177,4,CW,why does the woman straighten the clothes before folding them,2,C,2,C,True,13.333,17.733,"[[26.4, 30.5]]",0.0,0.0,False,True,True,8.21,2427.39,none,none,,,,1,4
5877508141,3,CH,how did the man signal for the boy to get down from the slide,3,D,4,E,False,11.147,15.547,"[[8.5, 9.6]]",0.0,0.0,False,True,True,7.28,2466.21,none,none,,,,1,4
3469864014,2,CW,why did the cats move their faces near the board,2,C,2,C,True,0.403,4.803,"[[2.6, 7.0], [8.0, 11.7], [14.2, 20.2]]",0.50059,0.33386,True,True,True,7.46,1956.05,none,none,,,,1,4
7508439506,9,TC,how did the baby reacted when the boy put his hands on the baby s stomach,3,D,3,D,True,0.0,2.934,"[[0.0, 2.4]]",0.81798,0.81798,True,True,True,7.54,2551.73,none,none,,,,1,4
3784543730,3,CH,how is the person in black moving his legs,2,C,2,C,True,11.714,16.114,"[[10.4, 28]]",1.0,0.25,True,True,True,7.33,2424.23,none,none,,,,1,4
6617533993,8,CW,why did the girl hold the top part of the toy without moving,0,A,0,A,True,11.842,16.242,"[[10.4, 17.8], [27.1, 36.3]]",1.0,0.59459,True,True,True,7.3,3598.39,none,none,,,,1,4
6163877860,4,TN,what does the baby do after she accidentally kicks something off the sofa,1,B,2,C,False,25.217,29.617,"[[18.3, 22.9]]",0.0,0.0,False,True,True,7.86,3304.72,none,none,,,,1,4
10109097475,1,CW,why did the man went to other side and again came back,0,A,4,E,False,0.0,2.2,"[[66.9, 77.4]]",0.0,0.0,False,True,True,6.42,2773.09,none,none,,,,1,4
8990144134,5,TP,what was the cat doing before it saw the cat,2,C,2,C,True,7.076,11.476,"[[0.0, 2.5]]",0.0,0.0,False,True,True,7.25,1995.17,none,none,,,,1,4
4013751996,1,TN,how did the girl feel after riding on her toy bicycle,1,B,1,B,True,0.261,4.661,"[[3.9, 7.4]]",0.17291,0.10657,False,True,True,8.34,2084.48,none,none,,,,1,4
9873067604,3,CW,why did the boy moved his body upwards in the middle,3,D,1,B,False,31.667,36.067,"[[15.8, 20.6]]",0.0,0.0,False,True,True,7.45,2751.17,none,none,,,,1,4
3935853204,1,CW,why did the lady in black then touch the screen with both her hands,3,D,4,E,False,13.149,17.549,"[[14.1, 16.5]]",0.54545,0.54545,False,True,True,7.61,2404.26,none,none,,,,1,4
3851961428,2,TN,what did the man in red do after he saw the boy in blue struggle,3,D,3,D,True,13.816,18.216,"[[6.1, 11.5]]",0.0,0.0,False,True,True,7.92,2768.8,none,none,,,,1,4
4179163342,2,CW,why did the children start to jump around in the middle of the video,2,C,2,C,True,43.145,47.545,"[[36.1, 41.8], [41.8, 53.3]]",1.0,0.38261,True,True,True,7.76,2853.43,none,none,,,,1,4
11587211476,2,CW,why did the dog stop for a while on a bench,3,D,3,D,True,36.005,40.405,"[[30.6, 37.4]]",0.31707,0.14229,False,True,True,7.39,2776.97,none,none,,,,1,4
6096998186,4,TN,what did the blonde woman do after the lady in black clapped her hands,2,C,1,B,False,0.0,2.834,"[[18.4, 22]]",0.0,0.0,False,True,True,7.74,2360.31,none,none,,,,1,4
8252088130,2,TC,what does the bird do while on the lady s hand,3,D,3,D,True,5.841,10.241,"[[2.8, 13.1]]",1.0,0.42718,True,True,True,7.13,2208.95,none,none,,,,1,4
10727696143,8,TN,what does the lady in red do after moving away from the table,3,D,0,A,False,13.015,17.415,"[[29.1, 36.0]]",0.0,0.0,False,True,True,7.62,2605.64,none,none,,,,1,4
4635309062,9,CW,why does the man in black push the plate near the end,0,A,4,E,False,13.049,17.449,"[[44.1, 53.5]]",0.0,0.0,False,True,True,8.12,2501.17,none,none,,,,1,4
11565498775,6,TN,what did the man do after he took the boy s hand,3,D,3,D,True,34.003,38.403,"[[21.8, 31.6]]",0.0,0.0,False,True,True,7.54,2787.65,none,none,,,,1,4
2547885226,1,CW,why does the kid swing his leg towards the end,0,A,0,A,True,10.813,14.0,"[[12.3, 13.4]]",0.34515,0.34515,False,True,True,6.52,2184.77,none,none,,,,1,4
3502722122,3,CW,why does the boy lean sideway at the end of the video,4,E,2,C,False,14.36,17.0,"[[14.1, 17.0]]",1.0,0.91034,False,True,True,7.14,2567.5,none,none,,,,1,4
4087013668,1,TN,how did the white shirt woman react after the boy throw the food back into the bowl,3,D,3,D,True,5.891,10.291,"[[2.1, 6.0]]",0.02468,0.01326,False,True,True,7.39,2901.71,none,none,,,,1,4
5658916668,7,CH,how did the man land on the ground,4,E,4,E,True,12.248,16.648,"[[12.1, 14.0]]",0.39823,0.3853,False,True,True,7.18,2575.67,none,none,,,,1,4
9208803675,4,TN,what does the lady in green do after jumping down from the platform at the start,4,E,4,E,True,11.247,15.647,"[[4.3, 9.1]]",0.0,0.0,False,True,True,7.47,2721.0,none,none,,,,1,4
3469864014,0,CW,why did the adult bend down after moving the board away from the table,1,B,0,A,False,0.0,4.135,"[[0.0, 4.5]]",1.0,0.91895,False,True,True,7.27,2141.23,none,none,,,,1,4
8547321641,3,CW,why does the baby go so near to the camera at the beginning of the video,2,C,2,C,True,0.0,3.068,"[[0.2, 2.1]]",0.61939,0.61939,True,True,True,7.45,2422.93,none,none,,,,1,4
5889898795,2,CW,why is there a woman in white standing next to the people going down the zipline,0,A,0,A,True,5.341,9.741,"[[27.1, 38.5], [38.5, 42.5], [54.4, 60.5], [68.0, 78.2]]",0.0,0.0,False,True,True,7.73,3582.81,none,none,,,,1,4
5840177726,2,CW,why is there a flash when the man in brown jump on his bike,1,B,1,B,True,4.507,8.907,"[[8.1, 11.7]]",0.18334,0.11215,False,True,True,7.6,2555.24,none,none,,,,1,4
9528990839,0,CW,why did the man sitting in the driver seat turn behind and point before turning the steering wheel,2,C,1,B,False,16.333,20.733,"[[0.0, 4.1]]",0.0,0.0,False,True,True,7.3,2686.86,none,none,,,,1,4
6136926089,1,CW,why does the baby push around the cart at the beginning,4,E,1,B,False,27.997,32.397,"[[0.0, 9.9]]",0.0,0.0,False,True,True,12.5,2897.46,none,none,,,,1,4
4658396458,5,CH,how did the toys in front of the baby get stacked up in the middle of the video,4,E,4,E,True,4.925,9.325,"[[44.0, 48.3]]",0.0,0.0,False,True,True,7.94,2862.73,none,none,,,,1,4
3124551255,10,TN,what does the boy do after watching the elmo for a while at the end,2,C,0,A,False,0.0,2.6,"[[58.9, 62.8]]",0.0,0.0,False,True,True,7.46,2739.28,none,none,,,,1,4
8312058649,4,TN,what does the baby do after turning his head back to the front,0,A,0,A,True,20.342,24.742,"[[18.8, 22.5]]",0.49053,0.36325,False,True,True,8.01,2926.04,none,none,,,,1,4
8177965766,5,TN,what does the man on stage do after standing for a while,0,A,3,D,False,0.0,2.742,"[[18.6, 29]]",0.0,0.0,False,True,True,7.41,2773.52,none,none,,,,1,4
3249402410,3,TN,what did the lady in black on the right do after she finished spreading the cheese on the pizza,4,E,0,A,False,0.202,4.602,"[[16.0, 20.0]]",0.0,0.0,False,True,True,7.52,2707.95,none,none,,,,1,4
6136926089,7,TN,what does the boy do after getting up on the slide,3,D,3,D,True,12.515,16.915,"[[18.7, 23.0]]",0.0,0.0,False,True,True,7.26,2487.22,none,none,,,,1,4
4822859674,0,CH,how did the man in slippers support baby at the start of the video,0,A,0,A,True,4.015,8.415,"[[0.0, 2.7]]",0.0,0.0,False,True,True,8.05,2505.73,none,none,,,,1,4
4087013668,2,CW,why did the baby keep taking the food peels out of the bowl and throwing it,0,A,0,A,True,2.805,7.205,"[[2.7, 36.4], [40.0, 60.0]]",1.0,0.13056,True,True,True,17.53,3008.94,none,none,,,,1,4
10597533885,2,CW,why does the baby turn her head to another set of toys,3,D,1,B,False,55.224,58.0,"[[31.7, 39.1]]",0.0,0.0,False,True,True,8.11,3210.92,none,none,,,,1,4
4626535366,9,TN,what did the boy next to the boy with spectacle do after they bowed,1,B,1,B,True,42.545,46.945,"[[44.2, 48.8]]",0.6238,0.43878,True,True,True,8.48,2848.15,none,none,,,,1,4
6136926089,2,CW,why does the baby suddenly let go of the cart in the middle of the vieo,1,B,3,D,False,6.342,10.742,"[[9.9, 13.0]]",0.19133,0.12644,False,True,True,6.36,2605.06,none,none,,,,1,4
5323654756,8,CH,how did the girl in pink keep her hair tidy,2,C,2,C,True,30.299,34.699,"[[0.2, 67.8]]",1.0,0.06509,True,True,True,11.11,3344.15,none,none,,,,1,4
2716277960,5,CH,how did the two men cross to the other side of the river,4,E,4,E,True,7.676,12.076,"[[4.2, 10.8]]",0.71,0.39665,True,True,True,7.08,2971.41,none,none,,,,1,4
3452354871,9,TC,what did the bird do as the man shifted his foot,1,B,4,E,False,1.804,6.204,"[[7.4, 9.9]]",0.0,0.0,False,True,True,7.17,2531.76,none,none,,,,1,4
3249402410,2,CH,how is the lady in black on the left spreading the sauce on the pizza,0,A,3,D,False,0.202,4.602,"[[2.1, 5.5], [10.0, 12.0]]",0.56873,0.47236,False,True,True,17.22,2651.25,none,none,,,,1,4
7887764754,7,TN,what does the baby do after the dog takes the food from her at the end,2,C,2,C,True,30.866,35.0,"[[24.3, 29.9], [31.9, 34.2]]",0.55641,0.55641,True,True,True,7.44,2848.19,none,none,,,,1,4
3562017845,1,CW,what did the bird do after stepping into the water,0,A,2,C,False,16.819,21.219,"[[1.7, 5.5]]",0.0,0.0,False,True,True,7.83,2535.75,none,none,,,,1,4
8547321641,0,CW,why does the man try to hold onto the baby s shoulder near the end of the video,0,A,4,E,False,8.344,11.0,"[[9.0, 10.9]]",0.71533,0.71533,False,True,True,7.47,2443.11,none,none,,,,1,4
2716277960,1,CW,why is there 2 men pushing their bicycle as they cross the wooden log,3,D,3,D,True,7.676,12.076,"[[4.2, 10.8]]",0.71,0.39665,True,True,True,7.04,2576.53,none,none,,,,1,4
2821968703,1,CW,why is the man wobbling throughout,0,A,0,A,True,24.527,28.927,"[[2.2, 5.1], [6.4, 13.9], [24.4, 27.9]]",0.76666,0.7452,True,True,True,7.31,2416.21,none,none,,,,1,4
5323654756,5,CW,why is the girl in pink carrying so many balloons in her hands,1,B,2,C,False,5.641,10.041,"[[1.5, 67.7]]",1.0,0.06647,False,True,True,8.11,2725.1,none,none,,,,1,4
11276567104,8,TP,what does the priest do while the woman is kneeling before him,2,C,2,C,True,23.08,27.48,"[[8.7, 16.5]]",0.0,0.0,False,True,True,7.33,2658.48,none,none,,,,1,4
2821968703,6,TN,what does the man do after riding normally for a while at the end,4,E,4,E,True,23.626,28.026,"[[21.6, 28.2]]",1.0,0.66667,True,True,True,7.58,1978.28,none,none,,,,1,4
11565498775,4,CW,why does the man move the boy s hands near the end of the video,3,D,3,D,True,33.369,37.769,"[[21.2, 27.2]]",0.0,0.0,False,True,True,7.87,2803.81,none,none,,,,1,4
9735768590,9,TP,what did the baby do before raising his hand at the end,0,A,2,C,False,0.0,3.268,"[[17.6, 20.6]]",0.0,0.0,False,True,True,6.93,2472.14,none,none,,,,1,4
3452354871,3,CW,why did the man slowly turn his shoe,3,D,3,D,True,3.305,7.705,"[[7.5, 9.8]]",0.0467,0.03164,False,True,True,7.27,2328.19,none,none,,,,1,4
4136617240,6,TN,what does the girl do after turning around the first time,0,A,3,D,False,77.88,82.28,"[[7.1, 13.6]]",0.0,0.0,False,True,True,7.68,2969.2,none,none,,,,1,4
4179163342,9,TN,what did the shortest girl do after the man moved his body quickly at the end of the video,3,D,1,B,False,5.207,9.607,"[[52.9, 61.1]]",0.0,0.0,False,True,True,7.85,2886.33,none,none,,,,1,4
4626535366,1,CW,why does the boy with silver shoe bend down at the beginning of the video,0,A,1,B,False,11.314,15.713,"[[5.5, 7.9]]",0.0,0.0,False,True,True,7.9,2566.71,none,none,,,,1,4
10727696143,6,TN,what does the boy do after moving away from the door at the end,2,C,3,D,False,23.693,28.093,"[[39.1, 43.5]]",0.0,0.0,False,True,True,7.72,2311.39,none,none,,,,1,4
4126010904,4,TN,what does the tall man do after touching the screen,3,D,2,C,False,0.0,3.201,"[[10.2, 18.3]]",0.0,0.0,False,True,True,7.61,2407.15,none,none,,,,1,4
4822859674,3,CH,how does the man in slippers help the other boy after he falls down in the middle of the video,1,B,4,E,False,0.678,5.078,"[[16.8, 20.1]]",0.0,0.0,False,True,True,7.67,2996.41,none,none,,,,1,4
11276567104,6,TC,how does the woman in the coat react when the woman in white walks to her side,2,C,2,C,True,34.44,38.84,"[[37.3, 39.6]]",0.35,0.29845,False,True,True,7.9,3508.22,none,none,,,,1,4
3452354871,0,CW,why does the bird try to beak underneath the man shoe at the beginning of the video,2,C,2,C,True,4.807,9.207,"[[1.0, 5.4]]",0.13477,0.07226,False,True,True,7.27,2437.61,none,none,,,,1,4
13884293626,7,TN,what did the lady in purple do after she let down her hair,1,B,1,B,True,131.313,135.713,"[[50.0, 55.1]]",0.0,0.0,False,True,True,8.61,4315.35,none,none,,,,1,4
6329077812,3,CW,why does the lady wipe the baby s mouth,0,A,0,A,True,0.0,4.235,"[[28.1, 32.8]]",0.0,0.0,False,True,True,7.71,2471.29,none,none,,,,1,4
7691172922,5,TC,how does the lady react when the dog comes to her,0,A,0,A,True,34.437,38.837,"[[19.4, 23.6]]",0.0,0.0,False,True,True,8.02,2585.69,none,none,,,,1,4
6617533993,9,CW,why did the boy move to the back at the middle of the video,0,A,0,A,True,21.217,25.617,"[[13.3, 19.3]]",0.0,0.0,False,True,True,7.46,2836.26,none,none,,,,1,4
2835125654,0,CW,why does the woman in orange turn her back to the elephant and stand still for a while at the beginning of the video,2,C,2,C,True,0.0,3.935,"[[0.2, 3.2]]",0.76239,0.76239,True,True,True,7.57,2124.68,none,none,,,,1,4
11587211476,6,CH,how did the dog know that he is free to run through the obstacle course,3,D,3,D,True,24.593,28.993,"[[0.1, 8.6]]",0.0,0.0,False,True,True,7.74,3206.25,none,none,,,,1,4
4635309062,5,TN,what does the man in white do after adding oil at the beginning,0,A,0,A,True,36.305,40.705,"[[0.2, 7.6]]",0.0,0.0,False,True,True,8.33,2760.78,none,none,,,,1,4
2885091387,8,CW,why is the car moving slowly,2,C,2,C,True,28.531,32.931,"[[6.9, 29.8]]",0.28848,0.04876,False,True,True,7.33,2889.13,none,none,,,,1,4
4123211145,4,CW,why did the girl in orange bite her nail in the middle,3,D,0,A,False,55.858,60.258,"[[33.3, 45.7]]",0.0,0.0,False,True,True,7.63,2602.71,none,none,,,,1,4
6096998186,2,TN,what did the blonde woman do after she opened her present,4,E,4,E,True,0.0,2.834,"[[6.0, 18.6]]",0.0,0.0,False,True,True,7.44,2502.88,none,none,,,,1,4
3452354871,2,CW,why did the bird breaking itself after getting of the man s shoe,0,A,2,C,False,3.305,7.705,"[[8.2, 11.4]]",0.0,0.0,False,True,True,7.11,2608.12,none,none,,,,1,4
5863411262,1,TN,what does the man in plaid shirt do after putting his hands together for a while at the end,3,D,0,A,False,16.552,20.952,"[[22.7, 27.4]]",0.0,0.0,False,True,True,7.15,2626.55,none,none,,,,1,4
3843551232,5,CH,how did the small puppy approach the big dog s tail,1,B,1,B,True,0.0,4.102,"[[17.1, 19.9]]",0.0,0.0,False,True,True,7.4,2379.12,none,none,,,,1,4
2835125654,4,CH,how do the elephants physically intereact with each other nearing the end,4,E,4,E,True,31.733,36.133,"[[28.1, 37.2]]",1.0,0.48352,True,True,True,7.62,2229.69,none,none,,,,1,4
10727696143,7,TP,what was the boy doing before he ran forward at the start,0,A,1,B,False,4.206,8.606,"[[0.2, 4.5]]",0.06673,0.03492,False,True,True,8.02,3231.93,none,none,,,,1,4
4179163342,0,CW,why did all the children look intensively at the man in black,3,D,3,D,True,12.214,16.614,"[[5.1, 15.8]]",0.81491,0.3114,True,True,True,8.54,2615.22,none,none,,,,1,4
6205856607,0,TC,how does the man react when the horse plays with the girl,4,E,4,E,True,18.454,22.854,"[[6.0, 7.8], [10.5, 16.2], [20.7, 24.0], [25.8, 29.6]]",0.48954,0.38838,False,True,True,7.62,2451.32,none,none,,,,1,4
4983922034,1,CW,why do the dogs jump,0,A,0,A,True,1.804,6.204,"[[1.4, 3.1]]",0.29455,0.26978,False,True,True,7.45,2446.22,none,none,,,,1,4
5658916668,8,CW,why was the man lying flat on his tummy nearing the end,3,D,3,D,True,13.049,17.449,"[[12.1, 15.8]]",0.62533,0.51442,True,True,True,7.06,2975.8,none,none,,,,1,4
5603283408,4,TC,what was the girl carrying as she walked,0,A,0,A,True,1.595,5.995,"[[0.4, 31.6]]",1.0,0.14103,True,True,True,7.43,2423.3,none,none,,,,1,4
3939145327,4,CW,why did the girl turned back in the middle of the video,0,A,2,C,False,29.231,33.631,"[[18.5, 24.2]]",0.0,0.0,False,True,True,7.17,2883.41,none,none,,,,1,4
5323654756,2,TC,what is the girl in green doing as she sat on the chair at first,0,A,1,B,False,28.23,32.63,"[[0.2, 9.8]]",0.0,0.0,False,True,True,7.58,2836.0,none,none,,,,1,4
4782722858,4,TN,what did the lady in brown skirt do after the second time she shaked her body,0,A,0,A,True,44.36,48.76,"[[40.2, 43.5]]",0.0,0.0,False,True,True,12.21,2429.98,none,none,,,,1,4
9528990839,8,TN,what did the lady do after she smiled into the camera at the end of the video,2,C,1,B,False,23.067,27.467,"[[25.8, 28]]",0.37879,0.33784,False,True,True,7.33,2511.87,none,none,,,,1,4
7330294814,6,TN,what does the lady in white do after walking a few steps at the start,1,B,1,B,True,32.501,36.901,"[[0.1, 2.6]]",0.0,0.0,False,True,True,6.39,2798.09,none,none,,,,1,4
3471421544,2,CW,why does the baby stretch his arm forward in the middle,4,E,4,E,True,14.317,18.716,"[[21.0, 41.7]]",0.0,0.0,False,True,True,7.6,2651.49,none,none,,,,1,4
8594309349,3,CH,how did the lady in black ensure she knows the time,1,B,3,D,False,14.342,18.742,"[[14.9, 19]]",0.87311,0.82469,False,True,True,6.85,2600.86,none,none,,,,1,4
5008618500,5,CH,how does the lady fix her hair in the middle of the video,3,D,4,E,False,10.78,15.18,"[[12.5, 13.7]]",0.27273,0.27273,False,True,True,7.58,2671.2,none,none,,,,1,4
8254300526,6,CH,how does the baby grab onto the pole,1,B,1,B,True,0.0,3.825,"[[3.4, 36.6]]",0.11111,0.01161,False,True,True,7.37,3600.15,none,none,,,,1,4
7508439506,0,CW,why did the baby laugh,0,A,2,C,False,1.037,5.437,"[[0.5, 4.3]]",0.74169,0.66107,False,True,True,7.34,2387.55,none,none,,,,1,4
9528990839,2,CW,why is the man sitting in the driver seat pointing around while turning the wheel,1,B,4,E,False,0.0,3.6,"[[4.2, 8.9]]",0.0,0.0,False,True,True,7.53,2901.7,none,none,,,,1,4
8752043000,1,CH,how did the baby react to the pushing at the start of the video,3,D,3,D,True,28.122,32.522,"[[2.5, 8.7]]",0.0,0.0,False,True,True,7.58,3242.28,none,none,,,,1,4
4179163342,3,CW,why did the shortest girl attempt to hug the dog in the middle of the video,1,B,1,B,True,44.58,48.98,"[[46.1, 49.2]]",0.65456,0.6234,True,True,True,8.26,2440.2,none,none,,,,1,4
2482028659,7,CW,why is he holding a price of paper on his hand,2,C,2,C,True,13.416,17.816,"[[0.0, 6.1], [8.0, 21]]",1.0,0.33846,True,True,True,7.26,2510.43,none,none,,,,1,4
3939145327,8,CW,why did the girl put her legs down on the floor in the middle of the video,1,B,1,B,True,8.144,12.544,"[[12.6, 17.1]]",0.0,0.0,False,True,True,7.3,2809.2,none,none,,,,1,4
9256409422,9,TN,what did the lady do after she finished talking in front of the camera,2,C,1,B,False,72.375,76.775,"[[72.6, 77]]",0.94877,0.90253,False,True,True,7.37,3223.22,none,none,,,,1,4
2920952624,8,TN,what does the shorter woman do after walking away and coming back,0,A,0,A,True,6.267,10.667,"[[5.0, 10.0]]",0.84846,0.65879,True,True,True,7.48,2150.01,none,none,,,,1,4
5352022985,6,TN,what does the adult do after the dog approaches her,3,D,2,C,False,0.403,4.803,"[[9.1, 14.6]]",0.0,0.0,False,True,True,8.06,2509.41,none,none,,,,1,4
7691172922,2,CW,why did the dog stand up after resting on the mat,2,C,3,D,False,45.848,49.0,"[[11.3, 22.3]]",0.0,0.0,False,True,True,7.35,3100.27,none,none,,,,1,4
5877508141,5,TN,did the boy get down after the man raised his arm,0,A,0,A,True,12.848,17.248,"[[8.6, 19]]",1.0,0.42308,True,True,True,7.49,2521.89,none,none,,,,1,4
5048503508,5,TN,what did the boy in green do after he slowed his running in the middle,1,B,3,D,False,4.807,9.207,"[[3.3, 9.0]]",0.95295,0.70984,False,True,True,7.06,2344.62,none,none,,,,1,4
8594309349,1,CH,how is the man breathing in the video,1,B,1,B,True,0.0,2.242,"[[0.0, 5.6]]",1.0,0.4003,True,True,True,7.2,2479.03,none,none,,,,1,4
5658916668,2,CW,why did the man sliding downslope stoop low when he slides down hill,4,E,4,E,True,12.248,16.648,"[[7.2, 9.8]]",0.0,0.0,False,True,True,7.26,2732.14,none,none,,,,1,4
4635309062,8,CH,how does the man in white ensure the meat is cook thoroughly,0,A,0,A,True,19.822,24.222,"[[0.0, 7.8], [11.3, 43.2]]",1.0,0.13793,True,True,True,7.64,2770.63,none,none,,,,1,4
3595273118,0,CW,why does the person in the grey coat raise his hands initally,2,C,2,C,True,5.107,9.507,"[[0.1, 4.7]]",0.0,0.0,False,True,True,7.68,2902.76,none,none,,,,1,4
4782722858,6,CW,why did the lady in black swing from left to right,1,B,3,D,False,44.36,48.76,"[[10.7, 24.0]]",0.0,0.0,False,True,True,7.58,2814.0,none,none,,,,1,4
5863411262,4,TN,what does the man in striped shirt do after the man in white shirt walks a way at the start,1,B,4,E,False,18.154,22.554,"[[7.0, 20.0]]",0.41962,0.11871,False,True,True,7.49,2821.44,none,none,,,,1,4
4087654898,1,CH,how did the girl turn on the hose,1,B,4,E,False,8.544,11.0,"[[0.0, 1.4], [5.6, 6.8]]",0.0,0.0,False,True,True,6.17,2377.41,none,none,,,,1,4
13515224395,0,CW,why is the lady squatting on a platform in front of a house,1,B,1,B,True,1.75,6.15,"[[2.8, 12.7]]",0.76133,0.30592,True,True,True,7.28,2891.88,none,none,,,,1,4
2482028659,2,CW,why is the man holding a piece of paper,0,A,0,A,True,13.416,17.816,"[[0.0, 6.1], [9.2, 21.5]]",1.0,0.35772,True,True,True,6.84,3050.87,none,none,,,,1,4
4126010904,2,CW,why does the man in beard move away from the frame near the end of the video,4,E,4,E,True,33.085,37.485,"[[59.2, 62.6]]",0.0,0.0,False,True,True,7.58,2505.14,none,none,,,,1,4
6136926089,5,CW,why did the boy put his hands on the black stairs,1,B,1,B,True,31.5,35.9,"[[30.9, 36.0]]",1.0,0.86275,True,True,True,6.25,2286.97,none,none,,,,1,4
3452354871,6,CW,why was the bird s head moving vigorously,0,A,0,A,True,7.276,11.676,"[[10.7, 17]]",0.22185,0.10039,False,True,True,7.08,2473.53,none,none,,,,1,4
9735768590,8,TN,what did the woman do after she tickled the baby in the middle,4,E,1,B,False,0.0,4.102,"[[12.7, 17.9]]",0.0,0.0,False,True,True,6.91,2438.96,none,none,,,,1,4
8208035645,5,CW,why was the boy looking down at the start of the video,3,D,3,D,True,3.839,8.239,"[[0.0, 2.9]]",0.0,0.0,False,True,True,7.37,2691.92,none,none,,,,1,4
5352022985,1,CW,why does the adult bend down after the dog approaches her,1,B,2,C,False,7.81,12.21,"[[8.3, 13.0]]",0.88864,0.75337,False,True,True,6.24,2297.4,none,none,,,,1,4
3784543730,7,TC,what is the man in black doing,1,B,1,B,True,11.714,16.114,"[[10.4, 28]]",1.0,0.25,True,True,True,7.27,2468.37,none,none,,,,1,4
5926256714,5,CW,why is the boy looking up,0,A,0,A,True,0.845,5.245,"[[8.4, 27.6]]",0.0,0.0,False,True,True,7.27,2701.66,none,none,,,,1,4
7499763064,6,TC,what does the lady in blue hold onto while waiting behind the man,0,A,0,A,True,18.571,22.971,"[[0.0, 5.4]]",0.0,0.0,False,True,True,7.39,2319.31,none,none,,,,1,4
8252088130,3,CW,why does the lady have to lift her left arm up,2,C,2,C,True,0.636,5.036,"[[9.9, 13.8]]",0.0,0.0,False,True,True,7.05,2656.05,none,none,,,,1,4
5352022985,5,CH,how does the dog move through the snow,2,C,3,D,False,24.927,29.327,"[[0.4, 9.2]]",0.0,0.0,False,True,True,7.35,2828.33,none,none,,,,1,4
4658396458,6,CH,how did the toy fall off after the adult has stacked it,4,E,4,E,True,58.925,63.325,"[[58.9, 69.2]]",1.0,0.42718,True,True,True,7.54,3097.04,none,none,,,,1,4
2510696559,5,TN,what does the boy do after looking down at his bicycle at the start of the video,3,D,4,E,False,9.211,13.611,"[[1.4, 7.1]]",0.0,0.0,False,True,True,7.63,2830.69,none,none,,,,1,4
4983922034,0,CW,why is the man kicking snow,4,E,4,E,True,2.071,6.471,"[[0.0, 4.6]]",0.57479,0.39083,True,True,True,10.81,2309.34,none,none,,,,1,4
7887764754,4,TC,what is the response of the baby as the dog approaches her at the start,2,C,0,A,False,9.845,14.245,"[[0.0, 1.2]]",0.0,0.0,False,True,True,7.43,2848.97,none,none,,,,1,4
5352022985,4,TC,what does the dog do as the adult ran at the start,2,C,2,C,True,0.403,4.803,"[[38.6, 47]]",0.0,0.0,False,True,True,7.87,2367.77,none,none,,,,1,4
5586394125,3,CW,why did the dog with white leash bend down after moving away from the women,3,D,4,E,False,14.45,18.85,"[[8.0, 14.4]]",0.0,0.0,False,True,True,7.69,2613.02,none,none,,,,1,4
5586394125,0,CW,why did the blue shirt woman touch the dog when it came beside her,3,D,2,C,False,6.542,10.942,"[[0.7, 2.8]]",0.0,0.0,False,True,True,7.38,2740.01,none,none,,,,1,4
11565498775,5,CW,why does the boy let go of the structure at the end,4,E,4,E,True,6.475,10.875,"[[35.5, 37.7]]",0.0,0.0,False,True,True,7.82,2767.74,none,none,,,,1,4
3843551232,3,TN,why did the black puppy go towards the black and white dog s tail,3,D,3,D,True,7.61,12.01,"[[17.1, 19.9]]",0.0,0.0,False,True,True,7.37,2508.86,none,none,,,,1,4
4013751996,8,TN,what does the girl do after finishing talking at the end,0,A,1,B,False,10.271,14.671,"[[24.1, 31.9]]",0.0,0.0,False,True,True,7.44,2094.26,none,none,,,,1,4
6096998186,0,CW,why is the blonde woman touching the bubble wrap at the start of the video,1,B,3,D,False,0.0,2.734,"[[0.0, 6.0]]",1.0,0.45564,False,True,True,7.24,2798.4,none,none,,,,1,4
2716277960,8,TC,what are the two men currently doing in the forest,0,A,1,B,False,10.479,13.0,"[[5.6, 9.9]]",0.0,0.0,False,True,True,7.27,2380.87,none,none,,,,1,4
4087013668,4,CW,why was the adult poking the pumpkin with a tool beside the baby,1,B,1,B,True,2.68,7.08,"[[0.0, 7.6]]",1.0,0.57895,True,True,True,7.82,2574.89,none,none,,,,1,4
4279106208,9,TC,what were the lady and the child doing in this video,3,D,0,A,False,11.24,15.64,"[[16.0, 22]]",0.0,0.0,False,True,True,7.35,2256.05,none,none,,,,1,4
6617533993,6,TN,what does the girl do after the toy drops,0,A,0,A,True,26.592,30.992,"[[23.1, 27.5]]",0.20644,0.1151,False,True,True,7.45,2717.63,none,none,,,,1,4
3489439407,4,TC,what does the lady in blue hold in her hand,0,A,0,A,True,9.311,13.712,"[[0.7, 3.8]]",0.0,0.0,False,True,True,8.0,2733.15,none,none,,,,1,4
9873067604,7,TC,how did the girl react when the person touch her head,2,C,2,C,True,0.0,3.535,"[[6.2, 9.9]]",0.0,0.0,False,True,True,7.42,2633.29,none,none,,,,1,4
5323654756,0,TC,what is the girl in pink doing as she holds on to a bunch of balloons,1,B,1,B,True,5.641,10.041,"[[8.5, 22.6]]",0.35027,0.09088,False,True,True,8.35,3651.88,none,none,,,,1,4
6160414832,4,CW,why did the man in black move the figure on the board,0,A,0,A,True,51.32,55.72,"[[17.2, 19.9]]",0.0,0.0,False,True,True,6.25,2550.1,none,none,,,,1,4
8594309349,8,CH,how is the fish moving its body,2,C,2,C,True,1.592,5.992,"[[9.8, 14.9]]",0.0,0.0,False,True,True,7.75,2334.17,none,none,,,,1,4
3502722122,6,TN,what does the boy do after closing the book at the end,3,D,3,D,True,0.0,2.2,"[[14.6, 17.0]]",0.0,0.0,False,True,True,7.53,2643.19,none,none,,,,1,4
3502722122,5,CH,how does the boy interact with the book at the beginning of the video,2,C,2,C,True,0.0,2.44,"[[0.1, 8.9]]",0.95902,0.26292,True,True,True,6.96,2769.14,none,none,,,,1,4
5658916668,3,CW,why did the man fall down at the end,2,C,3,D,False,2.838,7.238,"[[12.0, 13.9]]",0.0,0.0,False,True,True,7.99,3125.21,none,none,,,,1,4
6018514357,2,TC,what did the baby do when she reaches the steps at the end,1,B,0,A,False,36.872,41.272,"[[36.8, 42.7]]",1.0,0.74576,False,True,True,7.33,2498.29,none,none,,,,1,4
5586394125,6,CH,how did the woman in white show affection to the dog when it came to her,1,B,1,B,True,16.852,21.252,"[[0.5, 8.9]]",0.0,0.0,False,True,True,8.19,2752.65,none,none,,,,1,4
11587211476,7,TN,why is another man preparing to unleash his white dog after the black dog finishes the course,0,A,0,A,True,5.007,9.407,"[[47.7, 49]]",0.0,0.0,False,True,True,7.47,3364.43,none,none,,,,1,4
4635309062,2,CW,why is the man in white moving the pan,3,D,3,D,True,21.624,26.024,"[[0.4, 8.0], [11.1, 43.0]]",1.0,0.13793,True,True,True,6.17,2473.62,none,none,,,,1,4
5863411262,0,TN,what does the man in white shirt do after the donkey turns his head at the start,1,B,1,B,True,27.863,32.263,"[[2.4, 6.5]]",0.0,0.0,False,True,True,7.87,2641.23,none,none,,,,1,4
3124551255,9,CH,how does the man in red help tidy the hair of the boy in the middle,1,B,1,B,True,6.308,10.709,"[[31.3, 34.5]]",0.0,0.0,False,True,True,7.15,2452.16,none,none,,,,1,4
2552130183,3,TP,what was the baby doing before turning back at the end,3,D,4,E,False,63.098,67.498,"[[80.0, 87.1]]",0.0,0.0,False,True,True,8.9,3579.37,none,none,,,,1,4
10727696143,0,CW,why did the lady in red walk out in the middle,2,C,4,E,False,26.896,31.296,"[[28.7, 35.1]]",0.58995,0.31639,False,True,True,7.65,2534.41,none,none,,,,1,4
11276567104,0,CW,why does the woman in white kneel in front of the person in gold for a while,4,E,4,E,True,0.0,2.64,"[[0.3, 4.9]]",0.88636,0.47755,True,True,True,7.27,3143.9,none,none,,,,1,4
4483447009,4,TN,what does the duck do after approaching the fence in the middle,3,D,0,A,False,5.808,10.208,"[[11.8, 24.7]]",0.0,0.0,False,True,True,12.85,2413.55,none,none,,,,1,4
2810112808,0,TC,what does the man in red do as the woman in black was drawing the cards,1,B,1,B,True,78.08,82.48,"[[68.1, 74.6]]",0.0,0.0,False,True,True,6.61,2006.0,none,none,,,,1,4
9256409422,3,CW,why is the lady moving her hands as she speaks in front of the camera,0,A,2,C,False,61.263,65.663,"[[24.1, 30.9], [47.4, 51.3]]",0.0,0.0,False,True,True,8.22,3238.55,none,none,,,,1,4
2510696559,6,TN,what does the boy do after cycling up the ramp at the start of the video,0,A,0,A,True,46.048,50.448,"[[7.0, 15.2]]",0.0,0.0,False,True,True,7.46,3100.15,none,none,,,,1,4
3939145327,3,CW,why did the girl suddenly stop riding,1,B,1,B,True,7.677,12.077,"[[11.7, 14.2]]",0.08558,0.05772,False,True,True,7.07,3017.98,none,none,,,,1,4
3355698421,4,TC,what does the lady in white shirt do as the man and woman opposite him were talking,1,B,1,B,True,36.939,40.0,"[[15.2, 17.9]]",0.0,0.0,False,True,True,7.76,2864.4,none,none,,,,1,4
6159637889,3,CH,how is the cradle moved in the middle of the video,2,C,2,C,True,42.978,47.378,"[[33.7, 36.5]]",0.0,0.0,False,True,True,8.14,3264.06,none,none,,,,1,4
4126010904,5,TN,how does the man in beard react after the bald man lean his face on the television,1,B,1,B,True,22.325,26.724,"[[24.4, 31.1]]",0.5283,0.26489,True,True,True,7.82,3044.75,none,none,,,,1,4
4013751996,4,TN,what does the girl do after stopping the toy bicycle,3,D,3,D,True,0.302,4.703,"[[2.8, 4.8]]",0.43239,0.42301,False,True,True,7.22,1883.61,none,none,,,,1,4
3851961428,8,TN,what did the boy do after he took out the goggles,3,D,3,D,True,0.803,5.203,"[[2.7, 8.8]]",0.56886,0.31299,True,True,True,7.54,2437.55,none,none,,,,1,4
6205856607,8,CW,why does the girl move her head away from the horse at the end of the video,0,A,0,A,True,15.651,20.051,"[[27.9, 30.0]]",0.0,0.0,False,True,True,7.41,2725.71,none,none,,,,1,4
9528990839,4,CW,why did the man bend sideway at the end of the video,0,A,3,D,False,0.867,5.267,"[[24.5, 28]]",0.0,0.0,False,True,True,7.69,2692.43,none,none,,,,1,4
2547885226,8,TC,what happens to the toy dinosaur when the kid starts playing with it,1,B,1,B,True,7.81,12.21,"[[2.6, 10.3]]",0.56591,0.25911,True,True,True,7.37,2395.23,none,none,,,,1,4
5047408177,1,TN,what does the girl do after she took out a yellow shorts from the basket,0,A,1,B,False,5.8,10.2,"[[14.8, 26.7]]",0.0,0.0,False,True,True,7.1,2212.06,none,none,,,,1,4
2835125654,8,TN,what did the elephants do after the elephant on the left pushed the elephant on the right backwards nearing the end,1,B,0,A,False,35.504,39.904,"[[35.7, 38.6]]",0.65909,0.65909,False,True,True,7.24,2126.66,none,none,,,,1,4
3502722122,1,TC,what does the boy do when the green back page does not hold still,4,E,1,B,False,3.8,8.2,"[[2.4, 11.4]]",1.0,0.48889,False,True,True,7.02,2519.12,none,none,,,,1,4
2885091387,5,TN,what happens to the car after it gets into the puddle,2,C,2,C,True,15.818,20.218,"[[7.7, 13.1]]",0.0,0.0,False,True,True,7.13,2375.19,none,none,,,,1,4
9873067604,6,TC,what did the girl do when the person touch the girl s head,0,A,1,B,False,0.0,3.535,"[[6.3, 9.0]]",0.0,0.0,False,True,True,7.59,2685.74,none,none,,,,1,4
2716277960,2,CW,why are the two man in the forest,1,B,2,C,False,10.479,13.0,"[[5.6, 9.9]]",0.0,0.0,False,True,True,7.21,2804.21,none,none,,,,1,4
3939145327,1,TN,what did the girl do after she knocked onto the wall in the middle of the video,1,B,1,B,True,28.831,33.231,"[[13.2, 17.1]]",0.0,0.0,False,True,True,12.52,2539.46,none,none,,,,1,4
6136926089,9,TN,what does the boy do after coming down from the slide,0,A,4,E,False,12.848,17.248,"[[22.8, 28.2]]",0.0,0.0,False,True,True,7.23,2397.06,none,none,,,,1,4
2857132732,7,CW,why did the man remove the instrument from his lap at the end of the video,1,B,1,B,True,7.41,11.81,"[[23.5, 24]]",0.0,0.0,False,True,True,7.51,1928.14,none,none,,,,1,4
14012319794,6,CW,why did the girl open the door at the end of the video,4,E,0,A,False,109.425,113.825,"[[111.6, 116.2]]",0.50568,0.32841,False,True,True,8.2,2679.11,none,none,,,,1,4
7330294814,8,TN,what does the lady in white do after holding the plush in front of the baby at the end,1,B,2,C,False,14.35,18.75,"[[68.2, 70.6]]",0.0,0.0,False,True,True,6.27,3323.92,none,none,,,,1,4
4744503881,1,CW,why did the lady on the right bend to the other side in the middle,2,C,1,B,False,1.704,6.104,"[[4.8, 12.0]]",0.29634,0.12664,False,True,True,7.1,2762.79,none,none,,,,1,4
2547885226,2,CW,why does the kid leaves the dinosaur on the sand towards the end,3,D,4,E,False,7.81,12.21,"[[10.6, 13.5]]",0.36591,0.28295,False,True,True,7.57,2539.6,none,none,,,,1,4
4136617240,3,CW,why is there a cat sitting on the chair,2,C,0,A,False,0.803,5.203,"[[0.0, 40.5]]",1.0,0.10864,False,True,True,7.92,2986.1,none,none,,,,1,4
2821968703,9,TN,what happens to the man after he crash into the sea at the end,4,E,4,E,True,26.829,30.0,"[[26.6, 29.9]]",0.96846,0.90324,True,True,True,7.63,1859.38,none,none,,,,1,4
5586394125,2,CW,why did the white shirt woman point at the dog s back when it is starting to move away from her,0,A,3,D,False,9.845,14.245,"[[18.9, 22.0]]",0.0,0.0,False,True,True,7.49,2733.27,none,none,,,,1,4
5352022985,7,TC,what does the adult do at the start while the dog was on the snow,0,A,0,A,True,0.403,4.803,"[[0.4, 9.0]]",1.0,0.51163,True,True,True,7.59,2390.29,none,none,,,,1,4
7508439506,3,CW,why is the man lying on his side,3,D,1,B,False,3.739,8.139,"[[3.3, 4.2]]",0.10471,0.09521,False,True,True,6.58,2358.45,none,none,,,,1,4
2589540862,5,CH,how does the girl move herself around the room at the beginning,2,C,2,C,True,0.0,3.034,"[[1.3, 5.4]]",0.57152,0.32111,True,True,True,7.43,2589.9,none,none,,,,1,4
3469864014,1,CW,why did the adult touch the fish on the board after moving it away from the table,0,A,1,B,False,0.803,5.203,"[[0.7, 2.9]]",0.47659,0.46569,False,True,True,7.48,2147.03,none,none,,,,1,4
5586394125,4,CW,why did the dog in red leash put its head into the red container,1,B,1,B,True,15.251,19.651,"[[13.5, 16.0]]",0.17028,0.12181,False,True,True,7.07,2515.29,none,none,,,,1,4
6096998186,1,CW,why does the blonde woman hold the pair of souvenirs up in the middle of the video,1,B,1,B,True,13.549,17.949,"[[6.0, 18.6]]",1.0,0.34921,True,True,True,7.39,2498.46,none,none,,,,1,4
2810112808,3,CW,why did the lady in black stretch her hand several times after the man in red draws the cards,2,C,3,D,False,78.08,82.48,"[[55.4, 70.5]]",0.0,0.0,False,True,True,8.54,2793.72,none,none,,,,1,4
5889898795,1,CH,how do the people get attached to the zipline,0,A,4,E,False,79.482,83.882,"[[27.1, 38.5], [54.4, 60.5], [68.0, 78.2]]",0.0,0.0,False,True,True,7.88,3212.78,none,none,,,,1,4
2885091387,4,TC,How did the man in blue react when the man saw the car almost tilting to fall,3,D,3,D,True,31.834,36.0,"[[34.5, 35.6]]",0.26404,0.26404,False,True,True,6.74,2496.52,none,none,,,,1,4
11670386946,6,TN,what does the man in brown do after turning his head to the right at the end,0,A,0,A,True,29.432,33.0,"[[28.3, 33]]",1.0,0.75923,True,True,True,7.38,2565.67,none,none,,,,1,4
2510696559,1,CW,why did the blue shirt woman move her hand when she walked past the front,3,D,3,D,True,9.111,13.511,"[[10.0, 12.1]]",0.47727,0.47727,False,True,True,6.61,2300.57,none,none,,,,1,4
8752043000,2,TC,where did the baby put his hand as he was being pushed on the pram,1,B,1,B,True,7.935,12.335,"[[3.6, 8.0]]",0.01474,0.00743,False,True,True,9.81,3188.27,none,none,,,,1,4
4087654898,8,CW,why is there water gushing out of the bucket,0,A,0,A,True,7.677,11.0,"[[0.6, 3.1], [7.0, 8.1]]",0.12742,0.10587,False,True,True,6.1,2558.29,none,none,,,,1,4
6018514357,8,CW,why did the baby turn around after standing up on the slide,0,A,0,A,True,0.0,3.535,"[[12.4, 15.7]]",0.0,0.0,False,True,True,7.19,2595.67,none,none,,,,1,4
5889898795,6,CH,how do the people go to the other side of the wood,2,C,4,E,False,16.919,21.319,"[[46.1, 48.0]]",0.0,0.0,False,True,True,8.95,3067.56,none,none,,,,1,4
11587211476,0,CW,why is the woman in pink moving around in the middle of the field,2,C,2,C,True,38.841,43.241,"[[11.6, 14.9]]",0.0,0.0,False,True,True,7.72,3128.28,none,none,,,,1,4
4757890069,2,TC,what were the people filmed near the middle of the video doing as the vehicles drove past,1,B,1,B,True,25.628,30.028,"[[11.3, 18.3]]",0.0,0.0,False,True,True,7.5,2285.01,none,none,,,,1,4
10597533885,1,CW,why does the kid pick out specific toys,4,E,0,A,False,45.915,50.315,"[[1.5, 8.1], [11.7, 18.0]]",0.0,0.0,False,True,True,7.65,3303.81,none,none,,,,1,4
3851961428,7,CW,why did the man in red do a hand gesture,3,D,3,D,True,13.816,18.216,"[[38.4, 43.3]]",0.0,0.0,False,True,True,7.77,2437.07,none,none,,,,1,4
7691172922,6,TN,what does the dog do after running up the stairs,1,B,1,B,True,16.852,21.252,"[[43.3, 48.6]]",0.0,0.0,False,True,True,7.4,2967.79,none,none,,,,1,4
5047408177,8,CW,why did the girl pick out a white item from the bucket at the beginning,0,A,1,B,False,0.0,3.8,"[[0.0, 5.4]]",1.0,0.7037,False,True,True,7.72,2202.22,none,none,,,,1,4
4626535366,2,CW,why did the boy with spectacles stand nearer to the board and further from others,0,A,0,A,True,9.512,13.912,"[[11.0, 45.8]]",0.66175,0.08024,True,True,True,8.33,2779.48,none,none,,,,1,4
3489439407,6,CW,why are the lady and two men staring at the screens in front of them,0,A,3,D,False,12.214,16.614,"[[14.4, 26.2]]",0.50327,0.15833,False,True,True,8.22,3072.78,none,none,,,,1,4
5603283408,1,TC,what is the man in blue shorts doing as the girl was walking at the start,1,B,3,D,False,1.971,6.371,"[[3.8, 8.2]]",0.58428,0.41271,False,True,True,7.74,2068.31,none,none,,,,1,4
8752043000,5,TC,what is the baby s expression when he approached the person,0,A,0,A,True,61.322,65.722,"[[6.8, 13.3], [21.3, 26.9], [31.9, 36.9], [43.4, 47.6], [54.9, 61.1]]",0.0,0.0,False,True,True,6.93,3093.38,none,none,,,,1,4
8990144134,6,TN,what does the cat do after hitting the bird,2,C,4,E,False,1.871,6.271,"[[6.7, 11.7]]",0.0,0.0,False,True,True,7.17,2261.04,none,none,,,,1,4
11565498775,10,CH,how does the man assist the boy to do correctly,0,A,0,A,True,15.284,19.684,"[[21.8, 28.3]]",0.0,0.0,False,True,True,7.17,2932.23,none,none,,,,1,4
11584566583,1,TC,what does the lady in green hold in her left hand while standing,2,C,2,C,True,5.708,10.108,"[[4.5, 12.6]]",1.0,0.54321,True,True,True,7.12,2558.16,none,none,,,,1,4
3939145327,6,CH,how did the girl shift her tricycle away from the wall,3,D,3,D,True,12.415,16.815,"[[13.2, 17.5]]",0.8215,0.71078,True,True,True,7.92,2457.97,none,none,,,,1,4
2589540862,4,CW,why did the man at the computer lean forward at the middle,0,A,4,E,False,3.806,8.206,"[[13.3, 15.2]]",0.0,0.0,False,True,True,7.69,2481.11,none,none,,,,1,4
4635309062,3,CW,why is the white shirt man moving his arms,3,D,3,D,True,21.624,26.024,"[[0.5, 8.0], [11.1, 43.0]]",1.0,0.13793,True,True,True,7.94,3526.97,none,none,,,,1,4
5421648216,0,CW,why are the sheeps insde a fence,0,A,0,A,True,13.816,18.216,"[[0.2, 42.9]]",1.0,0.10304,True,True,True,7.51,2426.24,none,none,,,,1,4
6205856607,4,TC,how does the girl react when the horse turns towards her the first time,3,D,3,D,True,15.651,20.051,"[[5.9, 8.1], [21.2, 24.2]]",0.0,0.0,False,True,True,7.38,2333.5,none,none,,,,1,4
3249402410,8,TN,what did the lady in black on the left do after she finished spreading the sauce on her pizza,3,D,3,D,True,0.202,4.602,"[[0.0, 16.0]]",1.0,0.275,True,True,True,7.53,2545.78,none,none,,,,1,4
3175315183,3,CW,why did the baby lean his head to his right in the middle,0,A,0,A,True,76.879,81.279,"[[39.6, 65.8]]",0.0,0.0,False,True,True,7.99,2949.64,none,none,,,,1,4
7888256388,3,TN,what did the dog do after sniffing the lady s shoes,2,C,2,C,True,9.178,13.578,"[[13.3, 16.7]]",0.06319,0.03696,False,True,True,7.13,2453.86,none,none,,,,1,4
7888256388,5,CW,why did the dog move forward towards the lady after it was patted,3,D,1,B,False,12.815,17.215,"[[7.1, 9.9]]",0.0,0.0,False,True,True,7.59,2735.36,none,none,,,,1,4
4179163342,1,CW,why did the man in black move his hands as he talked,0,A,0,A,True,3.105,7.505,"[[0.0, 49.9]]",1.0,0.08818,True,True,True,7.86,3015.2,none,none,,,,1,4
10109097475,4,CW,why did the aircraft stopped on the runway,4,E,2,C,False,11.414,15.814,"[[63.3, 74.3]]",0.0,0.0,False,True,True,7.68,2726.67,none,none,,,,1,4
4083875373,3,TN,what happens to the girl after spinning too many rounds in the middle,2,C,2,C,True,47.65,52.05,"[[31.5, 35.8]]",0.0,0.0,False,True,True,7.54,2616.38,none,none,,,,1,4
7499763064,2,TC,what does the lady in blue do as the man was trying to climb higher nearing the end,4,E,4,E,True,16.861,21.261,"[[1.7, 4.3], [16.6, 20.4]]",0.80438,0.75939,True,True,True,7.46,2504.4,none,none,,,,1,4
2920952624,2,CH,how does the shorter woman stir fry her dish after sprinkle something,1,B,2,C,False,1.804,6.204,"[[9.2, 22.9]]",0.0,0.0,False,True,True,7.69,2251.73,none,none,,,,1,4
5421648216,4,TN,what does the white sheep do after looking at the other two sheeps at the start,2,C,2,C,True,11.647,16.047,"[[0.2, 43.0]]",1.0,0.1028,True,True,True,7.36,2321.16,none,none,,,,1,4
2920952624,6,CH,how does the shorter woman reach the frying pan to stir fry after sprinkling something into it,2,C,1,B,False,1.804,6.204,"[[7.1, 10.4]]",0.0,0.0,False,True,True,7.95,2295.42,none,none,,,,1,4
7887764754,2,TN,what does the baby do after the dog eats the food on her hand at the start,0,A,1,B,False,20.856,25.256,"[[2.0, 3.4], [11.0, 12.5], [22.6, 24.3]]",0.38636,0.38636,False,True,True,7.57,2779.61,none,none,,,,1,4
3249402410,0,CW,why did the lady in black on the left put the scoop into the pot at the beginning of the video,3,D,3,D,True,20.323,23.0,"[[7.4, 12.0]]",0.0,0.0,False,True,True,7.51,2693.83,none,none,,,,1,4
4136617240,2,CW,why is there a lady dancing near the girl,1,B,1,B,True,17.82,22.22,"[[40.6, 44.1], [72.0, 84.3]]",0.0,0.0,False,True,True,7.79,3074.03,none,none,,,,1,4
3452354871,5,CH,how did the bird clean itself,1,B,1,B,True,8.811,13.211,"[[10.2, 17]]",0.68432,0.36769,True,True,True,7.4,2365.43,none,none,,,,1,4
3935853204,6,TC,how are the other people positioned around,4,E,4,E,True,14.55,18.95,"[[13.2, 21.9]]",1.0,0.50575,True,True,True,7.76,2370.21,none,none,,,,1,4
4626535366,10,TC,what are the four children doing while one of them is presenting,4,E,4,E,True,9.712,14.112,"[[11.5, 45.8]]",0.59361,0.07238,True,True,True,8.21,2751.54,none,none,,,,1,4
5008618500,8,TN,how did the child in pink react after the lady show the belly button of the baby to her,0,A,0,A,True,0.0,2.2,"[[3.7, 6.2]]",0.0,0.0,False,True,True,6.18,2742.17,none,none,,,,1,4
6329077812,5,TN,how did the lady react after the baby spited out milk,1,B,0,A,False,0.803,5.203,"[[28.1, 43.8]]",0.0,0.0,False,True,True,7.64,3362.37,none,none,,,,1,4
3066064005,8,CW,why does the woman in black open the lid of the bowl on the table,1,B,1,B,True,7.81,12.21,"[[8.3, 10.8]]",0.56818,0.56818,True,True,True,8.02,2548.29,none,none,,,,1,4
4983922034,4,TC,how do the two dogs in front of the man react every time he kicks,1,B,4,E,False,6.075,10.475,"[[0.0, 12.7]]",1.0,0.34646,False,True,True,7.85,2976.04,none,none,,,,1,4
14012319794,5,TN,what did the girl do after she got the flag,3,D,4,E,False,47.383,51.783,"[[70.7, 80.1]]",0.0,0.0,False,True,True,8.82,2565.63,none,none,,,,1,4
3471421544,1,TN,what does the baby do after he lights up the toy,2,C,2,C,True,53.856,58.256,"[[22.6, 24.2], [39.3, 41.2], [58.7, 59.1]]",0.0,0.0,False,True,True,7.63,3072.53,none,none,,,,1,4
4273039295,11,TN,what does the woman in green beanie do after the child falls down,2,C,2,C,True,72.2,76.6,"[[67.0, 70.4]]",0.0,0.0,False,True,True,7.32,2293.57,none,none,,,,1,4
11565498775,0,TN,what did the man do after the boy ran away,0,A,2,C,False,34.003,38.403,"[[36.2, 40.4]]",0.50064,0.34435,False,True,True,7.57,2715.65,none,none,,,,1,4
9735768590,7,CH,how does the woman attain the baby s attention at the start,0,A,0,A,True,16.118,20.518,"[[0.1, 4.8]]",0.0,0.0,False,True,True,7.3,2775.7,none,none,,,,1,4
6136926089,6,TC,what does the boy do when it reached the black stairs,0,A,4,E,False,32.768,37.168,"[[30.9, 35.6]]",0.64358,0.45176,False,True,True,6.04,2268.22,none,none,,,,1,4
5926256714,6,CW,why did the man holding the boy take steps forward,1,B,1,B,True,11.605,16.005,"[[0.2, 1.6], [5.6, 6.0], [7.8, 8.4], [19.0, 19.3], [23.2, 27.6]]",0.0,0.0,False,True,True,7.04,2541.34,none,none,,,,1,4
6136926089,3,CH,how does the baby interact with the slide in the middle of the video,0,A,0,A,True,17.153,21.553,"[[13.7, 20.5]]",0.76076,0.42627,True,True,True,7.3,2519.13,none,none,,,,1,4
6160414832,3,TC,what is the shirtless boy doing in front of the camera near the end of the video,4,E,4,E,True,41.877,46.277,"[[43.7, 48.3]]",0.58577,0.40129,True,True,True,7.58,2811.76,none,none,,,,1,4
11276567104,1,CW,why did the priest pat the woman in white before she stood up,1,B,4,E,False,19.56,23.96,"[[33.8, 36.8]]",0.0,0.0,False,True,True,7.53,2636.77,none,none,,,,1,4
2552130183,2,CW,why does the lady hold the baby s stomach near the end,4,E,3,D,False,40.509,44.909,"[[59.5, 63.3]]",0.0,0.0,False,True,True,7.67,2720.26,none,none,,,,1,4
3784543730,5,CH,how did the driver kept his distance from the blue car,4,E,4,E,True,0.0,2.934,"[[25.2, 28]]",0.0,0.0,False,True,True,7.03,2684.65,none,none,,,,1,4
3489439407,5,TC,how are the two men next to the lady in blue positioned,1,B,0,A,False,9.311,13.712,"[[7.5, 16.6]]",1.0,0.48352,False,True,True,7.59,2293.46,none,none,,,,1,4
2716277960,4,CH,how did the two men get the bicycles across the river,1,B,1,B,True,3.939,8.339,"[[4.3, 12.3]]",0.91795,0.48308,True,True,True,7.04,2571.39,none,none,,,,1,4
6163877860,5,CH,how did the baby move around the sofa,4,E,4,E,True,67.8,72.2,"[[3.9, 9.5], [20.6, 22.5], [33.3, 41.3], [52.7, 56.2], [65.1, 69.5], [78.5, 86.0]]",0.38636,0.23944,False,True,True,7.41,2690.99,none,none,,,,1,4
4822859674,5,TN,how happpened to the boy after the man released his hands in the middle,3,D,2,C,False,0.302,4.703,"[[17.2, 19.6]]",0.0,0.0,False,True,True,7.88,2506.52,none,none,,,,1,4
7887764754,5,TN,what does the dog do after sitting for a while in the middle,3,D,1,B,False,17.853,22.253,"[[18.3, 21.2]]",0.65909,0.65909,False,True,True,7.41,2515.72,none,none,,,,1,4
2552130183,5,TN,how does the lady react after the baby swings his hand at her face,1,B,1,B,True,2.07,6.47,"[[27.0, 28.0]]",0.0,0.0,False,True,True,8.5,3095.3,none,none,,,,1,4
8208035645,0,TN,what does the boy do after making a turn,0,A,0,A,True,3.839,8.239,"[[2.1, 5.2]]",0.30923,0.22162,False,True,True,7.51,2338.15,none,none,,,,1,4
8563398032,1,CW,why did the man with plain black shirt move his hands in front of him,3,D,3,D,True,57.36,61.76,"[[1.2, 6.8], [9.4, 14.5], [17.7, 21.7], [24.7, 31.6], [55.3, 62.9], [75.7, 81.6]]",1.0,0.57895,True,True,True,7.63,3047.73,none,none,,,,1,4
8547321641,4,CW,why does the baby look down while walking towards the sea near the end of the video,3,D,3,D,True,7.343,11.0,"[[7.3, 9.1]]",0.48047,0.4749,False,True,True,6.18,2374.0,none,none,,,,1,4
7651639778,4,CW,why does the man wearing black sweater lend his hands to the man wearing hoodie at the end of the video,2,C,2,C,True,55.491,59.891,"[[53.7, 57.1]]",0.36569,0.2599,False,True,True,8.11,2625.5,none,none,,,,1,4
4626535366,3,CW,why do all the kids bend near the end,2,C,0,A,False,42.745,47.145,"[[41.4, 47.0]]",0.96707,0.74067,False,True,True,7.72,2663.63,none,none,,,,1,4
9735768590,4,TC,how does the baby react seeing the woman tucks out her tongue,1,B,1,B,True,15.318,19.718,"[[11.2, 14.5]]",0.0,0.0,False,True,True,7.1,2381.08,none,none,,,,1,4
2821968703,4,CW,why did the man crash into the sea at the end,4,E,4,E,True,24.527,28.927,"[[27.1, 29.8]]",0.41516,0.34641,False,True,True,7.27,1993.44,none,none,,,,1,4
4083875373,4,TN,what does the girl do after sitting down near the end,0,A,4,E,False,48.217,52.617,"[[40.8, 51.6]]",0.76886,0.28628,False,True,True,7.36,2296.62,none,none,,,,1,4
10109097475,0,CW,why did the man walked towards the aircraft in the beginning,2,C,2,C,True,1.137,5.537,"[[15.3, 25.2]]",0.0,0.0,False,True,True,7.59,2742.23,none,none,,,,1,4
2821968703,3,CW,why did the man let go of the rope at the end,4,E,4,E,True,23.592,27.992,"[[25.4, 28.7]]",0.58919,0.50757,True,True,True,7.3,2173.68,none,none,,,,1,4
4123211145,10,CH,how did girl in orange pass the jacket away,3,D,3,D,True,10.946,15.346,"[[28.1, 30.1]]",0.0,0.0,False,True,True,7.92,2780.42,none,none,,,,1,4
6793786769,4,TC,what did the boy do when the trained approached him near the end of the video,1,B,2,C,False,12.508,16.908,"[[35.2, 36.6]]",0.0,0.0,False,True,True,7.13,2649.69,none,none,,,,1,4
8563398032,7,TN,how does the man in plain shirt react after the other man put his hand on his arm near the end,3,D,4,E,False,0.24,4.64,"[[54.9, 59.3]]",0.0,0.0,False,True,True,7.54,2771.76,none,none,,,,1,4
2552130183,8,TN,what does the lady do after sitting the baby in front of her,1,B,3,D,False,1.069,5.469,"[[40.2, 52.4]]",0.0,0.0,False,True,True,7.85,2557.79,none,none,,,,1,4
6160414832,6,TC,what did the man in stripped do when the boy in yellow approached him,4,E,3,D,False,44.28,48.68,"[[11.9, 14.7]]",0.0,0.0,False,True,True,7.22,2637.97,none,none,,,,1,4
2835125654,1,TC,what does the boy at the fence do while the elephants are moving around,0,A,1,B,False,12.815,17.215,"[[0.0, 22.2]]",1.0,0.1982,False,True,True,7.41,1973.05,none,none,,,,1,4
8547321641,1,CW,why does the man go in front of the baby at the end of the video,2,C,4,E,False,8.577,11.0,"[[9.6, 10.9]]",0.53662,0.53662,False,True,True,7.37,2532.77,none,none,,,,1,4
2547885226,3,CH,how does the kid play with the dinosaur,1,B,2,C,False,5.775,10.175,"[[0.8, 10.6]]",1.0,0.44898,False,True,True,7.68,2524.26,none,none,,,,1,4
8254300526,9,CH,how does the socks get removed,1,B,3,D,False,5.842,10.242,"[[39.8, 45.3]]",0.0,0.0,False,True,True,7.29,2973.88,none,none,,,,1,4
11565498775,9,TC,how does the boy react while pushing the handle at the end,2,C,0,A,False,6.475,10.875,"[[33.0, 35.8]]",0.0,0.0,False,True,True,7.77,2358.39,none,none,,,,1,4
4279106208,1,CW,why does the woman hold the boy s hand when going down the slide,4,E,1,B,False,5.0,9.4,"[[8.6, 15.8]]",0.18182,0.07407,False,True,True,6.96,2416.23,none,none,,,,1,4
2510696559,2,CW,why did the boy stand the bicycle on one wheel when he is at the top of the stairs,0,A,0,A,True,0.0,3.401,"[[34.2, 40.7]]",0.0,0.0,False,True,True,7.51,3085.09,none,none,,,,1,4
5008618500,1,CW,why is the lady pointing at the bellybutton of the baby in the middle of the video,2,C,2,C,True,1.704,6.104,"[[2.6, 3.8]]",0.27273,0.27273,False,True,True,7.58,2734.68,none,none,,,,1,4
6542914065,2,CW,why did the running people stop after a while,0,A,4,E,False,4.373,8.773,"[[9.0, 10]]",0.0,0.0,False,True,True,7.47,2423.77,none,none,,,,1,4
4635309062,4,CW,why does the man in black have to bend down at the beginning,1,B,1,B,True,0.0,2.867,"[[0.6, 12.2]]",0.79075,0.18585,True,True,True,7.82,3440.4,none,none,,,,1,4
3935853204,4,CH,how did the lady enlarge the view of the screen after the middle part of the video,0,A,0,A,True,13.149,17.549,"[[14.1, 16.5]]",0.54545,0.54545,True,True,True,7.47,2647.59,none,none,,,,1,4
2552130183,0,CW,why does the lady moves her finger across the baby s tummy at the beginning of the video,3,D,3,D,True,40.509,44.909,"[[0.0, 0.8], [2.2, 3.8], [5.5, 7.5]]",0.0,0.0,False,True,True,8.38,2870.81,none,none,,,,1,4
4126010904,3,CW,why did the tall man approach the tv after he dances,0,A,4,E,False,54.231,58.631,"[[14.9, 20.8]]",0.0,0.0,False,True,True,7.63,2601.81,none,none,,,,1,4
10109097475,6,TN,what does the man in red do after walking close to the plane in the middle,1,B,1,B,True,0.0,2.2,"[[66.7, 75.1]]",0.0,0.0,False,True,True,6.4,2580.03,none,none,,,,1,4
7888256388,0,CW,why did the lady touch the dog at the start,0,A,4,E,False,5.141,9.541,"[[0.0, 6.0]]",0.1953,0.09007,False,True,True,7.28,2454.73,none,none,,,,1,4
5877508141,6,TN,what did the man do after the boy stopped holding on to the slide,1,B,0,A,False,13.816,18.216,"[[8.5, 9.6]]",0.0,0.0,False,True,True,6.95,2444.04,none,none,,,,1,4
6860322796,5,TN,what did the lady do after playing with the black dog for a while,1,B,3,D,False,22.258,26.658,"[[13.4, 23.0]]",0.16869,0.05598,False,True,True,7.54,2522.23,none,none,,,,1,4
11276567104,4,TC,how does the woman respond when the priest lets go of her head,0,A,0,A,True,19.24,23.64,"[[21.1, 28.1]]",0.57727,0.28668,True,True,True,14.87,2795.55,none,none,,,,1,4
8990144134,1,TC,how did the bird react when the cat hits it,3,D,3,D,True,1.871,6.271,"[[4.0, 7.1]]",0.51608,0.43424,True,True,True,12.6,1666.17,none,none,,,,1,4
7691172922,8,TC,how does the dog react when she started to move away from it at the beginning,2,C,0,A,False,9.845,14.245,"[[32.2, 35.9]]",0.0,0.0,False,True,True,7.74,2924.91,none,none,,,,1,4
4626535366,0,CW,why does the boy standing next to girl points to another boy,2,C,4,E,False,27.63,32.03,"[[3.3, 9.9]]",0.0,0.0,False,True,True,7.29,2810.2,none,none,,,,1,4
2589540862,0,TC,what does the man do as the girl started spinning herself at the start,0,A,0,A,True,4.807,9.207,"[[0.0, 2.5], [3.2, 8.8]]",0.9075,0.66472,True,True,True,7.52,2717.96,none,none,,,,1,4
5323654756,7,CW,why did the person with yellow sleeves extended her hand at the beginning of the video,2,C,2,C,True,33.936,38.336,"[[0.3, 7.2]]",0.0,0.0,False,True,True,7.93,2682.96,none,none,,,,1,4
9213637099,1,CW,why did the lady hold on to the shoulders of the two people beside her near the start,3,D,3,D,True,23.842,28.242,"[[16.3, 26.5]]",0.60417,0.22261,True,True,True,7.45,2788.17,none,none,,,,1,4
2835125654,5,TN,what does the elephant on the left do after being pushed backwards by the elephant on the right after the middle of the video,0,A,0,A,True,43.378,47.0,"[[30.7, 38.2]]",0.0,0.0,False,True,True,7.35,2067.79,none,none,,,,1,4
3935853204,3,TC,what do the other people do as the lady in black plays with the screen,1,B,1,B,True,13.149,17.549,"[[13.2, 21.9]]",0.98833,0.49691,True,True,True,7.45,2483.0,none,none,,,,1,4
7691172922,4,TC,how does the dog respond when it senses the lady,2,C,4,E,False,45.848,49.0,"[[10.2, 11.7]]",0.0,0.0,False,True,True,8.0,2597.25,none,none,,,,1,4
4013751996,5,CH,how does the girl stop the toy bicycle,0,A,0,A,True,0.261,4.661,"[[2.7, 4.4]]",0.38636,0.38636,False,True,True,7.14,2141.63,none,none,,,,1,4
6163877860,1,CW,why did the book disappear from the sofa,2,C,2,C,True,7.592,11.992,"[[17.2, 19.0]]",0.0,0.0,False,True,True,7.62,2418.83,none,none,,,,1,4
4087654898,2,CW,why did the boy bend down,0,A,0,A,True,7.109,11.0,"[[1.8, 3.3]]",0.0,0.0,False,True,True,7.52,2609.0,none,none,,,,1,4
2552130183,1,CW,why does the lady hold the baby s hand in the middle of the video,3,D,1,B,False,40.509,44.909,"[[43.1, 52.4], [55.2, 59.0]]",0.41114,0.15213,False,True,True,8.1,2413.05,none,none,,,,1,4
3489439407,3,CW,why is the lady wearing a headphone,1,B,2,C,False,35.237,39.637,"[[0.7, 3.8], [50.8, 54.2]]",0.0,0.0,False,True,True,7.87,2973.65,none,none,,,,1,4
6160414832,0,CH,how did the man in striped determine the number to play,1,B,3,D,False,53.823,58.223,"[[0.0, 15.2]]",0.0,0.0,False,True,True,7.69,3043.56,none,none,,,,1,4
3784543730,4,CH,how is the person in black moving forward,1,B,1,B,True,11.714,16.114,"[[10.4, 28]]",1.0,0.25,True,True,True,7.17,2352.88,none,none,,,,1,4
11584566583,4,TP,what did the lady in pink do just before the end of the video,4,E,3,D,False,5.708,10.108,"[[8.9, 10.2]]",0.27452,0.2689,False,True,True,7.18,2432.66,none,none,,,,1,4
4123211145,6,CW,what did the girl in yellow do in the middle of the video,0,A,4,E,False,56.659,61.059,"[[34.9, 36.9], [60.8, 68.6]]",0.05882,0.02167,False,True,True,17.02,2926.69,none,none,,,,1,4
5323654756,1,TN,what did the girl in pink do after she picked up something from the side of the room,0,A,4,E,False,44.647,49.047,"[[20.4, 24.6]]",0.0,0.0,False,True,True,8.27,2962.27,none,none,,,,1,4
5863411262,5,CW,why is the woman in white holding a camera at the end,4,E,4,E,True,18.254,22.654,"[[25.6, 31.0]]",0.0,0.0,False,True,True,7.18,2546.73,none,none,,,,1,4
3562017845,4,TN,what did the bird at the back do after it started to walk,0,A,0,A,True,0.102,4.502,"[[11.8, 15.5]]",0.0,0.0,False,True,True,7.56,2430.29,none,none,,,,1,4
4126010904,6,TN,what does the tall man do after lifting his face from the tv the first time,0,A,0,A,True,0.0,3.326,"[[38.3, 42.0]]",0.0,0.0,False,True,True,7.53,2218.12,none,none,,,,1,4
4087013668,8,TN,what did the lady in pink do after the boy looked at her at the end of the video,2,C,2,C,True,4.89,9.29,"[[55.5, 59.1]]",0.0,0.0,False,True,True,7.57,2781.04,none,none,,,,1,4
10109097475,5,TN,what does the man in red do after looking at a distance from the plane at the start,0,A,4,E,False,4.473,8.873,"[[17.3, 31.5]]",0.0,0.0,False,True,True,7.55,2485.2,none,none,,,,1,4
5421648216,5,TN,what does the brown sheep do after walking close to the black sheep at the start,3,D,3,D,True,5.841,10.241,"[[0.2, 43]]",1.0,0.1028,True,True,True,7.41,2593.39,none,none,,,,1,4
6096998186,3,TC,how did the blonde woman react to her pair of souvenirs,1,B,0,A,False,13.549,17.949,"[[6.0, 18.6]]",1.0,0.34921,False,True,True,10.57,2400.79,none,none,,,,1,4
11670386946,5,TN,what does the man in brown do after reading the piece of paper for a while at the end,2,C,4,E,False,23.626,28.026,"[[25.9, 30.6]]",0.48314,0.30481,False,True,True,7.52,2799.55,none,none,,,,1,4
4983922034,3,TN,what does the black dog do after watching the two dogs jumping,3,D,0,A,False,4.807,9.207,"[[7.6, 10.0]]",0.36523,0.30946,False,True,True,7.05,2302.7,none,none,,,,1,4
4179163342,8,CW,why is the lips of the man moving as he stood in front of the children,4,E,4,E,True,36.839,41.239,"[[0.0, 42.1]]",1.0,0.10451,True,True,True,8.45,2835.82,none,none,,,,1,4
14012319794,2,CW,why did the little girl take out the bottle of syrup from the cupboard near the end of the video,1,B,4,E,False,118.133,122.533,"[[113.3, 125]]",1.0,0.37607,False,True,True,7.87,2419.18,none,none,,,,1,4
8990144134,3,CW,why did the cat stretch its paws out after sitting up,4,E,2,C,False,1.804,6.204,"[[3.1, 6.6]]",0.70546,0.64721,False,True,True,7.41,2074.98,none,none,,,,1,4
6160414832,1,TP,what did the man in striped do before he threw the dices,0,A,4,E,False,57.293,61.0,"[[0.0, 15.2]]",0.0,0.0,False,True,True,7.6,2530.91,none,none,,,,1,4
4126010904,0,TC,what does the tall man do at the start while holding his cup,2,C,1,B,False,1.178,5.578,"[[0.0, 11.7]]",1.0,0.37607,False,True,True,7.88,2762.46,none,none,,,,1,4
3249402410,5,CW,why did the lady in red pass the lady in pink the pan and held it there for a while,0,A,3,D,False,20.423,23.0,"[[13.8, 13.9], [13.9, 19.0]]",0.0,0.0,False,True,True,7.16,2800.99,none,none,,,,1,4
9256409422,1,CW,why does the lady turn away from the camera initally,4,E,4,E,True,60.029,64.429,"[[8.9, 12.8]]",0.0,0.0,False,True,True,7.94,2974.66,none,none,,,,1,4
5421648216,2,CW,why did the black sheep bend down near the end,3,D,4,E,False,29.632,34.032,"[[26.8, 29.3]]",0.0,0.0,False,True,True,15.79,2423.67,none,none,,,,1,4
5877508141,1,CW,why did the man raise his hands towards the boy,2,C,2,C,True,12.748,17.148,"[[8.5, 9.6]]",0.0,0.0,False,True,True,7.27,2525.06,none,none,,,,1,4
11565498775,3,CW,why does the boy try to squat down after moving closer to the man,2,C,4,E,False,34.003,38.403,"[[12.7, 21.6]]",0.0,0.0,False,True,True,7.98,2935.59,none,none,,,,1,4
4087013668,3,CH,how is the baby playing with the peels,2,C,3,D,False,5.308,9.707,"[[2.7, 36.4], [40.0, 60.0]]",1.0,0.13056,False,True,True,7.03,2652.84,none,none,,,,1,4
7330294814,0,TC,what is the baby in yellow doing on the floor,1,B,4,E,False,5.841,10.241,"[[0.0, 2.6], [2.7, 8.9], [9.8, 17.0], [22.1, 29.8], [30.4, 32.2], [51.4, 76.7]]",0.69514,0.40558,False,True,True,6.24,2462.44,none,none,,,,1,4
5586394125,1,CW,why did the white shirt woman touch the dog s head when it came beside her at the beginning of the video,1,B,1,B,True,6.542,10.942,"[[0.8, 8.8]]",0.51317,0.22263,True,True,True,7.09,2825.31,none,none,,,,1,4
11276567104,5,CW,why does the priest touch the woman s forehead with his thumb,0,A,0,A,True,16.92,21.32,"[[22.8, 28.2]]",0.0,0.0,False,True,True,7.34,2508.63,none,none,,,,1,4
6793786769,1,CH,how did the person change the direction of the train in the middle of the video,0,A,1,B,False,20.008,24.408,"[[23.2, 28.0]]",0.27462,0.1512,False,True,True,7.62,2392.08,none,none,,,,1,4
2589540862,1,CW,why did the man at the back reach out to the girl in the middle of the video,1,B,1,B,True,3.806,8.206,"[[13.3, 15.2]]",0.0,0.0,False,True,True,7.21,2596.02,none,none,,,,1,4
3355698421,0,TC,what does the lady in black do as the man in checkered shirt was drinking at the start,1,B,4,E,False,0.0,3.101,"[[0.8, 3.9]]",0.74201,0.58997,False,True,True,7.64,2647.36,none,none,,,,1,4
7888256388,6,CW,why did the dog look up at the lady at the start,1,B,2,C,False,10.446,14.846,"[[0.1, 6.9]]",0.0,0.0,False,True,True,6.93,2486.04,none,none,,,,1,4
3939145327,9,TN,what did the girl do after she checked her teddy bear in the middle of the video,2,C,2,C,True,1.337,5.737,"[[21.1, 30.8]]",0.0,0.0,False,True,True,7.43,2538.92,none,none,,,,1,4
3249402410,7,CH,how did the lady in black on the right remove the remaining cheese on her hands at the end of the video,0,A,0,A,True,2.805,7.205,"[[21.0, 23]]",0.0,0.0,False,True,True,7.58,2632.83,none,none,,,,1,4
