split,video,qid,type,gold_spans,gold_duration_s,duration_bucket,anchor_t,used_clip_anchor,anchor_in_gold,fwd_peak1_t,fwd_peak1_in_gold,fwd_peak2_t,fwd_peak2_in_gold,fwd_peak3_t,fwd_peak3_in_gold,bwd_peak1_t,bwd_peak1_in_gold,bwd_peak2_t,bwd_peak2_in_gold,bwd_peak3_t,bwd_peak3_in_gold,fwd_scene_t,fwd_scene_in_gold,bwd_scene_t,bwd_scene_in_gold,c3_next_survivor_t,c3_next_survivor_in_gold,c2_random_survivor_mean_in_gold,c2_n_draws,n_forward_peaks,dist_to_next_peak_s,n_survivors,n_peaks_in_video,n_retrieved,c1_fwd_1s_t,c1_fwd_2s_t,c1_fwd_3s_t,c1_fwd_5s_t,c1_fwd_1s_in_gold,c1_fwd_2s_in_gold,c1_fwd_3s_in_gold,c1_fwd_5s_in_gold,c1_bwd_1s_t,c1_bwd_2s_t,c1_bwd_3s_t,c1_bwd_5s_t,c1_bwd_1s_in_gold,c1_bwd_2s_in_gold,c1_bwd_3s_in_gold,c1_bwd_5s_in_gold
val_tune,4882821564,1,CW,"[[13.8, 29.8]]",16.0,>=10s,13.7471,True,False,14.047366666666667,True,14.447766666666666,True,15.048366666666666,True,13.446766666666667,False,13.046366666666666,False,12.045366666666666,False,14.080733333333333,True,12.946266666666666,False,14.047366666666667,True,0.25,20,130,0.3003,360,152,4,14.7471,15.7471,16.7471,18.7471,True,True,True,True,12.7471,11.7471,10.7471,8.7471,False,False,False,False
val_tune,2435100235,7,CH,"[[20.9, 22.7], [23.8, 26.0], [34.4, 35.8], [50.5, 57.5], [58.5, 63.6]]",17.5,>=10s,38.0046,True,False,39.005633333333336,False,39.50613333333333,False,40.00663333333333,False,37.5375,False,37.00363333333333,False,36.603233333333336,False,38.038000000000004,False,37.137100000000004,False,38.20483333333333,False,0.5,20,43,1.001,256,107,4,39.0046,40.0046,41.0046,43.0046,False,False,False,False,37.0046,36.0046,35.0046,33.0046,False,False,True,False
val_tune,2834146886,8,TN,"[[36.9, 44.0]]",7.1,5-10s,41.3747,True,True,42.042,True,43.043,True,43.676966666666665,True,41.041,True,40.4404,True,40.04,True,41.7417,True,37.70433333333333,True,41.875166666666665,True,0.0,20,32,0.6673,251,101,4,42.3747,43.3747,44.3747,46.3747,True,True,False,False,40.3747,39.3747,38.3747,36.3747,True,True,True,False
val_tune,8132842161,2,CW,"[[0.0, 12.1], [14.4, 21.8], [27.4, 29.6], [30.7, 36.9]]",27.9,>=10s,15.5489,True,True,16.049366666666668,True,16.449766666666665,True,17.050366666666665,True,15.048366666666666,True,14.047366666666667,False,13.046366666666666,False,15.849166666666667,True,15.048366666666666,True,16.049366666666668,True,0.7,20,33,0.5005,148,60,4,16.5489,17.5489,18.5489,20.5489,True,True,True,True,14.5489,13.5489,12.5489,10.5489,True,False,False,True
val_tune,4260763967,4,CW,"[[3.4, 6.1], [15.0, 17.5]]",5.2,5-10s,4.9049,True,True,5.005,True,6.006,True,6.4064,False,4.5045,True,4.004,True,3.4034,True,6.5732333333333335,False,3.069733333333333,False,5.005,True,0.2,20,50,0.1001,136,58,4,5.9049,6.9049,7.9049,9.9049,True,False,False,False,3.9049,2.9049,1.9049,0.0,True,False,False,False
val_tune,3462517143,2,CW,"[[0.1, 1.1], [14.2, 18.6]]",5.4,5-10s,17.6176,True,True,18.018,True,19.019,False,20.02,False,17.017,True,16.5165,True,16.016,True,17.784433333333332,True,16.850166666666667,True,17.7177,True,0.0,20,8,0.4004,98,39,4,18.6176,19.6176,20.6176,22.6176,False,False,False,False,16.6176,15.6176,14.6176,12.6176,True,True,True,False
val_tune,3441428429,10,TN,"[[25.1, 31.8], [35.0, 38.8], [50.2, 52.4]]",12.7,>=10s,75.8091,True,False,76.076,False,76.54313333333333,False,77.077,False,75.075,False,74.4744,False,73.74033333333334,False,77.81106666666666,False,72.5725,False,76.076,False,0.0,20,23,0.2669,360,140,4,76.8091,77.8091,78.8091,80.8091,False,False,False,False,74.8091,73.8091,72.8091,70.8091,False,False,False,False
val_tune,6356067859,6,TN,"[[17.8, 21.7]]",3.9,2-5s,2.8362,True,False,3.036366666666667,False,4.037366666666666,False,4.537866666666667,False,2.0353666666666665,False,1.0343666666666667,False,0.23356666666666667,False,3.036366666666667,False,2.0353666666666665,False,2.9362666666666666,False,0.2,20,51,0.2002,143,54,4,3.8362,4.8362,5.8362,7.8362,False,False,False,False,1.8362,0.8362,0.0,0.0,False,False,False,False
val_tune,5735711594,5,TC,"[[0.2, 2.1]]",1.9,<2s,12.7461,True,False,13.046366666666666,False,14.047366666666667,False,14.447766666666666,False,12.645966666666666,False,12.045366666666666,False,11.444766666666666,False,12.879533333333333,False,12.345666666666666,False,13.046366666666666,False,0.0,20,11,0.3003,79,34,4,13.7461,14.7461,15.7461,17.7461,False,False,False,False,11.7461,10.7461,9.7461,7.7461,False,False,False,False
val_tune,9088819598,1,CW,"[[0.4, 8.6]]",8.2,5-10s,1.5015,True,True,2.1688355021688355,True,2.9029029029029028,True,3.5035035035035036,True,0.9009009009009009,True,,,,,2.4357691024357693,True,1.0677344010677345,True,2.1021021021021022,True,0.35,20,26,0.6673,70,28,4,2.5015,3.5015,4.5015,6.5015,True,True,True,True,0.5015,0.0,0.0,0.0,True,False,False,False
val_tune,5296635780,7,TN,"[[8.7, 16.9]]",8.2,5-10s,11.7117,True,True,12.012,True,12.6126,True,13.013,True,11.5115,True,11.011,True,10.5105,True,12.946266666666666,True,9.442766666666667,True,12.012,True,0.35,20,18,0.3003,88,35,4,12.7117,13.7117,14.7117,16.7117,True,True,True,True,10.7117,9.7117,8.7117,6.7117,True,True,True,False
val_tune,2614918961,1,CW,"[[40.6, 43.7]]",3.1,2-5s,35.3353,True,False,35.5355,False,36.036,False,36.5365,False,35.035,False,34.5345,False,34.034,False,36.56986666666667,False,34.968266666666665,False,35.4354,False,0.25,20,15,0.2002,175,76,4,36.3353,37.3353,38.3353,40.3353,False,False,False,False,34.3353,33.3353,32.3353,30.3353,False,False,False,False
val_tune,6201488511,5,CW,"[[30.3, 32.7]]",2.4,2-5s,72.0053,True,False,72.10536666666667,False,73.10636666666667,False,73.60686666666666,False,71.70496666666666,False,71.10436666666666,False,70.70396666666667,False,73.33993333333333,False,71.40466666666667,False,72.10536666666667,False,0.0,20,22,0.1001,345,136,4,73.0053,74.0053,75.0053,77.0053,False,False,False,False,71.0053,70.0053,69.0053,67.0053,False,False,False,False
val_tune,2976913210,6,TC,"[[6.5, 10.5]]",4.0,2-5s,14.014,True,False,15.015,False,16.016,False,16.649966666666668,False,13.6136,False,13.013,False,12.012,False,14.547866666666668,False,13.146466666666667,False,14.2142,False,0.0,20,5,1.001,74,29,4,15.014,16.014,17.014,18.0,False,False,False,False,13.014,12.014,11.014,9.014,False,False,False,True
val_tune,2793260225,6,CH,"[[1.7, 10.2]]",8.5,5-10s,7.44,True,True,8.008,True,8.541,True,9.009,True,7.007,True,6.606,True,6.006,True,7.674418604651163,True,6.439838220424671,True,8.008,True,0.25,20,17,0.568,77,32,4,8.44,9.44,10.44,12.44,True,True,False,False,6.44,5.44,4.44,2.44,True,True,True,True
val_tune,5987365500,1,CW,"[[0.0, 18.8]]",18.8,>=10s,2.5359,True,True,3.036366666666667,True,3.5368666666666666,True,4.037366666666666,True,2.0353666666666665,True,1.5348666666666666,True,1.0343666666666667,True,3.036366666666667,True,1.8685333333333334,True,3.036366666666667,True,0.85,20,39,0.5005,96,44,4,3.5359,4.5359,5.5359,7.5359,True,True,True,True,1.5359,0.5359,0.0,0.0,True,True,True,True
val_tune,6582763207,2,CW,"[[0.7, 2.8], [4.8, 9.8]]",7.1,5-10s,6.0477,True,True,6.297958333333334,True,7.048708333333333,True,7.5492083333333335,True,5.046708333333333,True,4.295958333333333,False,3.7954583333333334,False,6.172833333333333,True,4.421083333333333,False,6.297958333333334,True,0.15,20,31,0.2503,94,39,4,7.0477,8.0477,9.0477,11.0477,True,True,True,False,5.0477,4.0477,3.0477,1.0477,True,False,False,True
val_tune,7416295940,7,TN,"[[67.7, 75.9]]",8.2,5-10s,74.0406,True,True,74.74133333333333,True,75.34193333333333,True,75.74233333333333,True,73.74033333333334,True,72.73933333333333,True,72.13873333333333,True,74.074,True,73.23983333333334,True,74.74133333333333,True,0.2,20,9,0.7007,351,122,4,75.0406,76.0406,77.0406,79.0406,True,False,False,False,73.0406,72.0406,71.0406,69.0406,True,True,True,True
val_tune,3171006258,0,CW,"[[9.9, 33.1]]",23.2,>=10s,33.033,True,True,33.5335,False,34.034,False,34.4344,False,32.6326,True,32.032,True,31.031,True,33.166466666666665,False,31.464766666666666,True,33.5335,False,0.0,20,5,0.5005,147,53,4,34.033,35.033,36.033,37.0,False,False,False,False,32.033,31.033,30.033,28.033,True,True,True,True
val_tune,3943634344,4,TN,"[[17.8, 21.0]]",3.2,2-5s,20.8208,True,True,,,,,,,20.02,True,19.019,True,18.018,True,20.9209,True,18.051366666666667,True,20.887533333333334,True,1.0,20,0,,84,37,4,21.0,21.0,21.0,21.0,True,True,True,True,19.8208,18.8208,17.8208,15.8208,True,True,True,False
val_tune,5833145209,5,CW,"[[1.6, 4.2]]",2.6,2-5s,11.3447,True,False,11.644966666666667,False,12.045366666666666,False,12.645966666666666,False,11.044366666666667,False,10.543866666666666,False,10.043366666666667,False,11.945266666666667,False,9.876533333333333,False,11.644966666666667,False,0.0,20,10,0.3003,68,30,4,12.3447,13.3447,14.3447,16.3447,False,False,False,False,10.3447,9.3447,8.3447,6.3447,False,False,False,False
val_tune,5333075105,10,CW,"[[8.7, 35.6]]",26.9,>=10s,23.9239,True,True,24.024,True,25.025,True,26.026,True,23.4234,True,23.023,True,22.5225,True,23.957266666666666,True,23.056366666666666,True,24.024,True,0.95,20,24,0.1001,156,63,4,24.9239,25.9239,26.9239,28.9239,True,True,True,True,22.9239,21.9239,20.9239,18.9239,True,True,True,True
val_tune,5679866364,1,TC,"[[0.2, 3.4]]",3.2,2-5s,7.7411,True,False,8.041366666666667,False,8.441766666666666,False,9.042366666666666,False,7.440766666666667,False,7.040366666666666,False,6.439766666666666,False,9.042366666666666,False,7.040366666666666,False,8.041366666666667,False,0.0,20,31,0.3003,100,43,4,8.7411,9.7411,10.7411,12.7411,False,False,False,False,6.7411,5.7411,4.7411,2.7411,False,False,False,True
val_tune,5116088152,1,CW,"[[5.1, 8.7]]",3.6,2-5s,18.4184,True,False,19.019,False,19.4194,False,20.02,False,18.018,False,17.017,False,16.016,False,21.087733333333333,False,16.950266666666668,False,18.5185,False,0.0,20,37,0.6006,162,66,4,19.4184,20.4184,21.4184,23.4184,False,False,False,False,17.4184,16.4184,15.4184,13.4184,False,False,False,False
val_tune,4094488636,4,TN,"[[7.1, 15.1]]",8.0,5-10s,13.6136,True,True,14.014,True,14.4144,True,15.015,True,13.013,True,12.4124,True,12.012,True,13.947266666666668,True,12.479133333333333,True,13.7137,True,0.1,20,25,0.4004,108,50,4,14.6136,15.6136,16.6136,18.6136,True,False,False,False,12.6136,11.6136,10.6136,8.6136,True,True,True,True
val_tune,6895608152,8,CW,"[[9.6, 87]]",77.4,>=10s,74.2,True,True,74.44,True,74.92,True,75.64,True,73.96,True,73.24,True,72.64,True,74.44,True,73.24,True,74.44,True,1.0,20,19,0.24,291,127,4,75.2,76.2,77.2,79.2,True,True,True,True,73.2,72.2,71.2,69.2,True,True,True,True
val_tune,3429509208,3,TN,"[[12.7, 15.6]]",2.9,2-5s,15.1401,True,True,,,,,,,15.015,True,14.26425,True,13.76375,True,15.598916666666666,True,13.847166666666666,True,,,,0,0,,51,22,4,16.0,16.0,16.0,16.0,False,False,False,False,14.1401,13.1401,12.1401,10.1401,True,True,False,False
val_tune,3477387686,2,TN,"[[30.0, 33.5]]",3.5,2-5s,54.5545,True,False,55.055,False,55.6556,False,56.056,False,54.054,False,53.6536,False,53.053,False,56.99026666666667,False,53.98726666666667,False,54.7547,False,0.0,20,25,0.5005,272,117,4,55.5545,56.5545,57.5545,59.5545,False,False,False,False,53.5545,52.5545,51.5545,49.5545,False,False,False,False
val_tune,2405940242,0,CW,"[[2.2, 13.9]]",11.7,>=10s,10.01,True,True,11.011,True,11.644,True,12.012,True,9.442,True,9.009,True,8.008,True,10.577350859453995,True,9.37613751263903,True,10.377,True,1.0,20,4,1.001,57,21,4,11.01,12.01,13.01,14.0,True,True,True,False,9.01,8.01,7.01,5.01,True,True,True,True
val_tune,7308042410,3,CW,"[[0.0, 11.2]]",11.2,>=10s,20.7541,True,False,21.054366666666667,False,22.055366666666668,False,23.056366666666666,False,20.053366666666665,False,19.452766666666665,False,19.052366666666668,False,21.087733333333333,False,20.053366666666665,False,20.954266666666665,False,0.0,20,19,0.3003,137,47,4,21.7541,22.7541,23.7541,25.7541,False,False,False,False,19.7541,18.7541,17.7541,15.7541,False,False,False,False
val_tune,8740703217,1,TN,"[[10.1, 15.9]]",5.8,5-10s,1.7351,True,False,2.0353666666666665,False,2.6359666666666666,False,3.036366666666667,False,1.0343666666666667,False,0.33366666666666667,False,,,3.036366666666667,False,0.0,False,1.9352666666666667,False,0.2,20,36,0.3003,82,38,4,2.7351,3.7351,4.7351,6.7351,False,False,False,False,0.7351,0.0,0.0,0.0,False,False,False,False
val_tune,3943634344,8,CH,"[[17.8, 20.4]]",2.6,2-5s,19.3193,True,True,20.02,True,20.8208,False,,,19.019,True,18.018,True,17.6176,False,20.9209,False,18.051366666666667,True,19.4194,True,0.5,20,2,0.7007,84,37,4,20.3193,21.0,21.0,21.0,True,False,False,False,18.3193,17.3193,16.3193,14.3193,True,False,False,False
val_tune,4815534482,7,CW,"[[67.3, 73.7]]",6.4,5-10s,74.28,True,False,74.4,False,75.6,False,76.08,False,73.2,True,72.0,True,70.8,True,75.16,False,73.76,False,74.4,False,0.0,20,18,0.12,300,119,4,75.28,76.28,77.28,79.28,False,False,False,False,73.28,72.28,71.28,69.28,True,True,True,True
val_tune,4584426085,1,TN,"[[71.9, 90.0]]",18.1,>=10s,67.8678,True,False,68.068,False,69.069,False,70.07,False,67.5675,False,67.067,False,66.5665,False,69.73633333333333,False,66.73333333333333,False,68.068,False,0.85,20,35,0.2002,360,141,4,68.8678,69.8678,70.8678,72.8678,False,False,False,True,66.8678,65.8678,64.8678,62.8678,False,False,False,False
val_tune,4263096481,0,CH,"[[0.2, 9.0]]",8.8,5-10s,11.011,True,False,11.6116,False,12.012,False,12.579233333333333,False,10.5105,False,10.01,False,9.5095,False,12.445766666666668,False,10.677333333333333,False,11.6116,False,0.0,20,18,0.6006,86,37,4,12.011,13.011,14.011,16.011,False,False,False,False,10.011,9.011,8.011,6.011,False,False,True,True
val_tune,7533369046,6,TC,"[[26.9, 30.2], [31.1, 32.2], [32.7, 33]]",4.7,2-5s,25.1667,True,False,26.291666666666668,False,27.541666666666668,True,28.166666666666668,True,25.041666666666668,False,24.541666666666668,False,23.791666666666668,False,26.416666666666668,False,23.791666666666668,False,25.291666666666668,False,0.8,20,8,1.125,108,40,4,26.1667,27.1667,28.1667,30.1667,False,True,True,True,24.1667,23.1667,22.1667,20.1667,False,False,False,False
val_tune,3711681535,1,CW,"[[30.5, 32.6]]",2.1,2-5s,4.004,True,False,4.6046,False,5.005,False,6.006,False,3.6036,False,3.003,False,2.5025,False,5.038366666666667,False,1.9352666666666667,False,4.6046,False,0.15,20,50,0.6006,144,58,4,5.004,6.004,7.004,9.004,False,False,False,False,3.004,2.004,1.004,0.0,False,False,False,False
val_tune,11871253306,4,CW,"[[3.7, 5.1]]",1.4,<2s,5.9726,True,False,6.006,False,7.040366666666666,False,8.008,False,5.572233333333333,False,5.038366666666667,True,4.004,True,10.443766666666667,False,5.338666666666667,False,6.006,False,0.0,20,68,0.0334,173,74,4,6.9726,7.9726,8.9726,10.9726,False,False,False,False,4.9726,3.9726,2.9726,0.9726,True,True,False,False
val_tune,5256928210,1,TC,"[[2.5, 20]]",17.5,>=10s,14.8148,True,True,15.015,True,15.5155,True,16.016,True,14.4144,True,14.014,True,13.013,True,14.948266666666667,True,14.247566666666668,True,15.015,True,0.95,20,9,0.2002,82,32,4,15.8148,16.8148,17.8148,19.8148,True,True,True,True,13.8148,12.8148,11.8148,9.8148,True,True,True,True
val_tune,4978714491,2,CW,"[[26.6, 33.7]]",7.1,5-10s,29.9633,True,True,30.03,True,31.031,True,31.898533333333333,True,29.496133333333333,True,29.029,True,28.561866666666667,True,35.96926666666667,False,28.1281,True,30.03,True,0.45,20,17,0.0667,160,66,4,30.9633,31.9633,32.9633,34.9633,True,True,True,False,28.9633,27.9633,26.9633,24.9633,True,True,True,False
val_tune,9293415110,2,CW,"[[0.1, 7.7], [82.0, 87.8]]",13.4,>=10s,9.0,True,False,9.5,False,10.416666666666666,False,11.0,False,8.5,False,7.708333333333333,False,7.0,True,11.666666666666666,False,6.333333333333333,True,9.083333333333334,False,0.1,20,56,0.5,227,61,4,10.0,11.0,12.0,14.0,False,False,False,False,8.0,7.0,6.0,4.0,False,True,True,True
val_tune,5445581571,2,TN,"[[16.7, 25.8]]",9.1,5-10s,23.9573,True,True,24.057366666666667,True,25.058366666666668,True,26.059366666666666,False,23.056366666666666,True,22.055366666666668,True,21.054366666666667,True,27.060366666666667,False,21.488133333333334,True,24.024,True,0.15,20,13,0.1001,130,49,4,24.9573,25.9573,26.9573,28.9573,True,False,False,False,22.9573,21.9573,20.9573,18.9573,True,True,True,True
val_tune,6624174621,0,TC,"[[0.1, 7.0]]",6.9,5-10s,16.2496,True,False,16.649966666666668,False,17.050366666666665,False,17.450766666666667,False,16.049366666666668,False,15.048366666666666,False,14.047366666666667,False,16.950266666666668,False,15.949266666666666,False,16.449766666666665,False,0.0,20,36,0.4004,163,61,4,17.2496,18.2496,19.2496,21.2496,False,False,False,False,15.2496,14.2496,13.2496,11.2496,False,False,False,False
val_tune,9088819598,5,TN,"[[11.4, 17.3]]",5.9,5-10s,1.5015,True,False,2.1688355021688355,False,2.9029029029029028,False,3.5035035035035036,False,0.9009009009009009,False,,,,,2.4357691024357693,False,1.0677344010677345,False,2.1021021021021022,False,0.3,20,26,0.6673,70,28,4,2.5015,3.5015,4.5015,6.5015,False,False,False,False,0.5015,0.0,0.0,0.0,False,False,False,False
val_tune,8464056582,5,TC,"[[17.6, 28.4]]",10.8,>=10s,17.1667,True,False,17.541666666666668,False,18.041666666666668,True,18.791666666666668,True,17.041666666666668,False,16.291666666666668,False,15.791666666666666,False,17.416666666666668,False,14.916666666666666,False,17.291666666666668,False,0.25,20,52,0.375,179,75,4,18.1667,19.1667,20.1667,22.1667,True,True,True,True,16.1667,15.1667,14.1667,12.1667,False,False,False,False
val_tune,9565310990,7,TN,"[[14.1, 18.5]]",4.4,2-5s,7.007,True,False,8.008008008008009,False,8.942275608942275,False,9.30930930930931,False,6.006006006006006,False,5.405405405405405,False,4.804804804804805,False,7.240573907240575,False,2.9362696029362696,False,7.07374040707374,False,0.1,20,40,1.001,125,50,4,8.007,9.007,10.007,12.007,False,False,False,False,6.007,5.007,4.007,2.007,False,False,False,False
val_tune,5635265624,2,CH,"[[8.8, 15.1]]",6.3,5-10s,17.4508,True,False,18.051366666666667,False,19.052366666666668,False,,,17.050366666666665,False,16.583233333333332,False,16.049366666666668,False,18.084733333333332,False,17.083733333333335,False,18.051366666666667,False,0.0,20,2,0.6006,79,30,4,18.4508,19.0,19.0,19.0,False,False,False,False,16.4508,15.4508,14.4508,12.4508,False,False,True,True
val_tune,5833145209,2,CW,"[[1.9, 4.2]]",2.3,2-5s,0.5005,True,False,1.0343666666666667,False,2.0353666666666665,True,2.469133333333333,True,0.23356666666666667,False,,,,,1.3346666666666667,False,0.0,False,1.0343666666666667,False,0.05,20,29,0.5339,68,30,4,1.5005,2.5005,3.5005,5.5005,False,True,True,False,0.0,0.0,0.0,0.0,False,False,False,False
val_tune,8464056582,4,TN,"[[0.5, 4.7]]",4.2,2-5s,12.4167,True,False,12.541666666666666,False,13.041666666666666,False,13.791666666666666,False,12.041666666666666,False,11.291666666666666,False,10.041666666666666,False,12.708333333333334,False,10.666666666666666,False,12.5,False,0.0,20,60,0.125,179,75,4,13.4167,14.4167,15.4167,17.4167,False,False,False,False,11.4167,10.4167,9.4167,7.4167,False,False,False,False
val_tune,3711681535,3,CW,"[[15.0, 21.2], [29.8, 32.3]]",8.7,5-10s,32.9996,True,False,33.033,False,34.034,False,34.56786666666667,False,32.032,True,31.5315,True,31.031,True,35.702333333333335,False,30.964266666666667,True,33.033,False,0.0,20,5,0.0334,144,58,4,33.9996,34.9996,35.9996,36.0,False,False,False,False,31.9996,30.9996,29.9996,27.9996,True,True,True,False
val_tune,3121571439,3,TN,"[[38.1, 40]]",1.9,<2s,1.7684,True,False,2.002,False,2.4024,False,3.003,False,1.001,False,,,,,1.8351666666666666,False,0.7340666666666666,False,1.8685333333333334,False,0.0,20,64,0.2336,163,65,4,2.7684,3.7684,4.7684,6.7684,False,False,False,False,0.7684,0.0,0.0,0.0,False,False,False,False
val_tune,7786283208,5,CH,"[[7.6, 10.7]]",3.1,2-5s,16.5499,True,False,17.050366666666665,False,17.650966666666665,False,18.051366666666667,False,16.049366666666668,False,15.048366666666666,False,14.647966666666667,False,18.151466666666668,False,15.048366666666666,False,16.649966666666668,False,0.0,20,7,0.5005,86,31,4,17.5499,18.5499,19.5499,21.0,False,False,False,False,15.5499,14.5499,13.5499,11.5499,False,False,False,False
val_tune,8064178441,7,TN,"[[65.3, 68.4]]",3.1,2-5s,74.3076,True,False,,,,,,,74.10736666666666,False,73.10636666666667,False,72.10536666666667,False,74.3743,False,74.00726666666667,False,,,,0,0,,298,105,4,74.0,74.0,74.0,74.0,False,False,False,False,73.3076,72.3076,71.3076,69.3076,False,False,False,False
val_tune,4217422838,4,TN,"[[0.4, 6.6]]",6.2,5-10s,40.9159,True,False,41.29125,False,41.79175,False,42.5425,False,40.5405,False,40.04,False,39.28925,False,42.125416666666666,False,38.45508333333333,False,41.29125,False,0.0,20,18,0.3754,169,72,4,41.9159,42.9159,43.9159,45.9159,False,False,False,False,39.9159,38.9159,37.9159,35.9159,False,False,False,False
val_tune,2793806282,12,TC,"[[60.8, 64]]",3.2,2-5s,17.684,True,False,18.018,False,18.551,False,19.019,False,17.017,False,16.549,False,16.016,False,17.78463094034378,False,17.1840242669363,False,17.884,False,0.0,20,58,0.334,259,85,4,18.684,19.684,20.684,22.684,False,False,False,False,16.684,15.684,14.684,12.684,False,False,False,False
val_tune,3524939594,2,TC,"[[2.9, 7.3]]",4.4,2-5s,2.5025,True,False,3.75375,True,4.379375,True,5.005,True,1.25125,False,,,,,11.428083333333333,False,0.0,False,3.3366666666666664,True,0.4,20,19,1.2513,59,21,4,3.5025,4.5025,5.5025,7.5025,True,True,True,False,1.5025,0.5025,0.0,0.0,False,False,False,False
val_tune,4138579400,6,TN,"[[1.8, 4.2]]",2.4,2-5s,1.6266,True,False,1.75175,False,2.5025,True,3.128125,True,1.25125,False,0.75075,False,,,2.043708333333333,True,0.5839166666666666,False,1.75175,False,0.05,20,29,0.1251,81,31,4,2.6266,3.6266,4.6266,6.6266,True,True,False,False,0.6266,0.0,0.0,0.0,False,False,False,False
val_tune,5328004991,9,TN,"[[9.4, 15.9]]",6.5,5-10s,11.011,True,True,12.012,True,13.013,True,13.6136,True,10.01,True,9.6096,True,9.009,False,11.144466666666666,True,9.175833333333333,False,11.2112,True,0.35,20,27,1.001,106,43,4,12.011,13.011,14.011,16.011,True,True,True,False,10.011,9.011,8.011,6.011,True,False,False,False
val_tune,2435633172,5,TC,"[[44.5, 52.7]]",8.2,5-10s,53.72,True,False,54.054,False,54.854,False,55.588,False,53.453,False,53.053,False,52.519,True,54.421638018200206,False,53.48736097067745,False,54.054,False,0.0,20,37,0.334,307,122,4,54.72,55.72,56.72,58.72,False,False,False,False,52.72,51.72,50.72,48.72,False,True,True,True
val_tune,6356067859,1,CW,"[[0.5, 3.4]]",2.9,2-5s,31.7651,True,False,32.06536666666667,False,33.06636666666667,False,34.067366666666665,False,31.66496666666667,False,31.06436666666667,False,30.663966666666667,False,33.06636666666667,False,30.964266666666667,False,31.865166666666667,False,0.0,20,5,0.3003,143,54,4,32.7651,33.7651,34.7651,36.0,False,False,False,False,30.7651,29.7651,28.7651,26.7651,False,False,False,False
val_tune,2503404966,6,TC,"[[12.6, 14.7]]",2.1,2-5s,22.9229,True,False,23.023,False,24.024,False,24.4244,False,22.5225,False,22.022,False,21.021,False,23.957266666666666,False,22.555866666666667,False,23.023,False,0.0,20,9,0.1001,112,47,4,23.9229,24.9229,25.9229,27.9229,False,False,False,False,21.9229,20.9229,19.9229,17.9229,False,False,False,False
val_tune,3151715056,7,CH,"[[20.3, 26.6]]",6.3,5-10s,27.9946,True,False,28.028,False,28.6286,False,29.029,False,27.5275,False,27.027,False,26.4264,True,29.162466666666667,False,27.861166666666666,False,28.028,False,0.0,20,60,0.0334,254,106,4,28.9946,29.9946,30.9946,32.9946,False,False,False,False,26.9946,25.9946,24.9946,22.9946,False,True,True,True
val_tune,7164729910,7,CH,"[[0.0, 19.9], [22.8, 27]]",24.1,>=10s,2.75,True,True,3.0,True,3.7916666666666665,True,4.541666666666667,True,2.5416666666666665,True,2.0416666666666665,True,1.2916666666666667,True,3.5416666666666665,True,2.5416666666666665,True,3.0,True,0.85,20,35,0.25,88,39,4,3.75,4.75,5.75,7.75,True,True,True,True,1.75,0.75,0.0,0.0,True,True,True,True
val_tune,8557532213,8,CW,"[[3.1, 10.2]]",7.1,5-10s,4.004,True,True,4.037366666666666,True,4.637966666666666,True,5.038366666666667,True,3.036366666666667,False,2.4024,False,2.0353666666666665,False,4.037366666666666,True,3.036366666666667,False,4.037366666666666,True,0.75,20,12,0.0334,51,17,4,5.004,6.004,7.004,9.004,True,True,True,True,3.004,2.004,1.004,0.0,False,False,False,False
val_tune,8783897632,7,TC,"[[12.2, 18.9]]",6.7,5-10s,23.1565,True,False,23.757066666666667,False,24.357666666666667,False,24.858166666666666,False,22.055366666666668,False,21.588233333333335,False,21.087733333333333,False,23.189833333333333,False,22.088733333333334,False,23.757066666666667,False,0.0,20,14,0.6006,117,51,4,24.1565,25.1565,26.1565,28.1565,False,False,False,False,22.1565,21.1565,20.1565,18.1565,False,False,False,True
val_tune,5333075105,6,CW,"[[34.2, 39.0]]",4.8,2-5s,37.037,True,True,37.504133333333336,True,38.038,True,38.6386,True,36.50313333333333,True,36.036,True,35.035,True,38.405033333333336,True,33.96726666666667,False,37.504133333333336,True,1.0,20,3,0.4671,156,63,4,38.037,39.0,39.0,39.0,True,True,True,True,36.037,35.037,34.037,32.037,True,True,False,False
val_tune,8783897632,2,CH,"[[21.1, 26.6]]",5.5,5-10s,22.8562,True,True,23.156466666666667,True,23.757066666666667,True,24.357666666666667,True,22.055366666666668,True,21.588233333333335,True,21.087733333333333,False,23.189833333333333,True,22.088733333333334,True,22.956266666666668,True,0.3,20,15,0.3003,117,51,4,23.8562,24.8562,25.8562,27.8562,True,True,True,False,21.8562,20.8562,19.8562,17.8562,True,False,False,False
val_tune,11244289523,4,TC,"[[19.5, 22.3]]",2.8,2-5s,22.5833,True,False,22.75,False,,,,,22.0,True,21.0,True,20.0,True,23.0,False,21.166666666666668,True,22.75,False,0.0,20,1,0.1667,70,26,4,23.0,23.0,23.0,23.0,False,False,False,False,21.5833,20.5833,19.5833,17.5833,True,True,True,False
val_tune,9612838272,0,CW,"[[0.1, 3.4]]",3.3,2-5s,1.2012,True,True,2.1021021021021022,True,2.4691358024691357,True,3.53687020353687,False,0.8008008008008008,True,,,,,1.7684351017684352,True,0.1001001001001001,True,1.334668001334668,True,0.1,20,22,0.9009,54,24,4,2.2012,3.2012,4.2012,6.2012,True,True,False,False,0.2012,0.0,0.0,0.0,True,False,False,False
val_tune,4485498145,0,TN,"[[0.4, 3.1]]",2.7,2-5s,0.4338,True,True,1.001,True,2.002,True,2.435766666666667,True,,,,,,,3.5368666666666666,False,0.0,False,0.5338666666666667,True,0.1,20,23,0.5672,67,24,4,1.4338,2.4338,3.4338,5.4338,True,True,False,False,0.0,0.0,0.0,0.0,False,False,False,False
val_tune,4010069381,1,CW,"[[4.0, 8.2]]",4.2,2-5s,9.6096,True,False,10.01,False,11.011,False,11.6116,False,9.4094,False,9.009,False,8.008,True,10.243566666666666,False,7.9412666666666665,True,9.7097,False,0.0,20,4,0.4004,50,16,4,10.6096,11.6096,12.0,12.0,False,False,False,False,8.6096,7.6096,6.6096,4.6096,False,True,True,True
val_tune,9408800471,3,TC,"[[20.4, 24.7]]",4.3,2-5s,25.5589,True,False,26.09275942609276,False,26.760093426760093,False,27.560894227560894,False,25.091758425091758,False,24.424424424424423,True,23.55689022355689,True,26.192859526192862,False,25.525525525525527,False,26.09275942609276,False,0.0,20,11,0.5339,124,43,4,26.5589,27.5589,28.5589,30.5589,False,False,False,False,24.5589,23.5589,22.5589,20.5589,True,True,True,True
val_tune,2809330695,9,CH,"[[47.7, 51.2]]",3.5,2-5s,47.5475,True,False,48.048,True,48.79875,True,49.758041666666664,True,46.79675,False,46.29625,False,45.79575,False,48.46508333333333,True,47.213833333333326,False,47.79775,True,0.1,20,58,0.5005,289,126,4,48.5475,49.5475,50.5475,52.5475,True,True,True,False,46.5475,45.5475,44.5475,42.5475,False,False,False,False
val_tune,3445431963,2,TC,"[[6.4, 8.7]]",2.3,2-5s,42.8345,True,False,43.71033333333333,False,44.461083333333335,False,44.96158333333333,False,42.45908333333333,False,41.83345833333333,False,41.20783333333333,False,45.044999999999995,False,41.916875,False,42.917875,False,0.0,20,15,0.8759,171,70,4,43.8345,44.8345,45.8345,47.8345,False,False,False,False,41.8345,40.8345,39.8345,37.8345,False,False,False,False
val_tune,4688219212,3,TN,"[[5.0, 11.1]]",6.1,5-10s,26.1261,True,False,27.160466666666668,False,27.994633333333333,False,28.395033333333334,False,26.026,False,25.4254,False,25.025,False,26.359666666666666,False,25.658966666666668,False,26.893533333333334,False,0.0,20,10,1.0344,128,55,4,27.1261,28.1261,29.1261,31.1261,False,False,False,False,25.1261,24.1261,23.1261,21.1261,False,False,False,False
val_tune,3477387686,3,CW,"[[10.5, 17.6]]",7.1,5-10s,66.2662,True,False,66.4664,False,67.067,False,67.5675,False,66.066,False,65.53213333333333,False,65.065,False,67.80106666666667,False,64.99826666666667,False,66.4664,False,0.0,20,3,0.2002,272,117,4,67.2662,68.0,68.0,68.0,False,False,False,False,65.2662,64.2662,63.2662,61.2662,False,False,False,False
val_tune,4378803532,1,CH,"[[6.2, 12.1]]",5.9,5-10s,27.7611,True,False,28.061366666666668,False,29.062366666666666,False,29.662966666666666,False,27.060366666666667,False,26.5265,False,26.059366666666666,False,29.095733333333335,False,26.693333333333335,False,27.961266666666667,False,0.0,20,27,0.3003,175,72,4,28.7611,29.7611,30.7611,32.7611,False,False,False,False,26.7611,25.7611,24.7611,22.7611,False,False,False,False
val_tune,7114553643,1,TN,"[[25.2, 28.6]]",3.4,2-5s,45.045,True,False,45.07836666666667,False,45.478766666666665,False,46.079366666666665,False,44.07736666666667,False,43.076366666666665,False,42.57586666666667,False,45.478766666666665,False,43.977266666666665,False,45.07836666666667,False,0.0,20,37,0.0334,264,117,4,46.045,47.045,48.045,50.045,False,False,False,False,44.045,43.045,42.045,40.045,False,False,False,False
val_tune,2503404966,2,CW,"[[24.1, 28.0]]",3.9,2-5s,5.9059,True,False,6.006,False,6.5065,False,7.007,False,5.4054,False,5.005,False,4.5045,False,8.475133333333334,False,5.171833333333334,False,6.006,False,0.15,20,37,0.1001,112,47,4,6.9059,7.9059,8.9059,10.9059,False,False,False,False,4.9059,3.9059,2.9059,0.9059,False,False,False,False
val_tune,6025238212,1,CW,"[[10.1, 22.6]]",12.5,>=10s,24.0574,True,False,24.591233333333335,False,25.258566666666667,False,,,23.456766666666667,False,23.056366666666666,False,22.655966666666668,False,25.291933333333333,False,22.088733333333334,True,24.157466666666668,False,0.0,20,2,0.5339,102,41,4,25.0,25.0,25.0,25.0,False,False,False,False,23.0574,22.0574,21.0574,19.0574,False,True,True,True
val_tune,3261079025,6,TP,"[[0.2, 2.6]]",2.4,2-5s,5.8058,True,False,6.006,False,6.473133333333333,False,7.007,False,5.005,False,4.5045,False,4.004,False,10.9109,False,1.9352666666666667,True,5.9059,False,0.0,20,21,0.2002,75,29,4,6.8058,7.8058,8.8058,10.8058,False,False,False,False,4.8058,3.8058,2.8058,0.8058,False,False,False,True
val_tune,3942617402,1,CW,"[[9.4, 19.7]]",10.3,>=10s,13.5135,True,True,13.76375,True,15.015,True,15.598916666666666,True,13.013,True,12.5125,True,12.012,True,19.352666666666664,True,11.845166666666666,True,13.638625,True,0.55,20,24,0.2502,99,43,4,14.5135,15.5135,16.5135,18.5135,True,True,True,True,12.5135,11.5135,10.5135,8.5135,True,True,True,False
val_tune,5328616848,5,TC,"[[0.2, 9.5]]",9.3,5-10s,2.002,True,True,2.4024,True,3.003,True,3.5035,True,1.4014,True,1.001,True,0.5005,True,2.8361666666666667,True,1.9352666666666667,True,2.2022,True,0.7,20,23,0.4004,60,27,4,3.002,4.002,5.002,7.002,True,True,True,True,1.002,0.002,0.0,0.0,True,False,False,False
val_tune,4698622422,7,CW,"[[7.5, 17.3], [19.4, 35.9]]",26.3,>=10s,3.7371,True,False,4.004,False,5.005,False,5.4054,False,3.4367666666666667,False,3.003,False,2.002,False,4.771433333333333,False,3.3033,False,3.9372666666666665,False,0.6,20,57,0.2669,169,62,4,4.7371,5.7371,6.7371,8.7371,False,False,False,True,2.7371,1.7371,0.7371,0.0,False,False,False,False
val_tune,5803861992,0,CW,"[[0.4, 71.2]]",70.8,>=10s,19.8198,True,True,20.286933333333334,True,20.8208,True,21.8218,True,18.8188,True,17.8178,True,16.8168,True,21.721700000000002,True,19.252566666666667,True,20.1201,True,1.0,20,77,0.4671,290,109,4,20.8198,21.8198,22.8198,24.8198,True,True,True,True,18.8198,17.8198,16.8198,14.8198,True,True,True,True
val_tune,3972259774,0,TN,"[[2.1, 6.4]]",4.3,2-5s,15.6406,True,False,15.76575,False,16.26625,False,17.5175,False,15.015,False,14.389375,False,13.76375,False,16.099416666666666,False,15.348666666666666,False,15.76575,False,0.0,20,38,0.1251,143,57,4,16.6406,17.6406,18.6406,20.6406,False,False,False,False,14.6406,13.6406,12.6406,10.6406,False,False,False,False
val_tune,4251505427,2,CH,"[[31.2, 71.7]]",40.5,>=10s,53.0196,True,True,53.053,True,53.62023333333333,True,54.054,True,52.58586666666667,True,52.052,True,51.4514,True,57.123733333333334,True,50.98426666666667,True,53.053,True,0.75,20,42,0.0334,306,128,4,54.0196,55.0196,56.0196,58.0196,True,True,True,True,52.0196,51.0196,50.0196,48.0196,True,True,True,True
val_tune,2809330695,2,CW,"[[46.0, 49.7]]",3.7,2-5s,29.5295,True,False,30.03,False,30.739041666666665,False,31.28125,False,29.27925,False,28.77875,False,27.986291666666666,False,29.863166666666665,False,25.859166666666663,False,30.03,False,0.0,20,83,0.5005,289,126,4,30.5295,31.5295,32.5295,34.5295,False,False,False,False,28.5295,27.5295,26.5295,24.5295,False,False,False,False
val_tune,6078524411,7,CW,"[[23.4, 37.4]]",14.0,>=10s,51.8852,True,False,52.085366666666665,False,53.08636666666666,False,54.08736666666667,False,51.08436666666667,False,50.5505,False,50.08336666666667,False,52.41903333333333,False,51.08436666666667,False,51.98526666666667,False,0.0,20,46,0.2002,336,121,4,52.8852,53.8852,54.8852,56.8852,False,False,False,False,50.8852,49.8852,48.8852,46.8852,False,False,False,False
val_tune,4388652400,2,TC,"[[2.2, 6.6]]",4.4,2-5s,7.8745,True,False,8.008,False,8.4084,False,8.9089,False,7.273933333333333,False,6.840166666666667,False,6.006,True,8.875533333333333,False,7.741066666666667,False,8.008,False,0.0,20,79,0.1335,239,89,4,8.8745,9.8745,10.8745,12.8745,False,False,False,False,6.8745,5.8745,4.8745,2.8745,False,True,True,True
val_tune,9408800471,0,CH,"[[0.4, 1.4]]",1.0,<2s,1.7017,True,False,2.2689356022689355,False,3.53687020353687,False,4.270937604270937,False,1.0677344010677343,True,,,,,2.235568902235569,False,0.6339673006339673,True,1.768435101768435,False,0.0,20,41,0.5672,124,43,4,2.7017,3.7017,4.7017,6.7017,False,False,False,False,0.7017,0.0,0.0,0.0,True,False,False,False
val_tune,10030609934,1,CW,"[[2.8, 7.6]]",4.8,2-5s,27.0938,True,False,27.160493827160494,False,27.62762762762763,False,28.02802802802803,False,26.026026026026027,False,25.358692025358692,False,24.024024024024023,False,27.92792792792793,False,26.326326326326328,False,27.160493827160494,False,0.0,20,34,0.0667,198,65,4,28.0938,29.0938,30.0938,32.0938,False,False,False,False,26.0938,25.0938,24.0938,22.0938,False,False,False,False
val_tune,3321261856,2,TN,"[[17.0, 20.0]]",3.0,2-5s,21.021,True,False,21.5215,False,22.022,False,22.5225,False,20.02,False,19.6196,True,19.019,True,21.955266666666667,False,20.887533333333334,False,21.5215,False,0.0,20,12,0.5005,115,45,4,22.021,23.021,24.021,26.021,False,False,False,False,20.021,19.021,18.021,16.021,False,True,True,False
val_tune,7164729910,8,CH,"[[26.6, 27]]",0.4,<2s,16.2917,True,False,16.625,False,17.541666666666668,False,18.041666666666668,False,16.083333333333332,False,15.041666666666666,False,14.541666666666666,False,17.25,False,14.708333333333334,False,16.333333333333332,False,0.0,20,16,0.3333,88,39,4,17.2917,18.2917,19.2917,21.2917,False,False,False,False,15.2917,14.2917,13.2917,11.2917,False,False,False,False
val_tune,5333075105,11,TN,"[[33.6, 39.0]]",5.4,5-10s,37.037,True,True,37.504133333333336,True,38.038,True,38.6386,True,36.50313333333333,True,36.036,True,35.035,True,38.405033333333336,True,33.96726666666667,True,37.504133333333336,True,1.0,20,3,0.4671,156,63,4,38.037,39.0,39.0,39.0,True,True,True,True,36.037,35.037,34.037,32.037,True,True,True,False
val_tune,5229476012,1,CW,"[[14.4, 19.6]]",5.2,5-10s,21.6216,True,False,22.022,False,23.023,False,24.024,False,21.021,False,20.02,False,19.552866666666667,True,22.689333333333334,False,21.421400000000002,False,21.654966666666667,False,0.0,20,7,0.4004,108,37,4,22.6216,23.6216,24.6216,26.6216,False,False,False,False,20.6216,19.6216,18.6216,16.6216,False,False,True,True
val_tune,5801184682,2,TN,"[[26.2, 36.4]]",10.2,>=10s,32.8,True,True,33.68,True,34.12,True,35.44,True,32.68,True,31.24,True,30.64,True,33.76,True,32.0,True,32.92,True,0.15,20,45,0.88,301,85,4,33.8,34.8,35.8,37.8,True,True,True,False,31.8,30.8,29.8,27.8,True,True,True,True
val_tune,3078294001,6,TC,"[[3.5, 11]]",7.5,5-10s,0.4004,True,False,0.5005,False,1.001,False,1.6016,False,,,,,,,1.1678333333333333,False,0.16683333333333333,False,0.5005,False,0.7,20,21,0.1001,46,21,4,1.4004,2.4004,3.4004,5.4004,False,False,False,True,0.0,0.0,0.0,0.0,False,False,False,False
val_tune,4838145161,1,CW,"[[6.0, 7.9]]",1.9,<2s,62.9629,True,False,63.063,False,63.797066666666666,False,,,62.062,False,61.061,False,60.4604,False,64.09736666666667,False,61.42803333333333,False,63.063,False,0.0,20,2,0.1001,257,99,4,63.9629,64.0,64.0,64.0,False,False,False,False,61.9629,60.9629,59.9629,57.9629,False,False,False,False
val_tune,6754608321,4,CW,"[[1.3, 9.2]]",7.9,5-10s,17.9846,True,False,18.051366666666667,False,18.651966666666667,False,19.052366666666668,False,17.650966666666665,False,17.050366666666665,False,16.049366666666668,False,18.284933333333335,False,16.950266666666668,False,18.051366666666667,False,0.0,20,55,0.0667,216,81,4,18.9846,19.9846,20.9846,22.9846,False,False,False,False,16.9846,15.9846,14.9846,12.9846,False,False,False,False
val_tune,2696280239,7,CH,"[[0.3, 9.8]]",9.5,5-10s,9.7431,True,True,10.6106,False,10.977633333333333,False,11.344666666666667,False,9.676333333333334,True,8.9089,True,8.441766666666666,True,9.9099,False,7.7077,True,9.976633333333334,False,0.0,20,6,0.8675,54,24,4,10.7431,11.7431,12.7431,13.0,False,False,False,False,8.7431,7.7431,6.7431,4.7431,True,True,True,True
val_tune,5328004991,6,TN,"[[15.8, 20.1]]",4.3,2-5s,22.2889,True,False,22.389033333333334,False,23.023,False,23.490133333333333,False,22.022,False,21.5215,False,21.021,False,22.889533333333333,False,21.755066666666668,False,22.389033333333334,False,0.0,20,8,0.1001,106,43,4,23.2889,24.2889,25.2889,26.0,False,False,False,False,21.2889,20.2889,19.2889,17.2889,False,False,True,True
val_tune,10082798964,6,CW,"[[3.9, 7.6]]",3.7,2-5s,10.72,True,False,10.8,False,12.0,False,12.56,False,10.0,False,9.16,False,8.56,False,11.48,False,9.84,False,10.8,False,0.0,20,4,0.08,42,15,4,11.72,12.72,13.72,14.0,False,False,False,False,9.72,8.72,7.72,5.72,False,False,False,True
val_tune,2435100235,1,CW,"[[20.9, 22.8], [23.8, 26.0], [50.5, 57.5], [58.5, 63.6]]",16.2,>=10s,32.9996,True,False,33.40003333333333,False,34.00063333333333,False,34.40103333333333,False,32.565866666666665,False,31.998633333333334,False,31.398033333333334,False,33.466766666666665,False,32.332300000000004,False,33.40003333333333,False,0.4,20,53,0.4004,256,107,4,33.9996,34.9996,35.9996,37.9996,False,False,False,False,31.9996,30.9996,29.9996,27.9996,False,False,False,False
val_tune,11541421563,5,TN,"[[1.6, 4.5]]",2.9,2-5s,25.3587,True,False,26.026,False,27.027,False,27.652625,False,24.858166666666666,False,24.024,False,22.022,False,25.81745833333333,False,23.940583333333333,False,25.442083333333333,False,0.0,20,88,0.6673,303,117,4,26.3587,27.3587,28.3587,30.3587,False,False,False,False,24.3587,23.3587,22.3587,20.3587,False,False,False,False
val_tune,7288107396,3,TN,"[[10.6, 17.5]]",6.9,5-10s,12.9296,True,True,13.304958333333333,True,14.055708333333333,True,14.681333333333333,True,12.554208333333333,True,11.803458333333333,True,11.302958333333333,True,17.726041666666667,False,12.387374999999999,True,13.054708333333334,True,0.35,20,11,0.3754,68,28,4,13.9296,14.9296,15.9296,17.9296,True,True,True,False,11.9296,10.9296,9.9296,7.9296,True,True,False,False
val_tune,4199369046,8,TN,"[[19.5, 22.1]]",2.6,2-5s,0.9009,True,False,1.001,False,1.5015,False,2.002,False,0.2002,False,,,,,1.0677333333333334,False,0.0,False,0.9676333333333333,False,0.05,20,95,0.1001,230,96,4,1.9009,2.9009,3.9009,5.9009,False,False,False,False,0.0,0.0,0.0,0.0,False,False,False,False
val_tune,7605329840,2,CW,"[[7.9, 10.6]]",2.7,2-5s,8.3417,True,True,8.441766666666666,True,9.042366666666666,True,9.442766666666667,True,8.041366666666667,True,7.040366666666666,False,6.539866666666667,False,9.542866666666667,True,7.3406666666666665,False,8.441766666666666,True,0.15,20,19,0.1001,86,31,4,9.3417,10.3417,11.3417,13.3417,True,True,False,False,7.3417,6.3417,5.3417,3.3417,False,False,False,False
val_tune,5445581571,7,TN,"[[23.4, 28.4]]",5.0,5-10s,31.8652,True,False,32.06536666666667,False,,,,,31.06436666666667,False,30.663966666666667,False,30.063366666666667,False,31.96526666666667,False,30.964266666666667,False,31.96526666666667,False,0.0,20,1,0.2002,130,49,4,32.0,32.0,32.0,32.0,False,False,False,False,30.8652,29.8652,28.8652,26.8652,False,False,False,True
val_tune,4636208292,1,CW,"[[5.8, 8.2]]",2.4,2-5s,72.072,True,False,73.073,False,73.5735,False,74.074,False,71.50476666666667,False,71.071,False,70.5705,False,72.40566666666666,False,70.80406666666667,False,72.1721,False,0.0,20,22,1.001,344,135,4,73.072,74.072,75.072,77.072,False,False,False,False,71.072,70.072,69.072,67.072,False,False,False,False
val_tune,8531675050,7,CW,"[[12.2, 23.1]]",10.9,>=10s,14.1475,True,True,14.647966666666667,True,15.048366666666666,True,15.448766666666666,True,14.047366666666667,True,13.046366666666666,True,12.445766666666668,True,14.781433333333334,True,12.812800000000001,True,14.647966666666667,True,0.2,20,65,0.5005,216,90,4,15.1475,16.1475,17.1475,19.1475,True,True,True,True,13.1475,12.1475,11.1475,9.1475,True,False,False,False
val_tune,10030609934,5,CW,"[[1.8, 6.9]]",5.1,5-10s,37.037,True,False,37.23723723723724,False,38.03803803803804,False,38.90557223890557,False,36.03603603603604,False,35.03503503503504,False,33.90056723390057,False,38.07140473807141,False,36.53653653653654,False,37.10377043710377,False,0.0,20,23,0.2002,198,65,4,38.037,39.037,40.037,42.037,False,False,False,False,36.037,35.037,34.037,32.037,False,False,False,False
val_tune,4006608424,9,CW,"[[62.7, 77.5]]",14.8,>=10s,64.064,True,True,65.065,True,65.53213333333333,True,66.066,True,63.063,True,62.5625,False,62.062,False,64.99826666666667,True,63.99726666666667,True,64.6646,True,0.4,20,43,1.001,360,149,4,65.064,66.064,67.064,69.064,True,True,True,True,63.064,62.064,61.064,59.064,True,False,False,False
val_tune,8277866423,7,CW,"[[16.1, 18.9]]",2.8,2-5s,20.375,True,False,20.875,False,22.166666666666668,False,23.333333333333332,False,20.041666666666668,False,18.791666666666668,True,18.166666666666668,True,21.291666666666668,False,19.833333333333332,False,20.875,False,0.0,20,17,0.5,111,42,4,21.375,22.375,23.375,25.375,False,False,False,False,19.375,18.375,17.375,15.375,False,True,True,False
val_tune,4485707628,5,CH,"[[32.3, 39.8]]",7.5,5-10s,53.9873,True,False,54.98826666666667,False,55.989266666666666,False,56.589866666666666,False,53.586866666666666,False,52.986266666666666,False,52.58586666666667,False,54.08736666666667,False,51.98526666666667,False,54.788066666666666,False,0.0,20,16,1.001,259,100,4,54.9873,55.9873,56.9873,58.9873,False,False,False,False,52.9873,51.9873,50.9873,48.9873,False,False,False,False
val_tune,12682618843,3,CH,"[[0.1, 2.1]]",2.0,2-5s,0.367,True,True,0.5005,True,1.2345666666666666,True,1.9686333333333332,True,,,,,,,4.938266666666666,False,0.20020000000000002,True,0.4337666666666667,True,0.05,20,70,0.1335,172,70,4,1.367,2.367,3.367,5.367,True,False,False,False,0.0,0.0,0.0,0.0,False,False,False,False
val_tune,8811725760,6,TN,"[[13.4, 17.7]]",4.3,2-5s,19.9199,True,False,20.053386720053386,False,,,,,19.41941941941942,False,18.685352018685354,False,17.91791791791792,False,20.55388722055389,False,19.686353019686354,False,20.053386720053386,False,0.0,20,1,0.1335,66,23,4,20.9199,21.0,21.0,21.0,False,False,False,False,18.9199,17.9199,16.9199,14.9199,False,False,True,True
val_tune,2735019707,1,CW,"[[5.4, 7.9]]",2.5,2-5s,7.007,True,True,8.008,False,8.6086,False,9.009,False,6.006,True,5.005,False,4.437766666666667,False,7.9412666666666665,False,5.939266666666667,True,7.240566666666667,True,0.05,20,19,1.001,79,29,4,8.007,9.007,10.007,12.007,False,False,False,False,6.007,5.007,4.007,2.007,True,False,False,False
val_tune,5913180144,2,TN,"[[21.0, 24.6]]",3.6,2-5s,21.0544,True,True,21.6216,True,22.055366666666668,True,23.056366666666666,True,20.053366666666665,False,19.052366666666668,False,18.051366666666667,False,22.922900000000002,True,20.387033333333335,False,21.6216,True,0.15,20,27,0.5672,159,62,4,22.0544,23.0544,24.0544,26.0544,True,True,True,False,20.0544,19.0544,18.0544,16.0544,False,False,False,False
val_tune,2454242177,9,TN,"[[14.0, 25.5]]",11.5,>=10s,37.037,True,False,37.5375,False,38.038,False,39.039,False,36.036,False,35.402033333333335,False,35.035,False,39.4394,False,31.164466666666666,False,37.5375,False,0.0,20,24,0.5005,212,81,4,38.037,39.037,40.037,42.037,False,False,False,False,36.037,35.037,34.037,32.037,False,False,False,False
val_tune,2604394962,1,CW,"[[3.8, 9.4]]",5.6,5-10s,15.7491,True,False,16.016,False,16.483133333333335,False,17.017,False,15.448766666666666,False,15.015,False,14.4144,False,16.049366666666668,False,13.947266666666668,False,16.016,False,0.0,20,38,0.2669,144,68,4,16.7491,17.7491,18.7491,20.7491,False,False,False,False,14.7491,13.7491,12.7491,10.7491,False,False,False,False
val_tune,5205081904,1,CW,"[[12.3, 15.3]]",3.0,2-5s,12.3123,True,True,12.5125,True,13.013,True,13.6136,True,12.012,False,11.4114,False,11.011,False,14.047366666666667,True,12.045366666666666,False,12.5125,True,0.2,20,15,0.2002,84,38,4,13.3123,14.3123,15.3123,17.3123,True,True,False,False,11.3123,10.3123,9.3123,7.3123,False,False,False,False
val_tune,8189958994,8,TN,"[[58.8, 62]]",3.2,2-5s,10.9443,True,False,11.044366666666667,False,12.045366666666666,False,12.545866666666667,False,10.043366666666667,False,9.642966666666666,False,9.042366666666666,False,11.478133333333334,False,9.943266666666666,False,11.011,False,0.0,20,88,0.1001,250,104,4,11.9443,12.9443,13.9443,15.9443,False,False,False,False,9.9443,8.9443,7.9443,5.9443,False,False,False,False
val_tune,4967810888,2,CW,"[[49.5, 53.3]]",3.8,2-5s,52.2522,True,True,53.053,True,53.6536,False,54.054,False,52.052,True,51.6516,True,51.051,True,53.08636666666667,True,51.418033333333334,True,52.3523,True,0.05,20,18,0.8008,250,106,4,53.2522,54.2522,55.2522,57.2522,True,False,False,False,51.2522,50.2522,49.2522,47.2522,True,True,False,False
val_tune,5875535585,9,CH,"[[16.4, 73.8]]",57.4,>=10s,40.3737,True,True,41.07436666666667,True,41.8418,True,42.308933333333336,True,40.17346666666667,True,39.70633333333333,True,39.07236666666667,True,40.57386666666667,True,39.906533333333336,True,41.07436666666667,True,0.9,20,60,0.7007,306,128,4,41.3737,42.3737,43.3737,45.3737,True,True,True,True,39.3737,38.3737,37.3737,35.3737,True,True,True,True
val_tune,4765564263,9,CH,"[[5.4, 13.8]]",8.4,5-10s,6.006,True,True,7.007,True,8.008,True,9.009,True,5.005,False,4.5045,False,4.004,False,8.274933333333333,True,4.938266666666666,False,6.6066,True,0.95,20,11,1.001,56,20,4,7.006,8.006,9.006,11.006,True,True,True,True,5.006,4.006,3.006,1.006,False,False,False,False
val_tune,5521781780,2,CW,"[[5.6, 22.2], [33.8, 36.2], [52.8, 56.0]]",22.2,>=10s,15.7491,True,True,16.049366666666668,True,17.050366666666665,True,17.684333333333335,True,15.048366666666666,True,14.047366666666667,True,13.680333333333333,True,17.350666666666665,True,12.379033333333334,True,15.849166666666667,True,0.0,20,118,0.3003,361,138,4,16.7491,17.7491,18.7491,20.7491,True,True,True,True,14.7491,13.7491,12.7491,10.7491,True,True,True,True
val_tune,2584172238,6,CW,"[[15.4, 23.0]]",7.6,5-10s,1.6266,True,False,1.9185833333333333,False,2.5025,False,3.128125,False,1.25125,False,0.5005,False,,,3.5035,False,1.3346666666666667,False,1.7934583333333334,False,0.45,20,40,0.292,96,42,4,2.6266,3.6266,4.6266,6.6266,False,False,False,False,0.6266,0.0,0.0,0.0,False,False,False,False
val_tune,4882821564,4,TC,"[[2.2, 4.9]]",2.7,2-5s,84.3176,True,False,84.61786666666667,False,85.11836666666666,False,85.4854,False,84.11736666666667,False,83.11636666666666,False,82.61586666666666,False,88.42166666666667,False,83.01626666666667,False,84.61786666666667,False,0.0,20,9,0.3003,360,152,4,85.3176,86.3176,87.3176,89.3176,False,False,False,False,83.3176,82.3176,81.3176,79.3176,False,False,False,False
val_tune,3192668394,0,CW,"[[53.2, 58.0]]",4.8,2-5s,63.3633,True,False,64.064,False,65.065,False,65.5655,False,63.063,False,62.062,False,61.061,False,63.89716666666667,False,62.6626,False,63.7637,False,0.0,20,9,0.7007,278,114,4,64.3633,65.3633,66.3633,68.3633,False,False,False,False,62.3633,61.3633,60.3633,58.3633,False,False,False,False
val_tune,9576671750,9,CW,"[[0.1, 6.7]]",6.6,5-10s,18.018,True,False,18.551885218551885,False,19.085752419085754,False,19.886553219886554,False,17.61761761761762,False,17.08375041708375,False,16.549883216549883,False,18.852185518852185,False,17.851184517851184,False,18.551885218551885,False,0.0,20,14,0.5339,97,43,4,19.018,20.018,21.018,23.018,False,False,False,False,17.018,16.018,15.018,13.018,False,False,False,False
val_tune,6024684644,6,CW,"[[2.9, 4.7], [9.9, 13.3], [16.6, 17]]",5.6,5-10s,11.9453,True,True,12.045366666666666,True,13.046366666666666,True,13.646966666666666,False,11.044366666666667,True,10.043366666666667,True,9.042366666666666,False,12.045366666666666,True,10.577233333333334,True,12.012,True,0.35,20,9,0.1001,70,25,4,12.9453,13.9453,14.9453,16.9453,True,False,False,True,10.9453,9.9453,8.9453,6.9453,True,True,False,False
val_tune,3078294001,3,CW,"[[3.4, 5.2]]",1.8,<2s,2.5025,True,False,3.003,False,3.6036,True,4.004,True,2.002,False,1.6016,False,1.001,False,5.772433333333334,False,1.9352666666666667,False,2.7027,False,0.2,20,16,0.5005,46,21,4,3.5025,4.5025,5.5025,7.5025,True,True,False,False,1.5025,0.5025,0.0,0.0,False,False,False,False
val_tune,4762946272,4,TN,"[[9.6, 17.3]]",7.7,5-10s,12.5125,True,True,13.013,True,14.014,True,14.6146,True,12.4124,True,12.012,True,11.5115,True,12.946266666666666,True,11.945266666666667,True,12.7127,True,0.65,20,17,0.5005,87,37,4,13.5125,14.5125,15.5125,17.5125,True,True,True,False,11.5125,10.5125,9.5125,7.5125,True,True,False,False
val_tune,4010069381,2,CW,"[[2.0, 8.2]]",6.2,5-10s,5.2052,True,True,5.4054,True,6.006,True,7.007,True,5.005,True,4.004,True,3.003,True,5.6723333333333334,True,4.037366666666666,True,5.4054,True,0.35,20,10,0.2002,50,16,4,6.2052,7.2052,8.2052,10.2052,True,True,False,False,4.2052,3.2052,2.2052,0.2052,True,True,True,False
val_tune,2573424030,3,CW,"[[4.8, 11.4]]",6.6,5-10s,10.81,True,True,11.011,True,12.012,False,12.545,False,10.01,True,9.476,True,9.009,True,12.712841253791709,False,10.710819009100101,True,11.011,True,0.05,20,66,0.201,197,81,4,11.81,12.81,13.81,15.81,False,False,False,False,9.81,8.81,7.81,5.81,True,True,True,True
val_tune,8513603944,8,TN,"[[3.4, 6.6]]",3.2,2-5s,8.7421,True,False,9.042366666666666,False,10.043366666666667,False,10.543866666666666,False,8.541866666666667,False,8.041366666666667,False,7.6076,False,9.342666666666666,False,7.040366666666666,False,9.042366666666666,False,0.0,20,39,0.3003,123,54,4,9.7421,10.7421,11.7421,13.7421,False,False,False,False,7.7421,6.7421,5.7421,3.7421,False,False,True,True
val_tune,3763643225,7,CW,"[[0.0, 6.0]]",6.0,5-10s,0.4004,True,True,1.001,True,2.002,True,2.5358666666666667,True,,,,,,,4.137466666666667,True,0.0,True,1.001,True,0.1,20,57,0.6006,144,58,4,1.4004,2.4004,3.4004,5.4004,True,True,True,True,0.0,0.0,0.0,0.0,True,True,True,True
val_tune,6244675392,0,CW,"[[0.0, 6.2]]",6.2,5-10s,7.2667,True,False,7.466666666666667,False,8.533333333333333,False,10.066666666666666,False,6.066666666666666,True,5.066666666666666,True,4.066666666666666,True,10.133333333333333,False,6.133333333333334,True,7.466666666666667,False,0.0,20,48,0.2,120,54,4,8.2667,9.2667,10.2667,12.2667,False,False,False,False,6.2667,5.2667,4.2667,2.2667,False,True,True,True
val_tune,5445581571,9,CW,"[[20.0, 31.6]]",11.6,>=10s,6.7401,True,False,7.040366666666666,False,7.6409666666666665,False,8.041366666666667,False,6.439766666666666,False,6.039366666666667,False,5.038366666666667,False,7.741066666666667,False,5.939266666666667,False,7.040366666666666,False,0.5,20,39,0.3003,130,49,4,7.7401,8.7401,9.7401,11.7401,False,False,False,False,5.7401,4.7401,3.7401,1.7401,False,False,False,False
val_tune,2957808913,5,TC,"[[9.2, 14.1]]",4.9,2-5s,10.1101,True,True,10.543866666666666,True,11.011,True,11.478133333333334,True,10.01,True,9.642966666666666,True,9.009,False,10.6106,True,7.4074,False,10.543866666666666,True,0.4,20,17,0.4338,80,36,4,11.1101,12.1101,13.1101,15.1101,True,True,True,False,9.1101,8.1101,7.1101,5.1101,False,False,False,False
val_tune,4219909195,3,CW,"[[29.6, 31.2]]",1.6,<2s,4.1708,True,False,5.005,False,6.006,False,6.6066,False,4.004,False,3.003,False,2.002,False,4.437766666666667,False,3.336666666666667,False,4.270933333333334,False,0.0,20,47,0.8342,136,53,4,5.1708,6.1708,7.1708,9.1708,False,False,False,False,3.1708,2.1708,1.1708,0.0,False,False,False,False
val_tune,9408800471,6,CW,"[[17.6, 22.6], [29.9, 33.7]]",8.8,5-10s,27.5609,True,False,28.595261928595264,False,29.562896229562895,False,30.764097430764096,True,26.760093426760093,False,26.09275942609276,False,25.558892225558893,False,27.82782782782783,False,26.192859526192862,False,28.461795128461794,False,0.5,20,8,1.0344,124,43,4,28.5609,29.5609,30.5609,32.5609,False,False,True,True,26.5609,25.5609,24.5609,22.5609,False,False,False,True
val_tune,5521781780,3,TC,"[[5.6, 8.0], [11.8, 14.5]]",5.1,5-10s,15.7491,True,False,16.049366666666668,False,17.050366666666665,False,17.684333333333335,False,15.048366666666666,False,14.047366666666667,True,13.680333333333333,True,17.350666666666665,False,12.379033333333334,True,15.849166666666667,False,0.0,20,118,0.3003,361,138,4,16.7491,17.7491,18.7491,20.7491,False,False,False,False,14.7491,13.7491,12.7491,10.7491,False,True,True,False
val_tune,4584426085,5,CW,"[[57.4, 75.8]]",18.4,>=10s,2.3023,True,False,2.6026,False,3.003,False,4.004,False,2.002,False,1.4014,False,1.001,False,2.9362666666666666,False,1.0343666666666667,False,2.6026,False,0.3,20,137,0.3003,360,141,4,3.3023,4.3023,5.3023,7.3023,False,False,False,False,1.3023,0.3023,0.0,0.0,False,False,False,False
val_tune,10607095936,6,TN,"[[3.9, 8.4]]",4.5,2-5s,8.6753,True,False,8.742075408742075,False,10.01001001001001,False,11.478144811478145,False,8.008008008008009,True,7.540874207540874,True,6.006006006006006,True,10.744077410744078,False,6.106106106106107,True,8.742075408742075,False,0.0,20,34,0.0667,126,44,4,9.6753,10.6753,11.6753,13.6753,False,False,False,False,7.6753,6.6753,5.6753,3.6753,True,True,True,False
val_tune,6097994550,0,TN,"[[3.9, 13.8]]",9.9,5-10s,9.9766,True,True,10.243566666666666,True,11.044366666666667,True,11.544866666666667,True,9.676333333333334,True,9.042366666666666,True,8.6086,True,11.378033333333333,True,9.376033333333334,True,10.043366666666667,True,0.5,20,13,0.2669,71,29,4,10.9766,11.9766,12.9766,14.9766,True,True,True,False,8.9766,7.9766,6.9766,4.9766,True,True,True,True
val_tune,5561024834,4,CW,"[[36.4, 39]]",2.6,2-5s,28.4167,True,False,28.791666666666668,False,30.041666666666668,False,31.291666666666668,False,27.541666666666668,False,26.291666666666668,False,25.541666666666668,False,29.083333333333332,False,27.541666666666668,False,28.666666666666668,False,0.1,20,13,0.375,127,45,4,29.4167,30.4167,31.4167,33.4167,False,False,False,False,27.4167,26.4167,25.4167,23.4167,False,False,False,False
val_tune,4151403382,4,TN,"[[12.7, 16.9]]",4.2,2-5s,15.4154,True,True,16.016,True,16.6166,True,17.017,False,15.015,True,14.4144,True,14.014,True,15.949266666666666,True,15.048366666666666,True,15.5155,True,0.05,20,81,0.6006,252,107,4,16.4154,17.4154,18.4154,20.4154,True,False,False,False,14.4154,13.4154,12.4154,10.4154,True,True,False,False
val_tune,5070310138,6,CW,"[[44.1, 46.4]]",2.3,2-5s,2.2022,True,False,3.003,False,3.6036,False,4.004,False,2.002,False,1.6016,False,1.001,False,2.2689333333333335,False,1.3346666666666667,False,2.3023,False,0.05,20,85,0.8008,216,89,4,3.2022,4.2022,5.2022,7.2022,False,False,False,False,1.2022,0.2022,0.0,0.0,False,False,False,False
val_tune,3655906094,1,CW,"[[0.5, 4.1]]",3.6,2-5s,5.4054,True,False,5.5055,False,6.006,False,6.6066,False,5.005,False,4.6046,False,4.004,True,5.839166666666666,False,4.938266666666666,False,5.5055,False,0.0,20,22,0.1001,76,32,4,6.4054,7.4054,8.4054,10.4054,False,False,False,False,4.4054,3.4054,2.4054,0.4054,False,True,True,False
val_tune,3322503255,1,CW,"[[11.8, 17.6]]",5.8,5-10s,0.0,True,False,0.2002,False,1.001,False,1.4014,False,,,,,,,1.0677333333333334,False,,,0.2002,False,0.2,20,73,0.2002,166,73,4,1.0,2.0,3.0,5.0,False,False,False,False,0.0,0.0,0.0,0.0,False,False,False,False
val_tune,5875242364,2,CW,"[[5.4, 9.9]]",4.5,2-5s,0.3337,True,False,0.5338666666666667,False,1.0343666666666667,False,1.5682333333333334,False,0.13346666666666668,False,,,,,1.1678333333333333,False,0.0,False,0.5338666666666667,False,0.35,20,25,0.2002,59,26,4,1.3337,2.3337,3.3337,5.3337,False,False,False,False,0.0,0.0,0.0,0.0,False,False,False,False
val_tune,3655906094,9,TN,"[[16.5, 18.8]]",2.3,2-5s,5.4054,True,False,5.5055,False,6.006,False,6.6066,False,5.005,False,4.6046,False,4.004,False,5.839166666666666,False,4.938266666666666,False,5.5055,False,0.05,20,22,0.1001,76,32,4,6.4054,7.4054,8.4054,10.4054,False,False,False,False,4.4054,3.4054,2.4054,0.4054,False,False,False,False
val_tune,7492398760,9,CH,"[[24.5, 26.0]]",1.5,<2s,69.1024,True,False,70.10336666666667,False,71.10436666666666,False,71.5715,False,68.10136666666666,False,67.10036666666667,False,66.69996666666667,False,71.50476666666667,False,64.09736666666667,False,69.33593333333333,False,0.0,20,28,1.001,361,123,4,70.1024,71.1024,72.1024,74.1024,False,False,False,False,68.1024,67.1024,66.1024,64.1024,False,False,False,False
val_tune,9917882506,7,CH,"[[10.0, 12.2], [14.1, 18.1]]",6.2,5-10s,22.1889,True,False,22.389055722389056,False,23.089756423089757,False,23.590256923590257,False,22.02202202202202,False,21.62162162162162,False,20.02002002002002,False,26.926926926926928,False,20.787454120787455,False,22.389055722389056,False,0.0,20,15,0.2002,115,50,4,23.1889,24.1889,25.1889,27.1889,False,False,False,False,21.1889,20.1889,19.1889,17.1889,False,False,False,True
val_tune,5061117640,5,TN,"[[17.8, 24.5]]",6.7,5-10s,4.7047,True,False,5.005,False,6.006,False,6.373033333333334,False,4.004,False,3.6036,False,3.003,False,5.038366666666667,False,3.937266666666667,False,4.971633333333333,False,0.2,20,79,0.3003,213,85,4,5.7047,6.7047,7.7047,9.7047,False,False,False,False,3.7047,2.7047,1.7047,0.0,False,False,False,False
val_tune,6592821115,2,CW,"[[0.1, 3.3], [5.4, 15.1], [38.9, 42.9]]",16.9,>=10s,55.125,True,False,55.208333333333336,False,56.0,False,56.458333333333336,False,53.958333333333336,False,52.708333333333336,False,51.958333333333336,False,57.416666666666664,False,52.416666666666664,False,55.166666666666664,False,0.0,20,25,0.0833,253,99,4,56.125,57.125,58.125,60.125,False,False,False,False,54.125,53.125,52.125,50.125,False,False,False,False
val_tune,4264435046,6,TC,"[[12.7, 18.6]]",5.9,5-10s,10.8108,True,False,11.011,False,11.4114,False,12.012,False,10.6106,False,10.01,False,9.5095,False,12.045366666666666,False,8.942266666666667,False,11.011,False,0.75,20,15,0.2002,76,35,4,11.8108,12.8108,13.8108,15.8108,False,True,True,True,9.8108,8.8108,7.8108,5.8108,False,False,False,False
val_tune,5328004991,2,CW,"[[9.7, 16.0]]",6.3,5-10s,12.7127,True,True,13.013,True,13.6136,True,14.014,True,12.012,True,11.011,True,10.01,True,13.346666666666668,True,11.945266666666667,True,12.8128,True,0.25,20,26,0.3003,106,43,4,13.7127,14.7127,15.7127,17.7127,True,True,True,False,11.7127,10.7127,9.7127,7.7127,True,True,True,False
val_tune,4092992100,2,CW,"[[2.9, 8.8]]",5.9,5-10s,2.6026,True,False,3.003,True,3.4034,True,4.004,True,2.002,False,1.4681333333333333,False,1.001,False,3.8705333333333334,True,2.5692333333333335,False,2.7027,False,0.3,20,17,0.4004,62,21,4,3.6026,4.6026,5.6026,7.6026,True,True,True,True,1.6026,0.6026,0.0,0.0,False,False,False,False
val_tune,4564478328,6,CW,"[[13.5, 16.0], [16.4, 18.8]]",4.9,2-5s,27.8945,True,False,28.028,False,29.029,False,29.6296,False,27.027,False,26.5265,False,26.026,False,31.96526666666667,False,23.957266666666666,False,27.994633333333333,False,0.0,20,32,0.1335,188,82,4,28.8945,29.8945,30.8945,32.8945,False,False,False,False,26.8945,25.8945,24.8945,22.8945,False,False,False,False
val_tune,5433090067,5,CW,"[[0.2, 0.9]]",0.7,<2s,19.019,True,False,19.5195,False,19.886533333333333,False,,,18.985633333333332,False,18.3183,False,17.6176,False,20.086733333333335,False,18.485133333333334,False,19.5195,False,0.0,20,2,0.5005,90,32,4,20.0,20.0,20.0,20.0,False,False,False,False,18.019,17.019,16.019,14.019,False,False,False,False
val_tune,5987365500,5,TC,"[[0.0, 18.8]]",18.8,>=10s,5.3387,True,True,5.538866666666666,True,6.039366666666667,True,6.639966666666667,True,5.038366666666667,True,4.537866666666667,True,4.037366666666666,True,6.072733333333334,True,5.038366666666667,True,5.438766666666667,True,0.65,20,34,0.2002,96,44,4,6.3387,7.3387,8.3387,10.3387,True,True,True,True,4.3387,3.3387,2.3387,0.3387,True,True,True,True
val_tune,5504913999,6,CW,"[[8.0, 31.3]]",23.3,>=10s,23.9573,True,True,24.057366666666667,True,25.058366666666668,True,25.458766666666666,True,23.556866666666668,True,23.056366666666666,True,22.055366666666668,True,24.057366666666667,True,23.056366666666666,True,24.024,True,0.2,20,43,0.1001,199,71,4,24.9573,25.9573,26.9573,28.9573,True,True,True,True,22.9573,21.9573,20.9573,18.9573,True,True,True,True
val_tune,4260763967,8,TP,"[[15.0, 17.6]]",2.6,2-5s,4.7047,True,False,5.005,False,6.006,False,6.4064,False,4.5045,False,4.004,False,3.4034,False,6.5732333333333335,False,3.069733333333333,False,4.9049,False,0.0,20,50,0.3003,136,58,4,5.7047,6.7047,7.7047,9.7047,False,False,False,False,3.7047,2.7047,1.7047,0.0,False,False,False,False
val_tune,4443526735,3,CH,"[[0.5, 19.4]]",18.9,>=10s,5.005,True,True,6.25625,True,6.881875,True,7.5075,True,4.25425,True,3.75375,True,3.003,True,5.588916666666666,True,4.462791666666666,True,5.75575,True,1.0,20,20,1.2512,64,28,4,6.005,7.005,8.005,10.005,True,True,True,True,4.005,3.005,2.005,0.005,True,True,True,False
val_tune,2400715506,5,TC,"[[5.5, 7.2]]",1.7,<2s,12.1121,True,False,12.4124,False,13.013,False,13.6136,False,12.012,False,11.5115,False,11.011,False,12.946266666666666,False,11.945266666666667,False,12.2122,False,0.0,20,3,0.3003,56,25,4,13.1121,14.0,14.0,14.0,False,False,False,False,11.1121,10.1121,9.1121,7.1121,False,False,False,True
val_tune,6201488511,2,CW,"[[70.6, 74.2]]",3.6,2-5s,72.0053,True,True,72.10536666666667,True,73.10636666666667,True,73.60686666666666,True,71.70496666666666,True,71.10436666666666,True,70.70396666666667,True,73.33993333333333,True,71.40466666666667,True,72.10536666666667,True,0.25,20,22,0.1001,345,136,4,73.0053,74.0053,75.0053,77.0053,True,True,False,False,71.0053,70.0053,69.0053,67.0053,True,False,False,False
val_tune,13919236672,7,TN,"[[51.8, 55.1]]",3.3,2-5s,57.6369,True,False,58.070653987320654,False,58.971554888221554,False,59.505422088755424,False,57.26985318651985,False,56.86945278611945,False,56.46905238571905,False,58.2248915582249,False,56.45645645645646,False,57.770353687020354,False,0.0,20,103,0.4338,467,186,4,58.6369,59.6369,60.6369,62.6369,False,False,False,False,56.6369,55.6369,54.6369,52.6369,False,False,True,True
val_tune,2736413196,5,CW,"[[16.2, 37.6], [41.5, 46.2]]",26.1,>=10s,21.021,True,True,22.022,True,23.023,True,24.024,True,20.62,True,20.02,True,19.019,True,21.65520728008089,True,20.85439838220425,True,21.154,True,0.7,20,39,1.001,217,69,4,22.021,23.021,24.021,26.021,True,True,True,True,20.021,19.021,18.021,16.021,True,True,True,False
val_tune,4762946272,5,CW,"[[17.4, 19.0]]",1.6,<2s,10.5105,True,False,10.6106,False,11.011,False,11.5115,False,10.01,False,9.009,False,8.6086,False,10.944266666666667,False,9.943266666666666,False,10.6106,False,0.0,20,22,0.1001,87,37,4,11.5105,12.5105,13.5105,15.5105,False,False,False,False,9.5105,8.5105,7.5105,5.5105,False,False,False,False
val_tune,3046900922,2,TN,"[[12.7, 18.0]]",5.3,5-10s,13.013,True,True,13.580233333333334,True,14.014,True,15.015,True,12.012,False,11.4114,False,11.011,False,13.9139,True,12.679333333333334,False,13.580233333333334,True,1.0,20,7,0.5672,72,30,4,14.013,15.013,16.013,18.0,True,True,True,True,12.013,11.013,10.013,8.013,False,False,False,False
val_tune,5349969207,0,CW,"[[4.6, 11.0]]",6.4,5-10s,8.5085,True,True,9.009,True,9.5095,True,10.01,True,8.008,True,7.6076,True,7.007,True,9.476133333333333,True,7.240566666666667,True,9.009,True,0.05,20,57,0.5005,160,74,4,9.5085,10.5085,11.5085,13.5085,True,True,False,False,7.5085,6.5085,5.5085,3.5085,True,True,True,False
val_tune,3846475848,2,CW,"[[18.5, 71]]",52.5,>=10s,61.5281,True,True,62.062,True,63.063,True,63.496766666666666,True,61.061,True,60.06,True,59.526133333333334,True,63.129733333333334,True,61.29456666666667,True,61.8618,True,0.95,20,12,0.5339,287,116,4,62.5281,63.5281,64.5281,66.5281,True,True,True,True,60.5281,59.5281,58.5281,56.5281,True,True,True,True
val_tune,3861485381,1,CW,"[[9.7, 11.4], [13.8, 18.1], [36.8, 38.6]]",7.8,5-10s,37.5041,True,True,38.00463333333333,True,38.571866666666665,True,39.005633333333336,False,37.00363333333333,True,36.002633333333335,False,35.6356,False,38.872166666666665,False,36.770066666666665,False,37.57086666666667,True,0.0,20,82,0.5005,359,143,4,38.5041,39.5041,40.5041,42.5041,True,False,False,False,36.5041,35.5041,34.5041,32.5041,False,False,False,False
val_tune,6142416815,6,CH,"[[10.4, 42]]",31.6,>=10s,28.0614,True,True,28.661966666666668,True,29.062366666666666,True,30.063366666666667,True,27.660966666666667,True,27.060366666666667,True,26.059366666666666,True,28.661966666666668,True,27.894533333333335,True,28.561866666666667,True,0.9,20,22,0.6006,170,68,4,29.0614,30.0614,31.0614,33.0614,True,True,True,True,27.0614,26.0614,25.0614,23.0614,True,True,True,True
val_tune,2596300565,3,CW,"[[34.8, 41.2]]",6.4,5-10s,46.379,True,False,47.047,False,47.647,False,48.048,False,46.046,False,45.679,False,45.045,False,46.81395348837209,False,45.54600606673407,False,46.646,False,0.0,20,55,0.668,325,130,4,47.379,48.379,49.379,51.379,False,False,False,False,45.379,44.379,43.379,41.379,False,False,False,False
val_tune,8107573462,7,TC,"[[5.9, 6.8]]",0.9,<2s,6.6066,True,True,7.040366666666666,False,7.440766666666667,False,8.041366666666667,False,6.039366666666667,True,5.038366666666667,False,4.437766666666667,False,7.9412666666666665,False,4.070733333333333,False,7.040366666666666,False,0.0,20,11,0.4338,55,23,4,7.6066,8.6066,9.6066,11.6066,False,False,False,False,5.6066,4.6066,3.6066,1.6066,False,False,False,False
val_tune,2697261300,1,CH,"[[9.9, 12.2]]",2.3,2-5s,18.9856,True,False,19.019,False,20.02,False,20.553866666666668,False,18.651966666666667,False,18.018,False,17.5175,False,19.619600000000002,False,18.251566666666665,False,19.019,False,0.0,20,44,0.0334,187,73,4,19.9856,20.9856,21.9856,23.9856,False,False,False,False,17.9856,16.9856,15.9856,13.9856,False,False,False,False
val_tune,3441428429,8,CW,"[[32.9, 38.3], [66.7, 72.2]]",10.9,>=10s,19.7531,True,False,20.02,False,20.4204,False,21.021,False,19.652966666666668,False,19.019,False,18.6186,False,20.053366666666665,False,18.952266666666667,False,19.853166666666667,False,0.3,20,108,0.2669,360,140,4,20.7531,21.7531,22.7531,24.7531,False,False,False,False,18.7531,17.7531,16.7531,14.7531,False,False,False,False
val_tune,2442307875,2,CH,"[[0.0, 1.9], [25.9, 30.2]]",6.2,5-10s,26.9,True,True,27.0,True,30.0,True,31.5,False,25.5,False,24.0,False,22.2,False,27.7,True,24.5,False,27.0,True,0.1,20,14,0.1,70,30,4,27.9,28.9,29.9,31.9,True,True,True,False,25.9,24.9,23.9,21.9,True,False,False,False
val_tune,4955723618,4,TC,"[[30.4, 36.6]]",6.2,5-10s,45.9459,True,False,46.046,False,46.6466,False,47.047,False,45.045,False,44.6446,False,44.044,False,46.980266666666665,False,45.6456,False,46.01263333333333,False,0.0,20,26,0.1001,245,106,4,46.9459,47.9459,48.9459,50.9459,False,False,False,False,44.9459,43.9459,42.9459,40.9459,False,False,False,False
val_tune,4859057828,3,TN,"[[13.5, 18.5]]",5.0,5-10s,12.012,True,False,13.013,False,13.646966666666666,True,14.014,True,11.4114,False,11.011,False,10.443766666666667,False,12.545866666666667,False,11.8118,False,12.779433333333333,False,0.4,20,16,1.001,87,38,4,13.012,14.012,15.012,17.012,False,True,True,True,11.012,10.012,9.012,7.012,False,False,False,False
val_tune,2604394962,5,CW,"[[12.2, 15.0]]",2.8,2-5s,17.7511,True,False,18.018,False,19.019,False,19.386033333333334,False,17.550866666666668,False,17.017,False,16.483133333333335,False,18.051366666666667,False,16.049366666666668,False,17.951266666666665,False,0.0,20,34,0.2669,144,68,4,18.7511,19.7511,20.7511,22.7511,False,False,False,False,16.7511,15.7511,14.7511,12.7511,False,False,True,True
val_tune,4896969617,0,CH,"[[0.0, 5.9]]",5.9,5-10s,1.8018,True,True,2.002,True,2.6026,True,3.003,True,1.6016,True,1.001,True,0.2002,True,2.135466666666667,True,0.0,True,2.002,True,0.5,20,17,0.2002,47,20,4,2.8018,3.8018,4.8018,6.8018,True,True,True,False,0.8018,0.0,0.0,0.0,True,True,True,True
val_tune,5349766264,5,TC,"[[5.7, 10.4], [19.2, 29.6], [30.9, 36.6], [74.1, 78.6]]",25.3,>=10s,38.747,True,False,38.78875,False,39.28925,False,40.04,False,37.5375,False,36.28625,True,35.78575,True,44.33595833333333,False,37.70433333333333,False,38.78875,False,0.1,20,52,0.0417,252,99,4,39.747,40.747,41.747,43.747,False,False,False,False,37.747,36.747,35.747,33.747,False,False,True,True
val_tune,4378803532,0,CW,"[[3.2, 13.2]]",10.0,>=10s,6.5732,True,True,7.040366666666666,True,8.041366666666667,True,9.042366666666666,True,6.039366666666667,True,5.038366666666667,True,4.671333333333333,True,6.940266666666667,True,6.4064000000000005,True,6.773433333333333,True,0.05,20,61,0.4671,175,72,4,7.5732,8.5732,9.5732,11.5732,True,True,True,True,5.5732,4.5732,3.5732,1.5732,True,True,True,False
val_tune,8225502382,3,CH,"[[30.8, 34.3]]",3.5,2-5s,35.8692,True,False,36.06936666666667,False,37.070366666666665,False,37.70433333333333,False,35.46876666666667,False,35.06836666666667,False,34.067366666666665,True,35.96926666666667,False,33.533500000000004,True,36.06936666666667,False,0.0,20,24,0.2002,196,81,4,36.8692,37.8692,38.8692,40.8692,False,False,False,False,34.8692,33.8692,32.8692,30.8692,False,True,True,True
val_tune,6516459343,2,CW,"[[16.7, 18.0]]",1.3,<2s,36.4698,True,False,37.17046666666667,False,37.57086666666667,False,38.17146666666667,False,36.169466666666665,False,35.5355,False,35.16846666666667,False,37.57086666666667,False,34.16746666666667,False,36.56986666666667,False,0.0,20,90,0.7007,362,154,4,37.4698,38.4698,39.4698,41.4698,False,False,False,False,35.4698,34.4698,33.4698,31.4698,False,False,False,False
val_tune,2932897373,0,CW,"[[0.0, 3.1]]",3.1,2-5s,1.735,True,True,2.002,True,3.003,True,4.004,False,1.001,True,0.266,True,,,2.5692618806875633,True,0.40040444893832156,True,2.002,True,0.05,20,28,0.267,77,30,4,2.735,3.735,4.735,6.735,True,False,False,False,0.735,0.0,0.0,0.0,True,True,True,True
val_tune,4251505427,1,CH,"[[31.2, 71.7]]",40.5,>=10s,53.0196,True,True,53.053,True,53.62023333333333,True,54.054,True,52.58586666666667,True,52.052,True,51.4514,True,57.123733333333334,True,50.98426666666667,True,53.053,True,0.9,20,42,0.0334,306,128,4,54.0196,55.0196,56.0196,58.0196,True,True,True,True,52.0196,51.0196,50.0196,48.0196,True,True,True,True
val_tune,7114553643,0,CW,"[[0.0, 25.2]]",25.2,>=10s,0.8342,True,True,1.0343666666666667,True,1.5348666666666666,True,2.0353666666666665,True,0.33366666666666667,True,,,,,1.5348666666666666,True,0.0,True,1.0343666666666667,True,0.45,20,116,0.2002,264,117,4,1.8342,2.8342,3.8342,5.8342,True,True,True,True,0.0,0.0,0.0,0.0,True,True,True,True
val_tune,5333075105,7,CH,"[[0.2, 35.5]]",35.3,>=10s,30.5305,True,True,30.6306,True,31.031,True,31.6316,True,30.03,True,29.4294,True,29.029,True,33.96726666666667,True,23.957266666666666,True,30.6306,True,0.85,20,14,0.1001,156,63,4,31.5305,32.5305,33.5305,35.5305,True,True,True,False,29.5305,28.5305,27.5305,25.5305,True,True,True,True
val_tune,6964124866,2,CW,"[[1.2, 14.5]]",13.3,>=10s,7.641,True,True,8.041366666666667,True,9.042366666666666,True,9.642966666666666,True,7.040366666666666,True,6.4064,True,6.039366666666667,True,8.441766666666666,True,6.039366666666667,True,8.041366666666667,True,0.65,20,16,0.4004,70,30,4,8.641,9.641,10.641,12.641,True,True,True,True,6.641,5.641,4.641,2.641,True,True,True,True
val_tune,3557498300,7,TN,"[[6.2, 10.0]]",3.8,2-5s,9.7431,True,True,10.01,False,10.4104,False,11.011,False,9.009,True,8.008,True,7.6409666666666665,True,10.477133333333333,False,9.476133333333333,True,9.943266666666666,True,0.0,20,32,0.2669,114,45,4,10.7431,11.7431,12.7431,14.7431,False,False,False,False,8.7431,7.7431,6.7431,4.7431,True,True,True,False
val_tune,3145698830,4,CW,"[[15.9, 25.9]]",10.0,5-10s,33.8338,True,False,34.034,False,34.4344,False,35.035,False,33.033,False,32.032,False,31.4314,False,40.10673333333333,False,31.96526666666667,False,33.9339,False,0.0,20,43,0.2002,236,98,4,34.8338,35.8338,36.8338,38.8338,False,False,False,False,32.8338,31.8338,30.8338,28.8338,False,False,False,False
val_tune,5235909148,3,CW,"[[0.0, 11.5]]",11.5,>=10s,5.005,True,True,5.5055,True,6.006,True,6.5065,True,4.5045,True,4.004,True,3.4034,True,5.338666666666667,True,2.168833333333333,True,5.4054,True,1.0,20,12,0.5005,48,20,4,6.005,7.005,8.005,10.005,True,True,True,True,4.005,3.005,2.005,0.005,True,True,True,True
val_tune,4882414082,4,CW,"[[37.3, 40.8]]",3.5,2-5s,1.8,True,False,2.0,False,3.0,False,4.0,False,0.6,False,,,,,2.066666666666667,False,0.8666666666666667,False,2.0,False,0.0,20,88,0.2,180,89,4,2.8,3.8,4.8,6.8,False,False,False,False,0.8,0.0,0.0,0.0,False,False,False,False
val_tune,4263096481,4,CH,"[[8.3, 21.0]]",12.7,>=10s,20.8208,True,True,21.021,False,,,,,20.02,True,19.4194,True,19.019,True,21.254566666666665,False,20.587233333333334,True,20.9209,True,0.65,20,1,0.2002,86,37,4,21.0,21.0,21.0,21.0,True,True,True,True,19.8208,18.8208,17.8208,15.8208,True,True,True,True
val_tune,6592821115,6,TN,"[[17.1, 38.9]]",21.8,>=10s,1.25,True,False,1.2916666666666667,False,2.0833333333333335,False,2.5416666666666665,False,0.375,False,,,,,6.0,False,0.0,False,1.2916666666666667,False,0.3,20,98,0.0417,253,99,4,2.25,3.25,4.25,6.25,False,False,False,False,0.25,0.0,0.0,0.0,False,False,False,False
val_tune,5679866364,2,TC,"[[9.3, 21.0]]",11.7,>=10s,15.0484,True,True,15.648966666666666,True,16.049366666666668,True,16.649966666666668,True,14.547866666666666,True,14.047366666666667,True,13.5135,True,16.049366666666668,True,14.047366666666667,True,15.348666666666666,True,0.7,20,16,0.6006,100,43,4,16.0484,17.0484,18.0484,20.0484,True,True,True,True,14.0484,13.0484,12.0484,10.0484,True,True,True,True
val_tune,5433090067,2,TC,"[[11.1, 17.8]]",6.7,5-10s,16.5499,True,True,17.6176,True,18.3183,False,18.985633333333332,False,16.249566666666666,True,15.482133333333334,True,15.015,True,18.485133333333334,False,16.316300000000002,True,17.4174,True,0.0,20,5,1.0677,90,32,4,17.5499,18.5499,19.5499,20.0,True,False,False,False,15.5499,14.5499,13.5499,11.5499,True,True,True,True
val_tune,3972259774,6,TC,"[[6.7, 11.0]]",4.3,2-5s,15.6406,True,False,15.76575,False,16.26625,False,17.5175,False,15.015,False,14.389375,False,13.76375,False,16.099416666666666,False,15.348666666666666,False,15.76575,False,0.0,20,38,0.1251,143,57,4,16.6406,17.6406,18.6406,20.6406,False,False,False,False,14.6406,13.6406,12.6406,10.6406,False,False,False,True
val_tune,4151403382,0,CW,"[[13.4, 19.3]]",5.9,5-10s,39.5395,True,False,40.04,False,40.4404,False,41.041,False,39.039,False,38.6386,False,38.038,False,41.274566666666665,False,38.60523333333333,False,39.7397,False,0.0,20,39,0.5005,252,107,4,40.5395,41.5395,42.5395,44.5395,False,False,False,False,38.5395,37.5395,36.5395,34.5395,False,False,False,False
val_tune,4219909195,0,TC,"[[4.3, 5.7]]",1.4,<2s,19.4194,True,False,19.6196,False,20.02,False,20.5205,False,19.019,False,18.4184,False,18.018,False,20.954266666666665,False,17.484133333333332,False,19.6196,False,0.0,20,23,0.2002,136,53,4,20.4194,21.4194,22.4194,24.4194,False,False,False,False,18.4194,17.4194,16.4194,14.4194,False,False,False,False
val_tune,5297811305,3,CW,"[[0.0, 5.3]]",5.3,5-10s,23.2232,True,False,23.6236,False,,,,,23.023,False,22.022,False,21.021,False,24.024,False,19.953266666666668,False,23.3233,False,0.0,20,1,0.4004,96,38,4,24.0,24.0,24.0,24.0,False,False,False,False,22.2232,21.2232,20.2232,18.2232,False,False,False,False
val_tune,4333544549,5,CW,"[[18.2, 21.6]]",3.4,2-5s,3.7037,True,False,4.004,False,5.005,False,6.006,False,3.5035,False,3.003,False,2.5025,False,4.437766666666667,False,2.9362666666666666,False,4.004,False,0.05,20,58,0.3003,143,66,4,4.7037,5.7037,6.7037,8.7037,False,False,False,False,2.7037,1.7037,0.7037,0.0,False,False,False,False
val_tune,13919236672,9,TN,"[[45.5, 52.0]]",6.5,5-10s,61.6409,True,False,62.341591591591595,False,62.741991991991995,False,63.27585919252586,False,61.540790790790794,False,61.006923590256925,False,60.072655989322655,False,62.66266266266266,False,60.5271938605272,False,62.074657991324656,False,0.0,20,97,0.7007,467,186,4,62.6409,63.6409,64.6409,66.6409,False,False,False,False,60.6409,59.6409,58.6409,56.6409,False,False,False,False
val_tune,5237219621,5,TN,"[[47.4, 51.3]]",3.9,2-5s,46.6466,True,False,47.047,False,48.048,True,48.4484,True,46.5465,False,46.046,False,45.67896666666667,False,47.38066666666667,False,46.11273333333333,False,46.8468,False,0.15,20,72,0.4004,358,150,4,47.6466,48.6466,49.6466,51.6466,True,True,True,False,45.6466,44.6466,43.6466,41.6466,False,False,False,False
val_tune,4378803532,7,TN,"[[0.4, 13.1]]",12.7,>=10s,35.2686,True,False,36.06936666666667,False,37.070366666666665,False,37.670966666666665,False,35.06836666666667,False,34.067366666666665,False,33.06636666666667,False,36.169466666666665,False,34.968266666666665,False,35.36866666666667,False,0.0,20,15,0.8008,175,72,4,36.2686,37.2686,38.2686,40.2686,False,False,False,False,34.2686,33.2686,32.2686,30.2686,False,False,False,False
val_tune,6201488511,0,CW,"[[70.6, 74.2]]",3.6,2-5s,72.0053,True,True,72.10536666666667,True,73.10636666666667,True,73.60686666666666,True,71.70496666666666,True,71.10436666666666,True,70.70396666666667,True,73.33993333333333,True,71.40466666666667,True,72.10536666666667,True,0.1,20,22,0.1001,345,136,4,73.0053,74.0053,75.0053,77.0053,True,True,False,False,71.0053,70.0053,69.0053,67.0053,True,False,False,False
val_tune,5875242364,7,CH,"[[11.0, 13.4]]",2.4,2-5s,13.2799,True,True,13.480133333333333,False,14.180833333333334,False,,,12.545866666666667,True,12.045366666666666,True,11.544866666666667,True,14.080733333333333,False,12.445766666666668,True,13.480133333333333,False,0.0,20,2,0.2002,59,26,4,14.0,14.0,14.0,14.0,False,False,False,False,12.2799,11.2799,10.2799,8.2799,True,True,False,False
val_tune,8557532213,1,CW,"[[0.3, 9.6]]",9.3,5-10s,10.0434,True,False,11.044366666666667,False,12.045366666666666,False,12.445766666666668,False,9.042366666666666,True,8.6086,True,8.041366666666667,True,11.077733333333333,False,9.042366666666666,True,10.643966666666667,False,0.0,20,3,1.001,51,17,4,11.0434,12.0434,13.0,13.0,False,False,False,False,9.0434,8.0434,7.0434,5.0434,True,True,True,True
val_tune,9565310990,1,CW,"[[20.9, 24.3]]",3.4,2-5s,19.2192,True,False,19.352686019352685,False,20.02002002002002,False,20.487153820487155,False,18.01801801801802,False,17.250583917250584,False,16.016016016016017,False,23.223223223223226,True,16.950283616950284,False,19.285952619285954,False,0.4,20,25,0.1335,125,50,4,20.2192,21.2192,22.2192,24.2192,False,True,True,True,18.2192,17.2192,16.2192,14.2192,False,False,False,False
val_tune,2868183184,1,CW,"[[3.8, 8.3]]",4.5,2-5s,22.822,True,False,23.023,False,23.39,False,24.024,False,22.022,False,21.421,False,21.021,False,23.35692618806876,False,22.255813953488374,False,23.023,False,0.0,20,43,0.201,209,80,4,23.822,24.822,25.822,27.822,False,False,False,False,21.822,20.822,19.822,17.822,False,False,False,False
val_tune,10042935613,10,TN,"[[23.2, 28.9]]",5.7,5-10s,25.1919,True,True,25.392058725392058,True,26.026026026026027,True,26.626626626626628,True,24.024024024024023,True,23.490156823490157,True,22.489155822489156,False,26.526526526526528,True,23.790457123790457,True,25.392058725392058,True,0.1,20,44,0.2002,200,75,4,26.1919,27.1919,28.1919,30.1919,True,True,True,False,24.1919,23.1919,22.1919,20.1919,True,False,False,False
val_tune,5662041273,5,CW,"[[0.3, 2.7], [15.5, 29.2], [72.6, 90.0]]",33.5,>=10s,1.2012,True,True,1.6016,True,2.0353666666666665,True,2.6026,True,1.0343666666666667,True,0.6006,True,0.13346666666666668,False,2.0353666666666665,True,0.0,False,1.6016,True,0.45,20,138,0.4004,361,141,4,2.2012,3.2012,4.2012,6.2012,True,False,False,False,0.2012,0.0,0.0,0.0,False,False,False,False
val_tune,4838113006,8,TN,"[[56.4, 73.8]]",17.4,>=10s,30.9976,True,False,31.031,False,32.032,False,33.033,False,30.03,False,29.4294,False,29.029,False,33.19983333333333,False,26.659966666666666,False,31.031,False,0.25,20,93,0.0334,360,143,4,31.9976,32.9976,33.9976,35.9976,False,False,False,False,29.9976,28.9976,27.9976,25.9976,False,False,False,False
val_tune,5533380417,1,CH,"[[0.0, 13]]",13.0,>=10s,0.5339,True,True,1.0343666666666667,True,2.0353666666666665,True,3.036366666666667,True,0.4337666666666667,True,,,,,0.6339666666666667,True,0.0,True,1.0343666666666667,True,0.95,20,19,0.5005,56,20,4,1.5339,2.5339,3.5339,5.5339,True,True,True,True,0.0,0.0,0.0,0.0,True,True,True,True
val_tune,7571121368,6,TN,"[[25.9, 30.3]]",4.4,2-5s,33.0664,True,False,34.067366666666665,False,34.667966666666665,False,35.06836666666667,False,32.06536666666667,False,31.06436666666667,False,30.663966666666667,False,35.16846666666667,False,30.964266666666667,False,33.86716666666667,False,0.0,20,40,1.001,226,93,4,34.0664,35.0664,36.0664,38.0664,False,False,False,False,32.0664,31.0664,30.0664,28.0664,False,False,True,True
val_tune,7531285946,9,CW,"[[0.8, 30.2]]",29.4,>=10s,19.8532,True,True,20.053366666666665,True,20.5205,True,21.054366666666667,True,19.4194,True,19.052366666666668,True,18.051366666666667,True,19.919900000000002,True,19.052366666666668,True,20.053366666666665,True,0.6,20,32,0.2002,162,66,4,20.8532,21.8532,22.8532,24.8532,True,True,True,True,18.8532,17.8532,16.8532,14.8532,True,True,True,True
val_tune,3388598772,5,TN,"[[6.8, 11]]",4.2,2-5s,4.8382,True,False,5.005,False,6.006,False,6.6066,False,4.371033333333333,False,4.004,False,3.4701333333333335,False,5.939266666666667,False,4.7047,False,5.005,False,0.55,20,9,0.1668,46,18,4,5.8382,6.8382,7.8382,9.8382,False,True,True,True,3.8382,2.8382,1.8382,0.0,False,False,False,False
val_tune,3477387686,5,CH,"[[0.1, 3.7]]",3.6,2-5s,54.5545,True,False,55.055,False,55.6556,False,56.056,False,54.054,False,53.6536,False,53.053,False,56.99026666666667,False,53.98726666666667,False,54.7547,False,0.0,20,25,0.5005,272,117,4,55.5545,56.5545,57.5545,59.5545,False,False,False,False,53.5545,52.5545,51.5545,49.5545,False,False,False,False
val_tune,3655906094,7,CW,"[[0.1, 3.3]]",3.2,2-5s,6.9069,True,False,7.007,False,7.5075,False,8.008,False,6.6066,False,6.006,False,5.5055,False,7.3406666666666665,False,5.839166666666666,False,7.007,False,0.0,20,19,0.1001,76,32,4,7.9069,8.9069,9.9069,11.9069,False,False,False,False,5.9069,4.9069,3.9069,1.9069,False,False,False,True
val_tune,5349766264,6,TC,"[[0.3, 78.6]]",78.3,>=10s,39.1641,True,True,39.28925,True,40.04,True,41.29125,True,38.78875,True,37.5375,True,36.28625,True,44.33595833333333,True,37.70433333333333,True,39.28925,True,1.0,20,51,0.1251,252,99,4,40.1641,41.1641,42.1641,44.1641,True,True,True,True,38.1641,37.1641,36.1641,34.1641,True,True,True,True
val_tune,5056964274,7,CW,"[[24.7, 28.1]]",3.4,2-5s,1.4348,True,False,2.002,False,2.5025,False,3.003,False,1.001,False,0.5005,False,,,2.3690333333333333,False,1.1344666666666667,False,2.002,False,0.2,20,52,0.5672,125,55,4,2.4348,3.4348,4.4348,6.4348,False,False,False,False,0.4348,0.0,0.0,0.0,False,False,False,False
val_tune,5116088152,4,CW,"[[36.6, 39.2]]",2.6,2-5s,18.2182,True,False,18.4184,False,19.019,False,19.4194,False,18.018,False,17.017,False,16.016,False,21.087733333333333,False,16.950266666666668,False,18.4184,False,0.15,20,38,0.2002,162,66,4,19.2182,20.2182,21.2182,23.2182,False,False,False,False,17.2182,16.2182,15.2182,13.2182,False,False,False,False
val_tune,7088595057,9,TN,"[[14.8, 29.6]]",14.8,>=10s,0.0334,True,False,0.33366666666666667,False,1.0343666666666667,False,1.5348666666666666,False,,,,,,,0.9342666666666667,False,0.0,False,0.33366666666666667,False,0.6,20,60,0.3003,142,60,4,1.0334,2.0334,3.0334,5.0334,False,False,False,False,0.0,0.0,0.0,0.0,False,False,False,False
val_tune,7728559968,3,CW,"[[10.7, 32.7]]",22.0,>=10s,18.385,True,True,18.752066666666668,True,19.386033333333334,True,20.387033333333335,True,17.884533333333334,True,17.050366666666665,True,16.649966666666668,True,18.885533333333335,True,14.547866666666668,True,18.752066666666668,True,0.65,20,41,0.367,200,70,4,19.385,20.385,21.385,23.385,True,True,True,True,17.385,16.385,15.385,13.385,True,True,True,True
val_tune,3345608051,8,CW,"[[50.3, 53.5]]",3.2,2-5s,3.24,True,False,3.6,False,4.32,False,4.8,False,3.12,False,2.4,False,1.8,False,3.52,False,2.32,False,3.6,False,0.05,20,106,0.36,300,111,4,4.24,5.24,6.24,8.24,False,False,False,False,2.24,1.24,0.24,0.0,False,False,False,False
val_tune,3429509208,7,CH,"[[10.2, 13.1]]",2.9,2-5s,14.2643,True,False,15.015,False,,,,,13.76375,False,13.221541666666667,False,12.5125,True,15.598916666666666,False,13.847166666666666,False,14.597916666666666,False,0.0,20,1,0.7508,51,22,4,15.2643,16.0,16.0,16.0,False,False,False,False,13.2643,12.2643,11.2643,9.2643,False,True,True,False
val_tune,6031805098,4,CW,"[[7.7, 45.7]]",38.0,>=10s,40.5071,True,True,40.5405,True,41.1411,True,41.5415,True,40.00663333333333,True,39.5395,True,39.10573333333333,True,40.5405,True,39.305933333333336,True,40.5405,True,1.0,20,9,0.0334,185,75,4,41.5071,42.5071,43.5071,45.5071,True,True,True,True,39.5071,38.5071,37.5071,35.5071,True,True,True,True
val_tune,5902452647,4,TN,"[[11.6, 13.8]]",2.2,2-5s,23.2566,True,False,24.057366666666667,False,25.058366666666668,False,25.692333333333334,False,23.056366666666666,False,22.055366666666668,False,21.4214,False,23.9239,False,22.155466666666666,False,23.390033333333335,False,0.0,20,6,0.8008,110,43,4,24.2566,25.2566,26.2566,27.0,False,False,False,False,22.2566,21.2566,20.2566,18.2566,False,False,False,False
val_tune,4603484665,7,TN,"[[38.0, 42.4]]",4.4,2-5s,41.6666,True,True,42.042,True,42.5425,False,43.043,False,41.29125,True,40.04,True,38.78875,True,42.95958333333333,False,38.70533333333333,True,42.042,True,0.2,20,3,0.3754,140,62,4,42.6666,43.6666,44.0,44.0,False,False,False,False,40.6666,39.6666,38.6666,36.6666,True,True,True,False
val_tune,3477387686,6,CH,"[[61.0, 64.3], [64.3, 66.7]]",5.7,5-10s,62.3623,True,True,62.4624,True,63.063,True,63.4634,True,62.062,True,61.4614,True,61.061,True,62.99626666666667,True,61.628233333333334,True,62.4624,True,0.6,20,10,0.1001,272,117,4,63.3623,64.3623,65.3623,67.3623,True,True,True,False,61.3623,60.3623,59.3623,57.3623,True,False,False,False
val_tune,4336654741,1,CW,"[[0.2, 3.6], [18.3, 56.0], [66.6, 72.6]]",47.1,>=10s,83.5835,True,False,84.084,False,85.085,False,85.5855,False,83.4834,False,83.083,False,82.6826,False,85.45203333333333,False,75.44203333333334,False,83.9839,False,0.0,20,10,0.5005,360,141,4,84.5835,85.5835,86.5835,88.5835,False,False,False,False,82.5835,81.5835,80.5835,78.5835,False,False,False,False
val_tune,10042935613,3,CW,"[[23.4, 30.1]]",6.7,5-10s,25.1919,True,True,25.392058725392058,True,26.026026026026027,True,26.626626626626628,True,24.024024024024023,True,23.490156823490157,True,22.489155822489156,False,26.526526526526528,True,23.790457123790457,True,25.392058725392058,True,0.15,20,44,0.2002,200,75,4,26.1919,27.1919,28.1919,30.1919,True,True,True,False,24.1919,23.1919,22.1919,20.1919,True,False,False,False
val_tune,4024008346,0,TN,"[[0.0, 5.5]]",5.5,5-10s,0.6006,True,True,1.001,True,2.002,True,3.003,True,,,,,,,1.4681333333333333,True,0.33366666666666667,True,0.8008,True,0.3,20,32,0.4004,79,33,4,1.6006,2.6006,3.6006,5.6006,True,True,True,False,0.0,0.0,0.0,0.0,True,True,True,True
val_tune,8495272210,6,CW,"[[7.2, 18.3]]",11.1,>=10s,9.0424,True,True,10.043366666666667,True,11.044366666666667,True,11.544866666666667,True,8.541866666666667,True,8.041366666666667,True,7.6409666666666665,True,9.142466666666667,True,7.7744333333333335,True,9.843166666666667,True,0.7,20,19,1.001,84,35,4,10.0424,11.0424,12.0424,14.0424,True,True,True,True,8.0424,7.0424,6.0424,4.0424,True,False,False,False
val_tune,2679328607,2,CW,"[[0.0, 9.2]]",9.2,5-10s,2.669,True,True,3.003,True,4.004,True,4.537,True,2.402,True,2.002,True,1.001,True,3.0364004044489383,True,2.0353892821031345,True,3.003,True,0.25,20,45,0.334,141,49,4,3.669,4.669,5.669,7.669,True,True,True,True,1.669,0.669,0.0,0.0,True,True,True,True
val_tune,6642268693,5,CH,"[[12.6, 13.8], [30.2, 32.7]]",3.7,2-5s,25.6,True,False,25.72,False,26.68,False,27.28,False,24.76,False,24.28,False,23.56,False,25.84,False,24.64,False,25.72,False,0.15,20,24,0.12,154,54,4,26.6,27.6,28.6,30.6,False,False,False,True,24.6,23.6,22.6,20.6,False,False,False,False
val_tune,4164771889,3,TN,"[[12.3, 16.8]]",4.5,2-5s,13.9473,True,True,14.014,True,15.015,True,16.016,True,13.013,True,12.479133333333333,True,12.012,False,14.7147,True,13.546866666666666,True,14.014,True,1.0,20,4,0.0667,68,25,4,14.9473,15.9473,16.9473,17.0,True,True,False,False,12.9473,11.9473,10.9473,8.9473,True,False,False,False
val_tune,3026084730,2,CH,"[[70.7, 72.7]]",2.0,2-5s,62.429,True,False,63.063,False,63.4634,False,64.064,False,62.062,False,61.061,False,60.06,False,63.129733333333334,False,61.995266666666666,False,62.62923333333333,False,0.05,20,19,0.634,295,122,4,63.429,64.429,65.429,67.429,False,False,False,False,61.429,60.429,59.429,57.429,False,False,False,False
val_tune,8740703217,6,CW,"[[4.3, 7.6], [15.1, 20]]",8.2,5-10s,1.7351,True,False,2.0353666666666665,False,2.6359666666666666,False,3.036366666666667,False,1.0343666666666667,False,0.33366666666666667,False,,,3.036366666666667,False,0.0,False,1.9352666666666667,False,0.45,20,36,0.3003,82,38,4,2.7351,3.7351,4.7351,6.7351,False,False,True,True,0.7351,0.0,0.0,0.0,False,False,False,False
val_tune,8024853715,1,CW,"[[0.2, 1.7], [3.3, 4.9], [6.7, 9.3], [11.0, 13.9]]",8.6,5-10s,13.8055,True,True,15.056708333333333,False,15.807458333333333,False,16.307958333333332,False,12.554208333333333,True,11.928583333333334,True,11.302958333333333,True,14.097416666666666,False,12.429083333333333,True,14.681333333333333,False,0.0,20,8,1.2512,66,23,4,14.8055,15.8055,16.8055,18.8055,False,False,False,False,12.8055,11.8055,10.8055,8.8055,True,True,False,True
val_tune,8557532213,7,CH,"[[4.6, 9.6]]",5.0,5-10s,4.004,True,False,4.037366666666666,False,4.637966666666666,True,5.038366666666667,True,3.036366666666667,False,2.4024,False,2.0353666666666665,False,4.037366666666666,False,3.036366666666667,False,4.037366666666666,False,0.75,20,12,0.0334,51,17,4,5.004,6.004,7.004,9.004,True,True,True,True,3.004,2.004,1.004,0.0,False,False,False,False
val_tune,6806999702,8,TN,"[[11.6, 15.9]]",4.3,2-5s,87.3206,True,False,87.52076666666666,False,88.12136666666666,False,88.72196666666666,False,87.12036666666667,False,86.11936666666666,False,85.61886666666666,False,87.92116666666666,False,86.45303333333334,False,87.42066666666666,False,0.0,20,5,0.2002,360,135,4,88.3206,89.3206,90.0,90.0,False,False,False,False,86.3206,85.3206,84.3206,82.3206,False,False,False,False
val_tune,10127533784,6,CW,"[[16.3, 20.0]]",3.7,2-5s,8.008,True,False,8.541875208541875,False,9.542876209542877,False,10.01001001001001,False,6.67334000667334,False,6.139472806139473,False,5.638972305638973,False,8.975642308975642,False,7.640974307640975,False,8.541875208541875,False,0.25,20,16,0.5339,70,26,4,9.008,10.008,11.008,13.008,False,False,False,False,7.008,6.008,5.008,3.008,False,False,False,False
val_tune,3897746373,9,CH,"[[2.2, 5.4]]",3.2,2-5s,12.012,True,False,12.379033333333334,False,13.013,False,,,11.011,False,10.543866666666666,False,10.01,False,13.179833333333333,False,10.710700000000001,False,12.379033333333334,False,0.0,20,2,0.367,54,21,4,13.0,13.0,13.0,13.0,False,False,False,False,11.012,10.012,9.012,7.012,False,False,False,False
val_tune,3026084730,6,CW,"[[30.2, 31.6]]",1.4,<2s,50.3503,True,False,51.051,False,52.052,False,53.053,False,50.05,False,49.6496,False,49.049,False,50.817433333333334,False,50.08336666666667,False,50.4504,False,0.0,20,37,0.7007,295,122,4,51.3503,52.3503,53.3503,55.3503,False,False,False,False,49.3503,48.3503,47.3503,45.3503,False,False,False,False
val_tune,4896969617,9,CW,"[[4.3, 5.7]]",1.4,<2s,5.3053,True,True,6.006,False,7.007,False,7.5075,False,5.005,True,4.5045,True,4.004,False,5.638966666666667,True,4.938266666666666,True,5.9059,False,0.0,20,10,0.7007,47,20,4,6.3053,7.3053,8.3053,10.3053,False,False,False,False,4.3053,3.3053,2.3053,0.3053,True,False,False,False
val_tune,7453733046,4,CH,"[[0.0, 1.3], [2.1, 6.0], [7.8, 11.2]]",8.6,5-10s,7.9413,True,True,8.041366666666667,True,8.541866666666667,True,9.042366666666666,True,7.040366666666666,False,6.539866666666667,False,6.039366666666667,False,8.041366666666667,True,6.940266666666667,False,8.008,True,0.1,20,43,0.1001,134,55,4,8.9413,9.9413,10.9413,12.9413,True,True,True,False,6.9413,5.9413,4.9413,2.9413,False,True,True,True
val_tune,5134317883,7,TN,"[[27.3, 33.7]]",6.4,5-10s,57.25,True,False,57.5,False,58.75,False,60.0,False,56.25,False,55.0,False,53.75,False,59.291666666666664,False,56.666666666666664,False,57.375,False,0.0,20,25,0.25,252,99,4,58.25,59.25,60.25,62.25,False,False,False,False,56.25,55.25,54.25,52.25,False,False,False,False
val_tune,4626085492,1,CW,"[[18.0, 20.9]]",2.9,2-5s,9.1758,True,False,10.01,False,11.011,False,11.544866666666667,False,9.009,False,8.5085,False,8.008,False,9.676333333333334,False,7.874533333333334,False,9.8098,False,0.2,20,18,0.8342,86,35,4,10.1758,11.1758,12.1758,14.1758,False,False,False,False,8.1758,7.1758,6.1758,4.1758,False,False,False,False
val_tune,4272084125,10,CH,"[[6.4, 13.3]]",6.9,5-10s,12.6126,True,True,13.013,True,13.680333333333333,False,14.981633333333333,False,12.5125,True,12.012,True,11.5115,True,14.247566666666668,False,12.245566666666667,True,12.7127,True,0.1,20,16,0.4004,99,36,4,13.6126,14.6126,15.6126,17.6126,False,False,False,False,11.6126,10.6126,9.6126,7.6126,True,True,True,True
val_tune,5945172741,7,CH,"[[8.7, 14.3]]",5.6,5-10s,5.92,True,False,6.04,False,7.24,False,8.44,False,4.84,False,3.64,False,2.44,False,7.12,False,4.72,False,6.0,False,0.1,20,74,0.12,214,79,4,6.92,7.92,8.92,10.92,False,False,True,True,4.92,3.92,2.92,0.92,False,False,False,False
val_tune,4146348376,0,CW,"[[1.6, 8.9], [9.4, 32.4], [36.5, 39.4]]",33.2,>=10s,3.9706,True,True,4.004,True,5.005,True,5.6056,True,3.4701333333333335,True,3.003,True,2.002,True,5.538866666666666,True,2.9029000000000003,True,4.004,True,0.7,20,86,0.0334,212,92,4,4.9706,5.9706,6.9706,8.9706,True,True,True,False,2.9706,1.9706,0.9706,0.0,True,True,False,False
val_tune,2679328607,11,TN,"[[13.7, 17.1], [22.1, 24.9], [27.1, 29.7]]",8.8,5-10s,12.012,True,False,13.013,False,13.413,False,14.014,True,11.011,False,10.01,False,9.009,False,12.045500505561174,False,11.04448938321537,False,12.078,False,0.4,20,32,1.001,141,49,4,13.012,14.012,15.012,17.012,False,True,True,True,11.012,10.012,9.012,7.012,False,False,False,False
val_tune,2696280239,9,CW,"[[10.1, 13]]",2.9,2-5s,9.7431,True,False,10.6106,True,10.977633333333333,True,11.344666666666667,True,9.676333333333334,False,8.9089,False,8.441766666666666,False,9.9099,False,7.7077,False,9.976633333333334,False,1.0,20,6,0.8675,54,24,4,10.7431,11.7431,12.7431,13.0,True,True,True,True,8.7431,7.7431,6.7431,4.7431,False,False,False,False
val_tune,4542882771,3,CW,"[[18.3, 28.8]]",10.5,>=10s,16.2662,True,False,16.850166666666667,False,17.5175,False,18.143125,False,15.724041666666666,False,15.015,False,14.26425,False,17.017,False,14.76475,False,16.850166666666667,False,0.6,20,29,0.5839,116,52,4,17.2662,18.2662,19.2662,21.2662,False,False,True,True,15.2662,14.2662,13.2662,11.2662,False,False,False,False
val_tune,9612838272,3,CH,"[[8.1, 10.6]]",2.5,2-5s,10.4438,True,True,11.644978311644978,False,12.012012012012011,False,12.579245912579246,False,10.01001001001001,True,9.275942609275942,True,8.742075408742075,True,12.679346012679346,False,7.707707707707708,False,11.644978311644978,False,0.0,20,8,1.2012,54,24,4,11.4438,12.4438,13.4438,15.0,False,False,False,False,9.4438,8.4438,7.4438,5.4438,True,True,False,False
val_tune,5328616848,2,TC,"[[0.3, 9.3]]",9.0,5-10s,3.5035,True,True,4.004,True,4.5045,True,5.005,True,3.003,True,2.4024,True,2.002,True,3.937266666666667,True,2.8361666666666667,True,3.8038,True,0.65,20,20,0.5005,60,27,4,4.5035,5.5035,6.5035,8.5035,True,True,True,True,2.5035,1.5035,0.5035,0.0,True,True,True,False
val_tune,7416295940,0,CW,"[[28.4, 29.9]]",1.5,<2s,41.5081,True,False,41.7417,False,42.7427,False,43.2432,False,40.7407,False,39.7397,False,38.7387,False,43.076366666666665,False,40.9409,False,41.60823333333333,False,0.0,20,61,0.2336,351,122,4,42.5081,43.5081,44.5081,46.5081,False,False,False,False,40.5081,39.5081,38.5081,36.5081,False,False,False,False
val_tune,4857781123,2,CW,"[[8.6, 11.3]]",2.7,2-5s,18.9856,True,False,19.019,False,19.6196,False,20.02,False,18.6186,False,18.018,False,17.017,False,22.155466666666666,False,17.951266666666665,False,19.019,False,0.0,20,26,0.0334,147,55,4,19.9856,20.9856,21.9856,23.9856,False,False,False,False,17.9856,16.9856,15.9856,13.9856,False,False,False,False
val_tune,2925298951,9,TC,"[[15.1, 16.6]]",1.5,<2s,0.2085,True,False,1.25125,False,1.9185833333333333,False,2.5025,False,,,,,,,3.169833333333333,False,0.0,False,0.33366666666666667,False,0.1,20,22,1.0427,54,23,4,1.2085,2.2085,3.2085,5.2085,False,False,False,False,0.0,0.0,0.0,0.0,False,False,False,False
val_tune,5919180502,0,CW,"[[6.4, 16.1]]",9.7,5-10s,29.4961,True,False,29.796433333333333,False,30.797433333333334,False,31.79843333333333,False,29.295933333333334,False,28.79543333333333,False,28.061366666666668,False,29.8298,False,29.229200000000002,False,29.796433333333333,False,0.0,20,25,0.3003,200,72,4,30.4961,31.4961,32.4961,34.4961,False,False,False,False,28.4961,27.4961,26.4961,24.4961,False,False,False,False
val_tune,8464056582,2,CW,"[[20.2, 23.7]]",3.5,2-5s,17.0417,True,False,17.541666666666668,False,18.041666666666668,False,18.791666666666668,False,16.291666666666668,False,15.791666666666666,False,15.041666666666666,False,17.416666666666668,False,14.916666666666666,False,17.166666666666668,False,0.0,20,52,0.5,179,75,4,18.0417,19.0417,20.0417,22.0417,False,False,False,True,16.0417,15.0417,14.0417,12.0417,False,False,False,False
val_tune,5427285434,1,TN,"[[9.3, 20.5]]",11.2,>=10s,15.0484,True,True,15.648966666666666,True,16.049366666666668,True,16.549866666666667,True,14.547866666666666,True,14.047366666666667,True,13.546866666666666,True,15.348666666666666,True,13.747066666666667,True,15.148466666666666,True,1.0,20,9,0.6006,83,35,4,16.0484,17.0484,18.0484,20.0484,True,True,True,True,14.0484,13.0484,12.0484,10.0484,True,True,True,True
val_tune,9088819598,0,TC,"[[2.8, 6.8]]",4.0,2-5s,20.4204,True,False,20.754087420754086,False,,,,,20.353687020353686,False,19.953286619953285,False,19.285952619285954,False,20.85418752085419,False,19.452786119452785,False,20.487153820487155,False,0.0,20,1,0.3337,70,28,4,21.4204,22.0,22.0,22.0,False,False,False,False,19.4204,18.4204,17.4204,15.4204,False,False,False,False
val_tune,5766018720,3,TN,"[[35.0, 39.6]]",4.6,2-5s,35.0016,True,True,35.06836666666667,True,35.46876666666667,True,36.06936666666667,True,34.60123333333333,False,34.10073333333333,False,33.66696666666667,False,36.26956666666667,True,33.96726666666667,False,35.06836666666667,True,0.25,20,42,0.0667,244,99,4,36.0016,37.0016,38.0016,40.0016,True,True,True,False,34.0016,33.0016,32.0016,30.0016,False,False,False,False
val_tune,4164771889,1,TN,"[[2.5, 6.3]]",3.8,2-5s,7.5075,True,False,8.008,False,8.375033333333333,False,9.009,False,7.4074,False,7.007,False,6.006,True,8.942266666666667,False,5.572233333333333,True,7.674333333333333,False,0.0,20,14,0.5005,68,25,4,8.5075,9.5075,10.5075,12.5075,False,False,False,False,6.5075,5.5075,4.5075,2.5075,False,True,True,True
val_tune,3719793245,3,CW,"[[0.0, 2.2]]",2.2,2-5s,10.1768,True,False,10.577233333333334,False,11.011,False,,,10.01,False,9.442766666666667,False,9.009,False,10.8108,False,9.042366666666666,False,10.276933333333334,False,0.0,20,2,0.4004,47,20,4,11.0,11.0,11.0,11.0,False,False,False,False,9.1768,8.1768,7.1768,5.1768,False,False,False,False
val_tune,6896884547,5,CH,"[[18.0, 22.0], [23.3, 26.6]]",7.3,5-10s,20.3537,True,True,20.553866666666668,True,21.054366666666667,True,21.454766666666668,True,20.053366666666665,True,19.052366666666668,True,18.051366666666667,True,22.355666666666668,False,18.852166666666665,True,20.553866666666668,True,0.1,20,44,0.2002,192,75,4,21.3537,22.3537,23.3537,25.3537,True,False,True,True,19.3537,18.3537,17.3537,15.3537,True,True,False,False
val_tune,2697261300,4,CH,"[[0.0, 18.9], [26.5, 34.9], [39.0, 46]]",34.3,>=10s,33.8338,True,True,34.034,True,35.035,False,36.036,False,33.4334,True,33.033,True,32.032,True,37.971266666666665,False,32.46576666666667,True,33.9339,True,0.8,20,18,0.2002,187,73,4,34.8338,35.8338,36.8338,38.8338,True,False,False,False,32.8338,31.8338,30.8338,28.8338,True,True,True,True
val_tune,7536230796,2,CW,"[[53.0, 62.0], [66.7, 73.9]]",16.2,>=10s,54.2083,True,True,54.583333333333336,True,55.208333333333336,True,56.458333333333336,True,53.958333333333336,True,52.708333333333336,False,51.916666666666664,False,55.083333333333336,True,53.583333333333336,True,54.458333333333336,True,0.75,20,23,0.375,240,89,4,55.2083,56.2083,57.2083,59.2083,True,True,True,True,53.2083,52.2083,51.2083,49.2083,True,False,False,False
val_tune,3105728894,7,TN,"[[24.4, 25.6]]",1.2,<2s,34.6346,True,False,35.035,False,35.4354,False,36.036,False,34.034,False,33.6336,False,33.033,False,35.06836666666667,False,34.40103333333333,False,34.801433333333335,False,0.0,20,29,0.4004,203,87,4,35.6346,36.6346,37.6346,39.6346,False,False,False,False,33.6346,32.6346,31.6346,29.6346,False,False,False,False
val_tune,8557532213,4,TP,"[[0.0, 1.7]]",1.7,<2s,10.0434,True,False,11.044366666666667,False,12.045366666666666,False,12.445766666666668,False,9.042366666666666,False,8.6086,False,8.041366666666667,False,11.077733333333333,False,9.042366666666666,False,10.643966666666667,False,0.0,20,3,1.001,51,17,4,11.0434,12.0434,13.0,13.0,False,False,False,False,9.0434,8.0434,7.0434,5.0434,False,False,False,False
val_tune,11566980553,8,TC,"[[9.1, 17.8]]",8.7,5-10s,22.8228,True,False,23.790457123790457,False,25.025025025025027,False,25.392058725392058,False,22.62262262262262,False,22.188855522188856,False,21.654988321654987,False,25.759092425759093,False,22.35568902235569,False,22.889556222889556,False,0.0,20,49,0.9676,228,84,4,23.8228,24.8228,25.8228,27.8228,False,False,False,False,21.8228,20.8228,19.8228,17.8228,False,False,False,False
val_tune,4636208292,3,CW,"[[77.2, 80.5]]",3.3,2-5s,72.072,True,False,73.073,False,73.5735,False,74.074,False,71.50476666666667,False,71.071,False,70.5705,False,72.40566666666666,False,70.80406666666667,False,72.1721,False,0.25,20,22,1.001,344,135,4,73.072,74.072,75.072,77.072,False,False,False,False,71.072,70.072,69.072,67.072,False,False,False,False
val_tune,6582763207,5,TN,"[[24.6, 27.3]]",2.7,2-5s,22.314,True,False,22.564208333333333,False,23.064708333333332,False,23.815458333333332,False,22.063708333333334,False,21.312958333333334,False,20.061708333333332,False,22.439083333333333,False,21.18783333333333,False,22.564208333333333,False,0.65,20,9,0.2503,94,39,4,23.314,24.314,25.314,27.314,False,False,True,False,21.314,20.314,19.314,17.314,False,False,False,False
val_tune,6297019062,3,CW,"[[52.0, 55.1]]",3.1,2-5s,22.9563,True,False,23.256566666666668,False,24.057366666666667,False,25.058366666666668,False,22.856166666666667,False,22.055366666666668,False,21.654966666666667,False,23.590233333333334,False,21.855166666666666,False,23.056366666666666,False,0.0,20,54,0.3003,234,91,4,23.9563,24.9563,25.9563,27.9563,False,False,False,False,21.9563,20.9563,19.9563,17.9563,False,False,False,False
val_tune,4798585428,1,CW,"[[6.5, 8.2]]",1.7,<2s,7.3073,True,True,8.008,True,8.5085,False,9.009,False,7.007,True,6.006,False,5.005,False,7.574233333333334,True,6.072733333333334,False,7.374033333333333,True,0.0,20,126,0.7007,360,135,4,8.3073,9.3073,10.3073,12.3073,False,False,False,False,6.3073,5.3073,4.3073,2.3073,False,False,False,False
val_tune,5607805258,1,CW,"[[0.4, 25.4]]",25.0,>=10s,7.5,True,True,7.541666666666667,True,8.791666666666666,True,9.875,True,6.666666666666667,True,6.0,True,5.041666666666667,True,11.291666666666666,True,1.1666666666666667,True,7.541666666666667,True,0.9,20,31,0.0417,96,40,4,8.5,9.5,10.5,12.5,True,True,True,True,6.5,5.5,4.5,2.5,True,True,True,True
val_tune,4626085492,9,TC,"[[0.2, 3.6]]",3.4,2-5s,10.01,True,False,11.011,False,11.544866666666667,False,12.012,False,9.009,False,8.5085,False,8.008,False,11.2112,False,9.676333333333334,False,10.176833333333333,False,0.0,20,17,1.001,86,35,4,11.01,12.01,13.01,15.01,False,False,False,False,9.01,8.01,7.01,5.01,False,False,False,False
val_tune,8277866423,3,TC,"[[14.2, 16.6]]",2.4,2-5s,26.2917,True,False,27.541666666666668,False,28.791666666666668,False,29.5,False,25.041666666666668,False,24.25,False,23.791666666666668,False,26.708333333333332,False,25.5,False,26.416666666666668,False,0.0,20,10,1.25,111,42,4,27.2917,28.2917,29.2917,31.2917,False,False,False,False,25.2917,24.2917,23.2917,21.2917,False,False,False,False
val_tune,2925298951,1,CH,"[[2.2, 5.2]]",3.0,2-5s,1.5432,True,False,1.9185833333333333,False,2.5025,True,3.75375,True,1.25125,False,0.20854166666666665,False,,,3.169833333333333,True,0.0,False,1.9185833333333333,False,0.15,20,21,0.3754,54,23,4,2.5432,3.5432,4.5432,6.5432,True,True,True,False,0.5432,0.0,0.0,0.0,False,False,False,False
val_tune,6592821115,11,TC,"[[50.8, 59.9]]",9.1,5-10s,62.5833,True,False,63.208333333333336,False,63.958333333333336,False,64.54166666666667,False,61.458333333333336,False,60.833333333333336,False,60.208333333333336,False,63.25,False,60.833333333333336,False,62.708333333333336,False,0.0,20,16,0.625,253,99,4,63.5833,64.5833,65.5833,67.5833,False,False,False,False,61.5833,60.5833,59.5833,57.5833,False,False,True,True
val_tune,4968805923,5,CH,"[[0.0, 4.6]]",4.6,2-5s,3.003,True,True,3.6036,True,4.004,True,5.005,False,2.002,True,1.001,True,0.2002,True,3.937266666666667,True,2.5358666666666667,True,3.5035,True,0.0,20,11,0.6006,43,15,4,4.003,5.003,6.003,8.003,True,False,False,False,2.003,1.003,0.003,0.0,True,True,True,True
val_tune,3763643225,8,CH,"[[3.4, 6.3], [7.5, 12.1]]",7.5,5-10s,5.9059,True,True,6.006,True,7.007,False,8.008,True,5.4054,True,5.005,True,4.4044,True,6.740066666666666,False,5.6723333333333334,True,6.006,True,0.15,20,48,0.1001,144,58,4,6.9059,7.9059,8.9059,10.9059,False,True,True,True,4.9059,3.9059,2.9059,0.9059,True,True,False,False
val_tune,4006608424,2,TN,"[[61.8, 70.9]]",9.1,5-10s,38.9055,True,False,39.039,False,39.57286666666667,False,40.04,False,38.50513333333333,False,38.038,False,37.037,False,39.40603333333333,False,38.20483333333333,False,39.039,False,0.25,20,85,0.1335,360,149,4,39.9055,40.9055,41.9055,43.9055,False,False,False,False,37.9055,36.9055,35.9055,33.9055,False,False,False,False
val_tune,7331927796,8,TN,"[[9.5, 10.8]]",1.3,<2s,12.9463,True,False,13.046366666666666,False,13.646966666666666,False,14.047366666666667,False,12.645966666666666,False,12.045366666666666,False,11.644966666666667,False,16.950266666666668,False,11.878533333333333,False,13.046366666666666,False,0.0,20,8,0.1001,70,29,4,13.9463,14.9463,15.9463,17.0,False,False,False,False,11.9463,10.9463,9.9463,7.9463,False,False,True,False
val_tune,14003541505,5,CW,"[[18.2, 21.0]]",2.8,2-5s,12.4751,True,False,12.5585,False,13.476083333333333,False,14.06,False,12.058,False,11.390666666666666,False,10.056,False,12.971291666666666,False,11.469791666666666,False,12.5585,False,0.55,20,11,0.0834,64,25,4,13.4751,14.4751,15.4751,17.4751,False,False,False,False,11.4751,10.4751,9.4751,7.4751,False,False,False,False
val_tune,5801184682,0,TN,"[[19.8, 25.2]]",5.4,5-10s,32.92,True,False,33.68,False,34.12,False,35.44,False,32.68,False,31.24,False,30.64,False,33.76,False,32.0,False,33.28,False,0.0,20,45,0.76,301,85,4,33.92,34.92,35.92,37.92,False,False,False,False,31.92,30.92,29.92,27.92,False,False,False,False
val_tune,5173770364,1,TN,"[[25.6, 27.8]]",2.2,2-5s,76.1761,True,False,76.5765,False,77.077,False,77.5775,False,76.076,False,75.075,False,74.5745,False,77.01026666666667,False,75.60886666666667,False,76.3763,False,0.0,20,6,0.4004,320,127,4,77.1761,78.1761,79.1761,80.0,False,False,False,False,75.1761,74.1761,73.1761,71.1761,False,False,False,False
val_tune,5349766264,9,TN,"[[6.9, 19.6]]",12.7,>=10s,56.4314,True,False,57.5575,False,58.183125,False,58.80875,False,56.30625,False,55.80575,False,55.055,False,58.72533333333333,False,55.97258333333333,False,57.14041666666667,False,0.0,20,28,1.1261,252,99,4,57.4314,58.4314,59.4314,61.4314,False,False,False,False,55.4314,54.4314,53.4314,51.4314,False,False,False,False
val_tune,7331927796,3,CW,"[[8.6, 10.2]]",1.6,<2s,13.647,True,False,14.047366666666667,False,15.048366666666666,False,15.648966666666666,False,13.046366666666666,False,12.645966666666666,False,12.045366666666666,False,16.950266666666668,False,11.878533333333333,False,14.014,False,0.0,20,6,0.4004,70,29,4,14.647,15.647,16.647,17.0,False,False,False,False,12.647,11.647,10.647,8.647,False,False,False,True
val_tune,2782658657,6,CW,"[[19.6, 22.0]]",2.4,2-5s,7.2072,True,False,8.008,False,8.641966666666667,False,9.009,False,7.007,False,5.939266666666667,False,5.005,False,8.308300000000001,False,6.8735333333333335,False,7.3073,False,0.2,20,29,0.8008,106,41,4,8.2072,9.2072,10.2072,12.2072,False,False,False,False,6.2072,5.2072,4.2072,2.2072,False,False,False,False
val_tune,2834146886,0,CW,"[[0.0, 2.4]]",2.4,2-5s,0.0,True,True,0.4004,True,1.001,True,1.4014,True,,,,,,,1.1344666666666667,True,,,0.4004,True,0.0,20,101,0.4004,251,101,4,1.0,2.0,3.0,5.0,True,True,False,False,0.0,0.0,0.0,0.0,True,True,True,True
val_tune,5635265624,9,TC,"[[13.6, 16.6]]",3.0,2-5s,17.4508,True,False,18.051366666666667,False,19.052366666666668,False,,,17.050366666666665,False,16.583233333333332,True,16.049366666666668,True,18.084733333333332,False,17.083733333333335,False,18.051366666666667,False,0.0,20,2,0.6006,79,30,4,18.4508,19.0,19.0,19.0,False,False,False,False,16.4508,15.4508,14.4508,12.4508,True,True,True,False
val_tune,7571121368,8,TN,"[[23.4, 28.8]]",5.4,5-10s,9.643,True,False,10.043366666666667,False,10.643966666666667,False,11.044366666666667,False,9.042366666666666,False,8.041366666666667,False,7.440766666666667,False,10.043366666666667,False,9.042366666666666,False,9.743066666666667,False,0.0,20,78,0.4004,226,93,4,10.643,11.643,12.643,14.643,False,False,False,False,8.643,7.643,6.643,4.643,False,False,False,False
val_tune,5875535585,0,TC,"[[0.6, 9.9]]",9.3,5-10s,25.0584,True,False,25.759066666666666,False,26.259566666666668,False,26.659966666666666,False,24.457766666666668,False,23.857166666666668,False,23.056366666666666,False,25.792433333333335,False,24.190833333333334,False,25.158466666666666,False,0.0,20,85,0.7007,306,128,4,26.0584,27.0584,28.0584,30.0584,False,False,False,False,24.0584,23.0584,22.0584,20.0584,False,False,False,False
val_tune,4123915842,5,CW,"[[12.3, 16.4]]",4.1,2-5s,22.7227,True,False,23.023,False,24.024,False,24.891533333333335,False,22.022,False,21.021,False,20.02,False,22.956266666666668,False,22.355666666666668,False,22.8228,False,0.0,20,3,0.3003,100,39,4,23.7227,24.7227,25.0,25.0,False,False,False,False,21.7227,20.7227,19.7227,17.7227,False,False,False,False
val_tune,7059877301,2,TN,"[[12.7, 13.9]]",1.2,<2s,0.3003,True,False,1.0343666666666667,False,1.4014,False,2.0353666666666665,False,0.13346666666666668,False,,,,,2.435766666666667,False,0.0,False,1.0343666666666667,False,0.05,20,49,0.7341,123,50,4,1.3003,2.3003,3.3003,5.3003,False,False,False,False,0.0,0.0,0.0,0.0,False,False,False,False
val_tune,5902452647,2,CW,"[[25.3, 27]]",1.7,<2s,21.4214,True,False,22.055366666666668,False,23.056366666666666,False,24.057366666666667,False,21.054366666666667,False,20.053366666666665,False,19.052366666666668,False,22.155466666666666,False,20.053366666666665,False,22.055366666666668,False,0.25,20,8,0.634,110,43,4,22.4214,23.4214,24.4214,26.4214,False,False,False,True,20.4214,19.4214,18.4214,16.4214,False,False,False,False
val_tune,11681746823,6,CH,"[[0.0, 5.8], [7.7, 11.8]]",9.9,5-10s,9.5095,True,True,10.01001001001001,True,11.077744411077745,True,11.578244911578246,True,9.075742409075742,True,8.675342008675342,True,8.008008008008009,True,10.577243910577245,True,7.907907907907909,True,9.642976309642977,True,0.25,20,15,0.5005,72,29,4,10.5095,11.5095,12.5095,14.5095,True,True,False,False,8.5095,7.5095,6.5095,4.5095,True,False,False,True
val_tune,8457210773,7,TP,"[[65.8, 69.6]]",3.8,2-5s,71.2,True,False,71.56,False,72.04,False,72.64,False,70.84,False,70.36,False,69.64,False,71.32,False,64.72,False,71.56,False,0.0,20,12,0.36,264,111,4,72.2,73.2,74.2,76.2,False,False,False,False,70.2,69.2,68.2,66.2,False,True,True,True
val_tune,3524939594,7,CH,"[[0.1, 6.0]]",5.9,5-10s,12.721,True,False,13.76375,False,15.015,False,16.26625,False,12.5125,False,11.803458333333333,False,11.26125,False,15.432083333333333,False,11.428083333333333,False,13.5135,False,0.0,20,6,1.0427,59,21,4,13.721,14.721,15.721,17.721,False,False,False,False,11.721,10.721,9.721,7.721,False,False,False,False
val_tune,3456030972,2,CW,"[[5.1, 21.4]]",16.3,>=10s,13.4134,True,True,14.014,True,15.015,True,15.5155,True,13.013,True,12.012,True,11.011,True,13.747066666666667,True,10.243566666666666,True,13.7137,True,0.75,20,20,0.6006,102,39,4,14.4134,15.4134,16.4134,18.4134,True,True,True,True,12.4134,11.4134,10.4134,8.4134,True,True,True,True
val_tune,4164771889,7,TC,"[[8.9, 11.7]]",2.8,2-5s,5.8058,True,False,6.006,False,7.007,False,7.4074,False,5.005,False,4.6046,False,4.004,False,8.942266666666667,True,5.572233333333333,False,5.9059,False,0.4,20,17,0.2002,68,25,4,6.8058,7.8058,8.8058,10.8058,False,False,False,True,4.8058,3.8058,2.8058,0.8058,False,False,False,False
val_tune,8627074061,8,CW,"[[83.7, 90.0]]",6.3,5-10s,30.0634,True,False,31.06436666666667,False,32.06536666666667,False,32.866166666666665,False,29.462766666666667,False,29.062366666666666,False,28.661966666666668,False,30.897533333333335,False,27.727700000000002,False,30.163466666666668,False,0.1,20,101,1.001,360,154,4,31.0634,32.0634,33.0634,35.0634,False,False,False,False,29.0634,28.0634,27.0634,25.0634,False,False,False,False
val_tune,2971556305,5,CW,"[[8.0, 17.4]]",9.4,5-10s,47.4224,True,False,47.5475,False,48.00629166666667,False,48.79875,False,46.29625,False,45.045,False,44.419375,False,47.79774999999999,False,45.96258333333333,False,47.5475,False,0.0,20,18,0.1251,195,75,4,48.4224,49.4224,50.4224,52.4224,False,False,False,False,46.4224,45.4224,44.4224,42.4224,False,False,False,False
val_tune,4336654741,6,TN,"[[12.2, 20.5]]",8.3,5-10s,65.6656,True,False,66.066,False,67.067,False,68.068,False,65.065,False,64.064,False,63.063,False,69.00226666666667,False,60.99426666666667,False,66.066,False,0.0,20,37,0.4004,360,141,4,66.6656,67.6656,68.6656,70.6656,False,False,False,False,64.6656,63.6656,62.6656,60.6656,False,False,False,False
val_tune,9304738817,4,CW,"[[9.2, 16.3]]",7.1,5-10s,2.5333,True,False,3.466666666666667,False,4.666666666666667,False,9.8,True,1.6,False,,,,,3.1333333333333333,False,1.9333333333333333,False,3.466666666666667,False,0.4,20,9,0.9333,37,11,4,3.5333,4.5333,5.5333,7.5333,False,False,False,False,1.5333,0.5333,0.0,0.0,False,False,False,False
val_tune,2442307875,6,CW,"[[49.1, 51.0]]",1.9,<2s,2.5,True,False,3.0,False,6.0,False,7.3,False,1.3,False,,,,,3.2,False,0.0,False,2.8,False,0.0,20,29,0.5,70,30,4,3.5,4.5,5.5,7.5,False,False,False,False,1.5,0.5,0.0,0.0,False,False,False,False
val_tune,3233088823,6,CH,"[[8.1, 11.7]]",3.6,2-5s,15.015,True,False,,,,,,,14.014,False,13.5135,False,13.013,False,15.348666666666666,False,12.946266666666666,False,15.2152,False,0.0,20,0,,63,26,4,15.0,15.0,15.0,15.0,False,False,False,False,14.015,13.015,12.015,10.015,False,False,False,True
val_tune,8811725760,3,CW,"[[7.2, 10.1]]",2.9,2-5s,19.4194,True,False,20.053386720053386,False,,,,,18.685352018685354,False,17.91791791791792,False,16.68335001668335,False,19.686353019686354,False,19.01901901901902,False,19.51951951951952,False,0.0,20,1,0.634,66,23,4,20.4194,21.0,21.0,21.0,False,False,False,False,18.4194,17.4194,16.4194,14.4194,False,False,False,False
val_tune,5427285434,2,TC,"[[9.3, 20.5]]",11.2,>=10s,7.7411,True,False,8.041366666666667,False,9.042366666666666,False,10.043366666666667,True,7.040366666666666,False,6.539866666666667,False,6.039366666666667,False,9.943266666666666,True,4.938266666666666,False,7.841166666666667,False,0.9,20,22,0.3003,83,35,4,8.7411,9.7411,10.7411,12.7411,False,True,True,True,6.7411,5.7411,4.7411,2.7411,False,False,False,False
val_tune,9917882506,2,TC,"[[13.6, 18.0]]",4.4,2-5s,24.024,True,False,25.025025025025027,False,25.458792125458793,False,26.026026026026027,False,23.590256923590257,False,23.089756423089757,False,22.389055722389056,False,26.926926926926928,False,20.787454120787455,False,24.824824824824823,False,0.0,20,11,1.001,115,50,4,25.024,26.024,27.024,29.024,False,False,False,False,23.024,22.024,21.024,19.024,False,False,False,False
val_tune,4024008346,7,TN,"[[4.1, 10.1]]",6.0,5-10s,0.6006,True,False,1.001,False,2.002,False,3.003,False,,,,,,,1.4681333333333333,False,0.33366666666666667,False,0.8008,False,0.2,20,32,0.4004,79,33,4,1.6006,2.6006,3.6006,5.6006,False,False,False,True,0.0,0.0,0.0,0.0,False,False,False,False
val_tune,5328004991,0,CW,"[[0.1, 9.3]]",9.2,5-10s,6.8068,True,True,7.007,True,8.008,True,8.6086,True,6.006,True,5.005,True,4.4044,True,6.940266666666667,True,6.2729333333333335,True,7.007,True,0.2,20,34,0.2002,106,43,4,7.8068,8.8068,9.8068,11.8068,True,True,False,False,5.8068,4.8068,3.8068,1.8068,True,True,True,True
val_tune,5875535585,6,TC,"[[24.3, 32.2]]",7.9,5-10s,40.3737,True,False,41.07436666666667,False,41.8418,False,42.308933333333336,False,40.17346666666667,False,39.70633333333333,False,39.07236666666667,False,40.57386666666667,False,39.906533333333336,False,41.07436666666667,False,0.0,20,60,0.7007,306,128,4,41.3737,42.3737,43.3737,45.3737,False,False,False,False,39.3737,38.3737,37.3737,35.3737,False,False,False,False
val_tune,3263908208,5,CW,"[[0.1, 12]]",11.9,>=10s,7.5,True,True,8.25,True,8.75,True,9.5,True,6.875,True,6.25,True,5.0,True,8.666666666666666,True,6.166666666666667,True,7.75,True,0.95,20,7,0.75,40,17,4,8.5,9.5,10.5,12.0,True,True,True,True,6.5,5.5,4.5,2.5,True,True,True,True
val_tune,8740703217,5,CW,"[[12.9, 20]]",7.1,5-10s,3.9373,True,False,4.037366666666666,False,4.437766666666667,False,5.038366666666667,False,3.5368666666666666,False,3.036366666666667,False,2.6359666666666666,False,6.940266666666667,False,3.7704333333333335,False,4.037366666666666,False,0.5,20,32,0.1001,82,38,4,4.9373,5.9373,6.9373,8.9373,False,False,False,False,2.9373,1.9373,0.9373,0.0,False,False,False,False
val_tune,6356067859,0,CW,"[[0.1, 2.4]]",2.3,2-5s,2.8362,True,False,3.036366666666667,False,4.037366666666666,False,4.537866666666667,False,2.0353666666666665,True,1.0343666666666667,True,0.23356666666666667,True,3.036366666666667,False,2.0353666666666665,True,2.9362666666666666,False,0.0,20,51,0.2002,143,54,4,3.8362,4.8362,5.8362,7.8362,False,False,False,False,1.8362,0.8362,0.0,0.0,True,True,False,False
val_tune,7149153537,3,CW,"[[38.1, 40.9]]",2.8,2-5s,38.038,True,False,38.07136666666667,False,39.07236666666667,True,39.57286666666667,True,37.070366666666665,False,36.56986666666667,False,36.06936666666667,False,38.97226666666667,True,37.77106666666667,False,38.07136666666667,False,0.35,20,13,0.0334,186,72,4,39.038,40.038,41.038,43.038,True,True,False,False,37.038,36.038,35.038,33.038,False,False,False,False
val_tune,7605329840,7,TP,"[[11.0, 13.4]]",2.4,2-5s,14.3477,True,False,14.447766666666666,False,15.048366666666666,False,15.448766666666666,False,14.047366666666667,False,13.046366666666666,True,12.545866666666667,True,14.948266666666667,False,13.046366666666668,True,14.447766666666666,False,0.0,20,9,0.1001,86,31,4,15.3477,16.3477,17.3477,19.3477,False,False,False,False,13.3477,12.3477,11.3477,9.3477,True,True,True,False
val_tune,11966080214,3,CH,"[[44.6, 51]]",6.4,5-10s,14.014,True,False,14.6146,False,15.148466666666666,False,16.016,False,13.480133333333333,False,12.2122,False,11.845166666666668,False,14.781433333333334,False,13.113100000000001,False,14.6146,False,0.1,20,51,0.6006,198,71,4,15.014,16.014,17.014,19.014,False,False,False,False,13.014,12.014,11.014,9.014,False,False,False,False
val_tune,2726497009,2,CW,"[[16.2, 20.6]]",4.4,2-5s,49.049,True,False,49.48276666666667,False,50.05,False,50.517133333333334,False,48.048,False,47.047,False,46.5465,False,50.4504,False,48.81543333333333,False,49.48276666666667,False,0.0,20,7,0.4338,211,88,4,50.049,51.049,52.049,53.0,False,False,False,False,48.049,47.049,46.049,44.049,False,False,False,False
val_tune,6727904179,0,CW,"[[0.0, 5.4]]",5.4,5-10s,0.3337,True,True,1.0343666666666667,True,1.6349666666666667,True,2.0353666666666665,True,,,,,,,1.2679333333333334,True,0.16683333333333333,True,0.4337666666666667,True,0.15,20,52,0.7007,130,53,4,1.3337,2.3337,3.3337,5.3337,True,True,True,True,0.0,0.0,0.0,0.0,True,True,True,True
val_tune,5296635780,1,CW,"[[0.2, 21.8]]",21.6,>=10s,20.8208,True,True,21.021,True,21.5215,True,,,20.02,True,19.5195,True,19.019,True,21.588233333333335,True,19.953266666666668,True,20.9209,True,1.0,20,2,0.2002,88,35,4,21.8208,22.0,22.0,22.0,False,False,False,False,19.8208,18.8208,17.8208,15.8208,True,True,True,True
val_tune,2736413196,0,CH,"[[4.4, 26.6]]",22.2,>=10s,42.142,True,False,43.043,False,44.044,False,45.045,False,42.042,False,41.041,False,40.54,False,42.30940343781598,False,41.24165824064712,False,42.208,False,0.0,20,13,0.901,217,69,4,43.142,44.142,45.142,47.142,False,False,False,False,41.142,40.142,39.142,37.142,False,False,False,False
val_tune,4036955771,7,TN,"[[54.9, 58.4]]",3.5,2-5s,81.7483,True,False,82.082,False,82.4824,False,83.083,False,81.081,False,80.4804,False,80.08,False,82.21546666666667,False,81.01426666666667,False,81.84843333333333,False,0.0,20,16,0.3337,360,164,4,82.7483,83.7483,84.7483,86.7483,False,False,False,False,80.7483,79.7483,78.7483,76.7483,False,False,False,False
val_tune,2976913210,5,CH,"[[16.2, 18]]",1.8,<2s,8.008,True,False,9.009,False,9.442766666666667,False,10.01,False,7.374033333333333,False,7.007,False,6.6066,False,8.942266666666667,False,7.140466666666667,False,8.742066666666666,False,0.05,20,14,1.001,74,29,4,9.008,10.008,11.008,13.008,False,False,False,False,7.008,6.008,5.008,3.008,False,False,False,False
val_tune,5349766264,2,CW,"[[6.7, 26.2], [33.4, 46.2]]",32.3,>=10s,68.2765,True,False,68.81875,False,69.5695,False,70.07,False,67.5675,False,66.81675,False,66.31625,False,68.73533333333333,False,67.48408333333333,False,68.65191666666666,False,0.0,20,12,0.5422,252,99,4,69.2765,70.2765,71.2765,73.2765,False,False,False,False,67.2765,66.2765,65.2765,63.2765,False,False,False,False
val_tune,2731071928,6,CW,"[[41.3, 47.0]]",5.7,5-10s,40.507,True,False,41.041,False,42.042,True,43.043,True,40.04,False,39.039,False,38.438,False,41.54196157735086,True,39.606673407482305,False,40.774,False,0.3,20,39,0.534,263,106,4,41.507,42.507,43.507,45.507,True,True,True,True,39.507,38.507,37.507,35.507,False,False,False,False
val_tune,8428551576,2,CW,"[[12.8, 21.0]]",8.2,5-10s,64.7647,True,False,65.065,False,66.09936666666667,False,66.5665,False,64.09736666666667,False,63.09636666666667,False,62.49576666666667,False,66.39966666666666,False,63.7637,False,64.8648,False,0.0,20,41,0.3003,359,157,4,65.7647,66.7647,67.7647,69.7647,False,False,False,False,63.7647,62.7647,61.7647,59.7647,False,False,False,False
val_tune,3345608051,5,TC,"[[0.1, 1.4], [4.8, 5.5], [16.0, 17.5], [24.9, 27.3]]",5.9,5-10s,21.6,True,False,22.8,False,24.0,False,25.2,True,20.4,False,19.2,False,18.0,False,22.4,False,21.52,False,21.72,False,0.05,20,84,1.2,300,111,4,22.6,23.6,24.6,26.6,False,False,False,True,20.6,19.6,18.6,16.6,False,False,False,True
val_tune,5056964274,8,TC,"[[0.0, 4.4]]",4.4,2-5s,1.4348,True,True,2.002,True,2.5025,True,3.003,True,1.001,True,0.5005,True,,,2.3690333333333333,True,1.1344666666666667,True,2.002,True,0.0,20,52,0.5672,125,55,4,2.4348,3.4348,4.4348,6.4348,True,True,False,False,0.4348,0.0,0.0,0.0,True,True,True,True
val_tune,4798585428,4,CW,"[[49.7, 53.2]]",3.5,2-5s,72.6392,True,False,73.073,False,74.074,False,75.075,False,72.072,False,71.53813333333333,False,71.071,False,73.7737,False,71.9719,False,73.073,False,0.0,20,26,0.4338,360,135,4,73.6392,74.6392,75.6392,77.6392,False,False,False,False,71.6392,70.6392,69.6392,67.6392,False,False,False,False
val_tune,2973331780,3,CW,"[[7.8, 16.4]]",8.6,5-10s,13.4134,True,True,14.014,True,14.4144,True,15.015,True,13.013,True,12.579233333333333,True,12.012,True,14.948266666666667,True,10.577233333333334,True,14.014,True,0.2,20,30,0.6006,136,52,4,14.4134,15.4134,16.4134,18.4134,True,True,False,False,12.4134,11.4134,10.4134,8.4134,True,True,True,True
val_tune,4984331176,6,CW,"[[1.0, 3.2]]",2.2,2-5s,0.7674,True,False,1.001,True,1.4014,True,2.002,True,0.26693333333333336,False,,,,,0.8008000000000001,False,0.0,False,1.001,True,0.1,20,17,0.2336,40,18,4,1.7674,2.7674,3.7674,5.7674,True,True,False,False,0.0,0.0,0.0,0.0,False,False,False,False
val_tune,5133787349,1,TN,"[[2.6, 7.0]]",4.4,2-5s,14.2643,True,False,15.015,False,,,,,13.76375,False,12.5125,False,11.886875,False,14.931583333333332,False,13.680333333333332,False,14.889875,False,0.0,20,1,0.7508,50,21,4,15.0,15.0,15.0,15.0,False,False,False,False,13.2643,12.2643,11.2643,9.2643,False,False,False,False
val_tune,2990321092,7,TC,"[[17.7, 21]]",3.3,2-5s,20.6206,True,True,21.021,False,,,,,20.02,True,19.4194,True,19.019,True,20.954266666666665,True,19.052366666666668,True,20.8208,True,0.3,20,1,0.4004,86,36,4,21.0,21.0,21.0,21.0,True,True,True,True,19.6206,18.6206,17.6206,15.6206,True,True,False,False
val_tune,3427674558,6,TC,"[[18.6, 21.9]]",3.3,2-5s,12.012,True,False,12.5125,False,13.013,False,13.546866666666666,False,11.011,False,10.477133333333333,False,10.01,False,12.479133333333333,False,10.844166666666666,False,12.178833333333333,False,0.3,20,29,0.5005,116,51,4,13.012,14.012,15.012,17.012,False,False,False,False,11.012,10.012,9.012,7.012,False,False,False,False
val_tune,4859057828,0,CW,"[[0.0, 4.8]]",4.8,2-5s,18.9856,True,False,19.019,False,20.02,False,20.6206,False,18.551866666666665,False,18.018,False,17.384033333333335,False,20.520500000000002,False,17.951266666666665,False,19.019,False,0.0,20,4,0.0334,87,38,4,19.9856,20.9856,21.9856,22.0,False,False,False,False,17.9856,16.9856,15.9856,13.9856,False,False,False,False
val_tune,2957808913,6,CH,"[[0.1, 5.8]]",5.7,5-10s,5.005,True,True,5.5055,True,6.006,False,6.5065,False,4.5045,True,4.004,True,3.6036,True,5.338666666666667,True,4.637966666666666,True,5.1051,True,0.05,20,27,0.5005,80,36,4,6.005,7.005,8.005,10.005,False,False,False,False,4.005,3.005,2.005,0.005,True,True,True,False
val_tune,2401167740,7,TN,"[[8.1, 10.7]]",2.6,2-5s,12.312,True,False,,,,,,,12.012,False,11.611,False,11.011,False,12.746208291203237,False,12.045500505561174,False,12.412,False,0.0,20,0,,53,21,4,13.0,13.0,13.0,13.0,False,False,False,False,11.312,10.312,9.312,7.312,False,True,True,False
val_tune,5256928210,7,TC,"[[0.1, 20]]",19.9,>=10s,13.013,True,True,14.014,True,14.4144,True,15.015,True,12.012,True,11.011,True,10.6106,True,14.247566666666668,True,12.278933333333333,True,13.1131,True,0.9,20,11,1.001,82,32,4,14.013,15.013,16.013,18.013,True,True,True,True,12.013,11.013,10.013,8.013,True,True,True,True
val_tune,7988210561,4,CH,"[[2.5, 9.9]]",7.4,5-10s,4.3377,True,True,5.038366666666667,True,5.638966666666667,True,6.039366666666667,True,4.037366666666666,True,3.4367666666666667,True,3.036366666666667,True,5.472133333333334,True,0.9342666666666667,False,4.838166666666667,True,0.9,20,9,0.7007,43,17,4,5.3377,6.3377,7.3377,9.3377,True,True,True,True,3.3377,2.3377,1.3377,0.0,True,False,False,False
val_tune,6097994550,4,CH,"[[10.9, 17.6]]",6.7,5-10s,13.4468,True,True,14.147466666666666,True,15.048366666666666,True,15.548866666666667,True,13.346666666666666,True,12.445766666666668,True,12.045366666666666,True,15.048366666666666,True,11.378033333333333,True,14.047366666666667,True,1.0,20,7,0.7007,71,29,4,14.4468,15.4468,16.4468,18.0,True,True,True,False,12.4468,11.4468,10.4468,8.4468,True,True,False,False
val_tune,6762389913,4,CW,"[[19.8, 26.5]]",6.7,5-10s,2.7361,True,False,3.036366666666667,False,4.037366666666666,False,4.537866666666667,False,2.5358666666666667,False,2.0353666666666665,False,1.5348666666666666,False,3.370033333333333,False,0.9342666666666667,False,3.036366666666667,False,0.15,20,77,0.3003,183,82,4,3.7361,4.7361,5.7361,7.7361,False,False,False,False,1.7361,0.7361,0.0,0.0,False,False,False,False
val_tune,2584172238,7,CW,"[[13.4, 27.0]]",13.6,>=10s,29.029,True,False,29.404375,False,,,,,28.77875,False,28.27825,False,27.5275,False,29.988291666666665,False,28.69533333333333,False,29.154125,False,0.0,20,1,0.3754,96,42,4,30.0,30.0,30.0,30.0,False,False,False,False,28.029,27.029,26.029,24.029,False,False,True,True
val_tune,4244817395,1,CW,"[[51.4, 62.0]]",10.6,>=10s,8.28,True,False,8.4,False,8.88,False,9.6,False,7.8,False,7.2,False,6.6,False,8.32,False,7.12,False,8.36,False,0.25,20,85,0.12,226,96,4,9.28,10.28,11.28,13.28,False,False,False,False,7.28,6.28,5.28,3.28,False,False,False,False
val_tune,4935987905,2,TC,"[[16.1, 20.9]]",4.8,2-5s,16.2829,True,True,16.483133333333335,True,17.017,True,18.018,True,16.016,False,15.015,False,14.014,False,23.9239,False,14.080733333333333,False,16.483133333333335,True,0.45,20,16,0.2002,108,41,4,17.2829,18.2829,19.2829,21.2829,True,True,True,False,15.2829,14.2829,13.2829,11.2829,False,False,False,False
val_tune,6168295272,9,CW,"[[12.7, 14.0]]",1.3,<2s,11.1778,True,False,11.302958333333333,False,12.554208333333333,False,13.179833333333333,True,10.051708333333334,False,8.800458333333333,False,8.174833333333334,False,13.847166666666666,True,11.177833333333332,False,11.26125,False,0.3,20,10,0.1251,60,22,4,12.1778,13.1778,14.1778,16.1778,False,True,False,False,10.1778,9.1778,8.1778,6.1778,False,False,False,False
val_tune,4765717907,8,CW,"[[8.4, 10.6]]",2.2,2-5s,36.036,True,False,37.037,False,37.47076666666667,False,38.038,False,35.035,False,34.501133333333335,False,34.034,False,38.405033333333336,False,34.734700000000004,False,36.169466666666665,False,0.0,20,5,1.001,159,63,4,37.036,38.036,39.0,39.0,False,False,False,False,35.036,34.036,33.036,31.036,False,False,False,False
val_tune,5467727317,2,CW,"[[0.4, 41]]",40.6,>=10s,32.9663,True,True,33.06636666666667,True,34.067366666666665,True,34.667966666666665,True,32.46576666666667,True,32.06536666666667,True,31.564866666666667,True,34.10073333333333,True,32.06536666666667,True,33.06636666666667,True,0.95,20,12,0.1001,164,59,4,33.9663,34.9663,35.9663,37.9663,True,True,True,True,31.9663,30.9663,29.9663,27.9663,True,True,True,True
val_tune,8604794910,2,CW,"[[3.1, 10.4]]",7.3,5-10s,11.9453,True,False,12.045366666666666,False,13.046366666666666,False,13.446766666666667,False,11.044366666666667,False,10.043366666666667,True,9.442766666666667,True,12.946266666666666,False,10.477133333333333,False,12.012,False,0.0,20,3,0.1001,55,22,4,12.9453,13.9453,14.0,14.0,False,False,False,False,10.9453,9.9453,8.9453,6.9453,False,True,True,True
val_tune,4542882771,7,TN,"[[30.0, 35.8]]",5.8,5-10s,16.2662,True,False,16.850166666666667,False,17.5175,False,18.143125,False,15.724041666666666,False,15.015,False,14.26425,False,17.017,False,14.76475,False,16.850166666666667,False,0.4,20,29,0.5839,116,52,4,17.2662,18.2662,19.2662,21.2662,False,False,False,False,15.2662,14.2662,13.2662,11.2662,False,False,False,False
val_tune,8107573462,1,CW,"[[0.8, 3.5]]",2.7,2-5s,6.2396,True,False,6.6066,False,7.040366666666666,False,7.440766666666667,False,6.039366666666667,False,5.038366666666667,False,4.437766666666667,False,7.9412666666666665,False,4.070733333333333,False,6.6066,False,0.0,20,12,0.367,55,23,4,7.2396,8.2396,9.2396,11.2396,False,False,False,False,5.2396,4.2396,3.2396,1.2396,False,False,True,True
val_tune,4276006683,8,TN,"[[25.2, 26.7]]",1.5,<2s,4.004,True,False,4.371033333333333,False,5.005,False,5.472133333333334,False,3.003,False,2.5358666666666667,False,2.002,False,4.4044,False,3.7370666666666668,False,4.371033333333333,False,0.0,20,35,0.367,107,42,4,5.004,6.004,7.004,9.004,False,False,False,False,3.004,2.004,1.004,0.0,False,False,False,False
val_tune,8313365386,7,CW,"[[2.6, 9.5]]",6.9,5-10s,7.0417,True,True,7.541666666666667,True,8.0,True,8.791666666666666,True,6.291666666666667,True,5.666666666666667,True,5.041666666666667,True,7.416666666666667,True,6.791666666666667,True,7.291666666666667,True,0.3,20,8,0.5,43,18,4,8.0417,9.0417,10.0417,12.0417,True,True,False,False,6.0417,5.0417,4.0417,2.0417,True,True,True,False
val_tune,4336654741,2,CW,"[[7.7, 18.2]]",10.5,>=10s,9.009,True,True,9.4094,True,10.01,True,11.011,True,8.6086,True,8.008,True,7.6076,False,9.676333333333334,True,6.172833333333333,False,9.4094,True,0.1,20,127,0.4004,360,141,4,10.009,11.009,12.009,14.009,True,True,True,True,8.009,7.009,6.009,4.009,True,False,False,False
val_tune,3321261856,7,TN,"[[11.0, 25.3]]",14.3,>=10s,10.01,True,False,11.011,True,11.6116,True,12.012,True,9.009,False,8.6086,False,8.008,False,10.6106,False,9.943266666666666,False,10.1101,False,0.8,20,29,1.001,115,45,4,11.01,12.01,13.01,15.01,True,True,True,True,9.01,8.01,7.01,5.01,False,False,False,False
val_tune,7771650716,4,CW,"[[16.6, 21.2]]",4.6,2-5s,21.9553,True,False,22.055366666666668,False,23.056366666666666,False,23.957266666666666,False,21.054366666666667,True,20.053366666666665,True,19.6196,True,25.692333333333334,False,20.453766666666667,True,22.022,False,0.0,20,54,0.1001,247,90,4,22.9553,23.9553,24.9553,26.9553,False,False,False,False,20.9553,19.9553,18.9553,16.9553,True,True,True,True
val_tune,11541421563,7,TN,"[[31.3, 35.1]]",3.8,2-5s,3.2532,True,False,3.3366666666666664,False,4.004,False,5.130125,False,2.8361666666666667,False,2.002,False,1.5015,False,3.920583333333333,False,2.2105416666666664,False,3.3366666666666664,False,0.05,20,113,0.0834,303,117,4,4.2532,5.2532,6.2532,8.2532,False,False,False,False,2.2532,1.2532,0.2532,0.0,False,False,False,False
val_tune,8171216955,8,TC,"[[1.8, 5.6]]",3.8,2-5s,13.2466,True,False,13.546866666666666,False,14.047366666666667,False,14.547866666666666,False,13.046366666666666,False,12.645966666666666,False,12.045366666666666,False,14.047366666666667,False,13.046366666666668,False,13.346666666666666,False,0.0,20,9,0.3003,75,33,4,14.2466,15.2466,16.2466,18.0,False,False,False,False,12.2466,11.2466,10.2466,8.2466,False,False,False,False
val_tune,6443512089,7,CW,"[[71.8, 75.9]]",4.1,2-5s,37.0704,True,False,38.07136666666667,False,39.07236666666667,False,40.073366666666665,False,36.56986666666667,False,36.06936666666667,False,35.46876666666667,False,37.90453333333333,False,36.40303333333333,False,37.370666666666665,False,0.2,20,69,1.001,326,132,4,38.0704,39.0704,40.0704,42.0704,False,False,False,False,36.0704,35.0704,34.0704,32.0704,False,False,False,False
val_tune,5145526755,4,CW,"[[48.3, 50.4]]",2.1,2-5s,54.5545,True,False,55.055,False,55.5555,False,,,54.4544,False,54.054,False,53.053,False,55.388666666666666,False,54.52113333333333,False,54.9549,False,0.0,20,2,0.5005,224,96,4,55.5545,56.0,56.0,56.0,False,False,False,False,53.5545,52.5545,51.5545,49.5545,False,False,False,True
val_tune,6621511673,5,TN,"[[30.0, 33.8], [78.4, 84.0]]",9.4,5-10s,6.0394,True,False,6.639966666666667,False,7.040366666666666,False,8.041366666666667,False,5.438766666666667,False,5.038366666666667,False,4.537866666666667,False,6.172833333333333,False,5.372033333333333,False,6.239566666666667,False,0.1,20,129,0.6006,360,138,4,7.0394,8.0394,9.0394,11.0394,False,False,False,False,5.0394,4.0394,3.0394,1.0394,False,False,False,False
val_tune,5913180144,4,CW,"[[36.4, 39.8]]",3.4,2-5s,32.032,True,False,32.06536666666667,False,33.06636666666667,False,34.067366666666665,False,31.06436666666667,False,30.5305,False,30.063366666666667,False,33.06636666666667,False,31.66496666666667,False,32.06536666666667,False,0.45,20,12,0.0334,159,62,4,33.032,34.032,35.032,37.032,False,False,False,True,31.032,30.032,29.032,27.032,False,False,False,False
val_tune,5801184682,4,CW,"[[24.2, 37.0]]",12.8,>=10s,32.8,True,True,33.68,True,34.12,True,35.44,True,32.68,True,31.24,True,30.64,True,33.76,True,32.0,True,32.92,True,0.0,20,45,0.88,301,85,4,33.8,34.8,35.8,37.8,True,True,True,False,31.8,30.8,29.8,27.8,True,True,True,True
val_tune,6024684644,3,CW,"[[1.0, 2.9], [5.6, 9.1], [13.5, 16.1]]",8.0,5-10s,16.7834,True,False,17.050366666666665,False,,,,,16.549866666666667,False,16.049366666666668,True,15.648966666666666,True,17.050366666666665,False,15.382033333333334,True,17.050366666666665,False,0.0,20,1,0.2669,70,25,4,17.0,17.0,17.0,17.0,False,False,False,False,15.7834,14.7834,13.7834,11.7834,True,True,True,False
val_tune,5349969207,5,TN,"[[11.1, 18.6]]",7.5,5-10s,15.015,True,True,15.582233333333333,True,16.016,True,16.5165,True,14.6146,True,14.014,True,13.546866666666666,True,17.083733333333335,True,11.044366666666667,False,15.582233333333333,True,0.0,20,44,0.5672,160,74,4,16.015,17.015,18.015,20.015,True,True,True,False,14.015,13.015,12.015,10.015,True,True,True,False
val_tune,5134317883,9,TN,"[[68.7, 72.3]]",3.6,2-5s,76.5,True,False,77.5,False,78.25,False,,,76.25,False,75.5,False,75.0,False,78.75,False,74.16666666666667,False,77.125,False,0.0,20,2,1.0,252,99,4,77.5,78.5,79.0,79.0,False,False,False,False,75.5,74.5,73.5,71.5,False,False,False,True
val_tune,6143391925,6,TN,"[[23.9, 25.5]]",1.6,<2s,12.0787,True,False,13.046366666666666,False,13.646966666666666,False,14.047366666666667,False,12.045366666666666,False,11.044366666666667,False,10.043366666666667,False,12.946266666666666,False,11.678333333333333,False,12.145466666666668,False,0.15,20,42,0.9676,162,59,4,13.0787,14.0787,15.0787,17.0787,False,False,False,False,11.0787,10.0787,9.0787,7.0787,False,False,False,False
val_tune,4075791856,3,TC,"[[11.2, 14.5]]",3.3,2-5s,27.84,True,False,28.2,False,28.8,False,30.0,False,27.6,False,26.4,False,25.8,False,28.72,False,27.52,False,28.2,False,0.0,20,91,0.36,300,132,4,28.84,29.84,30.84,32.84,False,False,False,False,26.84,25.84,24.84,22.84,False,False,False,False
val_tune,6183104292,2,CH,"[[5.7, 11.6]]",5.9,5-10s,17.7177,True,False,18.7187,False,19.6196,False,,,17.183833333333332,False,16.7167,False,16.049366666666668,False,18.051366666666667,False,15.6156,False,17.851166666666668,False,0.0,20,2,1.001,95,35,4,18.7177,19.7177,20.0,20.0,False,False,False,False,16.7177,15.7177,14.7177,12.7177,False,False,False,False
val_tune,7416295940,8,CW,"[[25.2, 26.8]]",1.6,<2s,13.1465,True,False,14.047366666666667,False,15.048366666666666,False,15.4154,False,13.046366666666666,False,12.045366666666666,False,11.044366666666667,False,14.547866666666668,False,12.579233333333333,False,13.346666666666666,False,0.0,20,102,0.9009,351,122,4,14.1465,15.1465,16.1465,18.1465,False,False,False,False,12.1465,11.1465,10.1465,8.1465,False,False,False,False
val_tune,4688219212,1,CH,"[[28.5, 31.6]]",3.1,2-5s,22.022,True,False,22.5225,False,23.023,False,23.5235,False,21.021,False,20.02,False,19.5195,False,23.056366666666666,False,21.855166666666666,False,22.1221,False,0.3,20,18,0.5005,128,55,4,23.022,24.022,25.022,27.022,False,False,False,False,21.022,20.022,19.022,17.022,False,False,False,False
val_tune,6239210933,1,TP,"[[0.1, 2.9]]",2.8,2-5s,25.3587,True,False,25.558866666666667,False,26.059366666666666,False,27.060366666666667,False,25.058366666666668,False,24.4244,False,24.057366666666667,False,25.959266666666668,False,24.891533333333335,False,25.458766666666666,False,0.0,20,15,0.2002,138,60,4,26.3587,27.3587,28.3587,30.3587,False,False,False,False,24.3587,23.3587,22.3587,20.3587,False,False,False,False
val_tune,3897746373,4,TP,"[[0.0, 4.0]]",4.0,2-5s,12.012,True,False,12.379033333333334,False,13.013,False,,,11.011,False,10.543866666666666,False,10.01,False,13.179833333333333,False,10.710700000000001,False,12.379033333333334,False,0.0,20,2,0.367,54,21,4,13.0,13.0,13.0,13.0,False,False,False,False,11.012,10.012,9.012,7.012,False,False,False,False
val_tune,2973331780,8,TN,"[[23.2, 30.1]]",6.9,5-10s,25.8258,True,True,26.026,True,27.027,True,27.59423333333333,True,25.4254,True,25.025,True,24.024,True,27.394033333333333,True,25.058366666666668,True,26.026,True,0.75,20,11,0.2002,136,52,4,26.8258,27.8258,28.8258,30.8258,True,True,True,False,24.8258,23.8258,22.8258,20.8258,True,True,False,False
val_tune,3078294001,4,TC,"[[0.0, 3.5]]",3.5,2-5s,0.4004,True,True,0.5005,True,1.001,True,1.6016,True,,,,,,,1.1678333333333333,True,0.16683333333333333,True,0.5005,True,0.15,20,21,0.1001,46,21,4,1.4004,2.4004,3.4004,5.4004,True,True,True,False,0.0,0.0,0.0,0.0,True,True,True,True
val_tune,8188651630,6,TN,"[[35.6, 38]]",2.4,2-5s,5.4667,True,False,6.066666666666666,False,7.066666666666666,False,8.066666666666666,False,4.066666666666666,False,3.066666666666667,False,2.066666666666667,False,7.266666666666667,False,4.866666666666666,False,5.666666666666667,False,0.05,20,32,0.6,77,36,4,6.4667,7.4667,8.4667,10.4667,False,False,False,False,4.4667,3.4667,2.4667,0.4667,False,False,False,False
val_tune,7536230796,0,CW,"[[10.4, 14.7]]",4.3,2-5s,64.4583,True,False,65.20833333333333,False,66.45833333333333,False,67.70833333333333,False,63.958333333333336,False,62.708333333333336,False,61.916666666666664,False,65.25,False,63.625,False,65.08333333333333,False,0.0,20,11,0.75,240,89,4,65.4583,66.4583,67.4583,69.4583,False,False,False,False,63.4583,62.4583,61.4583,59.4583,False,False,False,False
val_tune,8277866423,8,CH,"[[7.0, 10.3], [16.1, 18.9]]",6.1,5-10s,8.6667,True,True,8.791666666666666,True,9.416666666666666,True,10.041666666666666,True,7.541666666666667,True,7.041666666666667,True,6.291666666666667,False,10.583333333333334,False,7.416666666666667,True,8.75,True,0.2,20,32,0.125,111,42,4,9.6667,10.6667,11.6667,13.6667,True,False,False,False,7.6667,6.6667,5.6667,3.6667,True,False,False,False
val_tune,3376544720,5,CW,"[[46.7, 49.6]]",2.9,2-5s,50.9259,True,False,51.30125,False,52.5525,False,53.80375,False,50.05,False,49.25754166666667,True,48.79875,True,51.21783333333333,False,48.84045833333333,True,51.176125,False,0.0,20,51,0.3754,288,115,4,51.9259,52.9259,53.9259,55.9259,False,False,False,False,49.9259,48.9259,47.9259,45.9259,False,True,True,False
val_tune,3359075894,8,CH,"[[10.6, 13.8]]",3.2,2-5s,1.92,True,False,2.4,False,2.88,False,3.6,False,1.2,False,0.6,False,,,2.32,False,1.12,False,2.04,False,0.2,20,19,0.48,56,21,4,2.92,3.92,4.92,6.92,False,False,False,False,0.92,0.0,0.0,0.0,False,False,False,False
val_tune,5913180144,6,TC,"[[16.8, 20.8]]",4.0,2-5s,38.038,True,False,38.07136666666667,False,38.4384,False,39.07236666666667,False,37.4374,False,37.070366666666665,False,36.06936666666667,False,39.67296666666667,False,37.5375,False,38.07136666666667,False,0.0,20,4,0.0334,159,62,4,39.038,40.0,40.0,40.0,False,False,False,False,37.038,36.038,35.038,33.038,False,False,False,False
val_tune,12392885583,8,TP,"[[0.1, 4.6], [7.8, 9.7]]",6.4,5-10s,13.1131,True,False,13.580233333333334,False,14.147466666666666,False,14.781433333333334,False,12.178833333333333,False,11.478133333333334,False,9.743066666666667,False,13.780433333333333,False,11.077733333333333,False,13.179833333333333,False,0.0,20,27,0.4671,110,43,4,14.1131,15.1131,16.1131,18.1131,False,False,False,False,12.1131,11.1131,10.1131,8.1131,False,False,False,True
val_tune,3861485381,7,TC,"[[5.0, 15.9]]",10.9,>=10s,41.9753,True,False,42.475766666666665,False,42.97626666666667,False,43.977266666666665,False,41.408033333333336,False,41.00763333333333,False,40.00663333333333,False,42.6426,False,40.373666666666665,False,42.1421,False,0.0,20,75,0.5005,359,143,4,42.9753,43.9753,44.9753,46.9753,False,False,False,False,40.9753,39.9753,38.9753,36.9753,False,False,False,False
val_tune,4444192938,3,TN,"[[5.7, 7.5]]",1.8,<2s,2.002,True,False,3.003,False,3.7037,False,4.1041,False,1.4014,False,1.001,False,0.2002,False,2.9362666666666666,False,0.0,False,2.1021,False,0.0,20,39,1.001,116,43,4,3.002,4.002,5.002,7.002,False,False,False,True,1.002,0.002,0.0,0.0,False,False,False,False
val_tune,3107742409,4,TC,"[[1.6, 3.9]]",2.3,2-5s,28.7287,True,False,29.029,False,30.03,False,31.031,False,28.6286,False,28.028,False,27.027,False,29.496133333333333,False,28.294933333333333,False,28.8288,False,0.0,20,41,0.3003,215,83,4,29.7287,30.7287,31.7287,33.7287,False,False,False,False,27.7287,26.7287,25.7287,23.7287,False,False,False,False
val_tune,4263096481,7,TP,"[[0.0, 9.2]]",9.2,5-10s,11.011,True,False,11.6116,False,12.012,False,12.579233333333333,False,10.5105,False,10.01,False,9.5095,False,12.445766666666668,False,10.677333333333333,False,11.6116,False,0.0,20,18,0.6006,86,37,4,12.011,13.011,14.011,16.011,False,False,False,False,10.011,9.011,8.011,6.011,False,True,True,True
val_tune,4333544549,0,CH,"[[1.1, 26.7], [32.6, 35.4]]",28.4,>=10s,3.5035,True,True,4.004,True,5.005,True,6.006,True,3.003,True,2.5025,True,2.002,True,4.437766666666667,True,2.9362666666666666,True,3.7037,True,0.7,20,58,0.5005,143,66,4,4.5035,5.5035,6.5035,8.5035,True,True,True,True,2.5035,1.5035,0.5035,0.0,True,True,False,False
val_tune,2833209794,2,TC,"[[5.0, 8.0]]",3.0,2-5s,3.1698,True,False,3.5035035035035036,False,4.237570904237571,False,4.671338004671338,False,2.7694361027694363,False,2.4024024024024024,False,1.7350684017350684,False,3.803803803803804,False,2.4357691024357693,False,3.43677010343677,False,0.3,20,10,0.3337,45,16,4,4.1698,5.1698,6.1698,8.1698,False,True,True,False,2.1698,1.1698,0.1698,0.0,False,False,False,False
val_tune,6516459343,0,CW,"[[19.3, 24.7], [30.4, 90.0]]",65.0,>=10s,2.1021,True,False,2.435766666666667,False,3.1364666666666667,False,4.137466666666667,False,2.0353666666666665,False,1.5348666666666666,False,1.0343666666666667,False,2.135466666666667,False,0.0,False,2.135466666666667,False,0.75,20,150,0.3337,362,154,4,3.1021,4.1021,5.1021,7.1021,False,False,False,False,1.1021,0.1021,0.0,0.0,False,False,False,False
val_tune,5433090067,6,CW,"[[0.7, 2.7]]",2.0,2-5s,8.4418,True,False,8.641966666666667,False,9.042366666666666,False,9.642966666666666,False,8.041366666666667,False,7.540866666666667,False,7.040366666666666,False,9.042366666666666,False,8.274933333333333,False,8.641966666666667,False,0.0,20,18,0.2002,90,32,4,9.4418,10.4418,11.4418,13.4418,False,False,False,False,7.4418,6.4418,5.4418,3.4418,False,False,False,False
val_tune,5138093706,2,CW,"[[25.3, 30.6]]",5.3,5-10s,0.7007,True,False,1.001,False,1.5015,False,2.002,False,0.3003,False,,,,,0.9342666666666667,False,0.26693333333333336,False,0.9009,False,0.15,20,51,0.3003,125,52,4,1.7007,2.7007,3.7007,5.7007,False,False,False,False,0.0,0.0,0.0,0.0,False,False,False,False
val_tune,3741143820,7,CW,"[[9.2, 11]]",1.8,<2s,1.7017,True,False,2.002,False,3.003,False,4.004,False,1.6016,False,1.001,False,0.5005,False,3.4367666666666667,False,0.9342666666666667,False,1.9019,False,0.05,20,12,0.3003,46,16,4,2.7017,3.7017,4.7017,6.7017,False,False,False,False,0.7017,0.0,0.0,0.0,False,False,False,False
val_tune,2833209794,8,CW,"[[5.6, 11]]",5.4,5-10s,0.0,True,False,0.0667334000667334,False,0.6006006006006006,False,1.334668001334668,False,,,,,,,0.2002002002002002,False,,,0.0667334000667334,False,0.45,20,16,0.0667,45,16,4,1.0,2.0,3.0,5.0,False,False,False,False,0.0,0.0,0.0,0.0,False,False,False,False
val_tune,4420239986,0,CW,"[[20.1, 22]]",1.9,<2s,1.001,True,False,2.002,False,2.6026,False,3.003,False,,,,,,,2.736066666666667,False,0.33366666666666667,False,1.7017,False,0.05,20,36,1.001,90,37,4,2.001,3.001,4.001,6.001,False,False,False,False,0.001,0.0,0.0,0.0,False,False,False,False
val_tune,5133787349,7,CW,"[[10.9, 15]]",4.1,2-5s,1.1261,True,False,1.25125,False,1.876875,False,2.5025,False,0.5005,False,,,,,3.920583333333333,False,1.0844166666666666,False,1.25125,False,0.15,20,20,0.1251,50,21,4,2.1261,3.1261,4.1261,6.1261,False,False,False,False,0.1261,0.0,0.0,0.0,False,False,False,False
val_tune,5056964274,5,TN,"[[24.4, 30.5]]",6.1,5-10s,4.4044,True,False,4.6046,False,5.005,False,6.006,False,4.004,False,3.4034,False,3.003,False,8.041366666666667,False,4.371033333333333,False,4.6046,False,0.25,20,47,0.2002,125,55,4,5.4044,6.4044,7.4044,9.4044,False,False,False,False,3.4044,2.4044,1.4044,0.0,False,False,False,False
val_tune,5766018720,2,TC,"[[11.7, 18.8]]",7.1,5-10s,24.2576,True,False,25.058366666666668,False,25.692333333333334,False,26.059366666666666,False,24.057366666666667,False,23.556866666666668,False,23.056366666666666,False,26.159466666666667,False,23.690333333333335,False,24.357666666666667,False,0.0,20,60,0.8008,244,99,4,25.2576,26.2576,27.2576,29.2576,False,False,False,False,23.2576,22.2576,21.2576,19.2576,False,False,False,False
val_tune,4626085492,7,TN,"[[18.0, 21.0]]",3.0,2-5s,8.3417,True,False,8.5085,False,9.009,False,10.01,False,8.008,False,7.007,False,6.006,False,9.676333333333334,False,7.874533333333334,False,8.5085,False,0.25,20,20,0.1668,86,35,4,9.3417,10.3417,11.3417,13.3417,False,False,False,False,7.3417,6.3417,5.3417,3.3417,False,False,False,False
val_tune,4123915842,1,TC,"[[4.9, 18.9]]",14.0,>=10s,5.005,True,True,6.006,True,6.5065,True,7.007,True,4.6046,False,4.004,False,3.5035,False,5.939266666666667,True,2.9362666666666666,False,5.1051,True,0.6,20,29,1.001,100,39,4,6.005,7.005,8.005,10.005,True,True,True,True,4.005,3.005,2.005,0.005,False,False,False,False
val_tune,5521781780,7,TC,"[[6.0, 88.4]]",82.4,>=10s,62.7293,True,True,63.09636666666667,True,63.59686666666666,True,64.09736666666667,True,62.5625,True,62.09536666666666,True,61.6616,True,67.10036666666667,True,60.82743333333333,True,63.09636666666667,True,1.0,20,42,0.367,361,138,4,63.7293,64.7293,65.7293,67.7293,True,True,True,True,61.7293,60.7293,59.7293,57.7293,True,True,True,True
val_tune,2705374471,4,TN,"[[0.9, 3.0]]",2.1,2-5s,0.9676,True,True,1.001,True,2.002,True,2.4024,True,0.6006,False,,,,,2.435766666666667,True,0.0,False,1.001,True,0.05,20,84,0.0334,208,85,4,1.9676,2.9676,3.9676,5.9676,True,True,False,False,0.0,0.0,0.0,0.0,False,False,False,False
val_tune,7453733046,10,CW,"[[20.2, 22.3]]",2.1,2-5s,30.7307,True,False,31.06436666666667,False,32.06536666666667,False,32.46576666666667,False,30.5305,False,30.063366666666667,False,29.062366666666666,False,31.6316,False,29.062366666666666,False,30.8308,False,0.0,20,4,0.3337,134,55,4,31.7307,32.7307,33.0,33.0,False,False,False,False,29.7307,28.7307,27.7307,25.7307,False,False,False,False
val_tune,3198533789,9,TN,"[[8.3, 10.9]]",2.6,2-5s,5.5055,True,False,6.006,False,7.007,False,7.4074,False,5.005,False,4.004,False,3.4034,False,5.939266666666667,False,4.371033333333333,False,5.9059,False,0.2,20,28,0.5005,92,37,4,6.5055,7.5055,8.5055,10.5055,False,False,True,True,4.5055,3.5055,2.5055,0.5055,False,False,False,False
val_tune,3441428429,6,CH,"[[21.3, 25.5], [33.8, 36.6], [47.1, 50.8]]",10.7,>=10s,67.0336,True,False,67.067,False,68.068,False,69.069,False,66.066,False,65.065,False,64.4644,False,68.50176666666667,False,66.23283333333333,False,67.067,False,0.0,20,35,0.0334,360,140,4,68.0336,69.0336,70.0336,72.0336,False,False,False,False,66.0336,65.0336,64.0336,62.0336,False,False,False,False
val_tune,3830567237,2,TN,"[[4.0, 16.5]]",12.5,>=10s,21.021,True,False,21.6216,False,22.022,False,23.023,False,20.5205,False,20.02,False,19.5195,False,23.757066666666667,False,17.951266666666665,False,21.6216,False,0.0,20,4,0.6006,96,38,4,22.021,23.021,24.0,24.0,False,False,False,False,20.021,19.021,18.021,16.021,False,False,False,True
val_tune,5681946487,8,CH,"[[0.6, 5.6]]",5.0,5-10s,23.2566,True,False,23.656966666666666,False,24.057366666666667,False,24.4244,False,23.056366666666666,False,22.455766666666666,False,22.055366666666668,False,23.957266666666666,False,21.054366666666667,False,23.656966666666666,False,0.0,20,9,0.4004,114,47,4,24.2566,25.2566,26.2566,28.0,False,False,False,False,22.2566,21.2566,20.2566,18.2566,False,False,False,False
val_tune,5498331490,5,CW,"[[18.5, 89.4]]",70.9,>=10s,67.9167,True,True,68.79166666666667,True,70.04166666666667,True,70.66666666666667,True,67.54166666666667,True,66.29166666666667,True,65.54166666666667,True,69.04166666666667,True,67.41666666666667,True,68.66666666666667,True,0.95,20,27,0.875,288,112,4,68.9167,69.9167,70.9167,72.9167,True,True,True,True,66.9167,65.9167,64.9167,62.9167,True,True,True,True
val_tune,2726497009,3,CW,"[[23.8, 33.4]]",9.6,5-10s,2.7694,True,False,3.003,False,3.370033333333333,False,4.004,False,2.6026,False,2.002,False,1.001,False,5.238566666666666,False,0.0,False,3.003,False,0.1,20,84,0.2336,211,88,4,3.7694,4.7694,5.7694,7.7694,False,False,False,False,1.7694,0.7694,0.0,0.0,False,False,False,False
val_tune,5607805258,0,CW,"[[0.4, 12.6]]",12.2,>=10s,9.75,True,True,9.875,True,10.541666666666666,True,11.291666666666666,True,8.791666666666666,True,7.541666666666667,True,6.666666666666667,True,11.291666666666666,True,1.1666666666666667,True,9.875,True,0.2,20,29,0.125,96,40,4,10.75,11.75,12.75,14.75,True,True,False,False,8.75,7.75,6.75,4.75,True,True,True,True
val_tune,8505893258,1,CW,"[[14.9, 20.1]]",5.2,5-10s,25.4421,True,False,26.317958333333333,False,26.818458333333332,False,27.569208333333332,False,25.066708333333334,False,24.315958333333334,False,23.815458333333332,False,25.69233333333333,False,24.94158333333333,False,25.567208333333333,False,0.0,20,15,0.8759,119,45,4,26.4421,27.4421,28.4421,30.4421,False,False,False,False,24.4421,23.4421,22.4421,20.4421,False,False,False,False
val_tune,10001787725,1,CW,"[[1.2, 5.8]]",4.6,2-5s,24.1575,True,False,24.924924924924923,False,25.492158825492158,False,26.426426426426428,False,22.922922922922922,False,22.42242242242242,False,20.92092092092092,False,24.958291624958292,False,21.087754421087755,False,24.691358024691358,False,0.0,20,12,0.7674,121,41,4,25.1575,26.1575,27.1575,29.1575,False,False,False,False,23.1575,22.1575,21.1575,19.1575,False,False,False,False
val_tune,3049351381,4,TN,"[[16.1, 26.5]]",10.4,>=10s,48.8488,True,False,49.049,False,50.05,False,50.5505,False,48.6486,False,48.048,False,47.61423333333333,False,49.215833333333336,False,47.647600000000004,False,49.049,False,0.0,20,4,0.2002,207,93,4,49.8488,50.8488,51.0,51.0,False,False,False,False,47.8488,46.8488,45.8488,43.8488,False,False,False,False
val_tune,2442307875,3,CW,"[[0.0, 1.9], [25.9, 30.2]]",6.2,5-10s,26.4,True,True,27.0,True,30.0,True,31.5,False,25.5,False,24.0,False,22.2,False,27.7,True,24.5,False,26.9,True,0.2,20,14,0.6,70,30,4,27.4,28.4,29.4,31.4,True,True,True,False,25.4,24.4,23.4,21.4,False,False,False,False
val_tune,3804148568,6,CW,"[[37.0, 46.5]]",9.5,5-10s,63.8304,True,False,64.064,False,64.6646,False,65.065,False,63.063,False,62.062,False,61.628233333333334,False,65.4654,False,61.394666666666666,False,63.93053333333334,False,0.0,20,47,0.2336,360,151,4,64.8304,65.8304,66.8304,68.8304,False,False,False,False,62.8304,61.8304,60.8304,58.8304,False,False,False,False
val_tune,6772999108,9,CW,"[[13.5, 28.2]]",14.7,>=10s,2.636,True,False,3.036366666666667,False,4.037366666666666,False,5.038366666666667,False,2.5358666666666667,False,2.0353666666666665,False,1.5348666666666666,False,3.7370666666666668,False,2.5692333333333335,False,2.9362666666666666,False,0.3,20,79,0.4004,196,84,4,3.636,4.636,5.636,7.636,False,False,False,False,1.636,0.636,0.0,0.0,False,False,False,False
val_tune,3372023610,6,CW,"[[0.1, 4.6], [6.4, 20.5], [21.0, 27.7], [28.9, 34.0]]",30.4,>=10s,11.011,True,True,11.3113,True,12.012,True,13.013,True,10.377033333333333,True,10.01,True,9.6096,True,11.845166666666668,True,10.410400000000001,True,11.2112,True,1.0,20,37,0.3003,136,55,4,12.011,13.011,14.011,16.011,True,True,True,True,10.011,9.011,8.011,6.011,True,True,True,False
val_tune,5229476012,2,CW,"[[24.2, 26.8]]",2.6,2-5s,16.8835,True,False,17.017,False,17.751066666666667,False,19.019,False,16.016,False,15.015,False,14.481133333333334,False,17.3173,False,15.749066666666668,False,16.950266666666668,False,0.15,20,14,0.1335,108,37,4,17.8835,18.8835,19.8835,21.8835,False,False,False,False,15.8835,14.8835,13.8835,11.8835,False,False,False,False
val_tune,3963997053,1,CW,"[[0.0, 7.7]]",7.7,5-10s,0.7007,True,True,1.001,True,1.6016,True,2.002,True,0.5005,True,,,,,0.9342666666666667,True,0.06673333333333334,True,0.8008,True,0.45,20,30,0.3003,78,31,4,1.7007,2.7007,3.7007,5.7007,True,True,True,True,0.0,0.0,0.0,0.0,True,True,True,True
val_tune,13919236672,5,CW,"[[103.2, 106.4]]",3.2,2-5s,72.1514,True,False,72.88546880213546,False,73.61953620286954,False,74.05330330330331,False,72.05130130130131,False,71.28386720053386,False,70.78336670003337,False,72.33900567233901,False,70.40373707040374,False,72.31823490156823,False,0.0,20,81,0.7341,467,186,4,73.1514,74.1514,75.1514,77.1514,False,False,False,False,71.1514,70.1514,69.1514,67.1514,False,False,False,False
val_tune,4612723694,4,CW,"[[9.6, 27.0]]",17.4,>=10s,43.9105,True,False,44.044,False,45.045,False,45.67896666666667,False,43.41003333333333,False,43.043,False,42.4424,False,48.38166666666667,False,40.90753333333333,False,44.044,False,0.0,20,21,0.1335,225,93,4,44.9105,45.9105,46.9105,48.9105,False,False,False,False,42.9105,41.9105,40.9105,38.9105,False,False,False,False
val_tune,2596300565,5,CW,"[[0.1, 35.1]]",35.0,>=10s,23.99,True,True,24.024,True,24.524,True,25.025,True,23.456,True,23.023,True,22.022,True,24.89180990899899,True,21.45500505561173,True,24.024,True,0.0,20,92,0.034,325,130,4,24.99,25.99,26.99,28.99,True,True,True,True,22.99,21.99,20.99,18.99,True,True,True,True
val_tune,2771402761,9,TN,"[[14.1, 18.1]]",4.0,2-5s,21.6216,True,False,22.022,False,23.023,False,24.024,False,21.021,False,20.6206,False,20.02,False,22.555866666666667,False,20.954266666666665,False,21.7217,False,0.0,20,38,0.4004,195,73,4,22.6216,23.6216,24.6216,26.6216,False,False,False,False,20.6216,19.6216,18.6216,16.6216,False,False,False,True
val_tune,2573424030,10,CH,"[[10.8, 12.7], [17.3, 29.9], [31.0, 38.3]]",21.8,>=10s,5.271,True,False,5.805,False,6.539,False,7.007,False,5.005,False,4.004,False,3.003,False,6.87360970677452,False,4.170879676440849,False,5.538,False,0.55,20,74,0.534,197,81,4,6.271,7.271,8.271,10.271,False,False,False,False,4.271,3.271,2.271,0.271,False,False,False,False
val_tune,4443526735,8,TN,"[[16.6, 19.4]]",2.8,2-5s,3.7538,True,False,4.25425,False,5.005,False,6.25625,False,3.003,False,2.5025,False,1.75175,False,4.462791666666666,False,2.5859166666666664,False,4.25425,False,0.15,20,22,0.5005,64,28,4,4.7538,5.7538,6.7538,8.7538,False,False,False,False,2.7538,1.7538,0.7538,0.0,False,False,False,False
val_tune,7572859950,1,TC,"[[0.1, 7.6]]",7.5,5-10s,14.0474,True,False,14.6146,False,15.048366666666666,False,15.5155,False,13.6136,False,12.746066666666668,False,12.245566666666667,False,14.147466666666666,False,10.944266666666667,False,14.6146,False,0.0,20,5,0.5672,67,29,4,15.0474,16.0474,17.0,17.0,False,False,False,False,13.0474,12.0474,11.0474,9.0474,False,False,False,False
val_tune,2735019707,5,CH,"[[5.0, 7.6]]",2.6,2-5s,16.016,True,False,16.4164,False,17.017,False,18.018,False,15.4154,False,15.015,False,14.4144,False,16.683333333333334,False,15.448766666666668,False,16.4164,False,0.0,20,5,0.4004,79,29,4,17.016,18.016,19.0,19.0,False,False,False,False,15.016,14.016,13.016,11.016,False,False,False,False
val_tune,4219909195,5,CW,"[[18.9, 26.2]]",7.3,5-10s,12.012,True,False,13.013,False,14.014,False,14.4144,False,11.4114,False,11.011,False,10.4104,False,12.579233333333333,False,10.944266666666667,False,12.1121,False,0.65,20,34,1.001,136,53,4,13.012,14.012,15.012,17.012,False,False,False,False,11.012,10.012,9.012,7.012,False,False,False,False
val_tune,5919180502,7,TN,"[[24.4, 27.2], [31.7, 34.0]]",5.1,5-10s,42.676,True,False,43.2432,False,44.2442,False,45.2452,False,42.3423,False,41.80843333333333,False,41.274566666666665,False,43.2432,False,41.4414,False,43.2432,False,0.0,20,4,0.5672,200,72,4,43.676,44.676,45.676,46.0,False,False,False,False,41.676,40.676,39.676,37.676,False,False,False,False
val_tune,6480018109,5,CH,"[[23.5, 29.6]]",6.1,5-10s,27.4167,True,True,27.541666666666668,True,28.041666666666668,True,28.791666666666668,True,27.041666666666668,True,26.291666666666668,True,25.041666666666668,True,29.458333333333332,True,26.333333333333332,True,27.5,True,1.0,20,4,0.125,95,38,4,28.4167,29.4167,30.0,30.0,True,True,False,False,26.4167,25.4167,24.4167,22.4167,True,True,True,False
val_tune,6879924118,2,CW,"[[0.0, 14.6]]",14.6,>=10s,14.7147,True,False,15.048366666666666,False,15.6156,False,16.049366666666668,False,14.5145,True,14.047366666666667,True,13.046366666666666,True,15.882533333333333,False,14.047366666666667,True,14.8148,False,0.0,20,3,0.3337,67,24,4,15.7147,16.0,16.0,16.0,False,False,False,False,13.7147,12.7147,11.7147,9.7147,True,True,True,True
val_tune,6025238212,6,TN,"[[23.9, 25]]",1.1,<2s,24.024,True,True,24.057366666666667,True,24.591233333333335,True,25.258566666666667,False,23.456766666666667,False,23.056366666666666,False,22.655966666666668,False,25.291933333333333,False,22.088733333333334,False,24.057366666666667,True,0.75,20,3,0.0334,102,41,4,25.0,25.0,25.0,25.0,True,True,True,True,23.024,22.024,21.024,19.024,False,False,False,False
val_tune,7331927796,5,TN,"[[10.2, 12.5]]",2.3,2-5s,16.2496,True,False,16.649966666666668,False,17.050366666666665,False,,,16.049366666666668,False,15.648966666666666,False,15.048366666666666,False,16.950266666666668,False,11.878533333333333,True,16.649966666666668,False,0.0,20,2,0.4004,70,29,4,17.0,17.0,17.0,17.0,False,False,False,False,15.2496,14.2496,13.2496,11.2496,False,False,False,True
val_tune,4276006683,6,TN,"[[9.0, 12.2]]",3.2,2-5s,14.2142,True,False,14.4144,False,15.015,False,16.016,False,14.014,False,13.013,False,12.012,True,14.948266666666667,False,13.246566666666666,False,14.4144,False,0.0,20,20,0.2002,107,42,4,15.2142,16.2142,17.2142,19.2142,False,False,False,False,13.2142,12.2142,11.2142,9.2142,False,False,True,True
val_tune,3345608051,6,CW,"[[28.8, 31.8]]",3.0,2-5s,49.2,True,False,49.84,False,50.32,False,51.0,False,48.6,False,48.0,False,46.8,False,49.76,False,49.04,False,49.56,False,0.0,20,51,0.64,300,111,4,50.2,51.2,52.2,54.2,False,False,False,False,48.2,47.2,46.2,44.2,False,False,False,False
val_tune,8627074061,7,CW,"[[70.7, 77.4]]",6.7,5-10s,81.715,True,False,82.11536666666667,False,82.5825,False,83.11636666666666,False,81.11436666666667,False,80.11336666666666,False,79.61286666666666,False,82.01526666666666,False,80.01326666666667,False,81.81506666666667,False,0.0,20,14,0.4004,360,154,4,82.715,83.715,84.715,86.715,False,False,False,False,80.715,79.715,78.715,76.715,False,False,False,True
val_tune,8107573462,8,CH,"[[5.9, 6.8]]",0.9,<2s,6.6066,True,True,7.040366666666666,False,7.440766666666667,False,8.041366666666667,False,6.039366666666667,True,5.038366666666667,False,4.437766666666667,False,7.9412666666666665,False,4.070733333333333,False,7.040366666666666,False,0.0,20,11,0.4338,55,23,4,7.6066,8.6066,9.6066,11.6066,False,False,False,False,5.6066,4.6066,3.6066,1.6066,False,False,False,False
val_tune,4251505427,0,CW,"[[31.2, 71.7]]",40.5,>=10s,64.5979,True,True,65.065,True,65.5655,True,66.066,True,64.064,True,63.063,True,62.5625,True,65.33193333333334,True,62.99626666666667,True,65.065,True,0.55,20,20,0.4671,306,128,4,65.5979,66.5979,67.5979,69.5979,True,True,True,True,63.5979,62.5979,61.5979,59.5979,True,True,True,True
val_tune,4584426085,3,TN,"[[72.1, 90.0]]",17.9,>=10s,67.8678,True,False,68.068,False,69.069,False,70.07,False,67.5675,False,67.067,False,66.5665,False,69.73633333333333,False,66.73333333333333,False,68.068,False,0.9,20,35,0.2002,360,141,4,68.8678,69.8678,70.8678,72.8678,False,False,False,True,66.8678,65.8678,64.8678,62.8678,False,False,False,False
val_tune,4765717907,7,TN,"[[13.9, 17.0]]",3.1,2-5s,13.013,True,False,13.546866666666666,False,14.014,True,15.015,True,12.6126,False,12.012,False,11.011,False,13.413400000000001,False,11.5115,False,13.546866666666666,False,0.15,20,42,0.5339,159,63,4,14.013,15.013,16.013,18.013,True,True,True,False,12.013,11.013,10.013,8.013,False,False,False,False
val_tune,3429509208,4,CW,"[[10.2, 13.1]]",2.9,2-5s,6.5899,True,False,7.007,False,7.5075,False,8.008,False,6.25625,False,5.005,False,3.75375,False,10.76075,True,2.5859166666666664,False,6.7984583333333335,False,0.1,20,13,0.4171,51,22,4,7.5899,8.5899,9.5899,11.5899,False,False,False,True,5.5899,4.5899,3.5899,1.5899,False,False,False,False
val_tune,2978295992,6,CW,"[[40.4, 43.3]]",2.9,2-5s,36.0,True,False,36.25,False,37.5,False,38.125,False,35.75,False,35.0,False,34.375,False,36.791666666666664,False,34.916666666666664,False,36.25,False,0.65,20,12,0.25,142,59,4,37.0,38.0,39.0,41.0,False,False,False,True,35.0,34.0,33.0,31.0,False,False,False,False
val_tune,5205081904,0,CW,"[[0.1, 11.0], [14.9, 20.8]]",16.8,>=10s,12.3123,True,False,12.5125,False,13.013,False,13.6136,False,12.012,False,11.4114,False,11.011,False,14.047366666666667,False,12.045366666666666,False,12.5125,False,0.75,20,15,0.2002,84,38,4,13.3123,14.3123,15.3123,17.3123,False,False,True,True,11.3123,10.3123,9.3123,7.3123,False,True,True,True
val_tune,6988748711,4,CW,"[[13.5, 17.5]]",4.0,2-5s,3.4368,True,False,3.5368666666666666,False,4.037366666666666,False,4.437766666666667,False,3.036366666666667,False,2.0353666666666665,False,1.6349666666666667,False,5.839166666666666,False,0.0,False,3.5368666666666666,False,0.1,20,78,0.1001,203,83,4,4.4368,5.4368,6.4368,8.4368,False,False,False,False,2.4368,1.4368,0.4368,0.0,False,False,False,False
val_tune,3261079025,4,CW,"[[0.3, 3.6]]",3.3,2-5s,5.8058,True,False,6.006,False,6.473133333333333,False,7.007,False,5.005,False,4.5045,False,4.004,False,10.9109,False,1.9352666666666667,True,5.9059,False,0.0,20,21,0.2002,75,29,4,6.8058,7.8058,8.8058,10.8058,False,False,False,False,4.8058,3.8058,2.8058,0.8058,False,False,True,True
val_tune,3063380173,2,CW,"[[0.0, 7.3]]",7.3,5-10s,17.15,True,False,,,,,,,16.95,False,16.583,False,16.016,False,17.1840242669363,False,16.75025278058645,False,,,,0,0,,71,29,4,17.0,17.0,17.0,17.0,False,False,False,False,16.15,15.15,14.15,12.15,False,False,False,False
val_tune,4103088549,6,CW,"[[4.3, 15.2]]",10.9,>=10s,9.8098,True,True,10.01,True,10.4104,True,11.011,True,9.5095,True,9.009,True,8.008,True,9.943266666666666,True,8.942266666666667,True,10.01,True,0.85,20,12,0.2002,67,26,4,10.8098,11.8098,12.8098,14.8098,True,True,True,True,8.8098,7.8098,6.8098,4.8098,True,True,True,True
val_tune,4967810888,6,TN,"[[26.5, 30.7], [49.8, 53.4]]",7.8,5-10s,10.8775,True,False,11.011,False,11.4114,False,12.012,False,10.477133333333333,False,10.01,False,9.4094,False,11.077733333333333,False,10.143466666666667,False,11.011,False,0.2,20,86,0.1335,250,106,4,11.8775,12.8775,13.8775,15.8775,False,False,False,False,9.8775,8.8775,7.8775,5.8775,False,False,False,False
val_tune,2435633172,4,CW,"[[0.8, 7.8], [10.4, 15.2]]",11.8,>=10s,63.797,True,False,64.064,False,65.065,False,65.598,False,63.329,False,62.696,False,62.062,False,64.23154701718909,False,63.29726996966633,False,64.064,False,0.0,20,21,0.267,307,122,4,64.797,65.797,66.797,68.797,False,False,False,False,62.797,61.797,60.797,58.797,False,False,False,False
val_tune,6233408665,1,TN,"[[5.4, 7.3]]",1.9,<2s,12.0454,True,False,12.445766666666668,False,13.046366666666666,False,13.4134,False,11.644966666666667,False,11.044366666666667,False,10.443766666666667,False,14.948266666666667,False,11.945266666666667,False,12.445766666666668,False,0.0,20,109,0.4004,300,131,4,13.0454,14.0454,15.0454,17.0454,False,False,False,False,11.0454,10.0454,9.0454,7.0454,False,False,False,True
val_tune,4984417707,6,TC,"[[9.4, 14.1]]",4.7,2-5s,0.1001,True,False,1.001,False,1.4014,False,2.002,False,,,,,,,0.8341666666666667,False,0.0,False,0.3003,False,0.3,20,22,0.9009,59,23,4,1.1001,2.1001,3.1001,5.1001,False,False,False,False,0.0,0.0,0.0,0.0,False,False,False,False
val_tune,2984974097,7,TN,"[[0.0, 9.2]]",9.2,5-10s,19.819,True,False,20.02,False,21.021,False,21.554,False,19.486,False,19.019,False,18.485,False,26.5267947421638,False,17.1840242669363,False,20.02,False,0.0,20,19,0.201,121,53,4,20.819,21.819,22.819,24.819,False,False,False,False,18.819,17.819,16.819,14.819,False,False,False,False
val_tune,8457210773,3,TC,"[[2.8, 6.8]]",4.0,2-5s,42.76,True,False,43.24,False,43.72,False,44.44,False,42.64,False,42.04,False,40.84,False,42.92,False,41.8,False,43.24,False,0.0,20,53,0.48,264,111,4,43.76,44.76,45.76,47.76,False,False,False,False,41.76,40.76,39.76,37.76,False,False,False,False
val_tune,2679328607,7,TN,"[[19.1, 20.5], [24.2, 26.0], [31.9, 33.4]]",4.7,2-5s,10.744,True,False,11.011,False,12.012,False,13.013,False,10.01,False,9.009,False,8.008,False,11.04448938321537,False,10.043478260869566,False,10.877,False,0.35,20,34,0.267,141,49,4,11.744,12.744,13.744,15.744,False,False,False,False,9.744,8.744,7.744,5.744,False,False,False,False
val_tune,6097994550,6,CW,"[[10.9, 17.6]]",6.7,5-10s,9.9766,True,False,10.243566666666666,False,11.044366666666667,True,11.544866666666667,True,9.676333333333334,False,9.042366666666666,False,8.6086,False,11.378033333333333,True,9.376033333333334,False,10.043366666666667,False,0.85,20,13,0.2669,71,29,4,10.9766,11.9766,12.9766,14.9766,True,True,True,True,8.9766,7.9766,6.9766,4.9766,False,False,False,False
val_tune,5256928210,4,TN,"[[1.1, 20]]",18.9,>=10s,4.2042,True,True,5.005,True,5.4054,True,6.006,True,4.004,True,3.6036,True,3.003,True,5.6723333333333334,True,2.6693333333333333,True,4.3043,True,0.95,20,24,0.8008,82,32,4,5.2042,6.2042,7.2042,9.2042,True,True,True,True,3.2042,2.2042,1.2042,0.0,True,True,True,False
val_tune,3526597179,6,TN,"[[23.9, 26.9]]",3.0,2-5s,26.4264,True,True,26.793433333333333,True,,,,,26.026,True,25.4254,True,25.025,True,26.659966666666666,True,24.157466666666668,True,26.6266,True,1.0,20,1,0.367,108,44,4,27.0,27.0,27.0,27.0,False,False,False,False,25.4264,24.4264,23.4264,21.4264,True,True,False,False
val_tune,8575881495,5,TC,"[[5.9, 13.7]]",7.8,5-10s,4.7381,True,False,5.038366666666667,False,5.438766666666667,False,6.039366666666667,True,4.537866666666667,False,4.037366666666666,False,3.036366666666667,False,8.541866666666667,True,1.3680333333333334,False,5.038366666666667,False,0.1,20,101,0.3003,267,108,4,5.7381,6.7381,7.7381,9.7381,False,True,True,True,3.7381,2.7381,1.7381,0.0,False,False,False,False
val_tune,8080432373,1,CW,"[[6.2, 8.1]]",1.9,<2s,65.0984,True,False,65.69896666666666,False,66.09936666666667,False,66.59986666666667,False,64.29756666666667,False,63.59686666666666,False,63.09636666666667,False,66.39966666666666,False,62.99626666666667,False,65.39866666666667,False,0.0,20,44,0.6006,360,154,4,66.0984,67.0984,68.0984,70.0984,False,False,False,False,64.0984,63.0984,62.0984,60.0984,False,False,False,False
val_tune,3121571439,7,TN,"[[38.2, 39.5]]",1.3,<2s,34.7347,True,False,35.035,False,35.5355,False,36.036,False,34.4344,False,34.034,False,33.033,False,35.50213333333333,False,33.96726666666667,False,35.035,False,0.1,20,10,0.3003,163,65,4,35.7347,36.7347,37.7347,39.7347,False,False,False,False,33.7347,32.7347,31.7347,29.7347,False,False,False,False
val_tune,2833209794,7,TN,"[[5.6, 11]]",5.4,5-10s,0.0,True,False,0.0667334000667334,False,0.6006006006006006,False,1.334668001334668,False,,,,,,,0.2002002002002002,False,,,0.0667334000667334,False,0.5,20,16,0.0667,45,16,4,1.0,2.0,3.0,5.0,False,False,False,False,0.0,0.0,0.0,0.0,False,False,False,False
val_tune,4488066715,4,TC,"[[0.7, 4.7]]",4.0,2-5s,2.3023,True,True,2.6026,True,3.003,True,3.5702333333333334,True,2.002,True,1.001,True,0.5005,False,4.070733333333333,True,0.9342666666666667,True,2.6026,True,0.15,20,152,0.3003,352,155,4,3.3023,4.3023,5.3023,7.3023,True,True,False,False,1.3023,0.3023,0.0,0.0,True,False,False,False
val_tune,7416295940,5,CH,"[[65.8, 66.5]]",0.7,<2s,67.8344,True,False,68.13473333333333,False,68.73533333333333,False,69.73633333333333,False,67.73433333333334,False,66.73333333333333,False,65.73233333333333,False,70.23683333333334,False,67.4674,False,68.13473333333333,False,0.0,20,18,0.3003,351,122,4,68.8344,69.8344,70.8344,72.8344,False,False,False,False,66.8344,65.8344,64.8344,62.8344,False,True,False,False
val_tune,4260763967,7,TN,"[[15.1, 20.3]]",5.2,5-10s,24.024,True,False,24.5245,False,25.025,False,25.5255,False,23.023,False,22.5225,False,22.022,False,27.160466666666668,False,23.656966666666666,False,24.5245,False,0.0,20,18,0.5005,136,58,4,25.024,26.024,27.024,29.024,False,False,False,False,23.024,22.024,21.024,19.024,False,False,False,True
val_tune,7164729910,3,CW,"[[11.9, 15.2]]",3.3,2-5s,17.7917,True,False,18.041666666666668,False,18.791666666666668,False,20.041666666666668,False,17.541666666666668,False,16.625,False,16.083333333333332,False,19.083333333333332,False,17.25,False,17.916666666666668,False,0.0,20,14,0.25,88,39,4,18.7917,19.7917,20.7917,22.7917,False,False,False,False,16.7917,15.7917,14.7917,12.7917,False,False,True,True
val_tune,11566930393,4,TN,"[[15.2, 19.3]]",4.1,2-5s,0.0,True,False,0.7007007007007007,False,1.3680347013680347,False,2.002002002002002,False,,,,,,,0.8675342008675342,False,,,0.7007007007007007,False,0.2,20,44,0.7007,114,44,4,1.0,2.0,3.0,5.0,False,False,False,False,0.0,0.0,0.0,0.0,False,False,False,False
val_tune,10309542255,3,CW,"[[12.5, 17.3], [20.8, 23.3]]",7.3,5-10s,23.0898,True,True,23.289956623289957,True,24.024024024024023,False,24.491157824491157,False,22.75608942275609,True,22.02202202202202,True,21.554888221554886,True,23.45679012345679,False,21.988655321988656,True,23.15648982315649,True,0.0,20,91,0.2002,300,122,4,24.0898,25.0898,26.0898,28.0898,False,False,False,False,22.0898,21.0898,20.0898,18.0898,True,True,False,False
val_tune,6691330381,3,CW,"[[18.5, 21.4]]",2.9,2-5s,28.5952,True,False,29.062366666666666,False,30.063366666666667,False,31.06436666666667,False,28.4284,False,28.061366666666668,False,27.060366666666667,False,29.162466666666667,False,26.960266666666666,False,28.695333333333334,False,0.0,20,20,0.4671,166,68,4,29.5952,30.5952,31.5952,33.5952,False,False,False,False,27.5952,26.5952,25.5952,23.5952,False,False,False,False
val_tune,2854886555,0,CW,"[[0.0, 4.0]]",4.0,2-5s,15.6823,True,False,15.882533333333333,False,,,,,15.015,False,14.4144,False,14.014,False,15.949266666666666,False,14.948266666666667,False,15.882533333333333,False,0.0,20,1,0.2002,64,30,4,16.0,16.0,16.0,16.0,False,False,False,False,14.6823,13.6823,12.6823,10.6823,False,False,False,False
val_tune,10042935613,1,CW,"[[43.2, 47.0]]",3.8,2-5s,25.5255,True,False,26.026026026026027,False,26.626626626626628,False,27.49416082749416,False,25.392058725392058,False,24.024024024024023,False,23.490156823490157,False,26.526526526526528,False,23.790457123790457,False,25.658992325658993,False,0.0,20,43,0.5005,200,75,4,26.5255,27.5255,28.5255,30.5255,False,False,False,False,24.5255,23.5255,22.5255,20.5255,False,False,False,False
val_tune,3462517143,1,CW,"[[1.6, 7.3]]",5.7,5-10s,17.6176,True,False,18.018,False,19.019,False,20.02,False,17.017,False,16.5165,False,16.016,False,17.784433333333332,False,16.850166666666667,False,17.7177,False,0.0,20,8,0.4004,98,39,4,18.6176,19.6176,20.6176,22.6176,False,False,False,False,16.6176,15.6176,14.6176,12.6176,False,False,False,False
val_tune,2735019707,2,CW,"[[7.0, 11.9]]",4.9,2-5s,7.2406,True,True,8.008,True,8.6086,True,9.009,True,7.007,True,6.006,False,5.005,False,7.9412666666666665,True,5.939266666666667,False,7.3073,True,0.5,20,19,0.7674,79,29,4,8.2406,9.2406,10.2406,12.2406,True,True,True,False,6.2406,5.2406,4.2406,2.2406,False,False,False,False
val_tune,3708066257,8,TN,"[[3.3, 5.5], [7.2, 9.4], [13.4, 16.2]]",7.2,5-10s,18.7688,True,False,19.394375,False,,,,,18.018,False,17.5175,False,16.26625,False,19.686333333333334,False,17.68433333333333,False,19.144125,False,0.0,20,1,0.6256,64,29,4,19.7688,20.0,20.0,20.0,False,False,False,False,17.7688,16.7688,15.7688,13.7688,False,False,True,True
val_tune,5801184682,5,TN,"[[1.6, 18.2]]",16.6,>=10s,5.2,True,True,6.28,True,7.12,True,8.68,True,4.72,True,3.88,True,2.68,True,6.16,True,3.68,True,6.04,True,0.1,20,78,1.08,301,85,4,6.2,7.2,8.2,10.2,True,True,True,True,4.2,3.2,2.2,0.2,True,True,True,False
val_tune,4189100053,4,CW,"[[2.1, 5.3]]",3.2,2-5s,14.9149,True,False,15.015,False,15.5155,False,16.016,False,14.4144,False,14.014,False,13.5135,False,15.248566666666667,False,13.747066666666667,False,15.015,False,0.0,20,25,0.1001,118,50,4,15.9149,16.9149,17.9149,19.9149,False,False,False,False,13.9149,12.9149,11.9149,9.9149,False,False,False,False
val_tune,2400715506,3,CW,"[[5.5, 7.2]]",1.7,<2s,12.2122,True,False,12.4124,False,13.013,False,13.6136,False,12.012,False,11.5115,False,11.011,False,12.946266666666666,False,11.945266666666667,False,12.4124,False,0.0,20,3,0.2002,56,25,4,13.2122,14.0,14.0,14.0,False,False,False,False,11.2122,10.2122,9.2122,7.2122,False,False,False,False
val_tune,6480018109,7,CH,"[[11.5, 29.6]]",18.1,>=10s,23.5417,True,True,23.791666666666668,True,24.416666666666668,True,25.041666666666668,True,23.166666666666668,True,22.541666666666668,True,21.291666666666668,True,23.958333333333332,True,23.166666666666668,True,23.791666666666668,True,1.0,20,9,0.25,95,38,4,24.5417,25.5417,26.5417,28.5417,True,True,True,True,22.5417,21.5417,20.5417,18.5417,True,True,True,True
val_tune,3477387686,8,CH,"[[59.9, 61.6]]",1.7,<2s,62.3623,True,False,62.4624,False,63.063,False,63.4634,False,62.062,False,61.4614,True,61.061,True,62.99626666666667,False,61.628233333333334,False,62.4624,False,0.0,20,10,0.1001,272,117,4,63.3623,64.3623,65.3623,67.3623,False,False,False,False,61.3623,60.3623,59.3623,57.3623,True,True,False,False
val_tune,4189100053,5,TN,"[[24.3, 27.2]]",2.9,2-5s,2.6026,True,False,3.003,False,4.004,False,4.5045,False,2.5025,False,2.002,False,1.3680333333333334,False,2.8361666666666667,False,1.9352666666666667,False,2.8028,False,0.05,20,46,0.4004,118,50,4,3.6026,4.6026,5.6026,7.6026,False,False,False,False,1.6026,0.6026,0.0,0.0,False,False,False,False
val_tune,3429509208,2,CW,"[[4.4, 8.7]]",4.3,2-5s,6.5899,True,True,7.007,True,7.5075,True,8.008,True,6.25625,True,5.005,True,3.75375,False,10.76075,False,2.5859166666666664,False,6.7984583333333335,True,0.15,20,13,0.4171,51,22,4,7.5899,8.5899,9.5899,11.5899,True,True,False,False,5.5899,4.5899,3.5899,1.5899,True,True,False,False
val_tune,5026660202,9,CW,"[[52.5, 64.8]]",12.3,>=10s,82.2155,True,False,82.51576666666666,False,83.083,False,83.5835,False,82.082,False,81.6816,False,81.081,False,83.14973333333333,False,81.91516666666666,False,82.41566666666667,False,0.0,20,14,0.3003,360,150,4,83.2155,84.2155,85.2155,87.2155,False,False,False,False,81.2155,80.2155,79.2155,77.2155,False,False,False,False
val_tune,6239210933,9,TC,"[[0.1, 16.3]]",16.2,>=10s,31.5649,True,False,32.06536666666667,False,33.06636666666667,False,33.466766666666665,False,31.06436666666667,False,30.4304,False,30.063366666666667,False,32.49913333333333,False,30.9309,False,31.66496666666667,False,0.0,20,4,0.5005,138,60,4,32.5649,33.5649,34.0,34.0,False,False,False,False,30.5649,29.5649,28.5649,26.5649,False,False,False,False
val_tune,5138093706,6,CW,"[[29.4, 30.8]]",1.4,<2s,3.2032,True,False,3.4034,False,4.004,False,5.005,False,3.003,False,2.002,False,1.5015,False,6.539866666666667,False,0.9342666666666667,False,3.4034,False,0.1,20,47,0.2002,125,52,4,4.2032,5.2032,6.2032,8.2032,False,False,False,False,2.2032,1.2032,0.2032,0.0,False,False,False,False
val_tune,3963997053,4,CW,"[[11.5, 19]]",7.5,5-10s,9.009,True,False,9.376033333333334,False,10.01,False,11.011,False,8.008,False,7.007,False,6.006,False,13.546866666666666,True,5.638966666666667,False,9.1091,False,0.75,20,16,0.367,78,31,4,10.009,11.009,12.009,14.009,False,False,True,True,8.009,7.009,6.009,4.009,False,False,False,False
val_tune,5429688959,2,CW,"[[0.8, 44.4], [55.0, 83]]",71.6,>=10s,29.4628,True,True,30.063366666666667,True,30.663966666666667,True,31.06436666666667,True,29.062366666666666,True,28.461766666666666,True,28.061366666666668,True,29.963266666666666,True,28.294933333333333,True,29.662966666666666,True,0.8,20,92,0.6006,333,143,4,30.4628,31.4628,32.4628,34.4628,True,True,True,True,28.4628,27.4628,26.4628,24.4628,True,True,True,True
val_tune,2824317018,1,CW,"[[17.5, 50.5]]",33.0,>=10s,39.639,True,True,40.04,True,40.44,True,41.041,True,39.439,True,39.039,True,38.038,True,40.20728008088979,True,37.2376137512639,True,39.806,True,0.8,20,24,0.401,217,85,4,40.639,41.639,42.639,44.639,True,True,True,True,38.639,37.639,36.639,34.639,True,True,True,True
val_tune,14003541505,4,TN,"[[0.9, 4.5]]",3.6,2-5s,12.058,True,False,12.5585,False,13.476083333333333,False,14.06,False,11.390666666666666,False,10.056,False,8.637916666666667,False,12.971291666666666,False,11.469791666666666,False,12.141416666666666,False,0.0,20,11,0.5005,64,25,4,13.058,14.058,15.058,17.058,False,False,False,False,11.058,10.058,9.058,7.058,False,False,False,False
val_tune,9217939684,5,TN,"[[0.2, 3.5]]",3.3,2-5s,19.1667,True,False,20.0,False,21.541666666666668,False,24.208333333333332,False,18.666666666666668,False,18.166666666666668,False,17.708333333333332,False,19.875,False,16.25,False,19.25,False,0.0,20,47,0.8333,175,67,4,20.1667,21.1667,22.1667,24.1667,False,False,False,False,18.1667,17.1667,16.1667,14.1667,False,False,False,False
val_tune,3429509208,8,TP,"[[10.2, 13.1]]",2.9,2-5s,14.2643,True,False,15.015,False,,,,,13.76375,False,13.221541666666667,False,12.5125,True,15.598916666666666,False,13.847166666666666,False,14.597916666666666,False,0.0,20,1,0.7508,51,22,4,15.2643,16.0,16.0,16.0,False,False,False,False,13.2643,12.2643,11.2643,9.2643,False,True,True,False
val_tune,3477387686,4,TN,"[[12.1, 15.1]]",3.0,2-5s,38.038,True,False,38.6386,False,39.039,False,39.4394,False,37.037,False,36.6366,False,36.036,False,40.27356666666667,False,37.90453333333333,False,38.5385,False,0.0,20,54,0.6006,272,117,4,39.038,40.038,41.038,43.038,False,False,False,False,37.038,36.038,35.038,33.038,False,False,False,False
val_tune,4584426085,6,TN,"[[32.0, 39.4]]",7.4,5-10s,33.6336,True,True,34.034,True,34.4344,True,35.035,True,33.5335,True,33.033,True,32.5325,True,34.067366666666665,True,33.06636666666667,True,34.034,True,0.15,20,83,0.4004,360,141,4,34.6336,35.6336,36.6336,38.6336,True,True,True,True,32.6336,31.6336,30.6336,28.6336,True,False,False,False
val_tune,2712662377,5,TN,"[[26.6, 30.0]]",3.4,2-5s,27.4274,True,True,28.028,True,28.561866666666667,True,29.029,True,27.027,True,26.559866666666668,False,26.026,False,28.461766666666666,True,25.058366666666668,False,27.59423333333333,True,0.2,20,12,0.6006,140,58,4,28.4274,29.4274,30.4274,32.4274,True,True,False,False,26.4274,25.4274,24.4274,22.4274,False,False,False,False
val_tune,11541421563,8,TN,"[[32.7, 36.6]]",3.9,2-5s,97.3473,True,False,97.63920833333333,False,98.18141666666666,False,98.89045833333333,False,96.5965,False,95.63720833333333,False,94.76133333333334,False,98.26483333333333,False,96.01258333333332,False,97.63920833333333,False,0.0,20,4,0.292,303,117,4,98.3473,99.3473,100.0,100.0,False,False,False,False,96.3473,95.3473,94.3473,92.3473,False,False,False,False
val_tune,3861485381,2,CH,"[[13.8, 18.1]]",4.3,2-5s,17.8845,True,True,18.651966666666667,False,19.452766666666665,False,19.853166666666667,False,17.450766666666667,True,17.017,True,16.549866666666667,True,19.786433333333335,False,14.481133333333334,True,18.018,True,0.0,20,112,0.7674,359,143,4,18.8845,19.8845,20.8845,22.8845,False,False,False,False,16.8845,15.8845,14.8845,12.8845,True,True,True,False
val_tune,4444192938,1,CW,"[[20.3, 25.8]]",5.5,5-10s,17.017,True,False,18.018,False,18.451766666666668,False,19.019,False,16.5165,False,16.016,False,15.015,False,17.484133333333332,False,16.282933333333332,False,17.083733333333335,False,0.5,20,16,1.001,116,43,4,18.017,19.017,20.017,22.017,False,False,False,True,16.017,15.017,14.017,12.017,False,False,False,False
val_tune,2503404966,10,CW,"[[22.6, 23.6]]",1.0,<2s,6.3397,True,False,6.5065,False,7.007,False,7.440766666666667,False,6.006,False,5.4054,False,5.005,False,8.475133333333334,False,5.171833333333334,False,6.5065,False,0.05,20,36,0.1668,112,47,4,7.3397,8.3397,9.3397,11.3397,False,False,False,False,5.3397,4.3397,3.3397,1.3397,False,False,False,False
val_tune,6253433310,4,TN,"[[3.8, 5.3]]",1.5,<2s,2.0354,True,False,2.2355666666666667,False,3.1364666666666667,False,3.5368666666666666,False,1.6349666666666667,False,1.0343666666666667,False,0.33366666666666667,False,2.7027,False,1.5682333333333334,False,2.135466666666667,False,0.0,20,28,0.2002,91,31,4,3.0354,4.0354,5.0354,7.0354,False,True,True,False,1.0354,0.0354,0.0,0.0,False,False,False,False
val_tune,2977504625,6,TN,"[[8.2, 14.8]]",6.6,5-10s,7.75,True,False,8.75,True,10.0,True,10.666666666666666,True,7.5,False,6.25,False,5.625,False,9.458333333333334,True,7.291666666666667,False,7.875,False,0.7,20,11,1.0,52,21,4,8.75,9.75,10.75,12.75,True,True,True,True,6.75,5.75,4.75,2.75,False,False,False,False
val_tune,2771402761,6,CH,"[[5.7, 14.2], [22.7, 29.3]]",15.1,>=10s,35.3687,True,False,36.036,False,37.037,False,37.40403333333333,False,35.035,False,34.6346,False,34.034,False,35.96926666666667,False,34.968266666666665,False,35.4354,False,0.0,20,20,0.6673,195,73,4,36.3687,37.3687,38.3687,40.3687,False,False,False,False,34.3687,33.3687,32.3687,30.3687,False,False,False,False
val_tune,5433090067,3,TC,"[[0.2, 20]]",19.8,>=10s,19.019,True,True,19.5195,True,19.886533333333333,True,,,18.985633333333332,True,18.3183,True,17.6176,True,20.086733333333335,False,18.485133333333334,True,19.5195,True,0.7,20,2,0.5005,90,32,4,20.0,20.0,20.0,20.0,True,True,True,True,18.019,17.019,16.019,14.019,True,True,True,True
val_tune,4249756405,5,CW,"[[10.9, 21.5]]",10.6,>=10s,4.8799,True,False,5.005,False,6.25625,False,6.881875,False,4.25425,False,3.75375,False,3.25325,False,8.591916666666666,False,0.0,False,4.921583333333333,False,0.35,20,36,0.1251,104,42,4,5.8799,6.8799,7.8799,9.8799,False,False,False,False,3.8799,2.8799,1.8799,0.0,False,False,False,False
val_tune,6618792571,5,CH,"[[32.4, 38.7]]",6.3,5-10s,65.8992,True,False,66.09936666666667,False,67.10036666666667,False,68.10136666666666,False,65.09836666666666,False,64.09736666666667,False,63.69696666666667,False,67.10036666666667,False,64.99826666666667,False,65.99926666666667,False,0.0,20,31,0.2002,336,135,4,66.8992,67.8992,68.8992,70.8992,False,False,False,False,64.8992,63.8992,62.8992,60.8992,False,False,False,False
val_tune,8313365386,4,CW,"[[4.5, 8.1]]",3.6,2-5s,9.6667,True,False,10.041666666666666,False,11.291666666666666,False,12.541666666666666,False,9.416666666666666,False,8.791666666666666,False,8.0,True,10.666666666666666,False,8.791666666666666,False,10.041666666666666,False,0.0,20,4,0.375,43,18,4,10.6667,11.6667,12.6667,13.0,False,False,False,False,8.6667,7.6667,6.6667,4.6667,False,True,True,True
val_tune,6300775954,9,CW,"[[51.8, 55.4]]",3.6,2-5s,55.5889,True,False,56.08936666666666,False,57.09036666666667,False,57.69096666666667,False,55.088366666666666,True,54.58786666666666,True,54.08736666666667,True,56.523133333333334,False,53.78706666666667,True,55.78906666666666,False,0.0,20,3,0.5005,232,94,4,56.5889,57.5889,58.0,58.0,False,False,False,False,54.5889,53.5889,52.5889,50.5889,True,True,True,False
val_tune,4388652400,3,TP,"[[0.0, 2.5]]",2.5,2-5s,4.2042,True,False,5.005,False,6.006,False,6.840166666666667,False,4.004,False,3.4034,False,3.003,False,4.237566666666667,False,1.6683333333333334,True,4.3043,False,0.0,20,83,0.8008,239,89,4,5.2042,6.2042,7.2042,9.2042,False,False,False,False,3.2042,2.2042,1.2042,0.0,False,True,True,True
val_tune,6988748711,8,TN,"[[16.2, 18.0]]",1.8,<2s,0.0334,True,False,0.5005,False,1.0343666666666667,False,1.6349666666666667,False,,,,,,,5.839166666666666,False,0.0,False,0.5005,False,0.0,20,83,0.4671,203,83,4,1.0334,2.0334,3.0334,5.0334,False,False,False,False,0.0,0.0,0.0,0.0,False,False,False,False
val_tune,6329954198,7,TN,"[[3.5, 6.3]]",2.8,2-5s,1.9353,True,False,2.0353666666666665,False,2.435766666666667,False,3.036366666666667,False,1.5348666666666666,False,1.0343666666666667,False,0.33366666666666667,False,2.9362666666666666,False,0.0,False,2.0353666666666665,False,0.15,20,37,0.1001,94,40,4,2.9353,3.9353,4.9353,6.9353,False,True,True,False,0.9353,0.0,0.0,0.0,False,False,False,False
val_tune,5919180502,2,TC,"[[37.3, 38.6]]",1.3,<2s,33.8004,True,False,34.16746666666667,False,34.801433333333335,False,35.3353,False,33.36666666666667,False,32.79943333333333,False,32.265566666666665,False,35.00163333333333,False,33.533500000000004,False,34.067366666666665,False,0.15,20,18,0.367,200,72,4,34.8004,35.8004,36.8004,38.8004,False,False,False,False,32.8004,31.8004,30.8004,28.8004,False,False,False,False
val_tune,6233408665,2,CW,"[[35.0, 41.0], [54.1, 60.0]]",11.9,>=10s,23.9573,True,False,24.057366666666667,False,25.058366666666668,False,25.458766666666666,False,23.556866666666668,False,23.056366666666666,False,22.455766666666666,False,24.958266666666667,False,22.956266666666668,False,24.057366666666667,False,0.4,20,89,0.1001,300,131,4,24.9573,25.9573,26.9573,28.9573,False,False,False,False,22.9573,21.9573,20.9573,18.9573,False,False,False,False
val_tune,5328004991,1,CW,"[[9.2, 21.8]]",12.6,>=10s,12.7127,True,True,13.013,True,13.6136,True,14.014,True,12.012,True,11.011,True,10.01,True,13.346666666666668,True,11.945266666666667,True,12.8128,True,0.75,20,26,0.3003,106,43,4,13.7127,14.7127,15.7127,17.7127,True,True,True,True,11.7127,10.7127,9.7127,7.7127,True,True,True,False
val_tune,5667931404,4,CW,"[[0.6, 5.0]]",4.4,2-5s,10.7441,True,False,11.044366666666667,False,,,,,10.643966666666667,False,10.043366666666667,False,9.6096,False,11.177833333333334,False,8.041366666666667,False,11.044366666666667,False,0.0,20,1,0.3003,46,17,4,11.0,11.0,11.0,11.0,False,False,False,False,9.7441,8.7441,7.7441,5.7441,False,False,False,False
val_tune,5902452647,1,CW,"[[11.6, 13.8]]",2.2,2-5s,12.9463,True,True,13.046366666666666,True,13.646966666666666,True,14.047366666666667,False,12.645966666666666,True,12.045366666666666,True,11.044366666666667,False,14.047366666666667,False,12.579233333333333,True,13.046366666666666,True,0.05,20,23,0.1001,110,43,4,13.9463,14.9463,15.9463,17.9463,False,False,False,False,11.9463,10.9463,9.9463,7.9463,True,False,False,False
val_tune,6618792571,8,TN,"[[48.8, 56.3]]",7.5,5-10s,57.9913,True,False,58.091366666666666,False,58.49176666666666,False,59.09236666666666,False,57.59086666666666,False,57.09036666666667,False,56.08936666666666,True,58.625233333333334,False,57.624233333333336,False,58.091366666666666,False,0.0,20,42,0.1001,336,135,4,58.9913,59.9913,60.9913,62.9913,False,False,False,False,56.9913,55.9913,54.9913,52.9913,False,True,True,True
val_tune,6037747123,6,CW,"[[17.9, 23.4]]",5.5,5-10s,24.658,True,False,25.058366666666668,False,25.658966666666668,False,26.059366666666666,False,24.557866666666666,False,24.057366666666667,False,23.056366666666666,True,25.058366666666668,False,23.890533333333334,False,25.058366666666668,False,0.0,20,11,0.4004,123,52,4,25.658,26.658,27.658,29.658,False,False,False,False,23.658,22.658,21.658,19.658,False,True,True,True
val_tune,6168295272,7,CW,"[[2.5, 5.2]]",2.7,2-5s,11.1778,True,False,11.302958333333333,False,12.554208333333333,False,13.179833333333333,False,10.051708333333334,False,8.800458333333333,False,8.174833333333334,False,13.847166666666666,False,11.177833333333332,False,11.26125,False,0.0,20,10,0.1251,60,22,4,12.1778,13.1778,14.1778,16.1778,False,False,False,False,10.1778,9.1778,8.1778,6.1778,False,False,False,False
val_tune,6642268693,4,CH,"[[9.8, 13.3], [29.2, 31.3]]",5.6,5-10s,4.8,True,False,4.84,False,5.68,False,7.24,False,3.88,False,3.28,False,2.68,False,6.52,False,4.72,False,4.84,False,0.05,20,48,0.04,154,54,4,5.8,6.8,7.8,9.8,False,False,False,True,3.8,2.8,1.8,0.0,False,False,False,False
val_tune,4698622422,2,CW,"[[38.5, 41.8]]",3.3,2-5s,41.675,True,True,41.708333333333336,True,,,,,41.041,True,40.4404,True,40.04,True,41.77506666666667,True,41.641600000000004,True,41.708333333333336,True,1.0,20,1,0.0334,169,62,4,42.0,42.0,42.0,42.0,False,False,False,False,40.675,39.675,38.675,36.675,True,True,True,False
val_tune,2435100235,2,CW,"[[5.8, 12.3]]",6.5,5-10s,31.9986,True,False,32.565866666666665,False,32.999633333333335,False,33.40003333333333,False,31.398033333333334,False,30.997633333333333,False,29.99663333333333,False,32.332300000000004,False,30.7307,False,32.1321,False,0.0,20,55,0.5672,256,107,4,32.9986,33.9986,34.9986,36.9986,False,False,False,False,30.9986,29.9986,28.9986,26.9986,False,False,False,False
val_tune,4762946272,7,CW,"[[13.9, 16.6]]",2.7,2-5s,11.8118,True,False,12.012,False,12.4124,False,13.013,False,11.5115,False,11.011,False,10.6106,False,11.945266666666667,False,10.944266666666667,False,12.012,False,0.2,20,19,0.2002,87,37,4,12.8118,13.8118,14.8118,16.8118,False,False,True,False,10.8118,9.8118,8.8118,6.8118,False,False,False,False
val_tune,4612723694,6,CH,"[[33.5, 46.4]]",12.9,>=10s,44.044,True,True,45.045,True,45.67896666666667,True,46.046,True,43.41003333333333,True,43.043,True,42.4424,True,48.38166666666667,False,40.90753333333333,True,44.17746666666667,True,0.05,20,20,1.001,225,93,4,45.044,46.044,47.044,49.044,True,True,False,False,43.044,42.044,41.044,39.044,True,True,True,True
val_tune,6762389913,6,TC,"[[37.9, 45.8]]",7.9,5-10s,38.672,True,True,39.07236666666667,True,39.4394,True,40.073366666666665,True,38.571866666666665,True,38.07136666666667,True,37.57086666666667,False,39.6396,True,38.30493333333333,True,38.77206666666667,True,1.0,20,13,0.4004,183,82,4,39.672,40.672,41.672,43.672,True,True,True,True,37.672,36.672,35.672,33.672,False,False,False,False
val_tune,2559262403,7,CH,"[[23.0, 33.1], [67.2, 68.7], [69.2, 90.0]]",32.4,>=10s,49.4244,True,False,50.05,False,51.30125,False,52.052,False,48.79875,False,48.048,False,47.5475,False,50.09170833333333,False,48.13141666666667,False,50.05,False,0.6,20,51,0.6256,288,119,4,50.4244,51.4244,52.4244,54.4244,False,False,False,False,48.4244,47.4244,46.4244,44.4244,False,False,False,False
val_tune,6168716346,8,TN,"[[25.1, 31.7]]",6.6,5-10s,26.0594,True,True,26.659966666666666,True,27.060366666666667,True,27.460766666666668,True,25.458766666666666,True,25.058366666666668,False,24.557866666666666,False,27.093733333333333,True,25.091733333333334,False,26.659966666666666,True,1.0,20,11,0.6006,127,54,4,27.0594,28.0594,29.0594,31.0594,True,True,True,True,25.0594,24.0594,23.0594,21.0594,False,False,False,False
val_tune,3902997424,4,TN,"[[3.8, 8.2]]",4.4,2-5s,11.1111,True,False,12.012,False,12.5125,False,13.013,False,10.4104,False,10.01,False,9.009,False,11.5115,False,8.875533333333333,False,11.3113,False,0.0,20,22,0.9009,104,41,4,12.1111,13.1111,14.1111,16.1111,False,False,False,False,10.1111,9.1111,8.1111,6.1111,False,False,True,True
val_tune,5667931404,6,TN,"[[5.1, 11]]",5.9,5-10s,7.5409,True,True,8.041366666666667,True,9.042366666666666,True,9.6096,True,7.040366666666666,True,6.039366666666667,True,5.038366666666667,False,8.041366666666667,True,6.5732333333333335,True,7.841166666666667,True,0.9,20,6,0.5005,46,17,4,8.5409,9.5409,10.5409,11.0,True,True,True,True,6.5409,5.5409,4.5409,2.5409,True,True,False,False
val_tune,9576671750,2,TC,"[[22.9, 27.6]]",4.7,2-5s,27.294,True,True,,,,,,,27.260593927260594,True,25.558892225558893,True,25.025025025025027,True,27.52752752752753,True,26.459793126459793,True,27.32732732732733,True,1.0,20,0,,97,43,4,28.0,28.0,28.0,28.0,False,False,False,False,26.294,25.294,24.294,22.294,True,True,True,False
val_tune,4443526735,4,TC,"[[16.6, 19.7]]",3.1,2-5s,14.5145,True,False,15.015,False,15.5155,False,16.26625,False,14.389375,False,13.76375,False,13.138125,False,14.681333333333333,False,13.847166666666666,False,14.639625,False,0.6,20,8,0.5005,64,28,4,15.5145,16.5145,17.5145,19.5145,False,False,True,True,13.5145,12.5145,11.5145,9.5145,False,False,False,False
val_tune,4465235803,5,TN,"[[23.3, 29.7]]",6.4,5-10s,29.9299,True,False,30.03,False,30.6306,False,31.031,False,29.029,True,28.4284,True,28.028,True,31.96526666666667,False,29.062366666666666,True,30.03,False,0.0,20,7,0.1001,136,56,4,30.9299,31.9299,32.9299,34.0,False,False,False,False,28.9299,27.9299,26.9299,24.9299,True,True,True,True
val_tune,6582763207,3,TC,"[[6.6, 7.3]]",0.7,<2s,18.8105,True,False,19.436083333333332,False,20.061708333333332,False,21.312958333333334,False,18.059708333333333,False,17.559208333333334,False,16.307958333333332,False,21.18783333333333,False,17.434083333333334,False,19.060708333333334,False,0.0,20,13,0.6256,94,39,4,19.8105,20.8105,21.8105,23.8105,False,False,False,False,17.8105,16.8105,15.8105,13.8105,False,False,False,False
val_tune,5061117640,3,TN,"[[3.2, 8.1]]",4.9,2-5s,4.7047,True,True,5.005,True,6.006,True,6.373033333333334,True,4.004,True,3.6036,True,3.003,False,5.038366666666667,True,3.937266666666667,True,4.971633333333333,True,0.05,20,79,0.3003,213,85,4,5.7047,6.7047,7.7047,9.7047,True,True,True,False,3.7047,2.7047,1.7047,0.0,True,False,False,False
val_tune,2400171624,6,CH,"[[5.1, 6.7]]",1.6,<2s,17.017,True,False,18.018,False,19.019,False,19.552,False,16.549,False,16.016,False,15.548,False,17.250758341759354,False,16.183013144590497,False,17.117,False,0.0,20,23,1.001,135,50,4,18.017,19.017,20.017,22.017,False,False,False,False,16.017,15.017,14.017,12.017,False,False,False,False
val_tune,3902997424,5,TC,"[[0.9, 3.4]]",2.5,2-5s,2.002,True,True,2.6026,True,3.003,True,3.6036,False,1.5015,True,1.001,True,0.6006,False,2.9362666666666666,True,0.33366666666666667,False,2.5025,True,0.0,20,37,0.6006,104,41,4,3.002,4.002,5.002,7.002,True,False,False,False,1.002,0.002,0.0,0.0,True,False,False,False
val_tune,8457210773,0,CW,"[[0.5, 3.6]]",3.1,2-5s,26.32,True,False,26.44,False,27.64,False,28.36,False,25.96,False,25.24,False,24.76,False,32.92,False,25.4,False,26.4,False,0.0,20,74,0.12,264,111,4,27.32,28.32,29.32,31.32,False,False,False,False,25.32,24.32,23.32,21.32,False,False,False,False
val_tune,4276006683,3,CW,"[[0.0, 2.5]]",2.5,2-5s,4.004,True,False,4.371033333333333,False,5.005,False,5.472133333333334,False,3.003,False,2.5358666666666667,False,2.002,True,4.4044,False,3.7370666666666668,False,4.371033333333333,False,0.0,20,35,0.367,107,42,4,5.004,6.004,7.004,9.004,False,False,False,False,3.004,2.004,1.004,0.0,False,True,True,True
val_tune,3206694342,0,TC,"[[32.7, 35.6]]",2.9,2-5s,65.5655,True,False,,,,,,,65.065,False,64.064,False,63.6636,False,65.7657,False,65.43203333333334,False,65.6656,False,0.0,20,0,,263,110,4,66.0,66.0,66.0,66.0,False,False,False,False,64.5655,63.5655,62.5655,60.5655,False,False,False,False
val_tune,9565310990,3,CW,"[[20.5, 27.2]]",6.7,5-10s,7.007,True,False,8.008008008008009,False,8.942275608942275,False,9.30930930930931,False,6.006006006006006,False,5.405405405405405,False,4.804804804804805,False,7.240573907240575,False,2.9362696029362696,False,7.07374040707374,False,0.2,20,40,1.001,125,50,4,8.007,9.007,10.007,12.007,False,False,False,False,6.007,5.007,4.007,2.007,False,False,False,False
val_tune,5333075105,3,CH,"[[7.6, 35.5]]",27.9,>=10s,30.5305,True,True,30.6306,True,31.031,True,31.6316,True,30.03,True,29.4294,True,29.029,True,33.96726666666667,True,23.957266666666666,True,30.6306,True,0.6,20,14,0.1001,156,63,4,31.5305,32.5305,33.5305,35.5305,True,True,True,False,29.5305,28.5305,27.5305,25.5305,True,True,True,True
val_tune,6879924118,4,CW,"[[0.0, 15.0]]",15.0,>=10s,11.9453,True,True,12.045366666666666,True,13.046366666666666,True,14.047366666666667,True,11.044366666666667,True,10.643966666666667,True,10.043366666666667,True,12.946266666666666,True,11.845166666666668,True,12.012,True,0.5,20,7,0.1001,67,24,4,12.9453,13.9453,14.9453,16.0,True,True,True,False,10.9453,9.9453,8.9453,6.9453,True,True,True,True
val_tune,8783897632,3,CW,"[[14.1, 20.4]]",6.3,5-10s,19.5529,True,True,20.053366666666665,True,21.087733333333333,False,21.588233333333335,False,19.352666666666668,True,18.852166666666665,True,18.051366666666667,True,20.086733333333335,True,18.885533333333335,True,19.753066666666665,True,0.2,20,19,0.5005,117,51,4,20.5529,21.5529,22.5529,24.5529,False,False,False,False,18.5529,17.5529,16.5529,14.5529,True,True,True,True
val_tune,4378803532,10,CW,"[[0.8, 43.2]]",42.4,>=10s,8.7421,True,True,9.042366666666666,True,9.476133333333333,True,10.043366666666667,True,8.041366666666667,True,7.040366666666666,True,6.5732333333333335,True,10.744066666666667,True,8.041366666666667,True,8.875533333333333,True,1.0,20,59,0.3003,175,72,4,9.7421,10.7421,11.7421,13.7421,True,True,True,True,7.7421,6.7421,5.7421,3.7421,True,True,True,True
val_tune,6772999108,2,CW,"[[0.0, 34.5]]",34.5,>=10s,48.7821,True,False,48.88216666666667,False,,,,,48.08136666666667,False,47.68096666666667,False,47.08036666666667,False,48.9489,False,48.08136666666667,False,48.88216666666667,False,0.0,20,1,0.1001,196,84,4,49.0,49.0,49.0,49.0,False,False,False,False,47.7821,46.7821,45.7821,43.7821,False,False,False,False
val_tune,3814690167,5,TC,"[[1.2, 7.1]]",5.9,5-10s,1.4014,True,True,1.5015,True,2.002,True,2.4024,True,1.001,False,0.2002,False,,,2.5025,True,0.0,False,1.5015,True,0.35,20,26,0.1001,62,28,4,2.4014,3.4014,4.4014,6.4014,True,True,True,True,0.4014,0.0,0.0,0.0,False,False,False,False
val_tune,3263908208,9,TC,"[[0.1, 12]]",11.9,>=10s,11.25,True,True,12.083333333333334,False,,,,,10.666666666666666,True,10.0,True,9.5,True,11.916666666666666,True,10.041666666666666,True,11.625,True,0.75,20,1,0.8333,40,17,4,12.0,12.0,12.0,12.0,True,True,True,True,10.25,9.25,8.25,6.25,True,True,True,True
val_tune,2669452260,0,CH,"[[0.0, 5.0]]",5.0,5-10s,2.002,True,True,3.003,True,4.004,True,4.637966666666666,True,1.6016,True,1.001,True,0.6006,True,3.9039,True,1.7350666666666668,True,2.1021,True,0.2,20,17,1.001,62,21,4,3.002,4.002,5.002,7.002,True,True,False,False,1.002,0.002,0.0,0.0,True,True,True,True
val_tune,6516459343,9,TC,"[[41.0, 89.9]]",48.9,>=10s,50.8842,True,True,51.184466666666665,True,51.5515,True,52.18546666666666,True,50.18346666666667,True,49.58286666666667,True,49.18246666666667,True,51.7517,True,48.615233333333336,True,50.98426666666667,True,1.0,20,68,0.3003,362,154,4,51.8842,52.8842,53.8842,55.8842,True,True,True,True,49.8842,48.8842,47.8842,45.8842,True,True,True,True
val_tune,5919180502,3,TC,"[[29.4, 39.7]]",10.3,>=10s,17.0504,True,False,17.550866666666668,False,18.051366666666667,False,18.451766666666668,False,16.5165,False,16.049366666666668,False,15.6156,False,17.951266666666665,False,14.280933333333333,False,17.550866666666668,False,0.4,20,46,0.5005,200,72,4,18.0504,19.0504,20.0504,22.0504,False,False,False,False,16.0504,15.0504,14.0504,12.0504,False,False,False,False
val_tune,5681946487,5,CW,"[[5.5, 11.6]]",6.1,5-10s,1.7351,True,False,2.0353666666666665,False,2.4024,False,3.036366666666667,False,1.0343666666666667,False,0.5338666666666667,False,,,2.6026000000000002,False,0.9342666666666667,False,1.8351666666666666,False,0.1,20,45,0.3003,114,47,4,2.7351,3.7351,4.7351,6.7351,False,False,False,True,0.7351,0.0,0.0,0.0,False,False,False,False
val_tune,4378803532,12,CW,"[[19.9, 27.3]]",7.4,5-10s,10.0434,True,False,11.044366666666667,False,11.644966666666667,False,12.045366666666666,False,9.476133333333333,False,9.042366666666666,False,8.041366666666667,False,10.744066666666667,False,8.041366666666667,False,10.143466666666667,False,0.35,20,56,1.001,175,72,4,11.0434,12.0434,13.0434,15.0434,False,False,False,False,9.0434,8.0434,7.0434,5.0434,False,False,False,False
val_tune,2599937944,3,CW,"[[0.0, 9.5]]",9.5,5-10s,7.941,True,True,8.008,True,9.009,True,10.01,False,7.64,True,7.007,True,6.406,True,8.74216380182002,True,7.240647118301315,True,8.008,True,0.25,20,7,0.067,62,22,4,8.941,9.941,10.941,12.941,True,False,False,False,6.941,5.941,4.941,2.941,True,True,True,True
val_tune,8797589693,8,CW,"[[80.6, 89.8]]",9.2,5-10s,49.7497,True,False,50.784117450784116,False,54.88822155488822,False,55.55555555555556,False,49.616282949616284,False,48.41508174841508,False,47.981314647981314,False,51.28461795128462,False,48.34834834834835,False,49.816483149816484,False,0.25,20,49,1.0344,289,104,4,50.7497,51.7497,52.7497,54.7497,False,False,False,False,48.7497,47.7497,46.7497,44.7497,False,False,False,False
val_tune,11541421563,6,TN,"[[5.9, 10.9]]",5.0,5-10s,3.2532,True,False,3.3366666666666664,False,4.004,False,5.130125,False,2.8361666666666667,False,2.002,False,1.5015,False,3.920583333333333,False,2.2105416666666664,False,3.3366666666666664,False,0.0,20,113,0.0834,303,117,4,4.2532,5.2532,6.2532,8.2532,False,False,True,True,2.2532,1.2532,0.2532,0.0,False,False,False,False
val_tune,7492398760,11,TN,"[[63.8, 69.7]]",5.9,5-10s,68.1014,True,True,69.10236666666667,True,70.10336666666667,False,71.10436666666666,False,67.10036666666667,True,66.69996666666667,True,66.09936666666667,True,71.50476666666667,False,64.09736666666667,True,68.40166666666667,True,0.1,20,29,1.001,361,123,4,69.1014,70.1014,71.1014,73.1014,True,False,False,False,67.1014,66.1014,65.1014,63.1014,True,True,True,False
val_tune,5349766264,10,CH,"[[21.0, 32.0]]",11.0,>=10s,7.007,True,False,7.5075,False,8.216541666666666,False,8.75875,False,6.25625,False,5.5055,False,5.005,False,7.799458333333333,False,6.172833333333333,False,7.5075,False,0.1,20,91,0.5005,252,99,4,8.007,9.007,10.007,12.007,False,False,False,False,6.007,5.007,4.007,2.007,False,False,False,False
val_tune,4333544549,2,CW,"[[15.1, 22.7]]",7.6,5-10s,0.1001,True,False,0.5005,False,1.001,False,1.5015,False,,,,,,,0.9342666666666667,False,0.0,False,0.5005,False,0.25,20,65,0.4004,143,66,4,1.1001,2.1001,3.1001,5.1001,False,False,False,False,0.0,0.0,0.0,0.0,False,False,False,False
val_tune,11566930393,3,CW,"[[14.8, 25.4]]",10.6,>=10s,0.7007,True,False,1.3680347013680347,False,2.002002002002002,False,2.7360694027360695,False,,,,,,,0.8675342008675342,False,0.0,False,1.3680347013680347,False,0.15,20,43,0.6673,114,44,4,1.7007,2.7007,3.7007,5.7007,False,False,False,False,0.0,0.0,0.0,0.0,False,False,False,False
val_tune,6443512089,5,TC,"[[42.3, 48.0], [54.1, 59.9]]",11.5,>=10s,28.9623,True,False,29.062366666666666,False,29.462766666666667,False,30.063366666666667,False,28.561866666666667,False,28.061366666666668,False,27.060366666666667,False,29.062366666666666,False,27.961266666666667,False,29.062366666666666,False,0.2,20,85,0.1001,326,132,4,29.9623,30.9623,31.9623,33.9623,False,False,False,False,27.9623,26.9623,25.9623,23.9623,False,False,False,False
val_tune,2442307875,7,TN,"[[27.7, 30.2]]",2.5,2-5s,26.9,True,False,27.0,False,30.0,True,31.5,False,25.5,False,24.0,False,22.2,False,27.7,True,24.5,False,27.0,False,0.1,20,14,0.1,70,30,4,27.9,28.9,29.9,31.9,True,True,True,False,25.9,24.9,23.9,21.9,False,False,False,False
val_tune,9217939684,8,TN,"[[13.8, 18.3]]",4.5,2-5s,18.9583,True,False,19.166666666666668,False,20.0,False,21.541666666666668,False,18.666666666666668,False,18.166666666666668,True,17.708333333333332,True,19.875,False,16.25,True,19.166666666666668,False,0.0,20,48,0.2083,175,67,4,19.9583,20.9583,21.9583,23.9583,False,False,False,False,17.9583,16.9583,15.9583,13.9583,True,True,True,True
val_tune,3581585756,7,TN,"[[6.9, 10.4]]",3.5,2-5s,1.8018,True,False,2.002,False,2.4024,False,3.003,False,1.6016,False,1.001,False,,,2.6693333333333333,False,0.9342666666666667,False,1.9019,False,0.15,20,37,0.2002,95,39,4,2.8018,3.8018,4.8018,6.8018,False,False,False,False,0.8018,0.0,0.0,0.0,False,False,False,False
val_tune,11541421563,2,CH,"[[21.5, 26.1]]",4.6,2-5s,25.3587,True,True,26.026,True,27.027,False,27.652625,False,24.858166666666666,True,24.024,True,22.022,True,25.81745833333333,True,23.940583333333333,True,25.442083333333333,True,0.0,20,88,0.6673,303,117,4,26.3587,27.3587,28.3587,30.3587,False,False,False,False,24.3587,23.3587,22.3587,20.3587,True,True,True,False
val_tune,3206694342,1,TN,"[[33.8, 39.4]]",5.6,5-10s,45.2452,True,False,45.41203333333333,False,46.046,False,46.6466,False,45.045,False,44.4444,False,44.044,False,45.912533333333336,False,44.110733333333336,False,45.41203333333333,False,0.0,20,33,0.1668,263,110,4,46.2452,47.2452,48.2452,50.2452,False,False,False,False,44.2452,43.2452,42.2452,40.2452,False,False,False,False
val_tune,4671452046,5,CH,"[[1.9, 14.0]]",12.1,>=10s,11.011,True,True,11.5115,True,12.012,True,13.013,True,10.01,True,9.009,True,8.5085,True,11.277933333333333,True,9.442766666666667,True,11.3113,True,0.15,20,54,0.5005,175,72,4,12.011,13.011,14.011,16.011,True,True,False,False,10.011,9.011,8.011,6.011,True,True,True,True
val_tune,6727904179,4,CW,"[[0.0, 2.6]]",2.6,2-5s,1.2346,True,True,1.6349666666666667,True,2.0353666666666665,True,2.435766666666667,True,1.0343666666666667,True,0.33366666666666667,True,,,1.2679333333333334,True,0.16683333333333333,True,1.5348666666666666,True,0.05,20,51,0.4004,130,53,4,2.2346,3.2346,4.2346,6.2346,True,False,False,False,0.2346,0.0,0.0,0.0,True,True,True,True
val_tune,7728559968,8,TN,"[[41.5, 49]]",7.5,5-10s,44.3777,True,True,45.37866666666667,True,46.379666666666665,True,46.78006666666667,True,43.376666666666665,True,42.4424,True,42.07536666666667,True,45.11173333333333,True,43.27656666666667,True,45.07836666666667,True,0.95,20,7,1.001,200,70,4,45.3777,46.3777,47.3777,49.0,True,True,True,True,43.3777,42.3777,41.3777,39.3777,True,True,False,False
val_tune,3456030972,6,TN,"[[11.5, 24.9]]",13.4,>=10s,1.001,True,False,2.002,False,2.4024,False,3.003,False,0.5005,False,,,,,2.135466666666667,False,0.6673333333333333,False,1.3013,False,0.6,20,37,1.001,102,39,4,2.001,3.001,4.001,6.001,False,False,False,False,0.001,0.0,0.0,0.0,False,False,False,False
val_tune,8552680285,2,CH,"[[6.5, 14.8]]",8.3,5-10s,5.6723,True,False,6.039366666666667,False,6.4064,False,7.040366666666666,True,5.038366666666667,False,4.471133333333333,False,4.037366666666666,False,6.172833333333333,False,4.7047,False,5.872533333333333,False,0.9,20,13,0.367,73,23,4,6.6723,7.6723,8.6723,10.6723,True,True,True,True,4.6723,3.6723,2.6723,0.6723,False,False,False,False
val_tune,4612723694,8,TN,"[[8.8, 15.0]]",6.2,5-10s,8.5085,True,False,9.009,True,9.6096,True,10.01,True,8.4084,False,8.008,False,7.6076,False,8.942266666666667,True,7.9412666666666665,False,8.6086,False,0.05,20,77,0.5005,225,93,4,9.5085,10.5085,11.5085,13.5085,True,True,True,True,7.5085,6.5085,5.5085,3.5085,False,False,False,False
val_tune,5561024834,0,CW,"[[2.8, 6.0]]",3.2,2-5s,15.5417,True,False,16.291666666666668,False,17.541666666666668,False,18.041666666666668,False,15.041666666666666,False,14.583333333333334,False,13.458333333333334,False,17.666666666666668,False,12.958333333333334,False,16.041666666666668,False,0.0,20,25,0.75,127,45,4,16.5417,17.5417,18.5417,20.5417,False,False,False,False,14.5417,13.5417,12.5417,10.5417,False,False,False,False
val_tune,8557532213,6,TN,"[[5.9, 9.5]]",3.6,2-5s,11.9453,True,False,12.045366666666666,False,12.445766666666668,False,,,11.044366666666667,False,10.043366666666667,False,9.042366666666666,True,12.345666666666666,False,11.077733333333333,False,12.012,False,0.0,20,2,0.1001,51,17,4,12.9453,13.0,13.0,13.0,False,False,False,False,10.9453,9.9453,8.9453,6.9453,False,False,True,True
val_tune,5333075105,9,CW,"[[33.8, 39.0]]",5.2,5-10s,37.037,True,True,37.504133333333336,True,38.038,True,38.6386,True,36.50313333333333,True,36.036,True,35.035,True,38.405033333333336,True,33.96726666666667,True,37.504133333333336,True,1.0,20,3,0.4671,156,63,4,38.037,39.0,39.0,39.0,True,True,True,True,36.037,35.037,34.037,32.037,True,True,True,False
val_tune,6183104292,5,CH,"[[0.0, 11.3]]",11.3,>=10s,17.7177,True,False,18.7187,False,19.6196,False,,,17.183833333333332,False,16.7167,False,16.049366666666668,False,18.051366666666667,False,15.6156,False,17.851166666666668,False,0.0,20,2,1.001,95,35,4,18.7177,19.7177,20.0,20.0,False,False,False,False,16.7177,15.7177,14.7177,12.7177,False,False,False,False
val_tune,4564478328,7,CH,"[[23.4, 29.1]]",5.7,5-10s,7.007,True,False,7.4074,False,8.008,False,8.541866666666667,False,6.6066,False,6.006,False,5.005,False,7.040366666666666,False,6.039366666666667,False,7.4074,False,0.05,20,70,0.4004,188,82,4,8.007,9.007,10.007,12.007,False,False,False,False,6.007,5.007,4.007,2.007,False,False,False,False
val_tune,4378803532,3,CH,"[[10.5, 14.7]]",4.2,2-5s,27.7611,True,False,28.061366666666668,False,29.062366666666666,False,29.662966666666666,False,27.060366666666667,False,26.5265,False,26.059366666666666,False,29.095733333333335,False,26.693333333333335,False,27.961266666666667,False,0.0,20,27,0.3003,175,72,4,28.7611,29.7611,30.7611,32.7611,False,False,False,False,26.7611,25.7611,24.7611,22.7611,False,False,False,False
val_tune,3550839192,2,CW,"[[13.3, 30.6]]",17.3,>=10s,13.013,True,False,13.3133,True,14.014,True,15.015,True,12.245566666666667,False,11.778433333333334,False,11.011,False,17.550866666666668,True,11.378033333333333,False,13.3133,True,0.7,20,34,0.3003,140,54,4,14.013,15.013,16.013,18.013,True,True,True,True,12.013,11.013,10.013,8.013,False,False,False,False
val_tune,3263908208,4,TC,"[[0.1, 12]]",11.9,>=10s,10.6667,True,True,11.25,True,12.083333333333334,False,,,10.0,True,9.5,True,8.75,True,11.916666666666666,True,10.041666666666666,True,10.916666666666666,True,0.65,20,2,0.5833,40,17,4,11.6667,12.0,12.0,12.0,True,True,True,True,9.6667,8.6667,7.6667,5.6667,True,True,True,True
val_tune,10030609934,4,CH,"[[0.0, 3.4]]",3.4,2-5s,21.3213,True,False,21.52152152152152,False,22.02202202202202,False,22.55588922255589,False,21.12112112112112,False,20.02002002002002,False,19.652986319652985,False,21.35468802135469,False,15.015015015015015,False,21.52152152152152,False,0.0,20,40,0.2002,198,65,4,22.3213,23.3213,24.3213,26.3213,False,False,False,False,20.3213,19.3213,18.3213,16.3213,False,False,False,False
val_tune,4542882771,2,CW,"[[9.4, 13.8]]",4.4,2-5s,34.5345,True,False,35.035,False,35.5355,False,,,33.78375,False,33.28325,False,32.5325,False,36.035999999999994,False,33.36666666666667,False,34.659625,False,0.0,20,2,0.5005,116,52,4,35.5345,36.0,36.0,36.0,False,False,False,False,33.5345,32.5345,31.5345,29.5345,False,False,False,False
val_tune,4968805923,3,CW,"[[5.0, 6.1]]",1.1,<2s,10.01,True,False,,,,,,,9.5095,False,9.009,False,8.008,False,10.443766666666667,False,9.943266666666666,False,10.1101,False,0.0,20,0,,43,15,4,10.0,10.0,10.0,10.0,False,False,False,False,9.01,8.01,7.01,5.01,False,False,False,True
val_tune,3375218204,2,CW,"[[36.2, 42.6]]",6.4,5-10s,46.8468,True,False,47.047,False,47.5475,False,48.048,False,46.6466,False,46.046,False,45.045,False,47.68096666666667,False,46.513133333333336,False,46.9469,False,0.0,20,43,0.2002,299,118,4,47.8468,48.8468,49.8468,51.8468,False,False,False,False,45.8468,44.8468,43.8468,41.8468,False,False,False,True
val_tune,5235909148,2,CH,"[[9.7, 11.8]]",2.1,2-5s,2.002,True,False,3.003,False,3.4034,False,4.004,False,1.001,False,0.46713333333333334,False,,,2.168833333333333,False,1.0343666666666667,False,2.1021,False,0.1,20,17,1.001,48,20,4,3.002,4.002,5.002,7.002,False,False,False,False,1.002,0.002,0.0,0.0,False,False,False,False
val_tune,3974684583,6,CH,"[[0.0, 8.7]]",8.7,5-10s,1.4014,True,True,2.002,True,2.6026,True,3.003,True,1.001,True,0.6006,True,,,2.3690333333333333,True,1.0343666666666667,True,1.5015,True,0.35,20,39,0.6006,99,42,4,2.4014,3.4014,4.4014,6.4014,True,True,True,True,0.4014,0.0,0.0,0.0,True,True,True,True
val_tune,7453733046,2,CW,"[[16.2, 17.3]]",1.1,<2s,30.8308,True,False,31.06436666666667,False,32.06536666666667,False,32.46576666666667,False,30.5305,False,30.063366666666667,False,29.062366666666666,False,31.6316,False,29.062366666666666,False,31.06436666666667,False,0.0,20,4,0.2336,134,55,4,31.8308,32.8308,33.0,33.0,False,False,False,False,29.8308,28.8308,27.8308,25.8308,False,False,False,False
val_tune,11966080214,1,CH,"[[0.0, 6.6]]",6.6,5-10s,41.5415,True,False,42.042,False,42.6426,False,43.4434,False,41.041,False,39.773066666666665,False,39.039,False,43.47676666666667,False,40.57386666666667,False,41.60823333333333,False,0.0,20,13,0.5005,198,71,4,42.5415,43.5415,44.5415,46.5415,False,False,False,False,40.5415,39.5415,38.5415,36.5415,False,False,False,False
val_tune,5875242364,1,TC,"[[0.3, 5.4], [7.8, 12.7]]",10.0,>=10s,0.3337,True,True,0.5338666666666667,True,1.0343666666666667,True,1.5682333333333334,True,0.13346666666666668,False,,,,,1.1678333333333333,True,0.0,False,0.5338666666666667,True,0.7,20,25,0.2002,59,26,4,1.3337,2.3337,3.3337,5.3337,True,True,True,True,0.0,0.0,0.0,0.0,False,False,False,False
val_tune,2976913210,0,CW,"[[3.8, 16.6]]",12.8,>=10s,1.001,True,False,1.5348666666666666,False,2.002,False,2.5025,False,0.4004,False,,,,,2.2689333333333335,False,0.0,False,1.3013,False,0.8,20,27,0.5339,74,29,4,2.001,3.001,4.001,6.001,False,False,True,True,0.001,0.0,0.0,0.0,False,False,False,False
val_tune,4770216656,5,CW,"[[22.8, 30.6]]",7.8,5-10s,15.5155,True,False,16.016,False,17.017,False,17.5175,False,15.015,False,14.481133333333334,False,14.014,False,15.849166666666667,False,9.943266666666666,False,15.648966666666666,False,0.45,20,23,0.5005,128,45,4,16.5155,17.5155,18.5155,20.5155,False,False,False,False,14.5155,13.5155,12.5155,10.5155,False,False,False,False
val_tune,3972259774,3,TP,"[[9.3, 16.6]]",7.3,5-10s,29.9049,True,False,30.03,False,30.488791666666668,False,31.28125,False,28.77875,False,27.5275,False,26.27625,False,30.44708333333333,False,29.863166666666665,False,29.988291666666665,False,0.0,20,22,0.1251,143,57,4,30.9049,31.9049,32.9049,34.9049,False,False,False,False,28.9049,27.9049,26.9049,24.9049,False,False,False,False
val_tune,13569831214,6,TN,"[[36.6, 44.1]]",7.5,5-10s,41.041,True,True,41.24124124124124,True,41.70837504170837,True,42.44244244244244,True,40.77410744077411,True,40.20687354020687,True,39.70637303970637,True,41.27460794127461,True,40.37370704037371,True,41.24124124124124,True,0.3,20,23,0.2002,199,88,4,42.041,43.041,44.041,46.041,True,True,True,False,40.041,39.041,38.041,36.041,True,True,True,False
val_tune,4164771889,5,TC,"[[9.8, 12.9]]",3.1,2-5s,13.9473,True,False,14.014,False,15.015,False,16.016,False,13.013,False,12.479133333333333,True,12.012,True,14.7147,False,13.546866666666666,False,14.014,False,0.0,20,4,0.0667,68,25,4,14.9473,15.9473,16.9473,17.0,False,False,False,False,12.9473,11.9473,10.9473,8.9473,False,True,True,False
val_tune,7988210561,2,TC,"[[9.0, 10.7]]",1.7,<2s,9.009,True,True,9.042366666666666,True,10.043366666666667,True,,,8.041366666666667,False,7.440766666666667,False,7.040366666666666,False,9.376033333333334,True,8.675333333333333,False,9.042366666666666,True,1.0,20,2,0.0334,43,17,4,10.009,11.0,11.0,11.0,True,False,False,False,8.009,7.009,6.009,4.009,False,False,False,False
val_tune,8513603944,1,CW,"[[3.5, 5.4]]",1.9,<2s,8.7421,True,False,9.042366666666666,False,10.043366666666667,False,10.543866666666666,False,8.541866666666667,False,8.041366666666667,False,7.6076,False,9.342666666666666,False,7.040366666666666,False,9.042366666666666,False,0.0,20,39,0.3003,123,54,4,9.7421,10.7421,11.7421,13.7421,False,False,False,False,7.7421,6.7421,5.7421,3.7421,False,False,False,True
val_tune,4815534482,3,CW,"[[19.9, 32.1]]",12.2,>=10s,89.76,True,False,,,,,,,88.8,False,87.6,False,86.4,False,90.0,False,84.44,False,,,,0,0,,300,119,4,90.0,90.0,90.0,90.0,False,False,False,False,88.76,87.76,86.76,84.76,False,False,False,False
val_tune,8594314852,3,CH,"[[7.5, 12.6]]",5.1,5-10s,9.0424,True,True,9.642966666666666,True,10.043366666666667,True,10.643966666666667,True,8.541866666666667,True,8.041366666666667,True,7.040366666666666,False,12.479133333333333,True,8.775433333333334,True,9.642966666666666,True,1.0,20,7,0.6006,51,23,4,10.0424,11.0424,12.0424,13.0,True,True,True,False,8.0424,7.0424,6.0424,4.0424,True,False,False,False
val_tune,8594314852,4,TN,"[[9.2, 12.6]]",3.4,2-5s,9.0424,True,False,9.642966666666666,True,10.043366666666667,True,10.643966666666667,True,8.541866666666667,False,8.041366666666667,False,7.040366666666666,False,12.479133333333333,True,8.775433333333334,False,9.642966666666666,True,1.0,20,7,0.6006,51,23,4,10.0424,11.0424,12.0424,13.0,True,True,True,False,8.0424,7.0424,6.0424,4.0424,False,False,False,False
val_tune,3303565503,6,CW,"[[33.1, 37]]",3.9,2-5s,21.6216,True,False,22.022,False,22.6226,False,23.023,False,21.021,False,20.4204,False,20.02,False,22.956266666666668,False,20.954266666666665,False,21.7217,False,0.4,20,25,0.4004,150,60,4,22.6216,23.6216,24.6216,26.6216,False,False,False,False,20.6216,19.6216,18.6216,16.6216,False,False,False,False
val_tune,3112351937,6,TN,"[[3.9, 6.1]]",2.2,2-5s,5.372,True,True,5.872533333333333,True,7.007,False,7.5075,False,5.005,True,4.537866666666667,True,4.070733333333333,True,6.5065,False,2.9362666666666666,False,5.772433333333334,True,0.05,20,14,0.5005,60,24,4,6.372,7.372,8.372,10.372,False,False,False,False,4.372,3.372,2.372,0.372,True,False,False,False
val_tune,5138093706,8,CW,"[[25.0, 26.7]]",1.7,<2s,22.5225,True,False,22.6226,False,23.023,False,23.6236,False,22.022,False,21.021,False,20.6206,False,22.956266666666668,False,21.955266666666667,False,22.6226,False,0.05,20,13,0.1001,125,52,4,23.5225,24.5225,25.5225,27.5225,False,False,True,False,21.5225,20.5225,19.5225,17.5225,False,False,False,False
val_tune,2824317018,5,CH,"[[16.5, 19.3], [35.9, 38.4]]",5.3,5-10s,39.439,True,False,40.04,False,40.44,False,41.041,False,39.039,False,38.038,True,37.037,True,40.20728008088979,False,37.2376137512639,True,39.639,False,0.0,20,24,0.601,217,85,4,40.439,41.439,42.439,44.439,False,False,False,False,38.439,37.439,36.439,34.439,False,True,True,False
val_tune,6754608321,7,TN,"[[45.4, 48.9]]",3.5,2-5s,17.9846,True,False,18.051366666666667,False,18.651966666666667,False,19.052366666666668,False,17.650966666666665,False,17.050366666666665,False,16.049366666666668,False,18.284933333333335,False,16.950266666666668,False,18.051366666666667,False,0.05,20,55,0.0667,216,81,4,18.9846,19.9846,20.9846,22.9846,False,False,False,False,16.9846,15.9846,14.9846,12.9846,False,False,False,False
val_tune,4488066715,8,TC,"[[62.7, 66.3]]",3.6,2-5s,0.5005,True,False,1.001,False,2.002,False,2.6026,False,,,,,,,0.9342666666666667,False,0.13346666666666668,False,0.8008,False,0.0,20,154,0.5005,352,155,4,1.5005,2.5005,3.5005,5.5005,False,False,False,False,0.0,0.0,0.0,0.0,False,False,False,False
val_tune,8505893258,5,CW,"[[29.4, 37]]",7.6,5-10s,9.1758,True,False,9.551208333333333,False,10.051708333333334,False,10.802458333333334,False,8.800458333333333,False,8.299958333333333,False,7.5492083333333335,False,10.343666666666666,False,8.675333333333333,False,9.551208333333333,False,0.4,20,35,0.3754,119,45,4,10.1758,11.1758,12.1758,14.1758,False,False,False,False,8.1758,7.1758,6.1758,4.1758,False,False,False,False
val_tune,3427674558,5,TC,"[[15.6, 18.4]]",2.8,2-5s,12.012,True,False,12.5125,False,13.013,False,13.546866666666666,False,11.011,False,10.477133333333333,False,10.01,False,12.479133333333333,False,10.844166666666666,False,12.178833333333333,False,0.15,20,29,0.5005,116,51,4,13.012,14.012,15.012,17.012,False,False,False,True,11.012,10.012,9.012,7.012,False,False,False,False
val_tune,2987766537,7,TC,"[[12.9, 16.0]]",3.1,2-5s,7.807,True,False,8.008,False,9.009,False,9.542,False,7.007,False,6.006,False,5.005,False,8.708796764408493,False,7.207280080889788,False,8.008,False,0.3,20,10,0.201,69,20,4,8.807,9.807,10.807,12.807,False,False,False,False,6.807,5.807,4.807,2.807,False,False,False,False
val_tune,7771650716,2,CW,"[[41.7, 46.5]]",4.8,2-5s,28.1615,True,False,28.962266666666668,False,29.462766666666667,False,29.963266666666666,False,27.961266666666667,False,26.960266666666666,False,25.959266666666668,False,32.29893333333333,False,26.860166666666668,False,28.661966666666668,False,0.15,20,46,0.8008,247,90,4,29.1615,30.1615,31.1615,33.1615,False,False,False,False,27.1615,26.1615,25.1615,23.1615,False,False,False,False
val_tune,8277866423,6,TN,"[[17.7, 21.3]]",3.6,2-5s,8.6667,True,False,8.791666666666666,False,9.416666666666666,False,10.041666666666666,False,7.541666666666667,False,7.041666666666667,False,6.291666666666667,False,10.583333333333334,False,7.416666666666667,False,8.75,False,0.1,20,32,0.125,111,42,4,9.6667,10.6667,11.6667,13.6667,False,False,False,False,7.6667,6.6667,5.6667,3.6667,False,False,False,False
val_tune,4190655097,3,CW,"[[27.4, 33.8]]",6.4,5-10s,32.6159,True,True,33.78375,True,34.70133333333333,False,35.5355,False,31.28125,True,30.5305,True,30.03,True,39.78975,False,27.27725,False,32.699333333333335,True,0.05,20,28,1.1678,172,71,4,33.6159,34.6159,35.6159,37.6159,True,False,False,False,31.6159,30.6159,29.6159,27.6159,True,True,True,True
val_tune,3322503255,4,CW,"[[38.2, 41]]",2.8,2-5s,6.8068,True,False,7.007,False,7.5075,False,8.008,False,6.6066,False,6.006,False,5.5055,False,8.141466666666666,False,5.939266666666667,False,6.973633333333333,False,0.05,20,62,0.2002,166,73,4,7.8068,8.8068,9.8068,11.8068,False,False,False,False,5.8068,4.8068,3.8068,1.8068,False,False,False,False
val_tune,3557498300,4,CW,"[[25.3, 28]]",2.7,2-5s,9.009,True,False,10.01,False,10.4104,False,11.011,False,8.008,False,7.6409666666666665,False,7.007,False,9.476133333333333,False,8.4084,False,9.342666666666666,False,0.15,20,32,1.001,114,45,4,10.009,11.009,12.009,14.009,False,False,False,False,8.009,7.009,6.009,4.009,False,False,False,False
val_tune,2573424030,2,CW,"[[6.5, 10.3]]",3.8,2-5s,14.748,True,False,15.015,False,16.016,False,16.549,False,14.014,False,13.546,False,13.013,False,15.715874620829121,False,14.214357937310416,False,15.015,False,0.0,20,60,0.267,197,81,4,15.748,16.748,17.748,19.748,False,False,False,False,13.748,12.748,11.748,9.748,False,False,False,True
val_tune,6898821807,2,TC,"[[15.6, 17.5]]",1.9,<2s,0.0334,True,False,0.13346666666666668,False,0.9009,False,1.3013,False,,,,,,,1.8018,False,0.0,False,0.13346666666666668,False,0.15,20,33,0.1001,79,33,4,1.0334,2.0334,3.0334,5.0334,False,False,False,False,0.0,0.0,0.0,0.0,False,False,False,False
val_tune,4264435046,2,TC,"[[0.4, 8.9]]",8.5,5-10s,9.7097,True,False,10.01,False,10.6106,False,11.011,False,9.5095,False,9.009,False,8.5085,True,12.045366666666666,False,8.942266666666667,False,10.01,False,0.0,20,17,0.3003,76,35,4,10.7097,11.7097,12.7097,14.7097,False,False,False,False,8.7097,7.7097,6.7097,4.7097,True,True,True,True
val_tune,3171006258,4,CH,"[[10.0, 14.5]]",4.5,2-5s,33.033,True,False,33.5335,False,34.034,False,34.4344,False,32.6326,False,32.032,False,31.031,False,33.166466666666665,False,31.464766666666666,False,33.5335,False,0.0,20,5,0.5005,147,53,4,34.033,35.033,36.033,37.0,False,False,False,False,32.033,31.033,30.033,28.033,False,False,False,False
val_tune,3383804222,2,TN,"[[14.2, 18.2]]",4.0,2-5s,13.7637,True,False,14.5145,True,15.015,True,15.598916666666666,True,13.096416666666666,False,12.5125,False,11.720041666666667,False,15.432083333333333,True,12.345666666666666,False,13.888875,False,0.1,20,38,0.7508,134,57,4,14.7637,15.7637,16.7638,18.7638,True,True,True,False,12.7637,11.7637,10.7637,8.7637,False,False,False,False
val_tune,3105728894,0,CW,"[[4.0, 6.3]]",2.3,2-5s,34.9015,True,False,35.035,False,35.4354,False,36.036,False,34.6346,False,34.034,False,33.6336,False,35.06836666666667,False,34.40103333333333,False,35.035,False,0.0,20,29,0.1335,203,87,4,35.9015,36.9015,37.9015,39.9015,False,False,False,False,33.9015,32.9015,31.9015,29.9015,False,False,False,False
val_tune,11244289523,7,TN,"[[5.7, 9.8]]",4.1,2-5s,7.0417,True,True,8.0,True,8.5,True,10.0,False,6.0,True,4.958333333333333,False,4.0,False,8.75,True,6.541666666666667,True,7.25,True,0.15,20,19,0.9583,70,26,4,8.0417,9.0417,10.0417,12.0417,True,True,False,False,6.0417,5.0417,4.0417,2.0417,True,False,False,False
val_tune,10030609934,2,TN,"[[16.7, 20.5]]",3.8,2-5s,20.7875,True,False,21.12112112112112,False,21.52152152152152,False,22.02202202202202,False,20.02002002002002,True,19.652986319652985,True,19.185852519185854,True,21.35468802135469,False,15.015015015015015,False,21.12112112112112,False,0.0,20,41,0.3337,198,65,4,21.7875,22.7875,23.7875,25.7875,False,False,False,False,19.7875,18.7875,17.7875,15.7875,True,True,True,False
val_tune,4217422838,1,CW,"[[0.2, 28.1]]",27.9,>=10s,50.05,True,False,50.80075,False,51.30125,False,51.88516666666667,False,49.591208333333334,False,48.79875,False,48.048,False,52.59420833333333,False,49.21583333333333,False,50.80075,False,0.0,20,4,0.7508,169,72,4,51.05,52.05,53.0,53.0,False,False,False,False,49.05,48.05,47.05,45.05,False,False,False,False
val_tune,2932897373,4,TN,"[[4.7, 12.1]]",7.4,5-10s,9.142,True,True,9.809,True,10.477,True,11.011,True,9.009,True,8.441,True,8.008,True,9.843276036400404,True,8.408493427704753,True,9.542,True,0.25,20,17,0.667,77,30,4,10.142,11.142,12.142,14.142,True,True,False,False,8.142,7.142,6.142,4.142,True,True,True,False
val_tune,4761953886,2,CW,"[[14.9, 16.6]]",1.7,<2s,12.0,True,False,12.5,False,12.958333333333334,False,13.75,False,11.875,False,11.25,False,10.0,False,12.375,False,11.291666666666666,False,12.208333333333334,False,0.1,20,30,0.5,107,46,4,13.0,14.0,15.0,17.0,False,False,True,False,11.0,10.0,9.0,7.0,False,False,False,False
val_tune,6713120511,4,TC,"[[25.0, 31.0]]",6.0,5-10s,48.3817,True,False,49.082366666666665,False,49.682966666666665,False,50.08336666666667,False,48.28156666666667,False,47.580866666666665,False,47.08036666666667,False,49.315933333333334,False,47.08036666666667,False,49.082366666666665,False,0.0,20,10,0.7007,223,83,4,49.3817,50.3817,51.3817,53.3817,False,False,False,False,47.3817,46.3817,45.3817,43.3817,False,False,False,False
val_tune,9082180631,4,CH,"[[0.0, 7.7]]",7.7,5-10s,7.6743,True,True,8.341675008341674,False,9.242575909242577,False,9.60960960960961,False,7.474140807474141,True,7.040373707040374,True,6.006006006006006,True,7.841174507841175,False,6.740073406740073,True,8.141474808141474,False,0.0,20,6,0.6673,43,13,4,8.6743,9.6743,10.6743,12.6743,False,False,False,False,6.6743,5.6743,4.6743,2.6743,True,True,True,True
val_tune,2821788355,4,CW,"[[0.0, 7.7]]",7.7,5-10s,7.2406,True,True,8.008,False,9.009,False,9.442766666666667,False,7.007,True,6.006,True,5.005,True,7.374033333333333,True,6.3063,True,7.3073,True,0.0,20,26,0.7674,103,37,4,8.2406,9.2406,10.2406,12.2406,False,False,False,False,6.2406,5.2406,4.2406,2.2406,True,True,True,True
val_tune,4815534482,1,CW,"[[13.3, 15.9]]",2.6,2-5s,59.32,True,False,60.0,False,60.56,False,61.2,False,58.8,False,57.6,False,56.4,False,59.56,False,58.2,False,59.44,False,0.0,20,38,0.68,300,119,4,60.32,61.32,62.32,64.32,False,False,False,False,58.32,57.32,56.32,54.32,False,False,False,False
val_tune,3158022797,8,CW,"[[87.8, 90.0]]",2.2,2-5s,80.5471,True,False,81.04763333333334,False,81.44803333333333,False,82.04863333333333,False,80.04663333333333,False,79.64623333333333,False,79.14573333333334,False,80.9809,False,79.9799,False,81.04763333333334,False,0.15,20,17,0.5005,360,146,4,81.5471,82.5471,83.5471,85.5471,False,False,False,False,79.5471,78.5471,77.5471,75.5471,False,False,False,False
val_tune,8241491518,8,TN,"[[1.1, 14.0], [22.4, 26.3]]",16.8,>=10s,27.2606,True,False,27.460766666666668,False,27.89453333333333,False,28.461766666666666,False,26.960266666666666,False,26.3263,False,25.959266666666668,True,28.361666666666668,False,27.160466666666668,False,27.4274,False,0.0,20,5,0.2002,124,55,4,28.2606,29.2606,30.0,30.0,False,False,False,False,26.2606,25.2606,24.2606,22.2606,True,True,True,False
val_tune,4189100053,8,TN,"[[6.5, 13.2]]",6.7,5-10s,0.7341,True,False,1.001,False,1.3680333333333334,False,2.002,False,,,,,,,1.9352666666666667,False,0.3670333333333333,False,0.8008,False,0.25,20,50,0.2669,118,50,4,1.7341,2.7341,3.7341,5.7341,False,False,False,False,0.0,0.0,0.0,0.0,False,False,False,False
val_tune,2957808913,7,CH,"[[5.9, 7.6]]",1.7,<2s,1.8018,True,False,2.002,False,2.3690333333333333,False,3.003,False,1.001,False,0.4004,False,,,2.6693333333333333,False,1.5682333333333334,False,1.9686333333333332,False,0.0,20,34,0.2002,80,36,4,2.8018,3.8018,4.8018,6.8018,False,False,False,True,0.8018,0.0,0.0,0.0,False,False,False,False
val_tune,4419096437,1,CW,"[[21.0, 32.0], [39.1, 44.7]]",16.6,>=10s,14.9816,True,False,15.015,False,15.6156,False,16.016,False,14.581233333333333,False,14.014,False,13.013,False,18.118100000000002,False,13.179833333333333,False,15.015,False,0.2,20,63,0.0334,212,83,4,15.9816,16.9816,17.9816,19.9816,False,False,False,False,13.9816,12.9816,11.9816,9.9816,False,False,False,False
val_tune,5803861992,3,CH,"[[0.6, 69.9]]",69.3,>=10s,54.2542,True,True,54.8548,True,55.8558,True,56.8568,True,53.8538,True,53.2532,True,52.8528,True,54.7547,True,53.7537,True,54.8548,True,0.9,20,25,0.6006,290,109,4,55.2542,56.2542,57.2542,59.2542,True,True,True,True,53.2542,52.2542,51.2542,49.2542,True,True,True,True
val_tune,7288107396,8,CW,"[[16.6, 18.4]]",1.8,<2s,18.5602,True,False,18.810458333333333,False,19.561208333333333,False,20.061708333333332,False,18.059708333333333,True,17.559208333333334,True,17.100416666666668,True,18.685333333333332,False,17.726041666666667,True,18.810458333333333,False,0.0,20,4,0.2503,68,28,4,19.5602,20.5602,21.0,21.0,False,False,False,False,17.5602,16.5602,15.5602,13.5602,True,False,False,False
val_tune,8189958994,2,CH,"[[10.0, 24.2]]",14.2,>=10s,10.9443,True,True,11.044366666666667,True,12.045366666666666,True,12.545866666666667,True,10.043366666666667,True,9.642966666666666,False,9.042366666666666,False,11.478133333333334,True,9.943266666666666,False,11.011,True,0.3,20,88,0.1001,250,104,4,11.9443,12.9443,13.9443,15.9443,True,True,True,True,9.9443,8.9443,7.9443,5.9443,False,False,False,False
val_tune,4978714491,7,CH,"[[32.8, 34.7]]",1.9,<2s,29.9633,True,False,30.03,False,31.031,False,31.898533333333333,False,29.496133333333333,False,29.029,False,28.561866666666667,False,35.96926666666667,False,28.1281,False,30.03,False,0.15,20,17,0.0667,160,66,4,30.9633,31.9633,32.9633,34.9633,False,False,True,False,28.9633,27.9633,26.9633,24.9633,False,False,False,False
val_tune,7453733046,9,TN,"[[16.6, 18.3]]",1.7,<2s,9.643,True,False,10.043366666666667,False,10.443766666666667,False,11.044366666666667,False,9.042366666666666,False,8.541866666666667,False,8.041366666666667,False,9.943266666666666,False,8.041366666666667,False,9.943266666666666,False,0.1,20,39,0.4004,134,55,4,10.643,11.643,12.643,14.643,False,False,False,False,8.643,7.643,6.643,4.643,False,False,False,False
val_tune,3359075894,9,CW,"[[10.6, 13.8]]",3.2,2-5s,1.92,True,False,2.4,False,2.88,False,3.6,False,1.2,False,0.6,False,,,2.32,False,1.12,False,2.04,False,0.0,20,19,0.48,56,21,4,2.92,3.92,4.92,6.92,False,False,False,False,0.92,0.0,0.0,0.0,False,False,False,False
val_tune,7988210561,3,CW,"[[8.4, 10.7]]",2.3,2-5s,0.3337,True,False,1.0343666666666667,False,1.5348666666666666,False,2.0353666666666665,False,0.23356666666666667,False,,,,,0.9342666666666667,False,0.0,False,0.4337666666666667,False,0.2,20,16,0.7007,43,17,4,1.3337,2.3337,3.3337,5.3337,False,False,False,False,0.0,0.0,0.0,0.0,False,False,False,False
val_tune,3164519967,7,TN,"[[17.8, 24.1]]",6.3,5-10s,16.5165,True,False,16.6166,False,17.017,False,18.018,True,16.016,False,15.4154,False,15.015,False,16.783433333333335,False,16.182833333333335,False,16.6166,False,0.3,20,30,0.1001,146,57,4,17.5165,18.5165,19.5165,21.5165,False,True,True,True,15.5165,14.5165,13.5165,11.5165,False,False,False,False
val_tune,3321261856,3,TC,"[[12.1, 15.1]]",3.0,2-5s,10.8775,True,False,11.011,False,11.6116,False,12.012,False,10.01,False,9.009,False,8.6086,False,12.946266666666666,True,10.6106,False,11.011,False,0.25,20,29,0.1335,115,45,4,11.8775,12.8775,13.8775,15.8775,False,True,True,False,9.8775,8.8775,7.8775,5.8775,False,False,False,False
val_tune,8080432373,7,TC,"[[2.0, 4.6], [19.1, 20.6]]",4.1,2-5s,69.5028,True,False,69.60286666666667,False,70.10336666666667,False,71.10436666666666,False,69.10236666666667,False,68.60186666666667,False,68.10136666666666,False,70.10336666666667,False,69.10236666666667,False,69.60286666666667,False,0.0,20,36,0.1001,360,154,4,70.5028,71.5028,72.5028,74.5028,False,False,False,False,68.5028,67.5028,66.5028,64.5028,False,False,False,False
val_tune,7164729910,0,CW,"[[0.0, 19.9]]",19.9,>=10s,17.0,True,True,17.541666666666668,True,18.041666666666668,True,18.791666666666668,True,16.625,True,16.083333333333332,True,15.041666666666666,True,17.25,True,14.708333333333334,True,17.541666666666668,True,0.2,20,15,0.5417,88,39,4,18.0,19.0,20.0,22.0,True,True,False,False,16.0,15.0,14.0,12.0,True,True,True,True
val_tune,4798585428,2,CW,"[[16.8, 19.3]]",2.5,2-5s,72.6392,True,False,73.073,False,74.074,False,75.075,False,72.072,False,71.53813333333333,False,71.071,False,73.7737,False,71.9719,False,73.073,False,0.0,20,26,0.4338,360,135,4,73.6392,74.6392,75.6392,77.6392,False,False,False,False,71.6392,70.6392,69.6392,67.6392,False,False,False,False
val_tune,8627074061,5,CW,"[[4.7, 11.1]]",6.4,5-10s,7.4408,True,True,7.6409666666666665,True,8.041366666666667,True,8.441766666666666,True,7.040366666666666,True,6.039366666666667,True,5.038366666666667,True,7.7744333333333335,True,6.439766666666666,True,7.6409666666666665,True,0.0,20,142,0.2002,360,154,4,8.4408,9.4408,10.4408,12.4408,True,True,True,False,6.4408,5.4408,4.4408,2.4408,True,True,False,False
val_tune,3340340268,2,TN,"[[7.8, 10.6]]",2.8,2-5s,27.6943,True,False,28.028,False,29.029,False,30.03,False,27.027,False,26.026,False,25.392033333333334,False,28.561866666666667,False,27.460766666666668,False,27.794433333333334,False,0.0,20,23,0.3337,172,67,4,28.6943,29.6943,30.6943,32.6943,False,False,False,False,26.6943,25.6943,24.6943,22.6943,False,False,False,False
val_tune,2984974097,8,CH,"[[10.7, 16.3]]",5.6,5-10s,14.814,True,True,15.015,True,16.016,True,16.549,False,14.014,True,13.613,True,13.013,True,15.582406471183013,True,13.914054600606674,True,15.015,True,0.05,20,28,0.201,121,53,4,15.814,16.814,17.814,19.814,True,False,False,False,13.814,12.814,11.814,9.814,True,True,True,False
val_tune,4882821564,3,CW,"[[85.1, 88.1]]",3.0,2-5s,14.4478,True,False,15.048366666666666,False,15.548866666666667,False,16.049366666666668,False,14.047366666666667,False,13.446766666666667,False,13.046366666666666,False,14.948266666666667,False,14.080733333333333,False,14.748066666666666,False,0.0,20,128,0.6006,360,152,4,15.4478,16.4478,17.4478,19.4478,False,False,False,False,13.4478,12.4478,11.4478,9.4478,False,False,False,False
val_tune,3508407941,2,TC,"[[2.8, 5.9], [13.7, 19.6]]",9.0,5-10s,8.2165,True,False,8.75875,False,9.384375,False,10.01,False,8.008,False,7.5075,False,6.881875,False,11.094416666666666,False,1.7100416666666665,False,8.75875,False,0.6,20,18,0.5422,70,28,4,9.2165,10.2165,11.2165,13.2165,False,False,False,False,7.2165,6.2165,5.2165,3.2165,False,False,True,True
val_tune,4485707628,0,CW,"[[0.3, 8.7]]",8.4,5-10s,4.8382,True,True,5.338666666666667,True,5.9726333333333335,True,6.973633333333333,True,4.7047,True,4.037366666666666,True,3.5368666666666666,True,6.673333333333334,True,3.937266666666667,True,4.938266666666666,True,0.0,20,92,0.5005,259,100,4,5.8382,6.8382,7.8382,9.8382,True,True,True,False,3.8382,2.8382,1.8382,0.0,True,True,True,False
val_tune,2735019707,3,CW,"[[11.2, 16.7]]",5.5,5-10s,16.016,True,True,16.4164,True,17.017,False,18.018,False,15.4154,True,15.015,True,14.4144,True,16.683333333333334,True,15.448766666666668,True,16.4164,True,0.1,20,5,0.4004,79,29,4,17.016,18.016,19.0,19.0,False,False,False,False,15.016,14.016,13.016,11.016,True,True,True,False
val_tune,4485707628,4,CW,"[[47.9, 52.5]]",4.6,2-5s,50.7841,True,True,50.98426666666667,True,51.4514,True,51.98526666666667,True,49.983266666666665,True,48.98226666666667,True,48.481766666666665,True,51.98526666666667,True,42.80943333333333,False,50.884166666666665,True,0.25,20,23,0.2002,259,100,4,51.7841,52.7841,53.7841,55.7841,True,False,False,False,49.7841,48.7841,47.7841,45.7841,True,True,False,False
val_tune,5134317883,10,TN,"[[67.3, 71.5]]",4.2,2-5s,76.5,True,False,77.5,False,78.25,False,,,76.25,False,75.5,False,75.0,False,78.75,False,74.16666666666667,False,77.125,False,0.0,20,2,1.0,252,99,4,77.5,78.5,79.0,79.0,False,False,False,False,75.5,74.5,73.5,71.5,False,False,False,True
val_tune,3846475848,6,TC,"[[24.7, 71]]",46.3,>=10s,37.7043,True,True,38.038,True,39.039,True,39.4394,True,37.504133333333336,True,37.037,True,36.6366,True,38.104733333333336,True,35.46876666666667,True,38.038,True,0.95,20,52,0.3337,287,116,4,38.7043,39.7043,40.7043,42.7043,True,True,True,True,36.7043,35.7043,34.7043,32.7043,True,True,True,True
val_tune,6201488511,6,CH,"[[32.7, 38.2]]",5.5,5-10s,1.7351,True,False,2.0353666666666665,False,3.036366666666667,False,4.037366666666666,False,1.0343666666666667,False,0.23356666666666667,False,,,2.0353666666666665,False,0.0,False,1.8351666666666666,False,0.1,20,134,0.3003,345,136,4,2.7351,3.7351,4.7351,6.7351,False,False,False,False,0.7351,0.0,0.0,0.0,False,False,False,False
val_tune,8387356484,5,TC,"[[41.1, 42.6]]",1.5,<2s,27.6667,True,False,28.791666666666668,False,30.041666666666668,False,30.666666666666668,False,27.541666666666668,False,26.291666666666668,False,25.041666666666668,False,28.208333333333332,False,27.333333333333332,False,27.791666666666668,False,0.25,20,14,1.125,138,44,4,28.6667,29.6667,30.6667,32.6667,False,False,False,False,26.6667,25.6667,24.6667,22.6667,False,False,False,False
val_tune,8740703217,2,TN,"[[11.6, 16.0]]",4.4,2-5s,3.9373,True,False,4.037366666666666,False,4.437766666666667,False,5.038366666666667,False,3.5368666666666666,False,3.036366666666667,False,2.6359666666666666,False,6.940266666666667,False,3.7704333333333335,False,4.037366666666666,False,0.3,20,32,0.1001,82,38,4,4.9373,5.9373,6.9373,8.9373,False,False,False,False,2.9373,1.9373,0.9373,0.0,False,False,False,False
val_tune,2796821016,3,CW,"[[26.5, 36.6]]",10.1,>=10s,17.25,True,False,18.018,False,18.651,False,19.019,False,17.017,False,16.649,False,16.016,False,17.61779575328615,False,17.08392315470172,False,17.917,False,0.1,20,72,0.768,249,97,4,18.25,19.25,20.25,22.25,False,False,False,False,16.25,15.25,14.25,12.25,False,False,False,False
val_tune,4465235803,2,CW,"[[13.6, 17.0], [24.6, 28.0]]",6.8,5-10s,14.9149,True,True,15.015,True,16.016,True,16.5165,True,14.014,True,13.5135,False,13.013,False,14.948266666666667,True,14.347666666666667,True,15.015,True,0.25,20,33,0.1001,136,56,4,15.9149,16.9149,17.9149,19.9149,True,True,False,False,13.9149,12.9149,11.9149,9.9149,True,False,False,False
val_tune,3524939594,8,TC,"[[6.6, 14.4]]",7.8,5-10s,7.007,True,True,7.5075,True,7.966291666666667,True,9.134125,True,6.881875,True,6.25625,False,5.588916666666667,False,11.428083333333333,True,0.0,False,7.5075,True,0.55,20,13,0.5005,59,21,4,8.007,9.007,10.007,12.007,True,True,True,True,6.007,5.007,4.007,2.007,False,False,False,False
val_tune,12392885583,9,CW,"[[28.5, 31.0]]",2.5,2-5s,23.4901,True,False,23.590233333333334,False,24.057366666666667,False,24.691333333333333,False,22.055366666666668,False,21.588233333333335,False,21.154466666666668,False,24.090733333333333,False,22.756066666666666,False,23.590233333333334,False,0.4,20,12,0.1001,110,43,4,24.4901,25.4901,26.4901,28.4901,False,False,False,False,22.4901,21.4901,20.4901,18.4901,False,False,False,False
val_tune,3375218204,7,TN,"[[30.3, 34.2]]",3.9,2-5s,60.9609,True,False,61.061,False,61.628233333333334,False,62.062,False,60.5605,False,60.06,False,59.059,False,68.00126666666667,False,57.99126666666667,False,61.027633333333334,False,0.0,20,23,0.1001,299,118,4,61.9609,62.9609,63.9609,65.9609,False,False,False,False,59.9609,58.9609,57.9609,55.9609,False,False,False,False
val_tune,10030609934,3,CH,"[[21.8, 24.8]]",3.0,2-5s,21.3213,True,False,21.52152152152152,False,22.02202202202202,True,22.55588922255589,True,21.12112112112112,False,20.02002002002002,False,19.652986319652985,False,21.35468802135469,False,15.015015015015015,False,21.52152152152152,False,0.0,20,40,0.2002,198,65,4,22.3213,23.3213,24.3213,26.3213,True,True,True,False,20.3213,19.3213,18.3213,16.3213,False,False,False,False
val_tune,2735019707,7,TN,"[[6.0, 10.2]]",4.2,2-5s,7.3073,True,True,8.008,True,8.6086,True,9.009,True,7.007,True,6.006,True,5.005,False,7.9412666666666665,True,5.939266666666667,False,7.9079,True,0.3,20,19,0.7007,79,29,4,8.3073,9.3073,10.3073,12.3073,True,True,False,False,6.3073,5.3073,4.3073,2.3073,True,False,False,False
val_tune,3046900922,3,CW,"[[7.9, 12.4]]",4.5,2-5s,4.371,True,False,5.005,False,5.472133333333334,False,6.006,False,4.004,False,3.4034,False,3.003,False,5.8058000000000005,False,1.9352666666666667,False,4.8048,False,0.55,20,22,0.634,72,30,4,5.371,6.371,7.371,9.371,False,False,False,True,3.371,2.371,1.371,0.0,False,False,False,False
val_tune,11244289523,5,CW,"[[19.5, 23.0]]",3.5,2-5s,21.625,True,True,22.0,True,22.75,True,,,21.0,True,20.0,True,19.25,False,23.0,True,21.166666666666668,True,21.708333333333332,True,1.0,20,2,0.375,70,26,4,22.625,23.0,23.0,23.0,True,True,True,True,20.625,19.625,18.625,16.625,True,True,False,False
val_tune,8505893258,6,TC,"[[0.2, 14.4], [34.6, 37.0]]",16.6,>=10s,17.5175,True,False,17.559208333333334,False,18.309958333333334,False,18.810458333333333,False,16.307958333333332,False,15.056708333333333,False,14.556208333333334,False,18.810458333333333,False,16.474791666666665,False,17.559208333333334,False,0.1,20,25,0.0417,119,45,4,18.5175,19.5175,20.5175,22.5175,False,False,False,False,16.5175,15.5175,14.5175,12.5175,False,False,False,True
val_tune,3388598772,3,TC,"[[6.0, 11]]",5.0,5-10s,4.004,True,False,4.371033333333333,False,5.005,False,6.006,True,3.4701333333333335,False,3.003,False,2.469133333333333,False,4.7047,False,3.7037,False,4.371033333333333,False,0.65,20,10,0.367,46,18,4,5.004,6.004,7.004,9.004,False,True,True,True,3.004,2.004,1.004,0.0,False,False,False,False
val_tune,6516459343,10,CW,"[[38.0, 90.0]]",52.0,>=10s,47.8478,True,True,48.181466666666665,True,48.615233333333336,True,49.18246666666667,True,47.18046666666667,True,46.17946666666667,True,45.6456,True,48.615233333333336,True,46.17946666666667,True,47.9479,True,1.0,20,73,0.3337,362,154,4,48.8478,49.8478,50.8478,52.8478,True,True,True,True,46.8478,45.8478,44.8478,42.8478,True,True,True,True
val_tune,6297019062,0,CH,"[[6.6, 10.1], [23.2, 27.1], [35.4, 39.9], [48.2, 51.5]]",15.2,>=10s,48.9155,True,True,49.082366666666665,True,49.6496,True,50.08336666666667,True,48.08136666666667,False,47.48076666666667,False,47.08036666666667,False,49.082366666666665,True,48.481766666666665,True,49.015633333333334,True,0.3,20,16,0.1668,234,91,4,49.9155,50.9155,51.9155,53.9155,True,True,False,False,47.9155,46.9155,45.9155,43.9155,False,False,False,False
val_tune,7492398760,10,TN,"[[27.8, 31.4]]",3.6,2-5s,88.722,True,False,89.12236666666666,False,,,,,88.12136666666666,False,87.12036666666667,False,86.71996666666666,False,89.12236666666666,False,88.12136666666667,False,88.82206666666667,False,0.0,20,1,0.4004,361,123,4,89.722,90.0,90.0,90.0,False,False,False,False,87.722,86.722,85.722,83.722,False,False,False,False
val_tune,5549243726,1,CW,"[[5.4, 11.8], [13.2, 16.8]]",10.0,>=10s,3.637,True,False,4.037366666666666,False,5.038366666666667,False,5.638966666666667,True,3.036366666666667,False,2.0353666666666665,False,1.6016,False,4.371033333333333,False,2.0353666666666665,False,3.7370666666666668,False,0.6,20,22,0.4004,71,27,4,4.637,5.637,6.637,8.637,False,True,True,True,2.637,1.637,0.637,0.0,False,False,False,False
val_tune,2829462646,7,CW,"[[69.3, 77.1]]",7.8,5-10s,77.9779,True,False,78.078,False,78.4784,False,79.079,False,77.077,True,76.076,True,75.4754,True,78.71196666666667,False,77.71096666666666,False,78.04463333333334,False,0.0,20,9,0.1001,334,136,4,78.9779,79.9779,80.9779,82.9779,False,False,False,False,76.9779,75.9779,74.9779,72.9779,True,True,True,True
val_tune,5561024834,1,CW,"[[17.0, 20.3]]",3.3,2-5s,17.4167,True,True,17.541666666666668,True,18.041666666666668,True,18.791666666666668,True,16.291666666666668,False,15.541666666666666,False,15.041666666666666,False,17.666666666666668,True,12.958333333333334,False,17.541666666666668,True,0.15,20,24,0.125,127,45,4,18.4167,19.4167,20.4167,22.4167,True,True,False,False,16.4167,15.4167,14.4167,12.4167,False,False,False,False
val_tune,5801184682,9,TP,"[[20.3, 25.5]]",5.2,5-10s,3.84,True,False,3.88,False,4.72,False,5.2,False,2.68,False,1.6,False,0.8,False,6.16,False,3.68,False,3.88,False,0.1,20,81,0.04,301,85,4,4.84,5.84,6.84,8.84,False,False,False,False,2.84,1.84,0.84,0.0,False,False,False,False
val_tune,2930782930,1,CH,"[[17.6, 21.3]]",3.7,2-5s,27.1271,True,False,27.5275,False,28.028,False,28.6286,False,27.027,False,26.6266,False,26.026,False,27.961266666666667,False,26.659966666666666,False,27.5275,False,0.0,20,8,0.4004,126,53,4,28.1271,29.1271,30.1271,31.0,False,False,False,False,26.1271,25.1271,24.1271,22.1271,False,False,False,False
val_tune,3026084730,9,TN,"[[13.5, 15.9]]",2.4,2-5s,12.1121,True,False,12.379033333333334,False,13.013,False,13.6136,True,12.012,False,11.444766666666666,False,11.011,False,13.646966666666668,True,12.078733333333334,False,12.379033333333334,False,0.0,20,101,0.2669,295,122,4,13.1121,14.1121,15.1121,17.1121,False,True,True,False,11.1121,10.1121,9.1121,7.1121,False,False,False,False
val_tune,3383804222,3,TC,"[[21.9, 25.3]]",3.4,2-5s,13.7637,True,False,14.5145,False,15.015,False,15.598916666666666,False,13.096416666666666,False,12.5125,False,11.720041666666667,False,15.432083333333333,False,12.345666666666666,False,13.888875,False,0.1,20,38,0.7508,134,57,4,14.7637,15.7637,16.7638,18.7638,False,False,False,False,12.7637,11.7637,10.7637,8.7637,False,False,False,False
val_tune,3526597179,8,TN,"[[23.9, 26.9]]",3.0,2-5s,22.9896,True,False,23.023,False,24.024,True,24.6246,True,22.4224,False,22.022,False,21.388033333333333,False,24.157466666666668,True,22.689333333333334,False,23.023,False,0.75,20,8,0.0334,108,44,4,23.9896,24.9896,25.9896,27.0,True,True,True,False,21.9896,20.9896,19.9896,17.9896,False,False,False,False
val_tune,4378803532,8,TN,"[[19.9, 27.4]]",7.5,5-10s,21.0544,True,True,21.6216,True,22.055366666666668,True,22.455766666666666,True,20.053366666666665,True,19.4194,False,19.052366666666668,False,22.088733333333334,True,20.053366666666665,True,21.3213,True,0.15,20,38,0.5672,175,72,4,22.0544,23.0544,24.0544,26.0544,True,True,True,True,20.0544,19.0544,18.0544,16.0544,True,False,False,False
val_tune,4584426085,2,TN,"[[60.6, 66.6]]",6.0,5-10s,7.1405,True,False,7.374033333333333,False,8.008,False,8.6086,False,7.007,False,6.006,False,5.005,False,7.440766666666667,False,5.872533333333333,False,7.374033333333333,False,0.05,20,131,0.2336,360,141,4,8.1405,9.1405,10.1405,12.1405,False,False,False,False,6.1405,5.1405,4.1405,2.1405,False,False,False,False
val_tune,4968805923,1,TP,"[[0.0, 6.0]]",6.0,5-10s,3.003,True,True,3.6036,True,4.004,True,5.005,True,2.002,True,1.001,True,0.2002,True,3.937266666666667,True,2.5358666666666667,True,3.5035,True,0.3,20,11,0.6006,43,15,4,4.003,5.003,6.003,8.003,True,True,False,False,2.003,1.003,0.003,0.0,True,True,True,True
val_tune,8797589693,5,TN,"[[4.4, 9.4]]",5.0,5-10s,31.8986,True,False,32.0653987320654,False,34.1675008341675,False,34.53453453453454,False,31.33133133133133,False,30.864197530864196,False,30.463797130463796,False,31.998665331998666,False,30.497163830497165,False,31.9652986319653,False,0.0,20,69,0.1668,289,104,4,32.8986,33.8986,34.8986,36.8986,False,False,False,False,30.8986,29.8986,28.8986,26.8986,False,False,False,False
val_tune,5173770364,4,TN,"[[0.0, 2.9]]",2.9,2-5s,41.2412,True,False,41.6416,False,42.042,False,43.043,False,41.041,False,40.4404,False,40.04,False,43.71033333333333,False,40.507133333333336,False,41.4414,False,0.0,20,63,0.4004,320,127,4,42.2412,43.2412,44.2412,46.2412,False,False,False,False,40.2412,39.2412,38.2412,36.2412,False,False,False,False
val_tune,3441428429,7,CW,"[[20.5, 27.1], [51.5, 55.2]]",10.3,>=10s,19.7531,True,False,20.02,False,20.4204,False,21.021,True,19.652966666666668,False,19.019,False,18.6186,False,20.053366666666665,False,18.952266666666667,False,19.853166666666667,False,0.3,20,108,0.2669,360,140,4,20.7531,21.7531,22.7531,24.7531,True,True,True,True,18.7531,17.7531,16.7531,14.7531,False,False,False,False
val_tune,4147398280,2,CH,"[[12.2, 14.8], [45.8, 48.8]]",5.6,5-10s,9.5095,True,False,10.01,False,10.4104,False,11.011,False,9.009,False,8.6086,False,8.008,False,10.043366666666667,False,9.042366666666666,False,10.01,False,0.2,20,85,0.5005,230,103,4,10.5095,11.5095,12.5095,14.5095,False,False,True,True,8.5095,7.5095,6.5095,4.5095,False,False,False,False
val_tune,3557498300,5,CW,"[[4.6, 18.4]]",13.8,>=10s,0.2002,True,False,0.3003,False,1.001,False,2.002,False,,,,,,,6.239566666666667,True,0.0,False,0.3003,False,0.5,20,45,0.1001,114,45,4,1.2002,2.2002,3.2002,5.2002,False,False,False,True,0.0,0.0,0.0,0.0,False,False,False,False
val_tune,4272084125,8,CH,"[[0.1, 3.9]]",3.8,2-5s,7.4074,True,False,8.008,False,9.009,False,9.5095,False,7.007,False,6.006,False,5.572233333333333,False,9.175833333333333,False,5.071733333333333,False,7.6076,False,0.0,20,25,0.6006,99,36,4,8.4074,9.4074,10.4074,12.4074,False,False,False,False,6.4074,5.4074,4.4074,2.4074,False,False,False,True
val_tune,4915733559,2,CW,"[[33.4, 35.2]]",1.8,<2s,1.7684,True,False,2.002,False,2.6026,False,3.003,False,1.5682333333333334,False,1.001,False,0.3670333333333333,False,6.039366666666667,False,0.0,False,1.9686333333333332,False,0.0,20,56,0.2336,143,59,4,2.7684,3.7684,4.7684,6.7684,False,False,False,False,0.7684,0.0,0.0,0.0,False,False,False,False
val_tune,7531285946,7,CW,"[[12.2, 18.9]]",6.7,5-10s,8.5419,True,False,9.042366666666666,False,9.542866666666667,False,10.043366666666667,False,8.041366666666667,False,7.6409666666666665,False,7.040366666666666,False,9.275933333333333,False,8.241566666666667,False,8.641966666666667,False,0.15,20,50,0.5005,162,66,4,9.5419,10.5419,11.5419,13.5419,False,False,False,True,7.5419,6.5419,5.5419,3.5419,False,False,False,False
val_tune,3445431963,5,TN,"[[6.4, 10.7]]",4.3,2-5s,42.8345,True,False,43.71033333333333,False,44.461083333333335,False,44.96158333333333,False,42.45908333333333,False,41.83345833333333,False,41.20783333333333,False,45.044999999999995,False,41.916875,False,42.917875,False,0.0,20,15,0.8759,171,70,4,43.8345,44.8345,45.8345,47.8345,False,False,False,False,41.8345,40.8345,39.8345,37.8345,False,False,False,False
val_tune,2957808913,10,TC,"[[0.0, 1.8]]",1.8,<2s,3.4034,True,False,3.6036,False,4.004,False,4.5045,False,3.003,False,2.3690333333333333,False,2.002,False,4.637966666666666,False,2.6693333333333333,False,3.6036,False,0.0,20,31,0.2002,80,36,4,4.4034,5.4034,6.4034,8.4034,False,False,False,False,2.4034,1.4034,0.4034,0.0,False,True,True,True
val_tune,7331927796,9,TN,"[[13.9, 14.6]]",0.7,<2s,14.3143,True,True,15.048366666666666,False,15.648966666666666,False,16.049366666666668,False,14.047366666666667,True,13.646966666666666,False,13.046366666666666,False,16.950266666666668,False,11.878533333333333,False,14.9149,False,0.0,20,5,0.7341,70,29,4,15.3143,16.3143,17.0,17.0,False,False,False,False,13.3143,12.3143,11.3143,9.3143,False,False,False,False
val_tune,2535384528,0,CH,"[[3.6, 4.5]]",0.9,<2s,13.2,True,False,13.8,False,14.52,False,,,12.0,False,11.4,False,10.8,False,15.04,False,11.92,False,13.68,False,0.0,20,2,0.6,51,20,4,14.2,15.0,15.0,15.0,False,False,False,False,12.2,11.2,10.2,8.2,False,False,False,False
val_tune,8575881495,9,CH,"[[24.8, 33.3]]",8.5,5-10s,31.0644,True,True,32.06536666666667,True,32.46576666666667,True,33.06636666666667,True,30.563866666666666,True,30.063366666666667,True,29.462766666666667,True,31.96526666666667,True,30.897533333333335,True,31.865166666666667,True,0.0,20,57,1.001,267,108,4,32.0644,33.0644,34.0644,36.0644,True,True,False,False,30.0644,29.0644,28.0644,26.0644,True,True,True,True
val_tune,10127533784,7,CW,"[[3.9, 7.3], [9.4, 11.5], [12.7, 17.6]]",10.4,>=10s,6.1395,True,True,6.67334000667334,True,8.008008008008009,False,8.541875208541875,False,5.638972305638973,True,4.004004004004004,True,3.53687020353687,False,7.640974307640975,False,5.071738405071739,True,6.206206206206206,True,0.55,20,18,0.5339,70,26,4,7.1395,8.1395,9.1395,11.1395,True,False,False,True,5.1395,4.1395,3.1395,1.1395,True,True,False,False
val_tune,4765717907,9,CW,"[[21.7, 23.2]]",1.5,<2s,34.7013,True,False,35.035,False,36.036,False,37.037,False,34.501133333333335,False,34.034,False,33.600233333333335,False,34.734700000000004,False,32.96626666666667,False,34.9349,False,0.0,20,7,0.3337,159,63,4,35.7013,36.7013,37.7013,39.0,False,False,False,False,33.7013,32.7013,31.7013,29.7013,False,False,False,False
val_tune,5885887012,3,TN,"[[3.9, 31.9]]",28.0,>=10s,20.0534,True,True,20.653966666666665,True,21.054366666666667,True,21.554866666666666,True,19.552866666666667,True,19.052366666666668,True,18.551866666666665,True,21.054366666666667,True,19.786433333333335,True,20.653966666666665,True,1.0,20,20,0.6006,128,55,4,21.0534,22.0534,23.0534,25.0534,True,True,True,True,19.0534,18.0534,17.0534,15.0534,True,True,True,True
val_tune,5504913999,5,CW,"[[7.7, 29.6], [39.8, 46.6]]",28.7,>=10s,32.7661,True,False,33.06636666666667,False,33.56686666666667,False,34.067366666666665,False,32.565866666666665,False,32.06536666666667,False,31.66496666666667,False,33.09973333333333,False,32.06536666666667,False,32.866166666666665,False,0.25,20,26,0.3003,199,71,4,33.7661,34.7661,35.7661,37.7661,False,False,False,False,31.7661,30.7661,29.7661,27.7661,False,False,False,True
val_tune,3383804222,4,TN,"[[26.3, 30.3]]",4.0,2-5s,19.8949,True,False,20.02,False,20.562208333333334,False,21.27125,False,19.561208333333333,False,18.76875,False,17.5175,False,20.270249999999997,False,19.26925,False,19.978291666666667,False,0.05,20,30,0.1251,134,57,4,20.8949,21.8949,22.8949,24.8949,False,False,False,False,18.8949,17.8949,16.8949,14.8949,False,False,False,False
val_tune,3388598772,4,TC,"[[6.3, 9.8]]",3.5,2-5s,7.7077,True,True,8.008,True,9.009,True,9.576233333333333,True,7.007,True,6.6066,True,6.006,False,7.9412666666666665,True,5.939266666666667,False,8.008,True,0.35,20,5,0.3003,46,18,4,8.7077,9.7077,10.7077,11.0,True,True,False,False,6.7077,5.7077,4.7077,2.7077,True,False,False,False
val_tune,2957808913,2,TC,"[[8.7, 14.7]]",6.0,5-10s,3.4034,True,False,3.6036,False,4.004,False,4.5045,False,3.003,False,2.3690333333333333,False,2.002,False,4.637966666666666,False,2.6693333333333333,False,3.6036,False,0.3,20,31,0.2002,80,36,4,4.4034,5.4034,6.4034,8.4034,False,False,False,False,2.4034,1.4034,0.4034,0.0,False,False,False,False
val_tune,3145698830,5,CW,"[[37.8, 43.5]]",5.7,5-10s,40.3403,True,True,41.041,True,42.042,True,42.4424,True,40.04,True,39.50613333333333,True,39.039,True,41.97526666666667,True,40.10673333333333,True,40.6406,True,0.1,20,33,0.7007,236,98,4,41.3403,42.3403,43.3403,45.3403,True,True,True,False,39.3403,38.3403,37.3403,35.3403,True,True,False,False
val_tune,4798585428,5,CW,"[[59.3, 60.7]]",1.4,<2s,59.7263,True,True,60.06,True,60.5605,True,61.061,False,59.62623333333333,True,59.059,False,58.058,False,59.9599,True,58.992266666666666,False,60.06,True,0.0,20,48,0.3337,360,135,4,60.7263,61.7263,62.7263,64.7263,False,False,False,False,58.7263,57.7263,56.7263,54.7263,False,False,False,False
val_tune,4412508597,1,TC,"[[0.4, 6.0]]",5.6,5-10s,3.4701,True,True,4.004,True,4.571233333333334,True,5.005,True,3.003,True,2.6026,True,2.002,True,4.237566666666667,True,2.9362666666666666,True,3.7704333333333335,True,0.3,20,12,0.5339,48,18,4,4.4701,5.4701,6.4701,8.4701,True,True,False,False,2.4701,1.4701,0.4701,0.0,True,True,True,False
val_tune,3372023610,12,TN,"[[29.2, 31.4]]",2.2,2-5s,24.8915,True,False,25.025,False,25.4254,False,26.026,False,24.024,False,23.490133333333333,False,23.023,False,25.058366666666668,False,23.523500000000002,False,24.991633333333333,False,0.35,20,16,0.1335,136,55,4,25.8915,26.8915,27.8915,29.8915,False,False,False,True,23.8915,22.8915,21.8915,19.8915,False,False,False,False
val_tune,3814690167,2,CW,"[[2.9, 15]]",12.1,>=10s,1.9019,True,False,2.002,False,2.4024,False,3.003,True,1.5015,False,1.001,False,0.2002,False,2.5025,False,0.0,False,2.002,False,0.95,20,25,0.1001,62,28,4,2.9019,3.9019,4.9019,6.9019,True,True,True,True,0.9019,0.0,0.0,0.0,False,False,False,False
val_tune,6618792571,7,TN,"[[40.5, 48.0]]",7.5,5-10s,63.697,True,False,64.09736666666667,False,65.09836666666666,False,66.09936666666667,False,63.09636666666667,False,62.09536666666666,False,61.49476666666666,False,64.3643,False,62.99626666666667,False,63.797066666666666,False,0.0,20,33,0.4004,336,135,4,64.697,65.697,66.697,68.697,False,False,False,False,62.697,61.697,60.697,58.697,False,False,False,False
val_tune,11871253306,0,CW,"[[2.7, 5.3]]",2.6,2-5s,6.2729,True,False,7.040366666666666,False,8.008,False,8.6086,False,6.006,False,5.572233333333333,False,5.038366666666667,True,10.443766666666667,False,5.338666666666667,False,6.773433333333333,False,0.0,20,67,0.7674,173,74,4,7.2729,8.2729,9.2729,11.2729,False,False,False,False,5.2729,4.2729,3.2729,1.2729,True,True,True,False
val_tune,5173770364,0,TN,"[[2.7, 9.5]]",6.8,5-10s,6.5065,True,True,7.007,True,8.008,True,9.009,True,6.006,True,5.5055,True,5.005,True,6.773433333333333,True,5.772433333333334,True,6.7067,True,0.1,20,117,0.5005,320,127,4,7.5065,8.5065,9.5065,11.5065,True,True,False,False,5.5065,4.5065,3.5065,1.5065,True,True,True,False
val_tune,4420239986,9,CW,"[[1.1, 19.2]]",18.1,>=10s,18.9856,True,True,20.02,False,20.4204,False,20.8208,False,18.6186,True,18.018,True,17.6176,True,21.054366666666667,False,17.650966666666665,True,19.019,True,0.05,20,5,1.0344,90,37,4,19.9856,20.9856,21.9856,22.0,False,False,False,False,17.9856,16.9856,15.9856,13.9856,True,True,True,True
val_tune,8531675050,2,CW,"[[1.0, 4.7]]",3.7,2-5s,48.682,True,False,49.082366666666665,False,50.08336666666667,False,50.717333333333336,False,48.08136666666667,False,47.68096666666667,False,47.08036666666667,False,49.082366666666665,False,47.881166666666665,False,49.082366666666665,False,0.0,20,9,0.4004,216,90,4,49.682,50.682,51.682,53.682,False,False,False,False,47.682,46.682,45.682,43.682,False,False,False,False
val_tune,2454242177,10,TC,"[[18.5, 31.8]]",13.3,>=10s,23.7237,True,True,24.024,True,24.5245,True,25.025,True,23.5235,True,23.023,True,22.5225,True,31.164466666666666,True,21.154466666666668,True,24.024,True,0.3,20,44,0.3003,212,81,4,24.7237,25.7237,26.7237,28.7237,True,True,True,True,22.7237,21.7237,20.7237,18.7237,True,True,True,True
val_tune,6895608152,3,CH,"[[17.2, 23.7], [25.3, 30.8]]",12.0,>=10s,74.2,True,False,74.44,False,74.92,False,75.64,False,73.96,False,73.24,False,72.64,False,74.44,False,73.24,False,74.44,False,0.0,20,19,0.24,291,127,4,75.2,76.2,77.2,79.2,False,False,False,False,73.2,72.2,71.2,69.2,False,False,False,False
val_tune,3963997053,5,TC,"[[5.9, 7.9], [9.8, 10.3]]",2.5,2-5s,8.008,True,False,9.009,False,9.376033333333334,False,10.01,True,7.007,True,6.006,True,5.4054,False,13.546866666666666,False,5.638966666666667,False,8.575233333333333,False,0.0,20,17,1.001,78,31,4,9.008,10.008,11.008,13.008,False,True,False,False,7.008,6.008,5.008,3.008,True,True,False,False
val_tune,4166942239,8,TN,"[[5.9, 14.1]]",8.2,5-10s,1.9019,True,False,2.002,False,2.4024,False,3.003,False,1.001,False,0.4004,False,,,2.0353666666666665,False,1.3346666666666667,False,2.002,False,0.35,20,28,0.1001,79,30,4,2.9019,3.9019,4.9019,6.9019,False,False,False,True,0.9019,0.0,0.0,0.0,False,False,False,False
val_tune,4333544549,6,CW,"[[18.2, 21.6]]",3.4,2-5s,3.7037,True,False,4.004,False,5.005,False,6.006,False,3.5035,False,3.003,False,2.5025,False,4.437766666666667,False,2.9362666666666666,False,4.004,False,0.1,20,58,0.3003,143,66,4,4.7037,5.7037,6.7037,8.7037,False,False,False,False,2.7037,1.7037,0.7037,0.0,False,False,False,False
val_tune,7531285946,6,CH,"[[5.4, 18.0]]",12.6,>=10s,22.4558,True,False,22.555866666666667,False,22.989633333333334,False,23.490133333333333,False,21.688333333333333,False,21.054366666666667,False,20.5205,False,24.424400000000002,False,20.820800000000002,False,22.555866666666667,False,0.0,20,28,0.1001,162,66,4,23.4558,24.4558,25.4558,27.4558,False,False,False,False,21.4558,20.4558,19.4558,17.4558,False,False,False,True
val_tune,5504913999,7,TC,"[[8.0, 31.3]]",23.3,>=10s,37.0704,True,False,37.670966666666665,False,38.07136666666667,False,38.67196666666667,False,36.06936666666667,False,35.568866666666665,False,35.06836666666667,False,38.07136666666667,False,33.09973333333333,False,37.47076666666667,False,0.0,20,18,0.6006,199,71,4,38.0704,39.0704,40.0704,42.0704,False,False,False,False,36.0704,35.0704,34.0704,32.0704,False,False,False,False
val_tune,5623068492,0,CW,"[[0.8, 78.7]]",77.9,>=10s,71.0043,True,True,71.10436666666666,True,71.50476666666667,True,72.10536666666667,True,70.10336666666667,True,69.10236666666667,True,68.50176666666667,True,71.13773333333333,True,70.43703333333333,True,71.10436666666666,True,0.85,20,13,0.1001,319,137,4,72.0043,73.0043,74.0043,76.0043,True,True,True,True,70.0043,69.0043,68.0043,66.0043,True,True,True,True
val_tune,6690256857,7,CW,"[[3.0, 8.2]]",5.2,5-10s,2.8362,True,False,3.036366666666667,True,4.037366666666666,True,5.038366666666667,True,2.0353666666666665,False,1.0343666666666667,False,0.33366666666666667,False,4.037366666666666,True,2.0353666666666665,False,2.9362666666666666,False,0.85,20,13,0.2002,47,16,4,3.8362,4.8362,5.8362,7.8362,True,True,True,True,1.8362,0.8362,0.0,0.0,False,False,False,False
val_tune,11566980553,7,TN,"[[7.2, 16.7]]",9.5,5-10s,10.0767,True,True,11.01101101101101,True,11.745078411745078,True,12.746079412746079,True,9.743076409743077,True,9.376042709376042,True,8.70870870870871,True,10.41041041041041,True,9.50950950950951,True,10.71071071071071,True,0.1,20,69,0.9343,228,84,4,11.0767,12.0767,13.0767,15.0767,True,True,True,True,9.0767,8.0767,7.0767,5.0767,True,True,False,False
val_tune,3943634344,5,CH,"[[1.8, 18.2]]",16.4,>=10s,20.6206,True,False,20.8208,False,,,,,20.02,False,19.019,False,18.018,True,20.9209,False,18.051366666666667,True,20.8208,False,0.0,20,1,0.2002,84,37,4,21.0,21.0,21.0,21.0,False,False,False,False,19.6206,18.6206,17.6206,15.6206,False,False,True,True
val_tune,2679328607,8,CH,"[[7.7, 9.7], [19.9, 21.8], [25.6, 26.9], [32.4, 34.7]]",7.5,5-10s,10.744,True,False,11.011,False,12.012,False,13.013,False,10.01,False,9.009,True,8.008,True,11.04448938321537,False,10.043478260869566,False,10.877,False,0.1,20,34,0.267,141,49,4,11.744,12.744,13.744,15.744,False,False,False,False,9.744,8.744,7.744,5.744,False,True,True,False
val_tune,6898821807,9,TN,"[[15.3, 16.9]]",1.6,<2s,0.0334,True,False,0.13346666666666668,False,0.9009,False,1.3013,False,,,,,,,1.8018,False,0.0,False,0.13346666666666668,False,0.1,20,33,0.1001,79,33,4,1.0334,2.0334,3.0334,5.0334,False,False,False,False,0.0,0.0,0.0,0.0,False,False,False,False
val_tune,8211075660,0,TN,"[[31.2, 50.6]]",19.4,>=10s,33.8672,True,True,34.067366666666665,True,34.667966666666665,True,35.06836666666667,True,33.06636666666667,True,32.66596666666667,True,32.06536666666667,True,34.067366666666665,True,33.06636666666667,True,33.96726666666667,True,0.7,20,31,0.2002,217,90,4,34.8672,35.8672,36.8672,38.8672,True,True,True,True,32.8672,31.8672,30.8672,28.8672,True,True,False,False
val_tune,6253433310,2,CW,"[[2.8, 3.6], [7.2, 8.3], [12.2, 13.1], [15.7, 16.9]]",4.0,2-5s,1.8352,True,False,2.2355666666666667,False,3.1364666666666667,True,3.5368666666666666,True,1.6349666666666667,False,1.0343666666666667,False,0.33366666666666667,False,2.7027,False,1.5682333333333334,False,2.0353666666666665,False,0.05,20,28,0.4004,91,31,4,2.8352,3.8352,4.8352,6.8352,True,False,False,False,0.8352,0.0,0.0,0.0,False,False,False,False
val_tune,4636208292,5,TN,"[[28.7, 34.0]]",5.3,5-10s,41.7417,True,False,42.042,False,42.4424,False,43.043,False,41.041,False,40.6406,False,40.04,False,42.175466666666665,False,41.408033333333336,False,41.8418,False,0.0,20,70,0.3003,344,135,4,42.7417,43.7417,44.7417,46.7417,False,False,False,False,40.7417,39.7417,38.7417,36.7417,False,False,False,False
val_tune,7114553643,7,TN,"[[52.6, 59.8]]",7.2,5-10s,1.1345,True,False,1.5348666666666666,False,2.0353666666666665,False,2.6359666666666666,False,1.0343666666666667,False,0.33366666666666667,False,,,1.5348666666666666,False,0.0,False,1.4347666666666667,False,0.2,20,115,0.4004,264,117,4,2.1345,3.1345,4.1345,6.1345,False,False,False,False,0.1345,0.0,0.0,0.0,False,False,False,False
val_tune,3155382178,3,CW,"[[9.9, 22.2]]",12.3,>=10s,14.8482,True,True,15.015,True,15.648966666666666,True,16.016,True,14.447766666666666,True,14.014,True,13.013,True,15.448766666666668,True,13.713700000000001,True,15.015,True,0.65,20,22,0.1668,115,41,4,15.8482,16.8482,17.8482,19.8482,True,True,True,True,13.8482,12.8482,11.8482,9.8482,True,True,True,False
val_tune,3340340268,4,CW,"[[39.5, 43.0]]",3.5,2-5s,20.9876,True,False,21.3213,False,22.022,False,22.5225,False,20.5205,False,20.02,False,19.652966666666668,False,23.089733333333335,False,20.587233333333334,False,21.021,False,0.15,20,33,0.3337,172,67,4,21.9876,22.9876,23.9876,25.9876,False,False,False,False,19.9876,18.9876,17.9876,15.9876,False,False,False,False
val_tune,3455926688,3,CH,"[[0.5, 17.8]]",17.3,>=10s,7.44,True,True,8.4,True,8.88,True,9.84,True,7.2,True,6.72,True,6.0,True,8.32,True,6.76,True,7.56,True,0.65,20,21,0.96,74,32,4,8.44,9.44,10.44,12.44,True,True,True,True,6.44,5.44,4.44,2.44,True,True,True,True
val_tune,2712662377,1,CW,"[[26.1, 30.1]]",4.0,2-5s,14.014,True,False,15.015,False,15.482133333333334,False,16.016,False,13.6136,False,13.013,False,12.579233333333333,False,14.948266666666667,False,13.9139,False,14.2142,False,0.25,20,35,1.001,140,58,4,15.014,16.014,17.014,19.014,False,False,False,False,13.014,12.014,11.014,9.014,False,False,False,False
val_tune,4219909195,4,TN,"[[15.8, 23.0]]",7.2,5-10s,27.5609,True,False,27.660966666666667,False,28.028,False,29.029,False,27.027,False,26.4264,False,26.026,False,28.595233333333333,False,26.192833333333333,False,27.660966666666667,False,0.0,20,8,0.1001,136,53,4,28.5609,29.5609,30.5609,32.5609,False,False,False,False,26.5609,25.5609,24.5609,22.5609,False,False,False,True
val_tune,3708066257,7,TN,"[[0.8, 4.4]]",3.6,2-5s,18.7688,True,False,19.394375,False,,,,,18.018,False,17.5175,False,16.26625,False,19.686333333333334,False,17.68433333333333,False,19.144125,False,0.0,20,1,0.6256,64,29,4,19.7688,20.0,20.0,20.0,False,False,False,False,17.7688,16.7688,15.7688,13.7688,False,False,False,False
val_tune,7416295940,3,TC,"[[60.1, 68.5]]",8.4,5-10s,74.0406,True,False,74.74133333333333,False,75.34193333333333,False,75.74233333333333,False,73.74033333333334,False,72.73933333333333,False,72.13873333333333,False,74.074,False,73.23983333333334,False,74.74133333333333,False,0.0,20,9,0.7007,351,122,4,75.0406,76.0406,77.0406,79.0406,False,False,False,False,73.0406,72.0406,71.0406,69.0406,False,False,False,False
val_tune,6618792571,6,TN,"[[40.4, 46.2]]",5.8,5-10s,36.1695,True,False,36.66996666666667,False,37.070366666666665,False,37.47076666666667,False,36.06936666666667,False,35.66896666666667,False,35.06836666666667,False,36.87016666666667,False,34.968266666666665,False,36.66996666666667,False,0.05,20,78,0.5005,336,135,4,37.1695,38.1695,39.1695,41.1695,False,False,False,True,35.1695,34.1695,33.1695,31.1695,False,False,False,False
val_tune,10042935613,9,CH,"[[34.5, 37.7]]",3.2,2-5s,25.1919,True,False,25.392058725392058,False,26.026026026026027,False,26.626626626626628,False,24.024024024024023,False,23.490156823490157,False,22.489155822489156,False,26.526526526526528,False,23.790457123790457,False,25.392058725392058,False,0.05,20,44,0.2002,200,75,4,26.1919,27.1919,28.1919,30.1919,False,False,False,False,24.1919,23.1919,22.1919,20.1919,False,False,False,False
val_tune,4612723694,5,CW,"[[39.8, 49.0]]",9.2,5-10s,13.013,True,False,13.646966666666666,False,14.014,False,14.447766666666666,False,12.545866666666667,False,12.012,False,11.011,False,14.481133333333334,False,10.176833333333333,False,13.480133333333333,False,0.25,20,69,0.634,225,93,4,14.013,15.013,16.013,18.013,False,False,False,False,12.013,11.013,10.013,8.013,False,False,False,False
val_tune,7605329840,9,CW,"[[16.4, 18.8]]",2.4,2-5s,0.1335,True,False,0.23356666666666667,False,1.0343666666666667,False,2.0353666666666665,False,,,,,,,1.2679333333333334,False,0.0,False,0.23356666666666667,False,0.05,20,31,0.1001,86,31,4,1.1335,2.1335,3.1335,5.1335,False,False,False,False,0.0,0.0,0.0,0.0,False,False,False,False
val_tune,6291413193,4,TC,"[[24.4, 29.9], [36.9, 46.9], [60.0, 66]]",21.5,>=10s,43.8438,True,True,44.07736666666667,True,45.07836666666667,True,46.079366666666665,True,43.076366666666665,True,42.5425,True,42.07536666666667,True,44.5445,True,43.376666666666665,True,43.9439,True,0.4,20,32,0.2336,264,101,4,44.8438,45.8438,46.8438,48.8438,True,True,True,False,42.8438,41.8438,40.8438,38.8438,True,True,True,True
val_tune,8464056582,7,TN,"[[39.9, 55.9]]",16.0,>=10s,14.2917,True,False,15.041666666666666,False,15.791666666666666,False,16.291666666666668,False,13.791666666666666,False,13.041666666666666,False,12.541666666666666,False,14.916666666666666,False,13.583333333333334,False,14.416666666666666,False,0.6,20,56,0.75,179,75,4,15.2917,16.2917,17.2917,19.2917,False,False,False,False,13.2917,12.2917,11.2917,9.2917,False,False,False,False
val_tune,9473479950,3,TC,"[[9.0, 16.9]]",7.9,5-10s,12.012,True,True,12.979646312979646,True,14.014014014014014,True,14.681348014681348,True,11.21121121121121,True,10.477143810477143,True,10.01001001001001,True,12.045378712045379,True,11.044377711044378,True,12.979646312979646,True,0.6,20,10,0.9676,72,26,4,13.012,14.012,15.012,17.012,True,True,True,False,11.012,10.012,9.012,7.012,True,True,True,False
val_tune,3375218204,6,TN,"[[20.9, 23.0]]",2.1,2-5s,65.065,True,False,65.59886666666667,False,66.066,False,67.067,False,64.43103333333333,False,64.064,False,63.69696666666667,False,68.00126666666667,False,57.99126666666667,False,65.09836666666666,False,0.0,20,14,0.5339,299,118,4,66.065,67.065,68.065,70.065,False,False,False,False,64.065,63.065,62.065,60.065,False,False,False,False
val_tune,6964124866,4,CH,"[[9.3, 14.3]]",5.0,5-10s,11.9453,True,True,12.045366666666666,True,12.545866666666667,True,13.046366666666666,True,11.444766666666666,True,11.044366666666667,True,10.6106,True,12.078733333333334,True,11.044366666666667,True,12.045366666666666,True,0.5,20,9,0.1001,70,30,4,12.9453,13.9453,14.9453,16.9453,True,True,False,False,10.9453,9.9453,8.9453,6.9453,True,True,False,False
val_tune,4244817395,4,CW,"[[62.8, 67]]",4.2,2-5s,66.12,True,True,67.16,False,,,,,65.64,True,64.8,True,64.32,True,66.44,True,64.72,True,66.24,True,0.45,20,1,1.04,226,96,4,67.0,67.0,67.0,67.0,True,True,True,True,65.12,64.12,63.12,61.12,True,True,True,False
val_tune,4412508597,3,TC,"[[5.9, 11.5]]",5.6,5-10s,3.2699,True,False,3.4701333333333335,False,4.004,False,4.571233333333334,False,3.003,False,2.6026,False,2.002,False,4.237566666666667,False,2.9362666666666666,False,3.4701333333333335,False,0.65,20,13,0.2002,48,18,4,4.2699,5.2699,6.2699,8.2699,False,False,True,True,2.2699,1.2699,0.2699,0.0,False,False,False,False
val_tune,5237219621,6,TN,"[[77.9, 89]]",11.1,>=10s,46.6466,True,False,47.047,False,48.048,False,48.4484,False,46.5465,False,46.046,False,45.67896666666667,False,47.38066666666667,False,46.11273333333333,False,46.8468,False,0.35,20,72,0.4004,358,150,4,47.6466,48.6466,49.6466,51.6466,False,False,False,False,45.6466,44.6466,43.6466,41.6466,False,False,False,False
val_tune,3345608051,7,CH,"[[29.9, 62.5]]",32.6,>=10s,49.2,True,True,49.84,True,50.32,True,51.0,True,48.6,True,48.0,True,46.8,True,49.76,True,49.04,True,49.56,True,0.3,20,51,0.64,300,111,4,50.2,51.2,52.2,54.2,True,True,True,True,48.2,47.2,46.2,44.2,True,True,True,True
val_tune,4949582792,0,CW,"[[0.1, 4.2]]",4.1,2-5s,63.3633,True,False,64.064,False,64.6646,False,65.065,False,63.063,False,62.4624,False,62.062,False,63.99726666666667,False,62.69596666666667,False,63.9639,False,0.0,20,44,0.7007,353,148,4,64.3633,65.3633,66.3633,68.3633,False,False,False,False,62.3633,61.3633,60.3633,58.3633,False,False,False,False
val_tune,4272084125,6,TN,"[[12.7, 17.9]]",5.2,5-10s,3.9706,True,False,4.270933333333334,False,5.2052,False,5.572233333333333,False,3.5035,False,3.003,False,2.002,False,5.071733333333333,False,1.1678333333333333,False,4.004,False,0.35,20,31,0.3003,99,36,4,4.9706,5.9706,6.9706,8.9706,False,False,False,False,2.9706,1.9706,0.9706,0.0,False,False,False,False
val_tune,5561024834,2,CW,"[[26.4, 36.6]]",10.2,>=10s,24.0417,True,False,25.041666666666668,False,25.541666666666668,False,26.291666666666668,False,23.791666666666668,False,22.541666666666668,False,21.291666666666668,False,24.333333333333332,False,20.625,False,24.916666666666668,False,0.85,20,17,1.0,127,45,4,25.0417,26.0417,27.0417,29.0417,False,False,True,True,23.0417,22.0417,21.0417,19.0417,False,False,False,False
val_tune,8253302563,1,TN,"[[29.9, 42.6]]",12.7,>=10s,3.375,True,False,3.7916666666666665,False,4.291666666666667,False,5.041666666666667,False,3.0416666666666665,False,2.5416666666666665,False,2.0416666666666665,False,5.625,False,1.5,False,3.7916666666666665,False,0.15,20,56,0.4167,142,61,4,4.375,5.375,6.375,8.375,False,False,False,False,2.375,1.375,0.375,0.0,False,False,False,False
val_tune,4984331176,5,CW,"[[7.5, 9.0]]",1.5,<2s,6.7067,True,False,7.007,False,7.6076,True,8.008,True,6.6066,False,6.006,False,5.6056,False,6.740066666666666,False,5.939266666666667,False,7.007,False,0.6,20,6,0.3003,40,18,4,7.7067,8.7067,9.7067,10.0,True,True,False,False,5.7067,4.7067,3.7067,1.7067,False,False,False,False
val_tune,3303565503,2,CW,"[[5.5, 15.6]]",10.1,>=10s,14.8148,True,True,15.015,True,15.4154,True,16.016,False,14.014,True,13.4134,True,13.013,True,15.849166666666667,False,13.747066666666667,True,14.9149,True,0.1,20,37,0.2002,150,60,4,15.8148,16.8148,17.8148,19.8148,False,False,False,False,13.8148,12.8148,11.8148,9.8148,True,True,True,True
val_tune,5803861992,2,CW,"[[0.6, 69.9]]",69.3,>=10s,5.1385,True,True,5.472133333333334,True,6.039366666666667,True,6.439766666666666,True,4.537866666666667,True,4.037366666666666,True,3.6369666666666665,True,5.939266666666667,True,4.671333333333333,True,5.472133333333334,True,0.95,20,99,0.3337,290,109,4,6.1385,7.1385,8.1385,10.1385,True,True,True,True,4.1385,3.1385,2.1385,0.1385,True,True,True,False
val_tune,8024853715,0,CW,"[[2.0, 4.0], [5.3, 6.9], [9.5, 11.3]]",5.4,5-10s,1.5432,True,False,2.544208333333333,True,3.7954583333333334,True,5.046708333333333,False,1.2929583333333334,False,0.5422083333333333,False,,,1.9185833333333333,False,1.1678333333333333,False,1.6683333333333332,False,0.4,20,21,1.001,66,23,4,2.5432,3.5432,4.5432,6.5432,True,True,False,True,0.5432,0.0,0.0,0.0,False,False,False,False
val_tune,5297811305,5,TN,"[[0.1, 4.0]]",3.9,2-5s,23.2232,True,False,23.6236,False,,,,,23.023,False,22.022,False,21.021,False,24.024,False,19.953266666666668,False,23.3233,False,0.0,20,1,0.4004,96,38,4,24.0,24.0,24.0,24.0,False,False,False,False,22.2232,21.2232,20.2232,18.2232,False,False,False,False
val_tune,13569831214,9,CW,"[[54.1, 55.5]]",1.4,<2s,39.2392,True,False,39.70637303970637,False,40.20687354020687,False,40.77410744077411,False,38.23823823823824,False,37.83783783783784,False,37.03703703703704,False,40.37370704037371,False,37.60427093760427,False,39.70637303970637,False,0.0,20,26,0.4671,199,88,4,40.2392,41.2392,42.2392,44.2392,False,False,False,False,38.2392,37.2392,36.2392,34.2392,False,False,False,False
val_tune,2584172238,9,TC,"[[9.6, 12.2]]",2.6,2-5s,10.01,True,True,11.26125,True,12.012,True,12.5125,False,8.75875,False,8.25825,False,7.5075,False,15.598916666666666,False,9.426083333333333,False,10.135125,True,0.05,20,28,1.2513,96,42,4,11.01,12.01,13.01,15.01,True,True,False,False,9.01,8.01,7.01,5.01,False,False,False,False
val_tune,2978295992,7,CW,"[[39.0, 43.2]]",4.2,2-5s,6.9167,True,False,7.5,False,8.083333333333334,False,8.75,False,6.25,False,5.0,False,4.5,False,7.416666666666667,False,5.958333333333333,False,7.083333333333333,False,0.1,20,51,0.5833,142,59,4,7.9167,8.9167,9.9167,11.9167,False,False,False,False,5.9167,4.9167,3.9167,1.9167,False,False,False,False
val_tune,4857781123,0,CW,"[[0.5, 6.9]]",6.4,5-10s,19.019,True,False,19.6196,False,20.02,False,21.021,False,18.6186,False,18.018,False,17.017,False,22.155466666666666,False,17.951266666666665,False,19.1191,False,0.0,20,25,0.6006,147,55,4,20.019,21.019,22.019,24.019,False,False,False,False,18.019,17.019,16.019,14.019,False,False,False,False
val_tune,6143391925,7,TN,"[[26.6, 32.3]]",5.7,5-10s,15.3153,True,False,15.582233333333333,False,16.049366666666668,False,17.050366666666665,False,15.048366666666666,False,14.447766666666666,False,14.047366666666667,False,15.9159,False,14.881533333333334,False,15.582233333333333,False,0.1,20,37,0.2669,162,59,4,16.3153,17.3153,18.3153,20.3153,False,False,False,False,14.3153,13.3153,12.3153,10.3153,False,False,False,False
val_tune,4955723618,9,CW,"[[15.9, 17.9]]",2.0,<2s,15.9826,True,True,16.016,True,16.4164,True,17.017,True,15.5155,False,15.015,False,14.5145,False,20.954266666666665,False,15.048366666666666,False,16.016,True,0.05,20,76,0.0334,245,106,4,16.9826,17.9826,18.9826,20.9826,True,False,False,False,14.9826,13.9826,12.9826,10.9826,False,False,False,False
val_tune,5679866364,6,CW,"[[13.1, 20.4]]",7.3,5-10s,8.642,True,False,9.042366666666666,False,9.6096,False,10.043366666666667,False,8.441766666666666,False,8.041366666666667,False,7.440766666666667,False,9.042366666666666,False,7.040366666666666,False,8.942266666666667,False,0.35,20,29,0.4004,100,43,4,9.642,10.642,11.642,13.642,False,False,False,True,7.642,6.642,5.642,3.642,False,False,False,False
val_tune,8024853715,6,TC,"[[1.3, 14.9]]",13.6,>=10s,13.8055,True,True,15.056708333333333,False,15.807458333333333,False,16.307958333333332,False,12.554208333333333,True,11.928583333333334,True,11.302958333333333,True,14.097416666666666,True,12.429083333333333,True,14.681333333333333,True,0.15,20,8,1.2512,66,23,4,14.8055,15.8055,16.8055,18.8055,True,False,False,False,12.8055,11.8055,10.8055,8.8055,True,True,True,True
val_tune,6024684644,5,CH,"[[2.9, 4.7], [9.9, 13.3], [16.6, 17]]",5.6,5-10s,16.7834,True,True,17.050366666666665,False,,,,,16.549866666666667,False,16.049366666666668,False,15.648966666666666,False,17.050366666666665,False,15.382033333333334,False,17.050366666666665,False,0.0,20,1,0.2669,70,25,4,17.0,17.0,17.0,17.0,True,True,True,True,15.7834,14.7834,13.7834,11.7834,False,False,False,True
val_tune,7987845241,0,CW,"[[0.1, 8.1]]",8.0,5-10s,35.3687,True,False,35.46876666666667,False,36.06936666666667,False,36.6366,False,35.06836666666667,False,34.067366666666665,False,33.06636666666667,False,36.3363,False,34.6346,False,35.46876666666667,False,0.0,20,23,0.1001,202,83,4,36.3687,37.3687,38.3687,40.3687,False,False,False,False,34.3687,33.3687,32.3687,30.3687,False,False,False,False
val_tune,4488066715,0,CW,"[[0.4, 82.6]]",82.2,>=10s,2.6026,True,True,3.003,True,3.5702333333333334,True,4.004,True,2.002,True,1.001,True,0.5005,True,4.070733333333333,True,0.9342666666666667,True,2.9696333333333333,True,0.95,20,151,0.4004,352,155,4,3.6026,4.6026,5.6026,7.6026,True,True,True,True,1.6026,0.6026,0.0,0.0,True,True,False,False
val_tune,5907839036,4,CW,"[[56.5, 59.9]]",3.4,2-5s,4.8382,True,False,5.038366666666667,False,5.638966666666667,False,6.039366666666667,False,4.537866666666667,False,4.037366666666666,False,3.036366666666667,False,5.038366666666667,False,4.037366666666666,False,5.038366666666667,False,0.1,20,145,0.2002,360,153,4,5.8382,6.8382,7.8382,9.8382,False,False,False,False,3.8382,2.8382,1.8382,0.0,False,False,False,False
val_tune,5349766264,8,TC,"[[10.8, 22.6]]",11.8,>=10s,72.4891,True,False,72.5725,False,73.82375,False,75.075,False,71.32125,False,70.77904166666667,False,70.07,False,73.03129166666666,False,70.61220833333333,False,72.5725,False,0.0,20,7,0.0834,252,99,4,73.4891,74.4891,75.4891,77.4891,False,False,False,False,71.4891,70.4891,69.4891,67.4891,False,False,False,False
val_tune,5116088152,3,CW,"[[19.1, 22.1]]",3.0,2-5s,18.4184,True,False,19.019,False,19.4194,True,20.02,True,18.018,False,17.017,False,16.016,False,21.087733333333333,True,16.950266666666668,False,18.5185,False,0.1,20,37,0.6006,162,66,4,19.4184,20.4184,21.4184,23.4184,True,True,True,False,17.4184,16.4184,15.4184,13.4184,False,False,False,False
val_tune,6413546609,3,TC,"[[26.3, 28.7]]",2.4,2-5s,18.018,True,False,18.051366666666667,False,19.052366666666668,False,19.452766666666665,False,17.050366666666665,False,16.049366666666668,False,15.448766666666666,False,19.052366666666668,False,17.951266666666665,False,18.051366666666667,False,0.1,20,46,0.0334,190,72,4,19.018,20.018,21.018,23.018,False,False,False,False,17.018,16.018,15.018,13.018,False,False,False,False
val_tune,3581585756,3,CW,"[[0.0, 4.8]]",4.8,2-5s,18.018,True,False,18.485133333333334,False,19.019,False,19.4194,False,17.650966666666665,False,17.017,False,16.4164,False,19.953266666666668,False,17.050366666666665,False,18.385033333333332,False,0.0,20,9,0.4671,95,39,4,19.018,20.018,21.018,23.0,False,False,False,False,17.018,16.018,15.018,13.018,False,False,False,False
val_tune,3372023610,2,CW,"[[7.3, 29.2]]",21.9,>=10s,32.5992,True,False,33.033,False,33.4334,False,,,32.399033333333335,False,32.032,False,31.031,False,33.06636666666667,False,32.19883333333333,False,32.999633333333335,False,0.0,20,2,0.4338,136,55,4,33.5992,34.0,34.0,34.0,False,False,False,False,31.5992,30.5992,29.5992,27.5992,False,False,False,True
val_tune,6168295272,5,CW,"[[12.7, 15.4]]",2.7,2-5s,11.1778,True,False,11.302958333333333,False,12.554208333333333,False,13.179833333333333,True,10.051708333333334,False,8.800458333333333,False,8.174833333333334,False,13.847166666666666,True,11.177833333333332,False,11.26125,False,0.55,20,10,0.1251,60,22,4,12.1778,13.1778,14.1778,16.1778,False,True,True,False,10.1778,9.1778,8.1778,6.1778,False,False,False,False
val_tune,7088595057,5,CW,"[[20.4, 25.6]]",5.2,5-10s,30.664,True,False,31.06436666666667,False,31.464766666666666,False,32.06536666666667,False,30.063366666666667,False,29.462766666666667,False,29.062366666666666,False,31.798433333333335,False,29.963266666666666,False,30.76406666666667,False,0.0,20,7,0.4004,142,60,4,31.664,32.664,33.664,35.0,False,False,False,False,29.664,28.664,27.664,25.664,False,False,False,False
val_tune,2987766537,0,CW,"[[12.9, 16.0]]",3.1,2-5s,10.71,True,False,11.011,False,12.012,False,13.013,True,10.01,False,9.542,False,9.009,False,12.312436804853387,False,9.509605662285137,False,11.011,False,0.6,20,6,0.301,69,20,4,11.71,12.71,13.71,15.71,False,False,True,True,9.71,8.71,7.71,5.71,False,False,False,False
val_tune,5521781780,8,TC,"[[59.2, 64.4]]",5.2,5-10s,62.5625,True,True,63.09636666666667,True,63.59686666666666,True,64.09736666666667,True,62.09536666666666,True,61.6616,True,61.094366666666666,True,62.72933333333334,True,60.82743333333333,True,62.72933333333334,True,0.0,20,42,0.5339,361,138,4,63.5625,64.5625,65.5625,67.5625,True,False,False,False,61.5625,60.5625,59.5625,57.5625,True,True,True,False
val_tune,2971556305,8,CW,"[[40.2, 43.8]]",3.6,2-5s,52.4274,True,False,52.5525,False,53.053,False,53.80375,False,51.926875,False,51.30125,False,50.5505,False,53.38666666666666,False,51.96858333333333,False,52.5525,False,0.0,20,10,0.1251,195,75,4,53.4274,54.4274,55.4274,57.4274,False,False,False,False,51.4274,50.4274,49.4274,47.4274,False,False,False,False
val_tune,3322503255,9,TN,"[[29.8, 33.2]]",3.4,2-5s,3.1031,True,False,4.004,False,5.005,False,5.5055,False,3.003,False,2.4024,False,2.002,False,3.937266666666667,False,2.3356666666666666,False,3.2032,False,0.05,20,67,0.9009,166,73,4,4.1031,5.1031,6.1031,8.1031,False,False,False,False,2.1031,1.1031,0.1031,0.0,False,False,False,False
val_tune,4955723618,8,CW,"[[27.8, 31.6]]",3.8,2-5s,27.4274,True,False,27.5275,False,28.028,True,29.029,True,27.027,False,26.5265,False,26.026,False,29.262566666666668,True,25.558866666666667,False,27.5275,False,0.05,20,57,0.1001,245,106,4,28.4274,29.4274,30.4274,32.4274,True,True,True,False,26.4274,25.4274,24.4274,22.4274,False,False,False,False
val_tune,2584172238,0,CH,"[[0.0, 6.7]]",6.7,5-10s,9.7598,True,False,10.01,False,11.26125,False,12.012,False,8.75875,False,8.25825,False,7.5075,False,15.598916666666666,False,9.426083333333333,False,9.884875,False,0.0,20,29,0.2502,96,42,4,10.7598,11.7598,12.7598,14.7598,False,False,False,False,8.7598,7.7598,6.7598,4.7598,False,False,False,True
val_tune,3711681535,5,CW,"[[33.1, 35.7]]",2.6,2-5s,4.004,True,False,4.6046,False,5.005,False,6.006,False,3.6036,False,3.003,False,2.5025,False,5.038366666666667,False,1.9352666666666667,False,4.6046,False,0.0,20,50,0.6006,144,58,4,5.004,6.004,7.004,9.004,False,False,False,False,3.004,2.004,1.004,0.0,False,False,False,False
val_tune,8552680285,1,CW,"[[6.5, 14.8]]",8.3,5-10s,5.6723,True,False,6.039366666666667,False,6.4064,False,7.040366666666666,True,5.038366666666667,False,4.471133333333333,False,4.037366666666666,False,6.172833333333333,False,4.7047,False,5.872533333333333,False,0.95,20,13,0.367,73,23,4,6.6723,7.6723,8.6723,10.6723,True,True,True,True,4.6723,3.6723,2.6723,0.6723,False,False,False,False
val_tune,5635265624,3,CW,"[[0.6, 5.8], [15.5, 19]]",8.7,5-10s,13.9473,True,False,14.047366666666667,False,14.547866666666666,False,15.048366666666666,False,13.646966666666666,False,13.046366666666666,False,12.045366666666666,False,14.047366666666667,False,12.946266666666666,False,14.047366666666667,False,0.3,20,9,0.1001,79,30,4,14.9473,15.9473,16.9473,18.9473,False,True,True,True,12.9473,11.9473,10.9473,8.9473,False,False,False,False
val_tune,8604794910,9,CW,"[[8.7, 13.5]]",4.8,2-5s,4.9383,True,False,5.038366666666667,False,6.039366666666667,False,7.040366666666666,False,4.437766666666667,False,4.037366666666666,False,3.5368666666666666,False,5.372033333333333,False,3.937266666666667,False,5.038366666666667,False,0.65,20,13,0.1001,55,22,4,5.9383,6.9383,7.9383,9.9383,False,False,False,True,3.9383,2.9383,1.9383,0.0,False,False,False,False
val_tune,4815534482,4,CH,"[[7.2, 12.3]]",5.1,5-10s,15.44,True,False,15.6,False,16.8,False,17.52,False,15.0,False,14.4,False,13.96,False,16.24,False,14.24,False,15.48,False,0.0,20,97,0.16,300,119,4,16.44,17.44,18.44,20.44,False,False,False,False,14.44,13.44,12.44,10.44,False,False,False,True
val_tune,6201488511,4,TN,"[[30.4, 32.7]]",2.3,2-5s,72.0053,True,False,72.10536666666667,False,73.10636666666667,False,73.60686666666666,False,71.70496666666666,False,71.10436666666666,False,70.70396666666667,False,73.33993333333333,False,71.40466666666667,False,72.10536666666667,False,0.0,20,22,0.1001,345,136,4,73.0053,74.0053,75.0053,77.0053,False,False,False,False,71.0053,70.0053,69.0053,67.0053,False,False,False,False
val_tune,5662041273,2,CW,"[[47.9, 59.2]]",11.3,>=10s,55.6556,True,True,56.08936666666666,True,56.589866666666666,True,57.09036666666667,True,55.088366666666666,True,54.08736666666667,True,53.4534,True,56.79006666666667,True,54.88816666666667,True,55.7557,True,0.1,20,52,0.4338,361,141,4,56.6556,57.6556,58.6556,60.6556,True,True,True,False,54.6556,53.6556,52.6556,50.6556,True,True,True,True
val_tune,5875535585,8,TC,"[[48.4, 52.1]]",3.7,2-5s,40.3737,True,False,41.07436666666667,False,41.8418,False,42.308933333333336,False,40.17346666666667,False,39.70633333333333,False,39.07236666666667,False,40.57386666666667,False,39.906533333333336,False,41.07436666666667,False,0.1,20,60,0.7007,306,128,4,41.3737,42.3737,43.3737,45.3737,False,False,False,False,39.3737,38.3737,37.3737,35.3737,False,False,False,False
val_tune,2401167740,4,CH,"[[11.8, 12.9]]",1.1,<2s,11.711,True,False,12.012,True,,,,,11.611,False,11.011,False,10.543,False,12.045500505561174,True,10.977755308392316,False,11.778,False,0.5,20,1,0.301,53,21,4,12.711,13.0,13.0,13.0,True,False,False,False,10.711,9.711,8.711,6.711,False,False,False,False
val_tune,4217422838,7,TN,"[[0.6, 28.6]]",28.0,>=10s,21.1461,True,True,21.27125,True,21.813458333333333,True,22.5225,True,20.02,True,19.394375,True,18.76875,True,23.44008333333333,True,19.18583333333333,True,21.27125,True,0.05,20,45,0.1251,169,72,4,22.1461,23.1461,24.1461,26.1461,True,True,True,True,20.1461,19.1461,18.1461,16.1461,True,True,True,True
val_tune,10030609934,7,CW,"[[21.1, 28.8]]",7.7,5-10s,21.3213,True,True,21.52152152152152,True,22.02202202202202,True,22.55588922255589,True,21.12112112112112,True,20.02002002002002,False,19.652986319652985,False,21.35468802135469,True,15.015015015015015,False,21.52152152152152,True,0.1,20,40,0.2002,198,65,4,22.3213,23.3213,24.3213,26.3213,True,True,True,True,20.3213,19.3213,18.3213,16.3213,False,False,False,False
val_tune,3851913128,4,CH,"[[2.2, 4.4], [10.8, 22.1], [23.2, 32.6], [50.9, 53.6], [59.6, 74.2]]",40.2,>=10s,0.1001,True,False,1.001,False,2.002,False,2.6026,True,,,,,,,0.4337666666666667,False,0.0,False,0.2002,False,0.45,20,95,0.9009,299,96,4,1.1001,2.1001,3.1001,5.1001,False,False,True,False,0.0,0.0,0.0,0.0,False,False,False,False
val_tune,3359075894,6,TN,"[[13.7, 16.6]]",2.9,2-5s,12.12,True,False,12.72,False,13.2,False,14.4,True,12.0,False,11.52,False,10.8,False,13.12,False,11.92,False,12.6,False,0.65,20,5,0.6,56,21,4,13.12,14.12,15.12,17.0,False,True,True,False,11.12,10.12,9.12,7.12,False,False,False,False
val_tune,6786501294,7,TC,"[[17.5, 19.6]]",2.1,2-5s,0.2002,True,False,0.3670333333333333,False,1.2679333333333334,False,1.7017,False,,,,,,,3.6703333333333332,False,0.0,False,0.3670333333333333,False,0.0,20,106,0.1668,242,106,4,1.2002,2.2002,3.2002,5.2002,False,False,False,False,0.0,0.0,0.0,0.0,False,False,False,False
val_tune,2717347132,8,TC,"[[12.6, 27]]",14.4,>=10s,19.2192,True,True,19.5195,True,20.02,True,20.5205,True,19.019,True,18.6186,True,18.018,True,19.953266666666668,True,18.351666666666667,True,19.3193,True,0.9,20,16,0.3003,110,45,4,20.2192,21.2192,22.2192,24.2192,True,True,True,True,18.2192,17.2192,16.2192,14.2192,True,True,True,True
val_tune,6413546609,1,TN,"[[42.9, 47.3]]",4.4,2-5s,35.3687,True,False,35.66896666666667,False,36.06936666666667,False,36.66996666666667,False,35.06836666666667,False,34.46776666666667,False,34.067366666666665,False,36.10273333333333,False,34.801433333333335,False,35.66896666666667,False,0.3,20,21,0.3003,190,72,4,36.3687,37.3687,38.3687,40.3687,False,False,False,False,34.3687,33.3687,32.3687,30.3687,False,False,False,False
val_tune,4189100053,2,CW,"[[24.3, 27.2]]",2.9,2-5s,12.8128,True,False,13.013,False,13.5135,False,14.014,False,12.012,False,11.5115,False,11.011,False,13.747066666666667,False,11.945266666666667,False,12.9129,False,0.3,20,29,0.2002,118,50,4,13.8128,14.8128,15.8128,17.8128,False,False,False,False,11.8128,10.8128,9.8128,7.8128,False,False,False,False
val_tune,2930782930,0,TN,"[[3.4, 7.5]]",4.1,2-5s,22.5225,True,False,23.023,False,24.024,False,25.025,False,22.022,False,21.6216,False,21.021,False,22.956266666666668,False,21.955266666666667,False,22.7227,False,0.0,20,14,0.5005,126,53,4,23.5225,24.5225,25.5225,27.5225,False,False,False,False,21.5225,20.5225,19.5225,17.5225,False,False,False,False
val_tune,5116088152,7,TN,"[[18.6, 27.0]]",8.4,5-10s,18.4184,True,False,19.019,True,19.4194,True,20.02,True,18.018,False,17.017,False,16.016,False,21.087733333333333,True,16.950266666666668,False,18.5185,False,0.3,20,37,0.6006,162,66,4,19.4184,20.4184,21.4184,23.4184,True,True,True,True,17.4184,16.4184,15.4184,13.4184,False,False,False,False
val_tune,4584426085,9,CW,"[[55.2, 71.2]]",16.0,>=10s,2.3023,True,False,2.6026,False,3.003,False,4.004,False,2.002,False,1.4014,False,1.001,False,2.9362666666666666,False,1.0343666666666667,False,2.6026,False,0.1,20,137,0.3003,360,141,4,3.3023,4.3023,5.3023,7.3023,False,False,False,False,1.3023,0.3023,0.0,0.0,False,False,False,False
val_tune,5205081904,6,TN,"[[13.0, 15.2]]",2.2,2-5s,16.1161,True,False,16.4164,False,17.017,False,18.018,False,16.016,False,15.6156,False,15.015,True,17.050366666666665,False,16.049366666666668,False,16.4164,False,0.0,20,7,0.3003,84,38,4,17.1161,18.1161,19.1161,21.0,False,False,False,False,15.1161,14.1161,13.1161,11.1161,True,True,True,False
val_tune,4955723618,0,CH,"[[28.9, 39.8]]",10.9,>=10s,45.9459,True,False,46.046,False,46.6466,False,47.047,False,45.045,False,44.6446,False,44.044,False,46.980266666666665,False,45.6456,False,46.01263333333333,False,0.0,20,26,0.1001,245,106,4,46.9459,47.9459,48.9459,50.9459,False,False,False,False,44.9459,43.9459,42.9459,40.9459,False,False,False,False
val_tune,11244289523,8,TN,"[[19.1, 22.4]]",3.3,2-5s,7.0417,True,False,8.0,False,8.5,False,10.0,False,6.0,False,4.958333333333333,False,4.0,False,8.75,False,6.541666666666667,False,7.25,False,0.2,20,19,0.9583,70,26,4,8.0417,9.0417,10.0417,12.0417,False,False,False,False,6.0417,5.0417,4.0417,2.0417,False,False,False,False
val_tune,3112351937,4,CW,"[[0.0, 1.5]]",1.5,<2s,1.001,True,True,1.0343666666666667,True,2.002,False,2.5025,False,0.3003,True,,,,,2.135466666666667,False,0.4337666666666667,True,1.0343666666666667,True,0.0,20,23,0.0334,60,24,4,2.001,3.001,4.001,6.001,False,False,False,False,0.001,0.0,0.0,0.0,True,True,True,True
val_tune,10042935613,11,TN,"[[40.0, 44.4]]",4.4,2-5s,25.659,True,False,26.026026026026027,False,26.626626626626628,False,27.49416082749416,False,25.392058725392058,False,24.024024024024023,False,23.490156823490157,False,26.526526526526528,False,23.790457123790457,False,25.925925925925927,False,0.05,20,43,0.367,200,75,4,26.659,27.659,28.659,30.659,False,False,False,False,24.659,23.659,22.659,20.659,False,False,False,False
val_tune,4138579400,0,TC,"[[0.0, 18.2]]",18.2,>=10s,23.732,True,False,23.77375,False,,,,,22.5225,False,21.896875,False,21.27125,False,23.982291666666665,False,21.855166666666666,False,23.77375,False,0.0,20,1,0.0417,81,31,4,24.732,25.0,25.0,25.0,False,False,False,False,22.732,21.732,20.732,18.732,False,False,False,False
val_tune,7149153537,4,CH,"[[18.7, 46]]",27.3,>=10s,17.0504,True,False,18.051366666666667,False,18.551866666666665,False,19.052366666666668,True,16.649966666666668,False,16.049366666666668,False,15.048366666666666,False,17.951266666666665,False,14.047366666666667,False,17.851166666666668,False,1.0,20,43,1.001,186,72,4,18.0504,19.0504,20.0504,22.0504,False,True,True,True,16.0504,15.0504,14.0504,12.0504,False,False,False,False
val_tune,3557498300,10,TN,"[[19.8, 22.9]]",3.1,2-5s,21.021,True,True,22.022,True,22.389033333333334,True,23.023,False,20.02,True,19.5195,False,19.019,False,23.890533333333334,False,20.4204,True,21.187833333333334,True,0.1,20,11,1.001,114,45,4,22.021,23.021,24.021,26.021,True,False,False,False,20.021,19.021,18.021,16.021,True,False,False,False
val_tune,5561024834,9,CH,"[[27.1, 37.0]]",9.9,5-10s,21.0,True,False,21.291666666666668,False,22.541666666666668,False,23.791666666666668,False,20.041666666666668,False,18.791666666666668,False,18.041666666666668,False,24.333333333333332,False,20.625,False,21.291666666666668,False,0.5,20,20,0.2917,127,45,4,22.0,23.0,24.0,26.0,False,False,False,False,20.0,19.0,18.0,16.0,False,False,False,False
val_tune,2401167740,0,CW,"[[6.5, 10.5]]",4.0,2-5s,11.711,True,False,12.012,False,,,,,11.611,False,11.011,False,10.543,False,12.045500505561174,False,10.977755308392316,False,11.778,False,0.0,20,1,0.301,53,21,4,12.711,13.0,13.0,13.0,False,False,False,False,10.711,9.711,8.711,6.711,False,True,True,True
val_tune,3376544720,8,TN,"[[48.9, 52.9]]",4.0,2-5s,50.9259,True,True,51.30125,True,52.5525,True,53.80375,False,50.05,True,49.25754166666667,True,48.79875,False,51.21783333333333,True,48.84045833333333,False,51.176125,True,0.0,20,51,0.3754,288,115,4,51.9259,52.9259,53.9259,55.9259,True,False,False,False,49.9259,48.9259,47.9259,45.9259,True,True,False,False
val_tune,5256928210,9,CW,"[[0.0, 20]]",20.0,>=10s,13.1131,True,True,14.014,True,14.4144,True,15.015,True,13.013,True,12.012,True,11.011,True,14.247566666666668,True,12.278933333333333,True,13.3133,True,1.0,20,11,0.9009,82,32,4,14.1131,15.1131,16.1131,18.1131,True,True,True,True,12.1131,11.1131,10.1131,8.1131,True,True,True,True
val_tune,13919236672,4,TN,"[[86.3, 87.7]]",1.4,<2s,111.3573,True,False,111.49074074074075,False,112.05797464130798,False,112.45837504170838,False,110.55647313980647,False,110.05597263930598,False,109.48873873873873,False,112.44577911244578,False,110.94427761094428,False,111.49074074074075,False,0.0,20,28,0.1335,467,186,4,112.3573,113.3573,114.3573,116.3573,False,False,False,False,110.3573,109.3573,108.3573,106.3573,False,False,False,False
val_tune,4336654741,4,CW,"[[67.9, 81.3]]",13.4,>=10s,66.066,True,False,67.067,False,68.068,True,68.5685,True,65.6656,False,65.065,False,64.064,False,69.00226666666667,True,60.99426666666667,False,66.1661,False,0.65,20,36,1.001,360,141,4,67.066,68.066,69.066,71.066,False,True,True,True,65.066,64.066,63.066,61.066,False,False,False,False
val_tune,2824317018,0,CW,"[[0.0, 1.2]]",1.2,<2s,11.978,True,False,12.012,False,12.545,False,13.013,False,11.011,False,10.01,False,9.009,False,12.045500505561174,False,11.311425682507585,False,12.012,False,0.0,20,69,0.034,217,85,4,12.978,13.978,14.978,16.978,False,False,False,False,10.978,9.978,8.978,6.978,False,False,False,False
val_tune,2679328607,3,CW,"[[7.2, 9.0], [18.7, 20.2], [23.5, 25.7], [31.9, 33.4]]",7.0,5-10s,10.877,True,False,11.011,False,12.012,False,13.013,False,10.01,False,9.009,False,8.008,True,11.04448938321537,False,10.043478260869566,False,10.944,False,0.15,20,34,0.134,141,49,4,11.877,12.877,13.877,15.877,False,False,False,False,9.877,8.877,7.877,5.877,False,True,True,False
val_tune,6988748711,7,CH,"[[0.0, 2.5]]",2.5,2-5s,9.643,True,False,10.043366666666667,False,11.044366666666667,False,11.544866666666667,False,9.042366666666666,False,8.041366666666667,False,7.540866666666667,False,10.043366666666667,False,9.342666666666666,False,9.943266666666666,False,0.0,20,67,0.4004,203,83,4,10.643,11.643,12.643,14.643,False,False,False,False,8.643,7.643,6.643,4.643,False,False,False,False
val_tune,4674481985,0,CW,"[[7.3, 12.7]]",5.4,5-10s,1.3013,True,False,2.002,False,3.003,False,3.370033333333333,False,1.001,False,0.5005,False,,,1.3680333333333334,False,0.23356666666666667,False,1.8018,False,0.45,20,39,0.7007,99,41,4,2.3013,3.3013,4.3013,6.3013,False,False,False,False,0.3013,0.0,0.0,0.0,False,False,False,False
val_tune,4420239986,7,TP,"[[17.8, 22.0]]",4.2,2-5s,15.5822,True,False,15.682333333333334,False,16.082733333333334,False,17.2172,False,15.015,False,14.2142,False,13.6136,False,17.650966666666665,False,12.045366666666666,False,15.682333333333334,False,0.5,20,12,0.1001,90,37,4,16.5822,17.5822,18.5822,20.5822,False,False,True,True,14.5822,13.5822,12.5822,10.5822,False,False,False,False
val_tune,7728559968,7,CH,"[[0.1, 17.8]]",17.7,>=10s,5.1385,True,True,5.6723333333333334,True,6.039366666666667,True,6.473133333333333,True,5.038366666666667,True,4.337666666666666,True,3.9706333333333332,True,8.041366666666667,True,3.8705333333333334,True,5.372033333333333,True,0.2,20,61,0.5339,200,70,4,6.1385,7.1385,8.1385,10.1385,True,True,True,True,4.1385,3.1385,2.1385,0.1385,True,True,True,True
val_tune,12682618843,0,TC,"[[15.0, 25.2]]",10.2,>=10s,31.2979,True,False,32.06536666666667,False,32.59923333333333,False,32.999633333333335,False,30.997633333333333,False,30.6306,False,30.096733333333333,False,31.7317,False,29.863166666666668,False,32.06536666666667,False,0.0,20,26,0.7674,172,70,4,32.2979,33.2979,34.2979,36.2979,False,False,False,False,30.2979,29.2979,28.2979,26.2979,False,False,False,False
val_tune,5766018720,6,TN,"[[29.2, 39.5]]",10.3,>=10s,28.0614,True,False,28.49513333333333,False,29.062366666666666,False,30.063366666666667,True,27.460766666666668,False,27.060366666666667,False,26.459766666666667,False,28.4284,False,27.694333333333333,False,28.094733333333334,False,0.3,20,53,0.4338,244,99,4,29.0614,30.0614,31.0614,33.0614,False,True,True,True,27.0614,26.0614,25.0614,23.0614,False,False,False,False
val_tune,5145526755,6,CW,"[[49.1, 50.6]]",1.5,<2s,32.8328,True,False,33.033,False,34.034,False,34.5345,False,32.6326,False,32.032,False,31.5315,False,32.96626666666667,False,31.96526666666667,False,32.999633333333335,False,0.05,20,43,0.2002,224,96,4,33.8328,34.8328,35.8328,37.8328,False,False,False,False,31.8328,30.8328,29.8328,27.8328,False,False,False,False
val_tune,7416295940,6,TN,"[[25.2, 29.9]]",4.7,2-5s,52.7527,True,False,53.1531,False,53.7537,False,54.7547,False,51.7517,False,51.3513,False,50.7507,False,53.38666666666667,False,52.5525,False,53.1531,False,0.0,20,40,0.4004,351,122,4,53.7527,54.7527,55.7527,57.7527,False,False,False,False,51.7527,50.7527,49.7527,47.7527,False,False,False,False
val_tune,4272084125,5,TC,"[[6.6, 13.2]]",6.6,5-10s,3.9706,True,False,4.270933333333334,False,5.2052,False,5.572233333333333,False,3.5035,False,3.003,False,2.002,False,5.071733333333333,False,1.1678333333333333,False,4.004,False,0.2,20,31,0.3003,99,36,4,4.9706,5.9706,6.9706,8.9706,False,False,True,True,2.9706,1.9706,0.9706,0.0,False,False,False,False
val_tune,6592821115,0,CW,"[[12.2, 17.1]]",4.9,2-5s,63.2083,True,False,63.958333333333336,False,64.54166666666667,False,65.20833333333333,False,62.583333333333336,False,61.458333333333336,False,60.833333333333336,False,63.25,False,62.583333333333336,False,63.666666666666664,False,0.0,20,15,0.75,253,99,4,64.2083,65.2083,66.2083,68.2083,False,False,False,False,62.2083,61.2083,60.2083,58.2083,False,False,False,False
val_tune,3711681535,9,TC,"[[0.2, 15.0]]",14.8,>=10s,4.004,True,True,4.6046,True,5.005,True,6.006,True,3.6036,True,3.003,True,2.5025,True,5.038366666666667,True,1.9352666666666667,True,4.6046,True,0.2,20,50,0.6006,144,58,4,5.004,6.004,7.004,9.004,True,True,True,True,3.004,2.004,1.004,0.0,True,True,True,False
val_tune,5070310138,5,TN,"[[40.1, 43.3]]",3.2,2-5s,34.8348,True,False,35.035,False,35.46876666666667,False,36.036,False,34.6346,False,34.034,False,33.033,False,35.60223333333333,False,33.96726666666667,False,35.035,False,0.3,20,36,0.2002,216,89,4,35.8348,36.8348,37.8348,39.8348,False,False,False,False,33.8348,32.8348,31.8348,29.8348,False,False,False,False
val_tune,8277866423,0,CW,"[[1.4, 9.9]]",8.5,5-10s,8.75,True,True,8.791666666666666,True,9.416666666666666,True,10.041666666666666,False,7.541666666666667,True,7.041666666666667,True,6.291666666666667,True,10.583333333333334,False,7.416666666666667,True,8.791666666666666,True,0.1,20,32,0.0417,111,42,4,9.75,10.75,11.75,13.75,True,False,False,False,7.75,6.75,5.75,3.75,True,True,True,True
val_tune,2623954636,0,TN,"[[9.5, 12.4]]",2.9,2-5s,18.952,True,False,19.019,False,20.02,False,20.487,False,18.551,False,18.018,False,17.55,False,20.9211324570273,False,18.21840242669363,False,19.019,False,0.0,20,22,0.067,127,56,4,19.952,20.952,21.952,23.952,False,False,False,False,17.952,16.952,15.952,13.952,False,False,False,False
val_tune,3131380536,6,TN,"[[0.0, 0.7]]",0.7,<2s,30.03,True,False,30.663966666666667,False,31.031,False,32.032,False,29.029,False,28.4284,False,28.028,False,31.164466666666666,False,29.963266666666666,False,30.2302,False,0.0,20,60,0.634,268,108,4,31.03,32.03,33.03,35.03,False,False,False,False,29.03,28.03,27.03,25.03,False,False,False,False
val_tune,6516459343,8,TN,"[[49.0, 64.1]]",15.1,>=10s,80.9142,True,False,81.21446666666667,False,81.61486666666667,False,82.21546666666667,False,80.74733333333333,False,80.21346666666666,False,79.21246666666667,False,82.21546666666667,False,80.5805,False,81.21446666666667,False,0.0,20,16,0.3003,362,154,4,81.9142,82.9142,83.9142,85.9142,False,False,False,False,79.9142,78.9142,77.9142,75.9142,False,False,False,False
val_tune,6183104292,3,CW,"[[11.4, 13.1]]",1.7,<2s,5.5722,True,False,5.7057,False,6.2062,False,6.7067,False,5.1051,False,4.637966666666666,False,3.8371666666666666,False,6.6066,False,5.4054,False,5.6723333333333334,False,0.0,20,25,0.1335,95,35,4,6.5722,7.5722,8.5722,10.5722,False,False,False,False,4.5722,3.5722,2.5722,0.5722,False,False,False,False
val_tune,2782307049,8,CW,"[[6.1, 15]]",8.9,5-10s,8.5085,True,True,9.009,True,9.5095,True,10.01,True,8.008,True,7.574233333333333,True,7.007,True,8.775433333333334,True,4.137466666666667,False,8.575233333333333,True,0.95,20,12,0.5005,62,27,4,9.5085,10.5085,11.5085,13.5085,True,True,True,True,7.5085,6.5085,5.5085,3.5085,True,True,False,False
val_tune,7288107396,0,CH,"[[0.0, 10.5]]",10.5,>=10s,0.5422,True,True,0.7924583333333334,True,1.2929583333333334,True,1.7934583333333334,True,,,,,,,1.1678333333333333,True,0.2919583333333333,True,0.7924583333333334,True,0.45,20,28,0.2503,68,28,4,1.5422,2.5422,3.5422,5.5422,True,True,True,True,0.0,0.0,0.0,0.0,True,True,True,True
val_tune,4949582792,9,CW,"[[75.1, 85.1]]",10.0,>=10s,60.06,True,False,60.5605,False,61.061,False,61.6616,False,59.6596,False,59.059,False,58.5585,False,60.99426666666667,False,58.992266666666666,False,60.5605,False,0.5,20,50,0.5005,353,148,4,61.06,62.06,63.06,65.06,False,False,False,False,59.06,58.06,57.06,55.06,False,False,False,False
val_tune,3456030972,4,CW,"[[17.9, 23.1]]",5.2,5-10s,4.7047,True,False,5.005,False,5.4054,False,6.006,False,4.004,False,3.003,False,2.4024,False,5.939266666666667,False,3.8371666666666666,False,4.8048,False,0.3,20,33,0.3003,102,39,4,5.7047,6.7047,7.7047,9.7047,False,False,False,False,3.7047,2.7047,1.7047,0.0,False,False,False,False
val_tune,8064178441,0,CW,"[[27.4, 74]]",46.6,>=10s,55.2886,True,True,56.08936666666666,True,57.09036666666667,True,58.091366666666666,True,55.088366666666666,True,54.08736666666667,True,53.08636666666666,True,56.08936666666667,True,53.48676666666667,True,55.388666666666666,True,0.95,20,27,0.8008,298,105,4,56.2886,57.2886,58.2886,60.2886,True,True,True,True,54.2886,53.2886,52.2886,50.2886,True,True,True,True
val_tune,6772999108,4,CH,"[[0.0, 34.0]]",34.0,>=10s,48.682,True,False,48.88216666666667,False,,,,,48.08136666666667,False,47.68096666666667,False,47.08036666666667,False,48.9489,False,48.08136666666667,False,48.782066666666665,False,0.0,20,1,0.2002,196,84,4,49.0,49.0,49.0,49.0,False,False,False,False,47.682,46.682,45.682,43.682,False,False,False,False
val_tune,4244817395,3,CW,"[[47.2, 53.4]]",6.2,5-10s,10.44,True,False,10.8,False,12.0,False,13.2,False,9.6,False,8.88,False,8.4,False,10.72,False,10.16,False,10.56,False,0.05,20,82,0.36,226,96,4,11.44,12.44,13.44,15.44,False,False,False,False,9.44,8.44,7.44,5.44,False,False,False,False
val_tune,8495272210,0,CH,"[[7.1, 21]]",13.9,>=10s,1.5349,True,False,2.0353666666666665,False,2.5358666666666667,False,3.036366666666667,False,1.0343666666666667,False,0.5338666666666667,False,,,2.0353666666666665,False,0.8341666666666667,False,1.7350666666666668,False,0.85,20,33,0.5005,84,35,4,2.5349,3.5349,4.5349,6.5349,False,False,False,False,0.5349,0.0,0.0,0.0,False,False,False,False
val_tune,4949582792,1,TN,"[[3.2, 8.1]]",4.9,2-5s,73.7737,True,False,74.074,False,75.075,False,75.5755,False,73.073,False,72.4724,False,72.072,False,74.40766666666667,False,73.10636666666667,False,73.8738,False,0.0,20,27,0.3003,353,148,4,74.7737,75.7737,76.7737,78.7737,False,False,False,False,72.7737,71.7737,70.7737,68.7737,False,False,False,False
val_tune,4420239986,8,CH,"[[1.1, 19.2]]",18.1,>=10s,1.001,True,False,2.002,True,2.6026,True,3.003,True,,,,,,,2.736066666666667,True,0.33366666666666667,False,1.7017,True,0.95,20,36,1.001,90,37,4,2.001,3.001,4.001,6.001,True,True,True,True,0.001,0.0,0.0,0.0,False,False,False,False
val_tune,2854886555,7,TN,"[[2.4, 11.5]]",9.1,5-10s,7.6076,True,True,8.008,True,8.4084,True,9.009,True,7.007,True,6.4064,True,6.006,True,10.577233333333334,True,7.540866666666667,True,7.974633333333333,True,0.6,20,15,0.4004,64,30,4,8.6076,9.6076,10.6076,12.6076,True,True,True,False,6.6076,5.6076,4.6076,2.6076,True,True,True,True
val_tune,5945172741,0,CW,"[[0.0, 9.7]]",9.7,5-10s,3.52,True,True,3.64,True,4.84,True,6.04,True,2.44,True,1.24,True,0.52,True,4.16,True,2.32,True,3.64,True,0.0,20,76,0.12,214,79,4,4.52,5.52,6.52,8.52,True,True,True,True,2.52,1.52,0.52,0.0,True,True,True,True
val_tune,2925298951,4,CH,"[[14.3, 16.6]]",2.3,2-5s,13.7637,True,False,15.015,True,15.807458333333333,True,16.26625,True,13.138125,False,12.5125,False,11.886875,False,16.599916666666665,True,9.592916666666666,False,13.805458333333334,False,0.7,20,3,1.2513,54,23,4,14.7637,15.7637,16.7638,17.0,True,True,False,False,12.7637,11.7637,10.7637,8.7637,False,False,False,False
val_tune,2442307875,0,TN,"[[25.9, 30.2]]",4.3,2-5s,19.5,True,False,21.0,False,22.2,False,24.0,False,18.0,False,16.8,False,15.0,False,20.8,False,19.1,False,20.1,False,0.15,20,18,1.5,70,30,4,20.5,21.5,22.5,24.5,False,False,False,False,18.5,17.5,16.5,14.5,False,False,False,False
val_tune,6895608152,0,TC,"[[2.5, 15.6]]",13.1,>=10s,74.2,True,False,74.44,False,74.92,False,75.64,False,73.96,False,73.24,False,72.64,False,74.44,False,73.24,False,74.44,False,0.0,20,19,0.24,291,127,4,75.2,76.2,77.2,79.2,False,False,False,False,73.2,72.2,71.2,69.2,False,False,False,False
val_tune,4846820256,5,CW,"[[19.6, 21.1]]",1.5,<2s,21.4214,True,False,21.6216,False,22.022,False,,,21.021,True,19.7197,True,19.019,False,22.255566666666667,False,20.186833333333333,True,21.6216,False,0.0,20,2,0.2002,90,35,4,22.0,22.0,22.0,22.0,False,False,False,False,20.4214,19.4214,18.4214,16.4214,True,False,False,False
val_tune,4516967897,3,TC,"[[39.2, 52.2]]",13.0,>=10s,51.8518,True,True,52.052,True,52.5525,False,53.053,False,51.051,True,50.05,True,49.4494,True,52.11873333333333,True,50.417033333333336,True,52.052,True,0.0,20,26,0.2002,272,107,4,52.8518,53.8518,54.8518,56.8518,False,False,False,False,50.8518,49.8518,48.8518,46.8518,True,True,True,True
val_tune,10001787725,7,TC,"[[0.1, 2.6], [16.0, 19.6], [22.3, 25.8], [30.3, 34]]",13.3,>=10s,7.4408,True,False,8.375041708375042,False,8.90890890890891,False,10.51051051051051,False,6.906906906906907,False,6.106106106106106,False,5.739072405739073,False,8.875542208875542,False,6.172839506172839,False,7.607607607607608,False,0.7,20,31,0.9343,121,41,4,8.4408,9.4408,10.4408,12.4408,False,False,False,False,6.4408,5.4408,4.4408,2.4408,False,False,False,True
val_tune,4166942239,6,TN,"[[0.3, 7.2]]",6.9,5-10s,2.7027,True,True,3.003,True,4.004,True,5.005,True,2.4024,True,2.002,True,1.001,True,3.937266666666667,True,2.0353666666666665,True,3.003,True,0.35,20,26,0.3003,79,30,4,3.7027,4.7027,5.7027,7.7027,True,True,True,False,1.7027,0.7027,0.0,0.0,True,True,False,False
val_tune,2824317018,2,CW,"[[14.9, 25.1]]",10.2,>=10s,39.639,True,False,40.04,False,40.44,False,41.041,False,39.439,False,39.039,False,38.038,False,40.20728008088979,False,37.2376137512639,False,39.806,False,0.0,20,24,0.401,217,85,4,40.639,41.639,42.639,44.639,False,False,False,False,38.639,37.639,36.639,34.639,False,False,False,False
val_tune,2573424030,8,CH,"[[4.8, 11.4], [38.2, 47.2]]",15.6,>=10s,40.306,True,True,40.573,True,41.041,True,41.574,True,40.04,True,39.572,True,39.039,True,40.70778564206269,True,39.07280080889788,True,40.573,True,0.75,20,15,0.267,197,81,4,41.306,42.306,43.306,45.306,True,True,True,True,39.306,38.306,37.306,35.306,True,True,False,False
val_tune,4896969617,2,CH,"[[4.2, 6.8]]",2.6,2-5s,0.2002,True,False,1.001,False,1.6016,False,2.002,False,,,,,,,2.135466666666667,False,0.0,False,0.3003,False,0.2,20,19,0.8008,47,20,4,1.2002,2.2002,3.2002,5.2002,False,False,False,True,0.0,0.0,0.0,0.0,False,False,False,False
val_tune,7442562474,8,CW,"[[0.0, 2.9]]",2.9,2-5s,7.5409,True,False,7.6409666666666665,False,8.041366666666667,False,8.541866666666667,False,7.040366666666666,False,6.439766666666666,False,6.039366666666667,False,8.041366666666667,False,6.940266666666667,False,7.6409666666666665,False,0.0,20,22,0.1001,80,34,4,8.5409,9.5409,10.5409,12.5409,False,False,False,False,6.5409,5.5409,4.5409,2.5409,False,False,False,True
val_tune,8457210773,5,TN,"[[46.5, 50.8]]",4.3,2-5s,56.44,True,False,57.12,False,57.64,False,58.36,False,55.24,False,54.52,False,54.04,False,56.68,False,54.88,False,57.04,False,0.0,20,32,0.68,264,111,4,57.44,58.44,59.44,61.44,False,False,False,False,55.44,54.44,53.44,51.44,False,False,False,False
val_tune,4420239986,1,CH,"[[0.6, 20.0]]",19.4,>=10s,18.9856,True,True,20.02,False,20.4204,False,20.8208,False,18.6186,True,18.018,True,17.6176,True,21.054366666666667,False,17.650966666666665,True,19.019,True,0.2,20,5,1.0344,90,37,4,19.9856,20.9856,21.9856,22.0,True,False,False,False,17.9856,16.9856,15.9856,13.9856,True,True,True,True
val_tune,5735711594,2,CW,"[[0.5, 6.0]]",5.5,5-10s,12.7461,True,False,13.046366666666666,False,14.047366666666667,False,14.447766666666666,False,12.645966666666666,False,12.045366666666666,False,11.444766666666666,False,12.879533333333333,False,12.345666666666666,False,13.046366666666666,False,0.0,20,11,0.3003,79,34,4,13.7461,14.7461,15.7461,17.7461,False,False,False,False,11.7461,10.7461,9.7461,7.7461,False,False,False,False
val_tune,4010069381,8,TC,"[[4.1, 10.1]]",6.0,5-10s,5.2052,True,True,5.4054,True,6.006,True,7.007,True,5.005,True,4.004,False,3.003,False,5.6723333333333334,True,4.037366666666666,False,5.4054,True,0.5,20,10,0.2002,50,16,4,6.2052,7.2052,8.2052,10.2052,True,True,True,False,4.2052,3.2052,2.2052,0.2052,True,False,False,False
val_tune,6516459343,6,CW,"[[39.6, 90.0]]",50.4,>=10s,79.9465,True,True,80.21346666666666,True,80.74733333333333,True,81.21446666666667,True,79.21246666666667,True,78.74533333333333,True,78.21146666666667,True,80.5805,True,76.84343333333334,True,79.9799,True,1.0,20,18,0.2669,362,154,4,80.9465,81.9465,82.9465,84.9465,True,True,True,True,78.9465,77.9465,76.9465,74.9465,True,True,True,True
val_tune,6806999702,10,TN,"[[67.0, 80.5]]",13.5,>=10s,75.2085,True,True,76.20946666666667,True,77.11036666666666,True,77.71096666666666,True,75.10836666666667,True,74.70796666666666,True,74.1741,True,75.44203333333334,True,72.10536666666667,True,75.9759,True,0.3,20,24,1.001,360,135,4,76.2085,77.2085,78.2085,80.2085,True,True,True,True,74.2085,73.2085,72.2085,70.2085,True,True,True,True
val_tune,4636208292,6,TN,"[[76.8, 81.3]]",4.5,2-5s,80.08,True,True,80.5805,True,81.081,True,82.082,False,79.4794,True,79.079,True,78.51176666666667,True,83.21646666666666,False,79.84643333333334,True,80.5805,True,0.1,20,8,0.5005,344,135,4,81.08,82.08,83.08,85.08,True,False,False,False,79.08,78.08,77.08,75.08,True,True,True,False
val_tune,8740703217,3,TN,"[[17.7, 20]]",2.3,2-5s,18.0514,True,True,18.651966666666667,True,19.052366666666668,True,19.452766666666665,True,17.550866666666668,False,17.050366666666665,False,16.649966666666668,False,19.953266666666668,True,16.950266666666668,False,18.151466666666668,True,0.75,20,4,0.6006,82,38,4,19.0514,20.0,20.0,20.0,True,True,True,True,17.0514,16.0514,15.0514,13.0514,False,False,False,False
val_tune,7416295940,1,CW,"[[39.8, 48.8]]",9.0,5-10s,51.7517,True,False,52.7527,False,53.1531,False,53.7537,False,51.3513,False,50.7507,False,50.3503,False,52.5525,False,49.149100000000004,False,52.018633333333334,False,0.0,20,41,1.001,351,122,4,52.7517,53.7517,54.7517,56.7517,False,False,False,False,50.7517,49.7517,48.7517,46.7517,False,False,True,True
val_tune,7059877301,0,TN,"[[0.0, 4.5]]",4.5,2-5s,15.7491,True,False,16.049366666666668,False,16.449766666666665,False,17.050366666666665,False,15.048366666666666,False,14.047366666666667,False,13.4134,False,15.9159,False,15.048366666666666,False,15.9159,False,0.0,20,24,0.3003,123,50,4,16.7491,17.7491,18.7491,20.7491,False,False,False,False,14.7491,13.7491,12.7491,10.7491,False,False,False,False
val_tune,4761953886,4,CH,"[[0.0, 30.6]]",30.6,>=10s,5.0833,True,True,5.625,True,6.25,True,6.791666666666667,True,5.0,True,3.75,True,3.125,True,7.541666666666667,True,4.041666666666667,True,5.625,True,1.0,20,39,0.5417,107,46,4,6.0833,7.0833,8.0833,10.0833,True,True,True,True,4.0833,3.0833,2.0833,0.0833,True,True,True,True
val_tune,8107573462,4,CW,"[[6.0, 9.8]]",3.8,2-5s,6.006,True,True,6.039366666666667,True,6.6066,True,7.040366666666666,True,5.038366666666667,False,4.437766666666667,False,4.037366666666666,False,7.9412666666666665,True,4.070733333333333,False,6.039366666666667,True,0.4,20,13,0.0334,55,23,4,7.006,8.006,9.006,11.006,True,True,True,False,5.006,4.006,3.006,1.006,False,False,False,False
val_tune,8594314852,2,CW,"[[5.1, 12.6]]",7.5,5-10s,9.9433,True,True,10.043366666666667,True,10.643966666666667,True,11.044366666666667,True,9.642966666666666,True,9.042366666666666,True,8.541866666666667,True,12.479133333333333,True,8.775433333333334,True,10.043366666666667,True,1.0,20,6,0.1001,51,23,4,10.9433,11.9433,12.9433,13.0,True,True,False,False,8.9433,7.9433,6.9433,4.9433,True,True,True,False
val_tune,4166942239,9,CH,"[[13.3, 19.7]]",6.4,5-10s,1.9019,True,False,2.002,False,2.4024,False,3.003,False,1.001,False,0.4004,False,,,2.0353666666666665,False,1.3346666666666667,False,2.002,False,0.35,20,28,0.1001,79,30,4,2.9019,3.9019,4.9019,6.9019,False,False,False,False,0.9019,0.0,0.0,0.0,False,False,False,False
val_tune,6896884547,8,TN,"[[41.0, 47.1]]",6.1,5-10s,24.3577,True,False,24.657966666666667,False,25.058366666666668,False,25.658966666666668,False,24.057366666666667,False,23.456766666666667,False,23.056366666666666,False,25.158466666666666,False,23.656966666666666,False,24.657966666666667,False,0.15,20,37,0.3003,192,75,4,25.3577,26.3577,27.3577,29.3577,False,False,False,False,23.3577,22.3577,21.3577,19.3577,False,False,False,False
val_tune,7572859950,4,TN,"[[6.7, 8.1]]",1.4,<2s,7.0404,True,True,7.540866666666667,True,8.041366666666667,True,8.541866666666667,False,6.039366666666667,False,5.038366666666667,False,4.537866666666667,False,7.9412666666666665,True,3.370033333333333,False,7.3406666666666665,True,0.15,20,18,0.5005,67,29,4,8.0404,9.0404,10.0404,12.0404,True,False,False,False,6.0404,5.0404,4.0404,2.0404,False,False,False,False
val_tune,4838145161,5,TN,"[[39.5, 41.2]]",1.7,<2s,48.7487,True,False,49.049,False,49.516133333333336,False,50.05,False,48.5485,False,48.048,False,47.047,False,50.216833333333334,False,47.38066666666667,False,49.049,False,0.0,20,22,0.3003,257,99,4,49.7487,50.7487,51.7487,53.7487,False,False,False,False,47.7487,46.7487,45.7487,43.7487,False,False,False,False
val_tune,3719793245,5,CW,"[[8.2, 9.4]]",1.2,<2s,11.3113,True,False,,,,,,,11.011,False,10.577233333333334,False,10.01,False,11.4114,False,10.8108,False,11.378033333333333,False,0.0,20,0,,47,20,4,11.0,11.0,11.0,11.0,False,False,False,False,10.3113,9.3113,8.3113,6.3113,False,True,True,False
val_tune,4388652400,1,CW,"[[22.4, 29.7]]",7.3,5-10s,57.0236,True,False,57.057,False,58.391666666666666,False,59.059,False,56.4564,False,56.056,False,55.6556,False,59.359300000000005,False,56.523133333333334,False,57.057,False,0.0,20,3,0.0334,239,89,4,58.0236,59.0236,60.0,60.0,False,False,False,False,56.0236,55.0236,54.0236,52.0236,False,False,False,False
val_tune,10309542255,5,CH,"[[11.8, 17.9], [20.9, 28.0], [37.9, 44.0], [64.0, 67.6], [73.5, 78.5]]",27.9,>=10s,63.6637,True,False,63.79713046379713,False,64.46446446446447,True,65.1317984651318,True,62.06206206206206,False,61.66166166166166,False,61.26126126126126,False,63.96396396396397,False,63.0296963630297,False,63.7303970637304,False,0.25,20,30,0.1335,300,122,4,64.6637,65.6637,66.6637,68.6637,True,True,True,False,62.6637,61.6637,60.6637,58.6637,False,False,False,False
val_tune,3171006258,6,TN,"[[14.0, 34.8]]",20.8,>=10s,32.032,True,True,32.6326,True,33.033,True,33.5335,True,31.031,True,30.03,True,29.39603333333333,True,33.166466666666665,True,31.464766666666666,True,32.2322,True,0.7,20,7,0.6006,147,53,4,33.032,34.032,35.032,37.0,True,True,False,False,31.032,30.032,29.032,27.032,True,True,True,True
val_tune,3270490566,6,TN,"[[47.5, 50.6]]",3.1,2-5s,14.014,True,False,14.6146,False,15.015,False,15.5155,False,13.5135,False,13.013,False,12.4124,False,14.581233333333333,False,12.746066666666668,False,14.6146,False,0.15,20,62,0.6006,203,87,4,15.014,16.014,17.014,19.014,False,False,False,False,13.014,12.014,11.014,9.014,False,False,False,False
val_tune,3261079025,7,TC,"[[0.2, 4.0]]",3.8,2-5s,5.8058,True,False,6.006,False,6.473133333333333,False,7.007,False,5.005,False,4.5045,False,4.004,False,10.9109,False,1.9352666666666667,True,5.9059,False,0.0,20,21,0.2002,75,29,4,6.8058,7.8058,8.8058,10.8058,False,False,False,False,4.8058,3.8058,2.8058,0.8058,False,True,True,True
val_tune,4420239986,5,CW,"[[0.2, 20.0]]",19.8,>=10s,18.9856,True,True,20.02,False,20.4204,False,20.8208,False,18.6186,True,18.018,True,17.6176,True,21.054366666666667,False,17.650966666666665,True,19.019,True,0.25,20,5,1.0344,90,37,4,19.9856,20.9856,21.9856,22.0,True,False,False,False,17.9856,16.9856,15.9856,13.9856,True,True,True,True
val_tune,3046900922,8,CH,"[[4.1, 12.3]]",8.2,5-10s,2.9696,True,False,3.003,False,3.4034,False,4.004,False,2.4024,False,2.002,False,1.001,False,5.8058000000000005,True,1.9352666666666667,False,3.003,False,0.6,20,26,0.0334,72,30,4,3.9696,4.9696,5.9696,7.9696,False,True,True,True,1.9696,0.9696,0.0,0.0,False,False,False,False
val_tune,6037747123,7,CW,"[[0.0, 17.8]]",17.8,>=10s,17.7177,True,True,18.051366666666667,False,18.685333333333332,False,19.052366666666668,False,17.050366666666665,True,16.5165,True,16.049366666666668,True,18.351666666666667,False,17.150466666666667,True,17.751066666666667,True,0.1,20,24,0.3337,123,52,4,18.7177,19.7177,20.7177,22.7177,False,False,False,False,16.7177,15.7177,14.7177,12.7177,True,True,True,True
val_tune,2821788355,5,CW,"[[0.0, 4.6], [7.4, 15.2]]",12.4,>=10s,14.1475,True,True,15.015,True,15.5155,False,16.016,False,14.014,True,13.013,True,12.379033333333334,True,14.781433333333334,True,13.046366666666668,True,14.180833333333334,True,0.0,20,16,0.8675,103,37,4,15.1475,16.1475,17.1475,19.1475,True,False,False,False,13.1475,12.1475,11.1475,9.1475,True,True,True,True
val_tune,6297019062,8,CW,"[[19.6, 22.5]]",2.9,2-5s,51.8852,True,False,52.085366666666665,False,52.685966666666666,False,53.08636666666666,False,51.618233333333336,False,51.08436666666667,False,50.08336666666667,False,52.218833333333336,False,50.68396666666667,False,51.98526666666667,False,0.0,20,11,0.2002,234,91,4,52.8852,53.8852,54.8852,56.8852,False,False,False,False,50.8852,49.8852,48.8852,46.8852,False,False,False,False
val_tune,5919180502,4,TN,"[[9.4, 13.3]]",3.9,2-5s,27.027,True,False,27.6276,False,28.061366666666668,False,28.79543333333333,False,26.026,False,25.6256,False,25.025,False,27.727700000000002,False,26.226200000000002,False,27.1271,False,0.0,20,29,0.6006,200,72,4,28.027,29.027,30.027,32.027,False,False,False,False,26.027,25.027,24.027,22.027,False,False,False,False
val_tune,5662041273,6,CH,"[[0.5, 3.1], [15.8, 30.2], [72.6, 90.0]]",34.4,>=10s,15.3487,True,False,16.016,True,16.783433333333335,True,17.2172,True,15.048366666666666,False,14.547866666666666,False,14.047366666666667,False,15.7157,False,14.180833333333334,False,16.016,True,0.3,20,115,0.6673,361,141,4,16.3487,17.3487,18.3487,20.3487,True,True,True,True,14.3487,13.3487,12.3487,10.3487,False,False,False,False
val_tune,6624174621,5,CW,"[[34.9, 40]]",5.1,5-10s,39.8732,True,True,40.073366666666665,False,,,,,39.07236666666667,True,38.07136666666667,True,37.070366666666665,True,40.373666666666665,False,37.87116666666667,True,39.97326666666667,True,0.3,20,1,0.2002,163,61,4,40.0,40.0,40.0,40.0,True,True,True,True,38.8732,37.8732,36.8732,34.8732,True,True,True,False
val_tune,5308503740,1,TC,"[[31.8, 53.7]]",21.9,>=10s,5.3387,True,False,5.5055,False,6.006,False,6.439766666666666,False,5.005,False,4.004,False,3.003,False,6.773433333333333,False,4.137466666666667,False,5.5055,False,0.4,20,78,0.1668,215,86,4,6.3387,7.3387,8.3387,10.3387,False,False,False,False,4.3387,3.3387,2.3387,0.3387,False,False,False,False
val_tune,6253433310,3,CW,"[[17.5, 22.7]]",5.2,5-10s,3.637,True,False,4.037366666666666,False,4.771433333333333,False,5.538866666666666,False,3.5368666666666666,False,3.1364666666666667,False,2.2355666666666667,False,3.937266666666667,False,2.7027,False,4.037366666666666,False,0.25,20,25,0.4004,91,31,4,4.637,5.637,6.637,8.637,False,False,False,False,2.637,1.637,0.637,0.0,False,False,False,False
val_tune,8253302563,2,TN,"[[25.7, 28.1]]",2.4,2-5s,3.375,True,False,3.7916666666666665,False,4.291666666666667,False,5.041666666666667,False,3.0416666666666665,False,2.5416666666666665,False,2.0416666666666665,False,5.625,False,1.5,False,3.7916666666666665,False,0.0,20,56,0.4167,142,61,4,4.375,5.375,6.375,8.375,False,False,False,False,2.375,1.375,0.375,0.0,False,False,False,False
val_tune,2868183184,2,CW,"[[16.7, 51.5]]",34.8,>=10s,44.711,True,True,45.045,True,45.612,True,46.046,True,44.044,True,43.043,True,42.575,True,45.41253791708797,True,44.111223458038424,True,44.978,True,0.8,20,11,0.334,209,80,4,45.711,46.711,47.711,49.711,True,True,True,True,43.711,42.711,41.711,39.711,True,True,True,True
val_tune,2990321092,9,TC,"[[3.2, 7.3], [10.9, 13.9]]",7.1,5-10s,20.6206,True,False,21.021,False,,,,,20.02,False,19.4194,False,19.019,False,20.954266666666665,False,19.052366666666668,False,20.8208,False,0.0,20,1,0.4004,86,36,4,21.0,21.0,21.0,21.0,False,False,False,False,19.6206,18.6206,17.6206,15.6206,False,False,False,False
val_tune,5406108447,0,CW,"[[12.2, 14.4], [28.5, 31.8], [40.0, 42.4]]",7.9,5-10s,11.645,True,False,12.045366666666666,False,12.445766666666668,True,13.046366666666666,True,11.044366666666667,False,10.043366666666667,False,9.542866666666667,False,13.279933333333334,True,10.744066666666667,False,11.745066666666666,False,0.25,20,46,0.4004,179,64,4,12.645,13.645,14.645,16.645,True,True,False,False,10.645,9.645,8.645,6.645,False,False,False,False
val_tune,4564478328,5,CW,"[[25.0, 30.9], [31.4, 37.4]]",11.9,>=10s,34.6012,True,True,35.035,True,35.402033333333335,True,36.036,True,34.56786666666667,True,34.034,True,33.033,True,40.87416666666667,False,31.96526666666667,True,34.6346,True,0.4,20,21,0.4338,188,82,4,35.6012,36.6012,37.6012,39.6012,True,True,False,False,33.6012,32.6012,31.6012,29.6012,True,True,True,True
val_tune,5907839036,1,CW,"[[4.3, 6.3]]",2.0,2-5s,32.5659,True,False,33.06636666666667,False,33.466766666666665,False,34.067366666666665,False,32.06536666666667,False,31.464766666666666,False,31.06436666666667,False,32.96626666666667,False,31.865166666666667,False,32.96626666666667,False,0.0,20,101,0.5005,360,153,4,33.5659,34.5659,35.5659,37.5659,False,False,False,False,31.5659,30.5659,29.5659,27.5659,False,False,False,False
val_tune,4092992100,8,TC,"[[0.0, 3.5]]",3.5,2-5s,15.1151,True,False,,,,,,,15.015,False,14.5145,False,14.014,False,15.382033333333334,False,14.681333333333333,False,,,,0,0,,62,21,4,15.0,15.0,15.0,15.0,False,False,False,False,14.1151,13.1151,12.1151,10.1151,False,False,False,False
val_tune,2821788355,7,TN,"[[8.6, 13.4]]",4.8,2-5s,13.7804,True,False,14.014,False,15.015,False,15.5155,False,13.013,True,12.379033333333334,True,12.012,True,14.781433333333334,False,13.046366666666668,True,14.014,False,0.0,20,17,0.2336,103,37,4,14.7804,15.7804,16.7804,18.7804,False,False,False,False,12.7804,11.7804,10.7804,8.7804,True,True,True,True
val_tune,9082180631,5,CH,"[[0.1, 7.7]]",7.6,5-10s,8.1415,True,False,8.341675008341674,False,9.242575909242577,False,9.60960960960961,False,7.474140807474141,True,7.040373707040374,True,6.006006006006006,True,8.508508508508509,False,7.841174507841175,False,8.341675008341674,False,0.0,20,6,0.2002,43,13,4,9.1415,10.1415,11.1415,13.1415,False,False,False,False,7.1415,6.1415,5.1415,3.1415,True,True,True,True
val_tune,4650556666,2,CW,"[[17.7, 22.5]]",4.8,2-5s,12.36,True,False,12.6,False,13.2,False,14.4,False,12.0,False,11.4,False,10.8,False,12.8,False,11.92,False,12.6,False,0.45,20,13,0.24,76,31,4,13.36,14.36,15.36,17.36,False,False,False,False,11.36,10.36,9.36,7.36,False,False,False,False
val_tune,4859057828,1,TN,"[[1.5, 4.5]]",3.0,2-5s,3.7704,True,True,4.004,True,4.371033333333333,True,5.005,False,3.370033333333333,True,3.003,True,2.5025,True,4.037366666666666,True,1.7684333333333333,True,4.004,True,0.1,20,32,0.2336,87,38,4,4.7704,5.7704,6.7704,8.7704,False,False,False,False,2.7704,1.7704,0.7704,0.0,True,True,False,False
val_tune,4488066715,1,CW,"[[46.4, 51.2]]",4.8,2-5s,62.2622,True,False,62.62923333333333,False,63.063,False,63.5635,False,62.062,False,61.5615,False,61.061,False,63.99726666666667,False,60.4604,False,62.4624,False,0.0,20,47,0.367,352,155,4,63.2622,64.2622,65.2622,67.2622,False,False,False,False,61.2622,60.2622,59.2622,57.2622,False,False,False,False
val_tune,8513603944,5,CW,"[[0.2, 10.7]]",10.5,>=10s,17.0504,True,False,17.550866666666668,False,18.051366666666667,False,18.451766666666668,False,16.049366666666668,False,15.648966666666666,False,15.048366666666666,False,17.550866666666668,False,16.850166666666667,False,17.250566666666668,False,0.0,20,24,0.5005,123,54,4,18.0504,19.0504,20.0504,22.0504,False,False,False,False,16.0504,15.0504,14.0504,12.0504,False,False,False,False
val_tune,3131380536,7,TC,"[[10.4, 17.2]]",6.8,5-10s,32.3323,True,False,32.5325,False,33.033,False,33.5335,False,32.032,False,31.031,False,30.663966666666667,False,33.56686666666667,False,31.164466666666666,False,32.5325,False,0.0,20,57,0.2002,268,108,4,33.3323,34.3323,35.3323,37.3323,False,False,False,False,31.3323,30.3323,29.3323,27.3323,False,False,False,False
val_tune,10030609934,11,TN,"[[47.1, 53.3]]",6.2,5-10s,33.6003,True,False,33.90056723390057,False,35.03503503503504,False,36.03603603603604,False,32.032032032032035,False,31.43143143143143,False,30.897564230897565,False,35.60226893560227,False,32.0653987320654,False,33.633633633633636,False,0.5,20,26,0.3003,198,65,4,34.6003,35.6003,36.6003,38.6003,False,False,False,False,32.6003,31.6003,30.6003,28.6003,False,False,False,False
val_tune,3456030972,0,CW,"[[0.2, 3.2], [6.1, 11.7]]",8.6,5-10s,7.4074,True,True,8.008,True,8.6086,True,9.009,True,7.007,True,6.006,False,5.4054,False,7.540866666666667,True,6.940266666666667,True,8.008,True,0.3,20,28,0.6006,102,39,4,8.4074,9.4074,10.4074,12.4074,True,True,True,False,6.4074,5.4074,4.4074,2.4074,True,False,False,True
val_tune,4199369046,5,TN,"[[2.4, 7.6]]",5.2,5-10s,0.0,True,False,0.2002,False,1.001,False,1.5015,False,,,,,,,1.0677333333333334,False,,,0.2002,False,0.1,20,96,0.2002,230,96,4,1.0,2.0,3.0,5.0,False,False,True,True,0.0,0.0,0.0,0.0,False,False,False,False
val_tune,7453733046,12,TN,"[[3.5, 5.3]]",1.8,<2s,1.0344,True,False,2.0353666666666665,False,2.6359666666666666,False,3.036366666666667,False,0.6339666666666667,False,,,,,2.3690333333333333,False,0.8341666666666667,False,1.7350666666666668,False,0.05,20,53,1.001,134,55,4,2.0344,3.0344,4.0344,6.0344,False,False,True,False,0.0344,0.0,0.0,0.0,False,False,False,False
val_tune,5521781780,0,TN,"[[6.4, 14.0]]",7.6,5-10s,5.3387,True,False,5.538866666666666,False,6.039366666666667,False,7.040366666666666,True,5.038366666666667,False,4.037366666666666,False,3.5368666666666666,False,5.939266666666667,False,4.337666666666666,False,5.538866666666666,False,0.25,20,131,0.2002,361,138,4,6.3387,7.3387,8.3387,10.3387,False,True,True,True,4.3387,3.3387,2.3387,0.3387,False,False,False,False
val_tune,2623954636,2,CW,"[[27.0, 31]]",4.0,2-5s,19.252,True,False,20.02,False,20.487,False,21.021,False,19.019,False,18.551,False,18.018,False,20.9211324570273,False,18.21840242669363,False,19.352,False,0.45,20,21,0.768,127,56,4,20.252,21.252,22.252,24.252,False,False,False,False,18.252,17.252,16.252,14.252,False,False,False,False
val_tune,3711681535,7,CW,"[[0.1, 15.2]]",15.1,>=10s,4.004,True,True,4.6046,True,5.005,True,6.006,True,3.6036,True,3.003,True,2.5025,True,5.038366666666667,True,1.9352666666666667,True,4.6046,True,0.25,20,50,0.6006,144,58,4,5.004,6.004,7.004,9.004,True,True,True,True,3.004,2.004,1.004,0.0,True,True,True,False
val_tune,7533369046,4,TC,"[[9.3, 9.7]]",0.4,<2s,24.5417,True,False,25.041666666666668,False,26.291666666666668,False,27.541666666666668,False,23.791666666666668,False,23.041666666666668,False,22.541666666666668,False,26.416666666666668,False,23.791666666666668,False,24.916666666666668,False,0.0,20,9,0.5,108,40,4,25.5417,26.5417,27.5417,29.5417,False,False,False,False,23.5417,22.5417,21.5417,19.5417,False,False,False,False
val_tune,4859057828,6,CW,"[[0.0, 3.0]]",3.0,2-5s,1.9019,True,True,2.002,True,2.5025,True,3.003,False,1.001,True,0.2002,True,,,4.037366666666666,False,1.7684333333333333,True,2.002,True,0.05,20,36,0.1001,87,38,4,2.9019,3.9019,4.9019,6.9019,True,False,False,False,0.9019,0.0,0.0,0.0,True,True,True,True
val_tune,6516459343,1,CW,"[[5.8, 29.9]]",24.1,>=10s,35.035,True,False,35.16846666666667,False,35.5355,False,36.169466666666665,False,34.16746666666667,False,33.166466666666665,False,32.699333333333335,False,37.57086666666667,False,34.16746666666667,False,35.1351,False,0.0,20,93,0.1335,362,154,4,36.035,37.035,38.035,40.035,False,False,False,False,34.035,33.035,32.035,30.035,False,False,False,False
val_tune,5533380417,5,CH,"[[0.2, 13]]",12.8,>=10s,12.9463,True,True,13.046366666666666,False,,,,,12.645966666666666,True,12.045366666666666,True,11.044366666666667,True,13.046366666666668,False,12.379033333333334,True,13.046366666666666,False,0.0,20,1,0.1001,56,20,4,13.0,13.0,13.0,13.0,True,True,True,True,11.9463,10.9463,9.9463,7.9463,True,True,True,True
val_tune,3942617402,4,TC,"[[0.0, 6.6]]",6.6,5-10s,11.0527,True,False,11.26125,False,12.012,False,12.5125,False,10.677333333333333,False,9.592916666666667,False,8.75875,False,11.845166666666666,False,5.171833333333333,True,11.26125,False,0.0,20,28,0.2085,99,43,4,12.0527,13.0527,14.0527,16.0527,False,False,False,False,10.0527,9.0527,8.0527,6.0527,False,False,False,True
val_tune,5885887012,5,TN,"[[3.9, 31.9]]",28.0,>=10s,12.0454,True,True,13.046366666666666,True,14.047366666666667,True,14.647966666666667,True,11.044366666666667,True,10.043366666666667,True,9.442766666666667,True,13.480133333333333,True,11.044366666666667,True,12.746066666666668,True,1.0,20,34,1.001,128,55,4,13.0454,14.0454,15.0454,17.0454,True,True,True,True,11.0454,10.0454,9.0454,7.0454,True,True,True,True
val_tune,8107573462,2,CW,"[[0.1, 6.2]]",6.1,5-10s,6.2396,True,False,6.6066,False,7.040366666666666,False,7.440766666666667,False,6.039366666666667,True,5.038366666666667,True,4.437766666666667,True,7.9412666666666665,False,4.070733333333333,True,6.6066,False,0.0,20,12,0.367,55,23,4,7.2396,8.2396,9.2396,11.2396,False,False,False,False,5.2396,4.2396,3.2396,1.2396,True,True,True,True
val_tune,3851913128,2,CW,"[[65.0, 74.2]]",9.2,5-10s,31.3313,True,False,32.032,False,33.033,False,34.034,False,31.031,False,30.4304,False,30.03,False,33.19983333333333,False,30.964266666666667,False,31.7317,False,0.25,20,52,0.7007,299,96,4,32.3313,33.3313,34.3313,36.3313,False,False,False,False,30.3313,29.3313,28.3313,26.3313,False,False,False,False
val_tune,6300775954,3,CH,"[[50.5, 54.8]]",4.3,2-5s,55.0884,True,False,55.58886666666667,False,56.08936666666666,False,57.09036666666667,False,54.58786666666666,True,54.08736666666667,True,53.48676666666667,True,56.523133333333334,False,53.78706666666667,True,55.388666666666666,False,0.0,20,4,0.5005,232,94,4,56.0884,57.0884,58.0,58.0,False,False,False,False,54.0884,53.0884,52.0884,50.0884,True,True,True,False
val_tune,3321261856,1,TN,"[[12.0, 15.0]]",3.0,2-5s,21.021,True,False,21.5215,False,22.022,False,22.5225,False,20.02,False,19.6196,False,19.019,False,21.955266666666667,False,20.887533333333334,False,21.5215,False,0.0,20,12,0.5005,115,45,4,22.021,23.021,24.021,26.021,False,False,False,False,20.021,19.021,18.021,16.021,False,False,False,False
val_tune,2697214342,4,CW,"[[4.2, 15.3]]",11.1,>=10s,21.6216,True,False,22.022,False,22.4224,False,23.023,False,21.021,False,20.6206,False,20.02,False,21.955266666666667,False,20.587233333333334,False,22.022,False,0.0,20,50,0.4004,200,91,4,22.6216,23.6216,24.6216,26.6216,False,False,False,False,20.6216,19.6216,18.6216,16.6216,False,False,False,False
val_tune,3155382178,0,CW,"[[0.0, 3.0]]",3.0,2-5s,17.017,True,False,17.484133333333332,False,18.018,False,19.019,False,16.016,False,15.648966666666666,False,15.015,False,19.486133333333335,False,15.448766666666668,False,17.083733333333335,False,0.0,20,18,0.4671,115,41,4,18.017,19.017,20.017,22.017,False,False,False,False,16.017,15.017,14.017,12.017,False,False,False,False
val_tune,3046900922,9,CW,"[[0.1, 12.8]]",12.7,>=10s,14.014,True,False,15.015,False,15.382033333333334,False,16.016,False,13.580233333333334,False,13.013,False,12.012,True,14.647966666666667,False,13.9139,False,14.180833333333334,False,0.0,20,5,1.001,72,30,4,15.014,16.014,17.014,18.0,False,False,False,False,13.014,12.014,11.014,9.014,False,True,True,True
val_tune,4970148391,10,TN,"[[17.3, 19.8]]",2.5,2-5s,19.019,True,True,19.5195,True,20.02,False,20.5205,False,18.6186,True,18.018,True,17.017,False,20.053366666666665,False,17.550866666666668,True,19.3193,True,0.2,20,9,0.5005,99,43,4,20.019,21.019,22.019,24.0,False,False,False,False,18.019,17.019,16.019,14.019,True,False,False,False
val_tune,2604394962,4,CH,"[[9.7, 11.7]]",2.0,2-5s,17.7511,True,False,18.018,False,19.019,False,19.386033333333334,False,17.550866666666668,False,17.017,False,16.483133333333335,False,18.051366666666667,False,16.049366666666668,False,17.951266666666665,False,0.0,20,34,0.2669,144,68,4,18.7511,19.7511,20.7511,22.7511,False,False,False,False,16.7511,15.7511,14.7511,12.7511,False,False,False,False
val_tune,4488066715,5,CW,"[[16.0, 20.5], [23.7, 27.2]]",8.0,5-10s,1.9019,True,False,2.002,False,2.6026,False,3.003,False,1.001,False,0.5005,False,,,4.070733333333333,False,0.9342666666666667,False,1.9686333333333332,False,0.2,20,153,0.1001,352,155,4,2.9019,3.9019,4.9019,6.9019,False,False,False,False,0.9019,0.0,0.0,0.0,False,False,False,False
val_tune,5138093706,1,CH,"[[14.7, 29.8]]",15.1,>=10s,24.9249,True,True,25.025,True,26.026,True,27.027,True,24.024,True,23.6236,True,23.023,True,25.959266666666668,True,23.957266666666666,True,24.991633333333333,True,0.75,20,9,0.1001,125,52,4,25.9249,26.9249,27.9249,29.9249,True,True,True,False,23.9249,22.9249,21.9249,19.9249,True,True,True,True
val_tune,8495272210,2,CW,"[[16.0, 19.2]]",3.2,2-5s,1.9353,True,False,2.0353666666666665,False,2.5358666666666667,False,3.036366666666667,False,1.0343666666666667,False,0.5338666666666667,False,,,2.0353666666666665,False,0.8341666666666667,False,2.0353666666666665,False,0.15,20,33,0.1001,84,35,4,2.9353,3.9353,4.9353,6.9353,False,False,False,False,0.9353,0.0,0.0,0.0,False,False,False,False
val_tune,3046900922,6,CH,"[[0.0, 12.7]]",12.7,>=10s,14.014,True,False,15.015,False,15.382033333333334,False,16.016,False,13.580233333333334,False,13.013,False,12.012,True,14.647966666666667,False,13.9139,False,14.180833333333334,False,0.0,20,5,1.001,72,30,4,15.014,16.014,17.014,18.0,False,False,False,False,13.014,12.014,11.014,9.014,False,True,True,True
val_tune,6443512089,2,CW,"[[17.8, 20.8]]",3.0,2-5s,22.1555,True,False,23.056366666666666,False,23.456766666666667,False,24.057366666666667,False,22.055366666666668,False,21.654966666666667,False,21.054366666666667,False,22.956266666666668,False,20.186833333333333,True,22.255566666666667,False,0.0,20,94,0.9009,326,132,4,23.1555,24.1555,25.1555,27.1555,False,False,False,False,21.1555,20.1555,19.1555,17.1555,False,True,True,False
val_tune,5349766264,3,CW,"[[6.8, 26.4], [33.6, 46.4]]",32.4,>=10s,42.9179,True,True,43.168125,True,43.79375,True,45.045,True,42.5425,True,41.29125,True,40.04,True,44.33595833333333,True,37.70433333333333,True,43.043,True,0.1,20,47,0.2503,252,99,4,43.9179,44.9179,45.9179,47.9179,True,True,True,False,41.9179,40.9179,39.9179,37.9179,True,True,True,True
val_tune,2824317018,4,CW,"[[16.5, 19.3], [35.9, 38.4]]",5.3,5-10s,39.639,True,False,40.04,False,40.44,False,41.041,False,39.439,False,39.039,False,38.038,True,40.20728008088979,False,37.2376137512639,True,39.806,False,0.0,20,24,0.401,217,85,4,40.639,41.639,42.639,44.639,False,False,False,False,38.639,37.639,36.639,34.639,False,True,True,False
val_tune,9531760182,10,CW,"[[0.1, 5.9]]",5.8,5-10s,4.96,True,True,5.24,True,6.04,False,6.64,False,4.48,True,3.64,True,3.04,True,6.68,False,3.2,True,5.24,True,0.0,20,97,0.28,257,104,4,5.96,6.96,7.96,9.96,False,False,False,False,3.96,2.96,1.96,0.0,True,True,True,False
val_tune,3981865268,0,CW,"[[0.0, 6.1]]",6.1,5-10s,33.1665,True,False,33.50013333333333,False,34.034,False,34.501133333333335,False,33.033,False,32.66596666666667,False,32.032,False,33.9339,False,33.06636666666667,False,33.50013333333333,False,0.0,20,7,0.3337,148,59,4,34.1665,35.1665,36.1665,37.0,False,False,False,False,32.1665,31.1665,30.1665,28.1665,False,False,False,False
val_tune,7308042410,2,CW,"[[25.4, 34.0]]",8.6,5-10s,4.3377,True,False,5.038366666666667,False,5.438766666666667,False,6.039366666666667,False,4.037366666666666,False,3.036366666666667,False,2.0353666666666665,False,5.171833333333334,False,3.937266666666667,False,4.738066666666667,False,0.35,20,42,0.7007,137,47,4,5.3377,6.3377,7.3377,9.3377,False,False,False,False,3.3377,2.3377,1.3377,0.0,False,False,False,False
val_tune,6329954198,8,CW,"[[0.0, 3.7]]",3.7,2-5s,1.9353,True,True,2.0353666666666665,True,2.435766666666667,True,3.036366666666667,True,1.5348666666666666,True,1.0343666666666667,True,0.33366666666666667,True,2.9362666666666666,True,0.0,True,2.0353666666666665,True,0.15,20,37,0.1001,94,40,4,2.9353,3.9353,4.9353,6.9353,True,False,False,False,0.9353,0.0,0.0,0.0,True,True,True,True
val_tune,3060478605,3,TN,"[[7.9, 11.2]]",3.3,2-5s,14.8899,True,False,15.015,False,16.26625,False,17.5175,False,13.76375,False,13.013,False,12.5125,False,18.017999999999997,False,13.346666666666666,False,15.015,False,0.0,20,3,0.1251,59,19,4,15.8899,16.8899,17.8899,18.0,False,False,False,False,13.8899,12.8899,11.8899,9.8899,False,False,False,True
val_tune,9408800471,2,CH,"[[13.5, 19.9]]",6.4,5-10s,15.5489,True,True,16.616616616616618,True,17.550884217550884,True,17.91791791791792,True,14.748081414748082,True,13.54688021354688,True,12.479145812479146,False,16.583249916583252,True,15.148481815148482,True,16.48314981648315,True,0.35,20,24,1.0677,124,43,4,16.5489,17.5489,18.5489,20.5489,True,True,True,False,14.5489,13.5489,12.5489,10.5489,True,True,False,False
val_tune,13919236672,6,TN,"[[12.3, 17.6]]",5.3,5-10s,103.1824,True,False,103.24916583249916,False,104.04996663329996,False,104.417000333667,False,102.5150984317651,False,102.04796463129796,False,101.0135969302636,False,104.77143810477145,False,102.43576910243577,False,103.24916583249916,False,0.0,20,42,0.0667,467,186,4,104.1824,105.1824,106.1824,108.1824,False,False,False,False,102.1824,101.1824,100.1824,98.1824,False,False,False,False
val_tune,2696280239,8,CH,"[[1.3, 2.9]]",1.6,<2s,9.1758,True,False,9.676333333333334,False,10.6106,False,10.977633333333333,False,8.9089,False,8.441766666666666,False,8.008,False,9.9099,False,7.7077,False,9.676333333333334,False,0.0,20,7,0.5005,54,24,4,10.1758,11.1758,12.1758,13.0,False,False,False,False,8.1758,7.1758,6.1758,4.1758,False,False,False,False
val_tune,4006608424,6,TN,"[[20.5, 34.1]]",13.6,>=10s,39.039,True,False,39.57286666666667,False,40.04,False,40.47376666666667,False,38.50513333333333,False,38.038,False,37.037,False,39.40603333333333,False,38.20483333333333,False,39.3393,False,0.0,20,84,0.5339,360,149,4,40.039,41.039,42.039,44.039,False,False,False,False,38.039,37.039,36.039,34.039,False,False,False,True
val_tune,5333075105,12,CW,"[[35.2, 39.0]]",3.8,2-5s,37.037,True,True,37.504133333333336,True,38.038,True,38.6386,True,36.50313333333333,True,36.036,True,35.035,False,38.405033333333336,True,33.96726666666667,False,37.504133333333336,True,1.0,20,3,0.4671,156,63,4,38.037,39.0,39.0,39.0,True,True,True,True,36.037,35.037,34.037,32.037,True,False,False,False
val_tune,3526597179,4,TC,"[[22.7, 26.8]]",4.1,2-5s,23.1231,True,True,24.024,True,24.6246,True,25.025,True,23.023,True,22.4224,False,22.022,False,24.157466666666668,True,22.689333333333334,False,23.2232,True,1.0,20,7,0.9009,108,44,4,24.1231,25.1231,26.1231,27.0,True,True,True,False,22.1231,21.1231,20.1231,18.1231,False,False,False,False
val_tune,4707679105,5,CW,"[[17.6, 19.1]]",1.5,<2s,21.9219,True,False,22.022,False,23.023,False,23.5235,False,21.6216,False,21.021,False,20.5205,False,22.088733333333334,False,21.054366666666667,False,22.022,False,0.0,20,14,0.1001,130,47,4,22.9219,23.9219,24.9219,26.9219,False,False,False,False,20.9219,19.9219,18.9219,16.9219,False,False,True,False
val_tune,3943634344,2,CW,"[[0.0, 1.8]]",1.8,<2s,20.6206,True,False,20.8208,False,,,,,20.02,False,19.019,False,18.018,False,20.9209,False,18.051366666666667,False,20.8208,False,0.0,20,1,0.2002,84,37,4,21.0,21.0,21.0,21.0,False,False,False,False,19.6206,18.6206,17.6206,15.6206,False,False,False,False
val_tune,2782658657,1,TN,"[[4.3, 7.8]]",3.5,2-5s,3.1031,True,False,3.5368666666666666,False,4.004,False,4.4044,True,2.6693333333333333,False,2.002,False,1.4014,False,3.8705333333333334,False,3.069733333333333,False,3.5368666666666666,False,0.3,20,35,0.4338,106,41,4,4.1031,5.1031,6.1031,8.1031,False,True,True,False,2.1031,1.1031,0.1031,0.0,False,False,False,False
val_tune,2461993294,2,CW,"[[0.1, 12.3], [45.8, 66.7]]",33.1,>=10s,50.05,True,True,51.051,True,51.51813333333333,True,52.052,True,49.049,True,48.048,True,47.61423333333333,True,50.583866666666665,True,49.48276666666667,True,50.3503,True,1.0,20,31,1.001,267,120,4,51.05,52.05,53.05,55.05,True,True,True,True,49.05,48.05,47.05,45.05,True,True,True,False
val_tune,8225502382,10,TN,"[[24.5, 28.4]]",3.9,2-5s,26.6933,True,True,27.060366666666667,True,27.460766666666668,True,28.061366666666668,True,26.059366666666666,True,25.658966666666668,True,25.058366666666668,True,26.860166666666668,True,26.226200000000002,True,26.793433333333333,True,0.1,20,38,0.367,196,81,4,27.6933,28.6933,29.6933,31.6933,True,False,False,False,25.6933,24.6933,23.6933,21.6933,True,True,False,False
val_tune,6754608321,6,TN,"[[19.2, 25.1]]",5.9,5-10s,17.2506,True,False,17.650966666666665,False,18.051366666666667,False,18.651966666666667,False,17.050366666666665,False,16.049366666666668,False,15.048366666666666,False,18.284933333333335,False,16.950266666666668,False,17.650966666666665,False,0.1,20,56,0.4004,216,81,4,18.2506,19.2506,20.2506,22.2506,False,True,True,True,16.2506,15.2506,14.2506,12.2506,False,False,False,False
val_tune,8064178441,6,TN,"[[26.6, 35.5], [65.4, 67.8]]",11.3,>=10s,5.0384,True,False,5.438766666666667,False,6.039366666666667,False,7.040366666666666,False,4.037366666666666,False,3.036366666666667,False,2.0353666666666665,False,7.073733333333333,False,4.037366666666666,False,5.438766666666667,False,0.3,20,97,0.4004,298,105,4,6.0384,7.0384,8.0384,10.0384,False,False,False,False,4.0384,3.0384,2.0384,0.0384,False,False,False,False
val_tune,6624174621,3,TN,"[[34.0, 36.0]]",2.0,2-5s,12.4458,True,False,12.545866666666667,False,13.046366666666666,False,13.446766666666667,False,12.045366666666666,False,11.044366666666667,False,10.043366666666667,False,12.645966666666666,False,12.078733333333334,False,12.545866666666667,False,0.05,20,42,0.1001,163,61,4,13.4458,14.4458,15.4458,17.4458,False,False,False,False,11.4458,10.4458,9.4458,7.4458,False,False,False,False
val_tune,10030609934,8,CH,"[[20.0, 23.3]]",3.3,2-5s,20.7207,True,True,21.12112112112112,True,21.52152152152152,True,22.02202202202202,True,20.02002002002002,True,19.652986319652985,False,19.185852519185854,False,21.35468802135469,True,15.015015015015015,False,20.787454120787455,True,0.0,20,41,0.4004,198,65,4,21.7207,22.7207,23.7207,25.7207,True,True,False,False,19.7207,18.7207,17.7207,15.7207,False,False,False,False
val_tune,3046900922,4,TN,"[[12.6, 14.6]]",2.0,2-5s,1.1011,True,False,2.002,False,2.4024,False,3.003,False,1.001,False,0.5005,False,,,1.9352666666666667,False,0.4337666666666667,False,1.2012,False,0.05,20,28,0.9009,72,30,4,2.1011,3.1011,4.1011,6.1011,False,False,False,False,0.1011,0.0,0.0,0.0,False,False,False,False
val_tune,8627074061,2,TN,"[[46.9, 57.5]]",10.6,>=10s,21.4548,True,False,21.554866666666666,False,22.055366666666668,False,22.455766666666666,False,21.054366666666667,False,20.553866666666668,False,20.053366666666665,False,21.888533333333335,False,20.887533333333334,False,21.554866666666666,False,0.2,20,117,0.1001,360,154,4,22.4548,23.4548,24.4548,26.4548,False,False,False,False,20.4548,19.4548,18.4548,16.4548,False,False,False,False
val_tune,3846475848,9,CH,"[[19.9, 71]]",51.1,>=10s,40.9075,True,True,41.041,True,41.60823333333333,True,42.042,True,40.04,True,39.4394,True,39.039,True,43.143100000000004,True,38.97226666666667,True,41.00763333333333,True,1.0,20,48,0.1335,287,116,4,41.9075,42.9075,43.9075,45.9075,True,True,True,True,39.9075,38.9075,37.9075,35.9075,True,True,True,True
val_tune,7114553643,5,CH,"[[21.8, 30.8]]",9.0,5-10s,40.0734,True,False,40.57386666666667,False,41.07436666666667,False,41.47476666666667,False,39.07236666666667,False,38.67196666666667,False,38.07136666666667,False,40.974266666666665,False,39.906533333333336,False,40.373666666666665,False,0.0,20,44,0.5005,264,117,4,41.0734,42.0734,43.0734,45.0734,False,False,False,False,39.0734,38.0734,37.0734,35.0734,False,False,False,False
val_tune,4251505427,3,TC,"[[31.2, 71.7]]",40.5,>=10s,12.012,True,False,13.013,False,13.4134,False,14.014,False,11.578233333333333,False,11.011,False,10.4104,False,13.246566666666666,False,11.7117,False,12.8128,False,0.55,20,106,1.001,306,128,4,13.012,14.012,15.012,17.012,False,False,False,False,11.012,10.012,9.012,7.012,False,False,False,False
val_tune,3851913128,8,TC,"[[32.0, 37.7]]",5.7,5-10s,16.1161,True,False,17.017,False,18.018,False,19.019,False,16.016,False,15.015,False,14.014,False,17.250566666666668,False,14.948266666666667,False,16.7167,False,0.1,20,70,0.9009,299,96,4,17.1161,18.1161,19.1161,21.1161,False,False,False,False,15.1161,14.1161,13.1161,11.1161,False,False,False,False
val_tune,10127533784,3,CW,"[[5.1, 6.7], [8.4, 11.2], [13.8, 16.4]]",7.0,5-10s,5.4388,True,True,5.638972305638973,True,6.139472806139473,True,6.67334000667334,True,4.004004004004004,False,3.53687020353687,False,2.4024024024024024,False,7.640974307640975,False,5.071738405071739,False,5.505505505505505,True,0.75,20,20,0.2002,70,26,4,6.4388,7.4388,8.4388,10.4388,True,False,True,True,4.4388,3.4388,2.4388,0.4388,False,False,False,False
val_tune,7571121368,0,CW,"[[0.5, 32.8]]",32.3,>=10s,8.9423,True,True,9.042366666666666,True,10.043366666666667,True,10.643966666666667,True,8.041366666666667,True,7.440766666666667,True,7.040366666666666,True,9.042366666666666,True,7.9412666666666665,True,9.042366666666666,True,0.4,20,79,0.1001,226,93,4,9.9423,10.9423,11.9423,13.9423,True,True,True,True,7.9423,6.9423,5.9423,3.9423,True,True,True,True
val_tune,7114553643,8,CW,"[[25.6, 30.6]]",5.0,5-10s,45.045,True,False,45.07836666666667,False,45.478766666666665,False,46.079366666666665,False,44.07736666666667,False,43.076366666666665,False,42.57586666666667,False,45.478766666666665,False,43.977266666666665,False,45.07836666666667,False,0.0,20,37,0.0334,264,117,4,46.045,47.045,48.045,50.045,False,False,False,False,44.045,43.045,42.045,40.045,False,False,False,False
val_tune,4488066715,6,CW,"[[62.9, 65.7]]",2.8,2-5s,0.5005,True,False,1.001,False,2.002,False,2.6026,False,,,,,,,0.9342666666666667,False,0.13346666666666668,False,0.8008,False,0.0,20,154,0.5005,352,155,4,1.5005,2.5005,3.5005,5.5005,False,False,False,False,0.0,0.0,0.0,0.0,False,False,False,False
val_tune,6024684644,7,CW,"[[0.0, 1.9]]",1.9,<2s,12.9463,True,False,13.046366666666666,False,13.646966666666666,False,14.047366666666667,False,12.045366666666666,False,11.044366666666667,False,10.043366666666667,False,13.046366666666668,False,12.045366666666666,False,13.046366666666666,False,0.0,20,8,0.1001,70,25,4,13.9463,14.9463,15.9463,17.0,False,False,False,False,11.9463,10.9463,9.9463,7.9463,False,False,False,False
val_tune,9498159305,6,TN,"[[6.6, 13.1]]",6.5,5-10s,1.3013,True,False,1.5348682015348682,False,2.9029029029029028,False,3.6369703036369705,False,1.001001001001001,False,0.6006006006006006,False,0.0667334000667334,False,1.4681348014681348,False,0.26693360026693363,False,1.5348682015348682,False,0.4,20,55,0.2336,152,58,4,2.3013,3.3013,4.3013,6.3013,False,False,False,False,0.3013,0.0,0.0,0.0,False,False,False,False
val_tune,3270490566,4,TN,"[[46.0, 50.6]]",4.6,2-5s,13.013,True,False,13.5135,False,14.014,False,14.6146,False,12.4124,False,12.012,False,11.6116,False,14.581233333333333,False,12.746066666666668,False,13.1131,False,0.2,20,64,0.5005,203,87,4,14.013,15.013,16.013,18.013,False,False,False,False,12.013,11.013,10.013,8.013,False,False,False,False
val_tune,11871253306,3,CW,"[[37.0, 40.2]]",3.2,2-5s,22.1555,True,False,23.089733333333335,False,23.490133333333333,False,24.024,False,22.022,False,21.488133333333334,False,21.021,False,22.989633333333334,False,21.121100000000002,False,23.089733333333335,False,0.15,20,42,0.9343,173,74,4,23.1555,24.1555,25.1555,27.1555,False,False,False,False,21.1555,20.1555,19.1555,17.1555,False,False,False,False
val_tune,2834146886,4,CW,"[[55.7, 57.5]]",1.8,<2s,22.022,True,False,22.3223,False,23.023,False,23.456766666666667,False,21.6216,False,21.021,False,19.986633333333334,False,25.458766666666666,False,19.319300000000002,False,22.3223,False,0.1,20,67,0.3003,251,101,4,23.022,24.022,25.022,27.022,False,False,False,False,21.022,20.022,19.022,17.022,False,False,False,False
val_tune,2696280239,4,CW,"[[1.3, 3.1]]",1.8,<2s,10.9776,True,False,11.344666666666667,False,11.978633333333333,False,12.445766666666668,False,10.6106,False,9.676333333333334,False,8.9089,False,11.044366666666667,False,9.9099,False,11.344666666666667,False,0.0,20,4,0.367,54,24,4,11.9776,12.9776,13.0,13.0,False,False,False,False,9.9776,8.9776,7.9776,5.9776,False,False,False,False
val_tune,12392885583,7,TN,"[[12.4, 19.8]]",7.4,5-10s,14.1475,True,True,14.781433333333334,True,15.181833333333334,True,15.582233333333333,True,13.580233333333334,True,13.1131,True,12.178833333333333,False,14.681333333333333,True,13.780433333333333,True,14.581233333333333,True,0.3,20,25,0.634,110,43,4,15.1475,16.1475,17.1475,19.1475,True,True,True,True,13.1475,12.1475,11.1475,9.1475,True,False,False,False
val_tune,3375218204,1,CW,"[[29.0, 37.2]]",8.2,5-10s,39.039,True,False,39.6396,False,40.04,False,41.041,False,38.038,False,37.037,True,36.5365,True,39.172466666666665,False,37.971266666666665,False,39.3393,False,0.0,20,54,0.6006,299,118,4,40.039,41.039,42.039,44.039,False,False,False,False,38.039,37.039,36.039,34.039,False,True,True,True
val_tune,6253433310,0,CW,"[[0.6, 3.2], [6.6, 7.5]]",3.5,2-5s,7.0404,True,True,7.3073,True,8.041366666666667,False,8.942266666666667,False,6.072733333333334,False,5.538866666666666,False,4.771433333333333,False,8.041366666666667,False,3.937266666666667,False,7.2072,True,0.05,20,21,0.2669,91,31,4,8.0404,9.0404,10.0404,12.0404,False,False,False,False,6.0404,5.0404,4.0404,2.0404,False,False,False,True
val_tune,8455160795,4,CH,"[[11.2, 13.6]]",2.4,2-5s,3.8372,True,False,4.037366666666666,False,4.537866666666667,False,5.038366666666667,False,3.5368666666666666,False,3.036366666666667,False,2.5358666666666667,False,4.037366666666666,False,3.036366666666667,False,4.037366666666666,False,0.15,20,27,0.2002,80,35,4,4.8372,5.8372,6.8372,8.8372,False,False,False,False,2.8372,1.8372,0.8372,0.0,False,False,False,False
val_tune,4272084125,2,TC,"[[6.5, 13.4]]",6.9,5-10s,7.4074,True,True,8.008,True,9.009,True,9.5095,True,7.007,True,6.006,False,5.572233333333333,False,9.175833333333333,True,5.071733333333333,False,7.6076,True,0.3,20,25,0.6006,99,36,4,8.4074,9.4074,10.4074,12.4074,True,True,True,True,6.4074,5.4074,4.4074,2.4074,False,False,False,False
val_tune,7771650716,0,TC,"[[0.2, 8.1]]",7.9,5-10s,2.636,True,True,3.036366666666667,True,4.037366666666666,True,4.6046,True,2.0353666666666665,True,1.0343666666666667,True,0.6339666666666667,True,2.769433333333333,True,1.6683333333333334,True,2.736066666666667,True,0.05,20,86,0.4004,247,90,4,3.636,4.636,5.636,7.636,True,True,True,True,1.636,0.636,0.0,0.0,True,True,False,False
val_tune,11966080214,0,CH,"[[0.0, 6.6]]",6.6,5-10s,19.4861,True,False,19.586233333333332,False,20.02,False,20.587233333333334,False,19.2192,False,18.385033333333332,False,18.018,False,20.286933333333334,False,18.551866666666665,False,19.586233333333332,False,0.0,20,44,0.1001,198,71,4,20.4861,21.4861,22.4861,24.4861,False,False,False,False,18.4861,17.4861,16.4861,14.4861,False,False,False,False
val_tune,4443526735,1,CW,"[[0.3, 4.2]]",3.9,2-5s,1.2512,True,True,1.75175,True,2.5025,True,3.003,True,0.25025,False,,,,,2.5859166666666664,True,0.0,False,1.75175,True,0.1,20,26,0.5005,64,28,4,2.2512,3.2512,4.2512,6.2512,True,True,False,False,0.2512,0.0,0.0,0.0,False,False,False,False
val_tune,4378803532,4,CW,"[[38.2, 41.6]]",3.4,2-5s,10.0434,True,False,11.044366666666667,False,11.644966666666667,False,12.045366666666666,False,9.476133333333333,False,9.042366666666666,False,8.041366666666667,False,10.744066666666667,False,8.041366666666667,False,10.143466666666667,False,0.0,20,56,1.001,175,72,4,11.0434,12.0434,13.0434,15.0434,False,False,False,False,9.0434,8.0434,7.0434,5.0434,False,False,False,False
val_tune,4838145161,2,CW,"[[8.3, 10.1], [24.5, 28.3]]",5.6,5-10s,63.063,True,False,63.797066666666666,False,,,,,62.062,False,61.061,False,60.4604,False,64.09736666666667,False,61.42803333333333,False,63.797066666666666,False,0.0,20,1,0.7341,257,99,4,64.0,64.0,64.0,64.0,False,False,False,False,62.063,61.063,60.063,58.063,False,False,False,False
val_tune,4444192938,9,TN,"[[4.5, 6.8]]",2.3,2-5s,2.002,True,False,3.003,False,3.7037,False,4.1041,False,1.4014,False,1.001,False,0.2002,False,2.9362666666666666,False,0.0,False,2.1021,False,0.25,20,39,1.001,116,43,4,3.002,4.002,5.002,7.002,False,False,True,False,1.002,0.002,0.0,0.0,False,False,False,False
val_tune,6078524411,6,CW,"[[0.0, 21.4]]",21.4,>=10s,21.8552,True,False,22.055366666666668,False,22.455766666666666,False,23.056366666666666,False,21.454766666666668,False,21.054366666666667,True,20.053366666666665,True,23.390033333333335,False,21.588233333333335,False,22.022,False,0.0,20,90,0.2002,336,121,4,22.8552,23.8552,24.8552,26.8552,False,False,False,False,20.8552,19.8552,18.8552,16.8552,True,True,True,True
val_tune,3340340268,6,TC,"[[18.9, 23.0]]",4.1,2-5s,18.018,True,False,18.585233333333335,False,19.019,True,19.652966666666668,True,17.384033333333335,False,17.017,False,16.5165,False,19.252566666666667,True,17.7177,False,18.1181,False,0.2,20,38,0.5672,172,67,4,19.018,20.018,21.018,23.018,True,True,True,False,17.018,16.018,15.018,13.018,False,False,False,False
val_tune,3960291106,6,TN,"[[14.7, 19.6]]",4.9,2-5s,36.5365,True,False,37.037,False,37.4374,False,37.8378,False,36.036,False,35.50213333333333,False,35.035,False,37.971266666666665,False,36.10273333333333,False,37.037,False,0.0,20,21,0.5005,191,89,4,37.5365,38.5365,39.5365,41.5365,False,False,False,False,35.5365,34.5365,33.5365,31.5365,False,False,False,False
val_tune,4190655097,8,CH,"[[25.4, 32.3]]",6.9,5-10s,41.6249,True,False,42.5425,False,43.126416666666664,False,43.79375,False,41.29125,False,40.70733333333333,False,40.04,False,44.878166666666665,False,39.78975,False,42.5425,False,0.0,20,18,0.9176,172,71,4,42.6249,43.6249,44.6249,46.6249,False,False,False,False,40.6249,39.6249,38.6249,36.6249,False,False,False,False
val_tune,5902452647,5,TN,"[[25.3, 27]]",1.7,<2s,23.0564,True,False,24.057366666666667,False,25.058366666666668,False,25.692333333333334,True,22.055366666666668,False,21.4214,False,21.054366666666667,False,23.9239,False,22.155466666666666,False,23.256566666666668,False,0.5,20,6,1.001,110,43,4,24.0564,25.0564,26.0564,27.0,False,False,True,True,22.0564,21.0564,20.0564,18.0564,False,False,False,False
val_tune,8253302563,0,CH,"[[0.3, 4.7]]",4.4,2-5s,3.375,True,True,3.7916666666666665,True,4.291666666666667,True,5.041666666666667,False,3.0416666666666665,True,2.5416666666666665,True,2.0416666666666665,True,5.625,False,1.5,True,3.7916666666666665,True,0.0,20,56,0.4167,142,61,4,4.375,5.375,6.375,8.375,True,False,False,False,2.375,1.375,0.375,0.0,True,True,True,False
val_tune,5854324479,5,TN,"[[16.8, 21.7]]",4.9,2-5s,0.0417,True,False,0.5422083333333333,False,1.2929583333333334,False,1.7934583333333334,False,,,,,,,1.5849166666666665,False,0.0,False,0.2919583333333333,False,0.1,20,26,0.5005,70,26,4,1.0417,2.0417,3.0417,5.0417,False,False,False,False,0.0,0.0,0.0,0.0,False,False,False,False
val_tune,3303565503,3,CW,"[[34.8, 37]]",2.2,2-5s,7.8412,True,False,8.008,False,8.6086,False,9.009,False,7.4074,False,7.007,False,6.006,False,11.244566666666667,False,5.071733333333333,False,7.9412666666666665,False,0.1,20,49,0.1668,150,60,4,8.8412,9.8412,10.8412,12.8412,False,False,False,False,6.8412,5.8412,4.8412,2.8412,False,False,False,False
val_tune,5875535585,7,CW,"[[16.4, 74.6]]",58.2,>=10s,40.3737,True,True,41.07436666666667,True,41.8418,True,42.308933333333336,True,40.17346666666667,True,39.70633333333333,True,39.07236666666667,True,40.57386666666667,True,39.906533333333336,True,41.07436666666667,True,0.95,20,60,0.7007,306,128,4,41.3737,42.3737,43.3737,45.3737,True,True,True,True,39.3737,38.3737,37.3737,35.3737,True,True,True,True
val_tune,2599937944,5,TC,"[[0.4, 6.6]]",6.2,5-10s,2.769,True,True,3.003,True,3.436,True,4.004,True,2.002,True,1.468,True,1.001,True,3.5369059656218402,True,2.5692618806875633,True,3.003,True,0.4,20,17,0.234,62,22,4,3.769,4.769,5.769,7.769,True,True,True,False,1.769,0.769,0.0,0.0,True,True,False,False
val_tune,6277800530,2,TC,"[[0.0, 20.9]]",20.9,>=10s,18.0847,True,True,18.451766666666668,True,19.085733333333334,True,19.5195,True,17.684333333333335,True,17.083733333333335,True,16.483133333333335,True,21.721700000000002,False,17.1171,True,18.451766666666668,True,0.35,20,18,0.367,119,45,4,19.0847,20.0847,21.0847,23.0847,True,True,False,False,17.0847,16.0847,15.0847,13.0847,True,True,True,True
val_tune,9531760182,9,TC,"[[0.1, 3.2]]",3.1,2-5s,4.96,True,False,5.24,False,6.04,False,6.64,False,4.48,False,3.64,False,3.04,True,6.68,False,3.2,True,5.24,False,0.0,20,97,0.28,257,104,4,5.96,6.96,7.96,9.96,False,False,False,False,3.96,2.96,1.96,0.0,False,True,True,False
val_tune,3851913128,0,CW,"[[31.4, 35.7]]",4.3,2-5s,16.1161,True,False,17.017,False,18.018,False,19.019,False,16.016,False,15.015,False,14.014,False,17.250566666666668,False,14.948266666666667,False,16.7167,False,0.2,20,70,0.9009,299,96,4,17.1161,18.1161,19.1161,21.1161,False,False,False,False,15.1161,14.1161,13.1161,11.1161,False,False,False,False
val_tune,2454242177,0,CW,"[[0.0, 1.8]]",1.8,<2s,6.0727,True,False,6.6066,False,7.007,False,8.008,False,6.006,False,5.6056,False,5.005,False,7.574233333333334,False,5.872533333333333,False,6.6066,False,0.0,20,71,0.5339,212,81,4,7.0727,8.0727,9.0727,11.0727,False,False,False,False,5.0727,4.0727,3.0727,1.0727,False,False,False,True
val_tune,4006608424,0,CH,"[[0.0, 10.8]]",10.8,>=10s,42.8428,True,False,43.043,False,44.044,False,45.045,False,42.042,False,41.5415,False,41.041,False,42.97626666666667,False,41.37466666666667,False,43.043,False,0.0,20,78,0.2002,360,149,4,43.8428,44.8428,45.8428,47.8428,False,False,False,False,41.8428,40.8428,39.8428,37.8428,False,False,False,False
val_tune,2705374471,5,TN,"[[27.9, 33.9]]",6.0,5-10s,11.6116,True,False,12.012,False,12.5125,False,13.013,False,11.5115,False,11.011,False,10.01,False,12.045366666666666,False,11.077733333333333,False,11.978633333333333,False,0.15,20,68,0.4004,208,85,4,12.6116,13.6116,14.6116,16.6116,False,False,False,False,10.6116,9.6116,8.6116,6.6116,False,False,False,False
val_tune,4774302357,8,CW,"[[5.5, 8.2]]",2.7,2-5s,6.006,True,True,7.007,True,7.374033333333333,True,8.008,True,5.005,False,4.4044,False,4.004,False,7.040366666666666,True,5.572233333333333,True,6.7067,True,0.4,20,17,1.001,60,27,4,7.006,8.006,9.006,11.006,True,True,False,False,5.006,4.006,3.006,1.006,False,False,False,False
val_tune,6621511673,3,CW,"[[18.2, 90.0]]",71.8,>=10s,53.4534,True,True,53.5535,True,54.08736666666667,True,54.68796666666667,True,53.08636666666666,True,52.6526,True,52.085366666666665,True,53.78706666666667,True,52.9529,True,53.5535,True,1.0,20,57,0.1001,360,138,4,54.4534,55.4534,56.4534,58.4534,True,True,True,True,52.4534,51.4534,50.4534,48.4534,True,True,True,True
val_tune,5662041273,8,CW,"[[49.0, 59.8]]",10.8,>=10s,55.6556,True,True,56.08936666666666,True,56.589866666666666,True,57.09036666666667,True,55.088366666666666,True,54.08736666666667,True,53.4534,True,56.79006666666667,True,54.88816666666667,True,55.7557,True,0.1,20,52,0.4338,361,141,4,56.6556,57.6556,58.6556,60.6556,True,True,True,False,54.6556,53.6556,52.6556,50.6556,True,True,True,True
val_tune,6621511673,0,CW,"[[0.0, 1.5]]",1.5,<2s,29.6296,True,False,30.063366666666667,False,30.4304,False,31.06436666666667,False,29.062366666666666,False,28.061366666666668,False,27.560866666666666,False,30.964266666666667,False,28.361666666666668,False,29.7297,False,0.0,20,93,0.4338,360,138,4,30.6296,31.6296,32.6296,34.6296,False,False,False,False,28.6296,27.6296,26.6296,24.6296,False,False,False,False
val_tune,4094488636,6,TC,"[[5.5, 8.4]]",2.9,2-5s,5.9059,True,True,6.006,True,6.4064,True,7.007,True,5.5055,True,5.005,False,4.004,False,7.374033333333333,True,4.637966666666666,False,6.006,True,0.05,20,41,0.1001,108,50,4,6.9059,7.9059,8.9059,10.9059,True,True,False,False,4.9059,3.9059,2.9059,0.9059,False,False,False,False
val_tune,6691330381,2,CW,"[[12.5, 19.9]]",7.4,5-10s,40.7741,True,False,41.07436666666667,False,,,,,40.673966666666665,False,40.073366666666665,False,39.57286666666667,False,41.341300000000004,False,40.206833333333336,False,41.07436666666667,False,0.0,20,1,0.3003,166,68,4,41.0,41.0,41.0,41.0,False,False,False,False,39.7741,38.7741,37.7741,35.7741,False,False,False,False
val_tune,2868183184,3,CW,"[[0.0, 13.2]]",13.2,>=10s,51.551,True,False,,,,,,,51.151,False,50.05,False,49.582,False,51.75227502527806,False,51.185035389282106,False,51.718,False,0.0,20,0,,209,80,4,52.0,52.0,52.0,52.0,False,False,False,False,50.551,49.551,48.551,46.551,False,False,False,False
val_tune,6143391925,1,CW,"[[4.3, 13.7]]",9.4,5-10s,7.3407,True,True,8.041366666666667,True,8.541866666666667,True,9.042366666666666,True,7.040366666666666,True,6.039366666666667,True,5.038366666666667,True,7.7744333333333335,True,6.940266666666667,True,7.440766666666667,True,0.2,20,48,0.7007,162,59,4,8.3407,9.3407,10.3407,12.3407,True,True,True,True,6.3407,5.3407,4.3407,2.3407,True,True,True,False
val_tune,6329954198,2,CW,"[[21.8, 23]]",1.2,<2s,23.0564,True,False,,,,,,,22.055366666666668,True,21.654966666666667,False,21.054366666666667,False,23.089733333333335,False,21.955266666666667,True,23.089733333333335,False,0.0,20,0,,94,40,4,23.0,23.0,23.0,23.0,True,True,True,True,22.0564,21.0564,20.0564,18.0564,True,False,False,False
val_tune,6183104292,1,TN,"[[3.1, 19.8]]",16.7,>=10s,17.7177,True,True,18.7187,True,19.6196,True,,,17.183833333333332,True,16.7167,True,16.049366666666668,True,18.051366666666667,True,15.6156,True,17.851166666666668,True,1.0,20,2,1.001,95,35,4,18.7177,19.7177,20.0,20.0,True,True,False,False,16.7177,15.7177,14.7177,12.7177,True,True,True,True
val_tune,4263096481,9,CW,"[[0.2, 9.3]]",9.1,5-10s,11.011,True,False,11.6116,False,12.012,False,12.579233333333333,False,10.5105,False,10.01,False,9.5095,False,12.445766666666668,False,10.677333333333333,False,11.6116,False,0.0,20,18,0.6006,86,37,4,12.011,13.011,14.011,16.011,False,False,False,False,10.011,9.011,8.011,6.011,False,True,True,True
val_tune,3192668394,7,TN,"[[50.4, 57.9]]",7.5,5-10s,55.1551,True,True,56.056,True,57.057,True,57.5575,True,55.055,True,54.054,True,53.053,True,55.989266666666666,True,54.98826666666667,True,55.2552,True,0.1,20,21,0.9009,278,114,4,56.1551,57.1551,58.1551,60.1551,True,True,False,False,54.1551,53.1551,52.1551,50.1551,True,True,True,False
val_tune,2834146886,2,CW,"[[22.0, 28.6]]",6.6,5-10s,22.3223,True,True,23.023,True,23.456766666666667,True,23.857166666666668,True,21.6216,False,21.021,False,19.986633333333334,False,25.458766666666666,True,19.319300000000002,False,22.655966666666668,True,0.15,20,66,0.7007,251,101,4,23.3223,24.3223,25.3223,27.3223,True,True,True,True,21.3223,20.3223,19.3223,17.3223,False,False,False,False
val_tune,7771650716,6,CW,"[[24.9, 27.8]]",2.9,2-5s,29.3627,True,False,29.462766666666667,False,29.963266666666666,False,30.964266666666667,False,28.962266666666668,False,27.961266666666667,False,26.960266666666666,True,32.29893333333333,False,26.860166666666668,True,29.462766666666667,False,0.0,20,45,0.1001,247,90,4,30.3627,31.3627,32.3627,34.3627,False,False,False,False,28.3627,27.3627,26.3627,24.3627,False,True,True,False
val_tune,8313365386,6,CH,"[[4.7, 9.6]]",4.9,2-5s,0.4167,True,False,1.2916666666666667,False,2.0416666666666665,False,2.5416666666666665,False,,,,,,,0.9583333333333334,False,0.0,False,1.0416666666666667,False,0.4,20,17,0.875,43,18,4,1.4167,2.4167,3.4167,5.4167,False,False,False,True,0.0,0.0,0.0,0.0,False,False,False,False
val_tune,5133787349,6,TC,"[[11.0, 15]]",4.0,2-5s,4.0457,True,False,5.005,False,5.630625,False,6.25625,False,3.0864166666666666,False,2.5025,False,1.876875,False,8.925583333333332,False,3.920583333333333,False,4.087416666666667,False,0.2,20,15,0.9593,50,21,4,5.0457,6.0457,7.0457,9.0457,False,False,False,False,3.0457,2.0457,1.0457,0.0,False,False,False,False
val_tune,6244675392,8,TN,"[[47.1, 49.9]]",2.8,2-5s,42.0667,True,False,43.06666666666667,False,44.06666666666667,False,45.266666666666666,False,41.06666666666667,False,40.06666666666667,False,38.06666666666667,False,42.666666666666664,False,41.06666666666667,False,42.46666666666667,False,0.0,20,17,1.0,120,54,4,43.0667,44.0667,45.0667,47.0667,False,False,False,False,41.0667,40.0667,39.0667,37.0667,False,False,False,False
val_tune,4166942239,2,CW,"[[13.5, 19.7]]",6.2,5-10s,2.7027,True,False,3.003,False,4.004,False,5.005,False,2.4024,False,2.002,False,1.001,False,3.937266666666667,False,2.0353666666666665,False,3.003,False,0.4,20,26,0.3003,79,30,4,3.7027,4.7027,5.7027,7.7027,False,False,False,False,1.7027,0.7027,0.0,0.0,False,False,False,False
val_tune,5667931404,5,TN,"[[0.8, 2.3]]",1.5,<2s,6.9403,True,False,7.040366666666666,False,7.540866666666667,False,8.041366666666667,False,6.039366666666667,False,5.038366666666667,False,4.537866666666667,False,8.041366666666667,False,6.5732333333333335,False,7.007,False,0.0,20,8,0.1001,46,17,4,7.9403,8.9403,9.9403,11.0,False,False,False,False,5.9403,4.9403,3.9403,1.9403,False,False,False,True
val_tune,7149153537,9,CH,"[[3.3, 46]]",42.7,>=10s,27.0604,True,True,28.061366666666668,True,29.062366666666666,True,30.063366666666667,True,26.659966666666666,True,26.059366666666666,True,25.658966666666668,True,27.394033333333333,True,26.493133333333333,True,27.160466666666668,True,1.0,20,27,1.001,186,72,4,28.0604,29.0604,30.0604,32.0604,True,True,True,True,26.0604,25.0604,24.0604,22.0604,True,True,True,True
val_tune,5945172741,2,TC,"[[0.0, 37.2]]",37.2,>=10s,5.92,True,True,6.04,True,7.24,True,8.44,True,4.84,True,3.64,True,2.44,True,7.12,True,4.72,True,6.0,True,0.65,20,74,0.12,214,79,4,6.92,7.92,8.92,10.92,True,True,True,True,4.92,3.92,2.92,0.92,True,True,True,True
val_tune,2435100235,8,TC,"[[40.0, 42.3]]",2.3,2-5s,51.6516,True,False,52.018633333333334,False,52.519133333333336,False,53.01963333333333,False,51.017633333333336,False,50.4504,False,50.01663333333333,False,51.68496666666667,False,50.5505,False,51.8518,False,0.0,20,21,0.367,256,107,4,52.6516,53.6516,54.6516,56.6516,False,False,False,False,50.6516,49.6516,48.6516,46.6516,False,False,False,False
val_tune,8132842161,8,CH,"[[0.0, 12.1], [14.4, 21.8], [27.4, 29.6], [30.7, 36.9]]",27.9,>=10s,27.7611,True,True,28.061366666666668,True,28.461766666666666,True,29.062366666666666,True,27.560866666666666,True,27.060366666666667,False,26.059366666666666,False,28.962266666666668,True,26.659966666666666,False,27.961266666666667,True,0.95,20,15,0.3003,148,60,4,28.7611,29.7611,30.7611,32.7611,True,False,True,True,26.7611,25.7611,24.7611,22.7611,False,False,False,False
val_tune,8064178441,8,CW,"[[72.2, 74]]",1.8,<2s,37.4708,True,False,37.57086666666667,False,38.07136666666667,False,38.47176666666667,False,37.070366666666665,False,36.06936666666667,False,35.06836666666667,False,40.073366666666665,False,36.603233333333336,False,37.57086666666667,False,0.05,20,53,0.1001,298,105,4,38.4708,39.4708,40.4708,42.4708,False,False,False,False,36.4708,35.4708,34.4708,32.4708,False,False,False,False
val_tune,2623954636,10,CW,"[[0.8, 3.4], [15.7, 18.6], [22.9, 26.1]]",8.7,5-10s,21.554,True,False,22.022,False,22.555,False,23.023,True,21.021,False,20.487,False,20.02,False,22.255813953488374,False,20.9211324570273,False,21.755,False,0.4,20,17,0.468,127,56,4,22.554,23.554,24.554,26.554,False,True,True,False,20.554,19.554,18.554,16.554,False,False,True,True
val_tune,3192668394,6,CW,"[[20.9, 27.1]]",6.2,5-10s,26.026,True,True,26.5265,True,27.027,True,27.59423333333333,False,25.5255,True,25.025,True,24.5245,True,27.861166666666666,False,24.657966666666667,True,26.5265,True,0.05,20,67,0.5005,278,114,4,27.026,28.026,29.026,31.026,True,False,False,False,25.026,24.026,23.026,21.026,True,True,True,True
val_tune,3963997053,2,CW,"[[12.4, 19]]",6.6,5-10s,7.007,True,False,8.008,False,9.009,False,9.376033333333334,False,6.006,False,5.4054,False,5.005,False,13.546866666666666,True,5.638966666666667,False,7.3406666666666665,False,0.45,20,18,1.001,78,31,4,8.007,9.007,10.007,12.007,False,False,False,False,6.007,5.007,4.007,2.007,False,False,False,False
val_tune,6413546609,0,CW,"[[0.1, 5.2]]",5.1,5-10s,0.2336,True,True,1.0343666666666667,True,1.6349666666666667,True,2.0353666666666665,True,0.13346666666666668,True,,,,,2.0353666666666665,True,0.0,False,0.33366666666666667,True,0.0,20,71,0.8008,190,72,4,1.2336,2.2336,3.2336,5.2336,True,True,True,False,0.0,0.0,0.0,0.0,False,False,False,False
val_tune,3427674558,2,CW,"[[2.6, 3.7], [5.8, 7.9]]",3.2,2-5s,8.008,True,False,8.641966666666667,False,9.009,False,9.6096,False,7.5075,True,7.007,True,6.006,True,8.274933333333333,False,7.540866666666667,True,8.5085,False,0.0,20,36,0.634,116,51,4,9.008,10.008,11.008,13.008,False,False,False,False,7.008,6.008,5.008,3.008,True,True,False,True
val_tune,6143391925,5,CW,"[[0.0, 5.8]]",5.8,5-10s,17.7177,True,False,18.051366666666667,False,18.485133333333334,False,19.052366666666668,False,17.050366666666665,False,16.049366666666668,False,15.582233333333333,False,18.585233333333335,False,17.283933333333334,False,17.951266666666665,False,0.0,20,34,0.3337,162,59,4,18.7177,19.7177,20.7177,22.7177,False,False,False,False,16.7177,15.7177,14.7177,12.7177,False,False,False,False
val_tune,7999756100,0,CW,"[[0.0, 2.8]]",2.8,2-5s,2.0354,True,True,2.435766666666667,True,3.036366666666667,False,3.5035,False,1.0343666666666667,True,0.23356666666666667,True,,,4.070733333333333,False,1.0343666666666667,True,2.435766666666667,True,0.05,20,31,0.4004,83,34,4,3.0354,4.0354,5.0354,7.0354,False,False,False,False,1.0354,0.0354,0.0,0.0,True,True,True,True
val_tune,3526597179,7,TC,"[[23.9, 26.9]]",3.0,2-5s,23.1231,True,False,24.024,True,24.6246,True,25.025,True,23.023,False,22.4224,False,22.022,False,24.157466666666668,True,22.689333333333334,False,23.2232,False,0.8,20,7,0.9009,108,44,4,24.1231,25.1231,26.1231,27.0,True,True,True,False,22.1231,21.1231,20.1231,18.1231,False,False,False,False
val_tune,6786501294,2,CW,"[[11.0, 60]]",49.0,>=10s,32.1321,True,True,32.16546666666667,True,32.59923333333333,True,33.09973333333333,True,31.598233333333333,True,30.59723333333333,True,30.196833333333334,True,32.59923333333333,True,31.498133333333335,True,32.16546666666667,True,1.0,20,51,0.0334,242,106,4,33.1321,34.1321,35.1321,37.1321,True,True,True,True,31.1321,30.1321,29.1321,27.1321,True,True,True,True
val_tune,7308042410,6,TN,"[[9.8, 15.5]]",5.7,5-10s,13.647,True,True,14.047366666666667,True,14.547866666666666,True,15.048366666666666,True,13.046366666666666,True,12.045366666666666,True,11.644966666666667,True,16.883533333333332,False,10.944266666666667,True,14.047366666666667,True,0.0,20,30,0.4004,137,47,4,14.647,15.647,16.647,18.647,True,False,False,False,12.647,11.647,10.647,8.647,True,True,True,False
val_tune,7308042410,9,CW,"[[27.6, 30.3]]",2.7,2-5s,11.9453,True,False,12.045366666666666,False,13.046366666666666,False,13.646966666666666,False,11.644966666666667,False,11.044366666666667,False,10.043366666666667,False,16.883533333333332,False,10.944266666666667,False,12.045366666666666,False,0.05,20,33,0.1001,137,47,4,12.9453,13.9453,14.9453,16.9453,False,False,False,False,10.9453,9.9453,8.9453,6.9453,False,False,False,False
val_tune,4915733559,8,CW,"[[2.8, 6.5]]",3.7,2-5s,3.9039,True,True,4.004,True,5.005,True,5.6056,True,3.003,True,2.6026,False,2.002,False,6.039366666666667,True,0.0,False,4.004,True,0.05,20,53,0.1001,143,59,4,4.9039,5.9039,6.9039,8.9039,True,True,False,False,2.9039,1.9039,0.9039,0.0,True,False,False,False
val_tune,3763643225,2,CW,"[[10.8, 15.1]]",4.3,2-5s,12.2122,True,True,12.4124,True,13.013,True,13.5135,True,12.012,True,11.6116,True,11.011,True,14.848166666666668,True,11.945266666666667,True,12.3123,True,0.0,20,38,0.2002,144,58,4,13.2122,14.2122,15.2122,17.2122,True,True,False,False,11.2122,10.2122,9.2122,7.2122,True,False,False,False
val_tune,5623068492,8,TN,"[[5.7, 7.8]]",2.1,2-5s,6.9403,True,True,7.040366666666666,True,7.440766666666667,True,8.041366666666667,False,6.639966666666667,True,6.039366666666667,True,5.438766666666667,False,7.374033333333333,True,5.472133333333334,False,7.040366666666666,True,0.05,20,125,0.1001,319,137,4,7.9403,8.9403,9.9403,11.9403,False,False,False,False,5.9403,4.9403,3.9403,1.9403,True,False,False,False
val_tune,4249756405,0,CW,"[[0.2, 32]]",31.8,>=10s,4.8799,True,True,5.005,True,6.25625,True,6.881875,True,4.25425,True,3.75375,True,3.25325,True,8.591916666666666,True,0.0,False,4.921583333333333,True,1.0,20,36,0.1251,104,42,4,5.8799,6.8799,7.8799,9.8799,True,True,True,True,3.8799,2.8799,1.8799,0.0,True,True,True,False
val_tune,5308503740,2,TP,"[[5.6, 25.8]]",20.2,>=10s,10.8108,True,True,11.011,True,11.5115,True,12.012,True,10.6106,True,10.01,True,9.5095,True,11.945266666666667,True,10.343666666666667,True,11.011,True,0.2,20,69,0.2002,215,86,4,11.8108,12.8108,13.8108,15.8108,True,True,True,True,9.8108,8.8108,7.8108,5.8108,True,True,True,True
val_tune,2559262403,4,CH,"[[10.4, 12.3]]",1.9,<2s,49.1741,True,False,49.424375,False,50.05,False,51.30125,False,48.79875,False,48.048,False,47.5475,False,50.09170833333333,False,48.13141666666667,False,49.29925,False,0.0,20,52,0.2503,288,119,4,50.1741,51.1741,52.1741,54.1741,False,False,False,False,48.1741,47.1741,46.1741,44.1741,False,False,False,False
val_tune,2809330695,8,TN,"[[29.5, 36.1]]",6.6,5-10s,88.3383,True,False,88.83875,False,89.83975,False,,,87.5875,False,87.087,False,86.33625,False,90.00658333333332,False,87.92116666666666,False,88.83875,False,0.0,20,2,0.5005,289,126,4,89.3383,90.0,90.0,90.0,False,False,False,False,87.3383,86.3383,85.3383,83.3383,False,False,False,False
val_tune,6078524411,8,TC,"[[0.0, 21.4], [49.6, 55.8]]",27.6,>=10s,24.7581,True,False,25.058366666666668,False,25.458766666666666,False,26.059366666666666,False,24.057366666666667,False,23.056366666666666,False,22.455766666666666,False,25.258566666666667,False,24.057366666666667,False,24.858166666666666,False,0.2,20,86,0.3003,336,121,4,25.7581,26.7581,27.7581,29.7581,False,False,False,False,23.7581,22.7581,21.7581,19.7581,False,False,False,True
val_tune,4378803532,2,CW,"[[6.2, 12.1]]",5.9,5-10s,25.025,True,False,25.058366666666668,False,25.458766666666666,False,26.059366666666666,False,24.4244,False,24.057366666666667,False,23.056366666666666,False,25.091733333333334,False,23.757066666666667,False,25.058366666666668,False,0.0,20,32,0.0334,175,72,4,26.025,27.025,28.025,30.025,False,False,False,False,24.025,23.025,22.025,20.025,False,False,False,False
val_tune,4882821564,6,TN,"[[24.2, 27.1]]",2.9,2-5s,13.7471,True,False,14.047366666666667,False,14.447766666666666,False,15.048366666666666,False,13.446766666666667,False,13.046366666666666,False,12.045366666666666,False,14.080733333333333,False,12.946266666666666,False,14.047366666666667,False,0.0,20,130,0.3003,360,152,4,14.7471,15.7471,16.7471,18.7471,False,False,False,False,12.7471,11.7471,10.7471,8.7471,False,False,False,False
val_tune,3626788516,7,CW,"[[7.7, 10.7]]",3.0,2-5s,11.2613,True,False,12.5125,False,13.26325,False,13.76375,False,10.593916666666667,True,10.01,True,9.384375,True,13.430083333333332,False,6.589916666666666,False,11.386375,False,0.0,20,3,1.2512,46,18,4,12.2613,13.2613,14.0,14.0,False,False,False,False,10.2613,9.2613,8.2613,6.2613,True,True,True,False
val_tune,8575881495,0,TC,"[[4.7, 13.1], [20.4, 30.3]]",18.3,>=10s,23.023,True,True,23.256566666666668,True,23.656966666666666,True,24.057366666666667,True,22.856166666666667,True,22.055366666666668,True,21.554866666666666,True,25.058366666666668,True,22.489133333333335,True,23.056366666666666,True,0.05,20,72,0.2336,267,108,4,24.023,25.023,26.023,28.023,True,True,True,True,22.023,21.023,20.023,18.023,True,True,False,False
val_tune,5858985747,3,CW,"[[0.6, 5.7]]",5.1,5-10s,9.5095,True,False,10.043366666666667,False,11.044366666666667,False,11.544866666666667,False,9.042366666666666,False,8.4084,False,8.041366666666667,False,10.343666666666667,False,8.675333333333333,False,10.043366666666667,False,0.0,20,3,0.5339,47,19,4,10.5095,11.5095,12.0,12.0,False,False,False,False,8.5095,7.5095,6.5095,4.5095,False,False,False,True
val_tune,4199369046,2,CW,"[[0.0, 2.0]]",2.0,2-5s,6.006,True,False,6.6066,False,7.007,False,8.008,False,5.005,False,4.5045,False,4.004,False,7.6409666666666665,False,2.3356666666666666,False,6.2062,False,0.0,20,85,0.6006,230,96,4,7.006,8.006,9.006,11.006,False,False,False,False,5.006,4.006,3.006,1.006,False,False,False,True
val_tune,5427285434,4,CH,"[[0.2, 4.0]]",3.8,2-5s,1.5349,True,True,2.0353666666666665,True,3.036366666666667,True,3.5368666666666666,True,1.0343666666666667,True,0.5338666666666667,True,,,2.9362666666666666,True,0.6673333333333333,True,2.0353666666666665,True,0.15,20,32,0.5005,83,35,4,2.5349,3.5349,4.5349,6.5349,True,True,False,False,0.5349,0.0,0.0,0.0,True,False,False,False
val_tune,6188449000,4,TC,"[[36.5, 37.5], [42.6, 54.1], [56.4, 62.7], [64.4, 71.9]]",26.3,>=10s,77.5333,True,False,78.46666666666667,False,79.33333333333333,False,80.26666666666667,False,76.66666666666667,False,75.86666666666666,False,73.73333333333333,False,78.6,False,76.86666666666666,False,77.93333333333334,False,0.0,20,10,0.9333,188,73,4,78.5333,79.5333,80.5333,82.5333,False,False,False,False,76.5333,75.5333,74.5333,72.5333,False,False,False,False
val_tune,3960291106,7,TN,"[[34.7, 37.8]]",3.1,2-5s,1.4014,True,False,1.5015,False,2.002,False,2.5025,False,1.001,False,0.26693333333333336,False,,,1.6683333333333334,False,0.8675333333333334,False,1.5015,False,0.1,20,87,0.1001,191,89,4,2.4014,3.4014,4.4014,6.4014,False,False,False,False,0.4014,0.0,0.0,0.0,False,False,False,False
val_tune,11244289523,6,TN,"[[0.4, 4.0]]",3.6,2-5s,7.0417,True,False,8.0,False,8.5,False,10.0,False,6.0,False,4.958333333333333,False,4.0,True,8.75,False,6.541666666666667,False,7.25,False,0.0,20,19,0.9583,70,26,4,8.0417,9.0417,10.0417,12.0417,False,False,False,False,6.0417,5.0417,4.0417,2.0417,False,False,False,True
val_tune,2868183184,9,CH,"[[0.0, 5.9]]",5.9,5-10s,22.155,True,False,23.023,False,23.39,False,24.024,False,22.022,False,21.421,False,21.021,False,22.255813953488374,False,20.9211324570273,False,22.288,False,0.0,20,43,0.868,209,80,4,23.155,24.155,25.155,27.155,False,False,False,False,21.155,20.155,19.155,17.155,False,False,False,False
val_tune,4249756405,2,CH,"[[0.2, 32]]",31.8,>=10s,28.6536,True,True,28.77875,True,29.404375,True,30.03,True,27.5275,True,26.27625,True,25.025,True,32.28225,False,25.442083333333333,True,28.77875,True,0.9,20,6,0.1251,104,42,4,29.6536,30.6536,31.6536,32.0,True,True,True,True,27.6536,26.6536,25.6536,23.6536,True,True,True,True
val_tune,2930782930,4,CW,"[[0.2, 16.9]]",16.7,>=10s,12.8128,True,True,13.013,True,14.014,True,15.015,True,12.6126,True,12.012,True,11.011,True,15.482133333333334,True,12.145466666666668,True,13.013,True,0.2,20,31,0.2002,126,53,4,13.8128,14.8128,15.8128,17.8128,True,True,True,False,11.8128,10.8128,9.8128,7.8128,True,True,True,True
val_tune,13569831214,4,CW,"[[50.2, 53.5]]",3.3,2-5s,51.6517,True,True,53.08641975308642,True,53.553553553553556,False,54.054054054054056,False,51.251251251251254,True,50.517183850517185,True,49.616282949616284,False,52.252252252252255,True,50.717384050717385,True,52.719386052719386,True,0.4,20,5,1.4348,199,88,4,52.6517,53.6517,54.6517,56.0,True,False,False,False,50.6517,49.6517,48.6517,46.6517,True,False,False,False
val_tune,6896884547,4,CW,"[[45.0, 47.9]]",2.9,2-5s,39.2726,True,False,40.073366666666665,False,40.47376666666667,False,41.07436666666667,False,38.77206666666667,False,38.07136666666667,False,37.070366666666665,False,39.50613333333333,False,38.50513333333333,False,39.773066666666665,False,0.35,20,15,0.8008,192,75,4,40.2726,41.2726,42.2726,44.2726,False,False,False,False,38.2726,37.2726,36.2726,34.2726,False,False,False,False
val_tune,9473479950,2,CW,"[[11.8, 15.1]]",3.3,2-5s,9.9766,True,False,10.01001001001001,False,10.477143810477143,False,11.21121121121121,False,9.576242909576242,False,9.175842509175842,False,8.008008008008009,False,11.044377711044378,False,8.041374708041374,False,10.01001001001001,False,0.3,20,14,0.0334,72,26,4,10.9766,11.9766,12.9766,14.9766,False,True,True,True,8.9766,7.9766,6.9766,4.9766,False,False,False,False
val_tune,4336654741,7,TN,"[[78.1, 83.5]]",5.4,5-10s,80.2802,True,True,80.4804,True,81.081,True,81.5815,True,80.08,True,79.5795,True,79.079,True,85.45203333333333,False,75.44203333333334,False,80.4804,True,0.4,20,17,0.2002,360,141,4,81.2802,82.2802,83.2802,85.2802,True,True,True,False,79.2802,78.2802,77.2802,75.2802,True,True,False,False
val_tune,8493226484,6,TC,"[[30.3, 32]]",1.7,<2s,13.0464,True,False,14.047366666666667,False,14.547866666666666,False,15.048366666666666,False,12.045366666666666,False,11.544866666666667,False,11.044366666666667,False,13.480133333333333,False,12.846166666666667,False,13.146466666666667,False,0.1,20,32,1.001,134,55,4,14.0464,15.0464,16.0464,18.0464,False,False,False,False,12.0464,11.0464,10.0464,8.0464,False,False,False,False
val_tune,4650556666,9,TC,"[[0.6, 22.4]]",21.8,>=10s,9.96,True,True,10.8,True,11.4,True,12.0,True,9.6,True,9.12,True,8.4,True,10.72,True,9.52,True,10.08,True,1.0,20,16,0.84,76,31,4,10.96,11.96,12.96,14.96,True,True,True,True,8.96,7.96,6.96,4.96,True,True,True,True
val_tune,2573424030,5,CW,"[[38.2, 47.2]]",9.0,5-10s,40.306,True,True,40.573,True,41.041,True,41.574,True,40.04,True,39.572,True,39.039,True,40.70778564206269,True,39.07280080889788,True,40.573,True,0.8,20,15,0.267,197,81,4,41.306,42.306,43.306,45.306,True,True,True,True,39.306,38.306,37.306,35.306,True,True,False,False
val_tune,4955723618,3,CW,"[[44.4, 58.9]]",14.5,>=10s,41.9753,True,False,42.042,False,43.043,False,43.5435,False,41.041,False,40.5405,False,40.04,False,42.10873333333333,False,41.37466666666667,False,42.042,False,0.75,20,32,0.0667,245,106,4,42.9753,43.9753,44.9753,46.9753,False,False,True,True,40.9753,39.9753,38.9753,36.9753,False,False,False,False
val_tune,4260763967,1,CW,"[[12.3, 15.1], [20.5, 26.6]]",8.9,5-10s,26.1261,True,True,26.5265,True,27.027,False,27.6276,False,26.026,True,25.5255,True,25.025,True,27.160466666666668,False,23.656966666666666,True,26.2262,True,0.15,20,14,0.4004,136,58,4,27.1261,28.1261,29.1261,31.1261,False,False,False,False,25.1261,24.1261,23.1261,21.1261,True,True,True,True
val_tune,4859057828,5,CH,"[[11.9, 13.0]]",1.1,<2s,12.012,True,True,13.013,False,13.646966666666666,False,14.014,False,11.4114,False,11.011,False,10.443766666666667,False,12.545866666666667,True,11.8118,False,12.779433333333333,True,0.1,20,16,1.001,87,38,4,13.012,14.012,15.012,17.012,False,False,False,False,11.012,10.012,9.012,7.012,False,False,False,False
val_tune,6168295272,8,TN,"[[11.0, 14.1]]",3.1,2-5s,11.2613,True,True,11.302958333333333,True,12.554208333333333,True,13.179833333333333,True,10.051708333333334,False,8.800458333333333,False,8.174833333333334,False,13.847166666666666,True,11.177833333333332,True,11.302958333333333,True,0.35,20,10,0.0417,60,22,4,12.2613,13.2613,14.2613,16.2613,True,True,False,False,10.2613,9.2613,8.2613,6.2613,False,False,False,False
val_tune,8464056582,6,TN,"[[8.7, 30.6]]",21.9,>=10s,31.2917,True,False,31.541666666666668,False,32.041666666666664,False,32.541666666666664,False,30.666666666666668,False,30.041666666666668,True,28.791666666666668,True,32.041666666666664,False,29.291666666666668,True,31.541666666666668,False,0.0,20,35,0.25,179,75,4,32.2917,33.2917,34.2917,36.2917,False,False,False,False,30.2917,29.2917,28.2917,26.2917,True,True,True,True
val_tune,8064178441,1,CW,"[[0.0, 29.4]]",29.4,>=10s,22.5559,True,True,22.655966666666668,True,23.056366666666666,True,24.057366666666667,True,22.055366666666668,True,21.054366666666667,True,20.553866666666668,True,25.158466666666666,True,21.054366666666667,True,22.655966666666668,True,0.25,20,73,0.1001,298,105,4,23.5559,24.5559,25.5559,27.5559,True,True,True,True,21.5559,20.5559,19.5559,17.5559,True,True,True,True
val_tune,2793806282,2,TC,"[[21.5, 28.0]]",6.5,5-10s,17.684,True,False,18.018,False,18.551,False,19.019,False,17.017,False,16.549,False,16.016,False,17.78463094034378,False,17.1840242669363,False,17.884,False,0.2,20,58,0.334,259,85,4,18.684,19.684,20.684,22.684,False,False,False,True,16.684,15.684,14.684,12.684,False,False,False,False
val_tune,6265968082,5,CW,"[[36.0, 41.4]]",5.4,5-10s,39.039,True,True,39.07236666666667,True,40.073366666666665,True,42.07536666666667,False,38.67196666666667,True,37.971266666666665,True,36.06936666666667,True,39.606233333333336,True,38.47176666666667,True,39.07236666666667,True,0.35,20,4,0.0334,171,64,4,40.039,41.039,42.039,43.0,True,True,False,False,38.039,37.039,36.039,34.039,True,True,True,False
val_tune,4761953886,3,TN,"[[30.7, 33]]",2.3,2-5s,15.8333,True,False,16.25,False,17.5,False,18.125,False,15.333333333333334,False,14.375,False,13.75,False,16.541666666666668,False,14.416666666666666,False,16.25,False,0.15,20,25,0.4167,107,46,4,16.8333,17.8333,18.8333,20.8333,False,False,False,False,14.8333,13.8333,12.8333,10.8333,False,False,False,False
val_tune,4967810888,4,CW,"[[51.5, 53.9]]",2.4,2-5s,52.3523,True,True,53.053,True,53.6536,True,54.054,False,52.052,True,51.6516,True,51.051,False,53.08636666666667,True,51.418033333333334,False,52.4524,True,0.2,20,18,0.7007,250,106,4,53.3523,54.3523,55.3523,57.3523,True,False,False,False,51.3523,50.3523,49.3523,47.3523,False,False,False,False
val_tune,2976913210,7,CW,"[[16.5, 18]]",1.5,<2s,8.008,True,False,9.009,False,9.442766666666667,False,10.01,False,7.374033333333333,False,7.007,False,6.6066,False,8.942266666666667,False,7.140466666666667,False,8.742066666666666,False,0.05,20,14,1.001,74,29,4,9.008,10.008,11.008,13.008,False,False,False,False,7.008,6.008,5.008,3.008,False,False,False,False
val_tune,4092992100,4,TC,"[[12.7, 15]]",2.3,2-5s,15.1151,True,False,,,,,,,15.015,False,14.5145,True,14.014,True,15.382033333333334,False,14.681333333333333,True,,,,0,0,,62,21,4,15.0,15.0,15.0,15.0,True,True,True,True,14.1151,13.1151,12.1151,10.1151,True,True,False,False
val_tune,6168295272,3,CH,"[[10.5, 11.8]]",1.3,<2s,11.1778,True,True,11.302958333333333,True,12.554208333333333,False,13.179833333333333,False,10.051708333333334,False,8.800458333333333,False,8.174833333333334,False,13.847166666666666,False,11.177833333333332,True,11.26125,True,0.2,20,10,0.1251,60,22,4,12.1778,13.1778,14.1778,16.1778,False,False,False,False,10.1778,9.1778,8.1778,6.1778,False,False,False,False
val_tune,4094488636,3,TN,"[[16.2, 21.2]]",5.0,5-10s,5.9059,True,False,6.006,False,6.4064,False,7.007,False,5.5055,False,5.005,False,4.004,False,7.374033333333333,False,4.637966666666666,False,6.006,False,0.3,20,41,0.1001,108,50,4,6.9059,7.9059,8.9059,10.9059,False,False,False,False,4.9059,3.9059,2.9059,0.9059,False,False,False,False
val_tune,7059877301,9,TN,"[[25.8, 30.7]]",4.9,2-5s,0.1335,True,False,1.0343666666666667,False,1.4014,False,2.0353666666666665,False,,,,,,,2.435766666666667,False,0.0,False,0.23356666666666667,False,0.2,20,49,0.9009,123,50,4,1.1335,2.1335,3.1335,5.1335,False,False,False,False,0.0,0.0,0.0,0.0,False,False,False,False
val_tune,2735019707,8,TN,"[[14.7, 18.9]]",4.2,2-5s,7.007,True,False,8.008,False,8.6086,False,9.009,False,6.006,False,5.005,False,4.437766666666667,False,7.9412666666666665,False,5.939266666666667,False,7.240566666666667,False,0.35,20,19,1.001,79,29,4,8.007,9.007,10.007,12.007,False,False,False,False,6.007,5.007,4.007,2.007,False,False,False,False
val_tune,3821781616,6,CH,"[[0.0, 2.1]]",2.1,2-5s,0.2002,True,True,1.001,True,2.002,True,3.003,False,,,,,,,2.435766666666667,False,0.0,True,0.3003,True,0.05,20,37,0.8008,100,38,4,1.2002,2.2002,3.2002,5.2002,True,False,False,False,0.0,0.0,0.0,0.0,True,True,True,True
val_tune,3105728894,6,CW,"[[19.1, 34.0]]",14.9,>=10s,46.8802,True,False,47.047,False,47.4474,False,48.048,False,46.5465,False,46.046,False,45.37866666666667,False,48.181466666666665,False,44.97826666666667,False,47.047,False,0.0,20,7,0.1668,203,87,4,47.8802,48.8802,49.8802,50.0,False,False,False,False,45.8802,44.8802,43.8802,41.8802,False,False,False,False
val_tune,7531285946,5,TN,"[[11.9, 30.6]]",18.7,>=10s,39.039,True,False,,,,,,,38.872166666666665,False,38.4384,False,37.87116666666667,False,,,38.638600000000004,False,,,,0,0,,162,66,4,39.0,39.0,39.0,39.0,False,False,False,False,38.039,37.039,36.039,34.039,False,False,False,False
val_tune,6143391925,3,CW,"[[16.7, 25.5]]",8.8,5-10s,19.1191,True,True,19.486133333333335,True,20.053366666666665,True,21.054366666666667,True,19.052366666666668,True,18.485133333333334,True,18.051366666666667,True,19.486133333333335,True,18.585233333333335,True,19.2192,True,0.35,20,31,0.367,162,59,4,20.1191,21.1191,22.1191,24.1191,True,True,True,True,18.1191,17.1191,16.1191,14.1191,True,True,False,False
val_tune,6898821807,1,CW,"[[0.0, 7.5]]",7.5,5-10s,3.1365,True,True,4.037366666666666,True,4.537866666666667,True,5.038366666666667,True,2.469133333333333,True,2.0353666666666665,True,1.6683333333333332,True,3.4367666666666667,True,2.5692333333333335,True,3.2032,True,0.3,20,26,0.9009,79,33,4,4.1365,5.1365,6.1365,8.1365,True,True,True,False,2.1365,1.1365,0.1365,0.0,True,True,True,True
val_tune,8189958994,6,TC,"[[51.9, 58.2]]",6.3,5-10s,10.9443,True,False,11.044366666666667,False,12.045366666666666,False,12.545866666666667,False,10.043366666666667,False,9.642966666666666,False,9.042366666666666,False,11.478133333333334,False,9.943266666666666,False,11.011,False,0.1,20,88,0.1001,250,104,4,11.9443,12.9443,13.9443,15.9443,False,False,False,False,9.9443,8.9443,7.9443,5.9443,False,False,False,False
val_tune,5681946487,6,TC,"[[5.4, 11.7]]",6.3,5-10s,1.9353,True,False,2.0353666666666665,False,2.4024,False,3.036366666666667,False,1.0343666666666667,False,0.5338666666666667,False,,,2.6026000000000002,False,0.9342666666666667,False,2.0353666666666665,False,0.2,20,45,0.1001,114,47,4,2.9353,3.9353,4.9353,6.9353,False,False,False,True,0.9353,0.0,0.0,0.0,False,False,False,False
val_tune,7164729910,1,CW,"[[4.1, 7.4]]",3.3,2-5s,2.0417,True,False,2.5416666666666665,False,3.0,False,3.7916666666666665,False,1.2916666666666667,False,0.2916666666666667,False,,,2.5416666666666665,False,0.0,False,2.5416666666666665,False,0.15,20,36,0.5,88,39,4,3.0417,4.0417,5.0417,7.0417,False,False,True,True,1.0417,0.0417,0.0,0.0,False,False,False,False
val_tune,4189100053,0,CW,"[[0.0, 25.3]]",25.3,>=10s,12.8128,True,True,13.013,True,13.5135,True,14.014,True,12.012,True,11.5115,True,11.011,True,13.747066666666667,True,11.945266666666667,True,12.9129,True,0.95,20,29,0.2002,118,50,4,13.8128,14.8128,15.8128,17.8128,True,True,True,True,11.8128,10.8128,9.8128,7.8128,True,True,True,True
val_tune,3261079025,8,CH,"[[6.0, 9.0]]",3.0,2-5s,7.3073,True,True,8.008,True,9.009,False,9.5095,False,7.007,True,6.473133333333333,True,6.006,True,10.9109,False,1.9352666666666667,False,8.008,True,0.1,20,18,0.7007,75,29,4,8.3073,9.3073,10.3073,12.3073,True,False,False,False,6.3073,5.3073,4.3073,2.3073,True,False,False,False
val_tune,5134317883,3,CW,"[[43.9, 52.4]]",8.5,5-10s,43.0,True,False,43.75,False,44.25,True,45.0,True,42.5,False,42.0,False,41.25,False,43.666666666666664,False,42.666666666666664,False,43.25,False,0.1,20,41,0.75,252,99,4,44.0,45.0,46.0,48.0,True,True,True,True,42.0,41.0,40.0,38.0,False,False,False,False
val_tune,5561024834,11,CH,"[[19.5, 21.3]]",1.8,<2s,23.7917,True,False,25.041666666666668,False,25.541666666666668,False,26.291666666666668,False,22.541666666666668,False,21.291666666666668,True,20.041666666666668,True,24.333333333333332,False,20.625,True,24.041666666666668,False,0.0,20,17,1.25,127,45,4,24.7917,25.7917,26.7917,28.7917,False,False,False,False,22.7917,21.7917,20.7917,18.7917,False,False,True,False
val_tune,4698622422,8,CH,"[[7.5, 17.3], [19.5, 30.2], [33.5, 34.7]]",21.7,>=10s,22.022,True,True,22.555866666666667,True,23.023,True,23.490133333333333,True,21.454766666666668,True,21.021,True,20.02,True,22.389033333333334,True,21.721700000000002,True,22.288933333333333,True,0.55,20,30,0.5339,169,62,4,23.022,24.022,25.022,27.022,True,True,True,True,21.022,20.022,19.022,17.022,True,True,False,True
val_tune,2454242177,6,CH,"[[14.5, 24.2], [37.6, 52.4]]",24.5,>=10s,41.8084,True,True,42.5425,True,43.043,True,44.044,True,41.041,True,40.5405,True,40.04,True,47.98126666666667,True,39.4394,True,42.042,True,1.0,20,16,0.7341,212,81,4,42.8084,43.8084,44.8084,46.8084,True,True,True,True,40.8084,39.8084,38.8084,36.8084,True,True,True,False
val_tune,8080432373,4,CW,"[[74.8, 79.3]]",4.5,2-5s,72.072,True,False,72.10536666666667,False,73.10636666666667,False,74.10736666666666,False,71.10436666666666,False,70.10336666666667,False,69.60286666666667,False,72.20546666666667,False,70.80406666666667,False,72.10536666666667,False,0.15,20,33,0.0334,360,154,4,73.072,74.072,75.072,77.072,False,False,True,True,71.072,70.072,69.072,67.072,False,False,False,False
val_tune,4127497265,0,TC,"[[4.5, 9.1]]",4.6,2-5s,10.3103,True,False,11.011,False,12.012,False,13.013,False,10.01,False,9.576233333333333,False,9.009,True,10.744066666666667,False,9.743066666666667,False,10.977633333333333,False,0.0,20,32,0.7007,120,49,4,11.3103,12.3103,13.3103,15.3103,False,False,False,False,9.3103,8.3103,7.3103,5.3103,False,True,True,True
val_tune,4671452046,11,CH,"[[28.4, 31.4]]",3.0,2-5s,18.7854,True,False,19.019,False,19.486133333333335,False,20.02,False,18.018,False,17.450766666666667,False,17.017,False,20.854166666666668,False,17.784433333333332,False,18.885533333333335,False,0.1,20,43,0.2336,175,72,4,19.7854,20.7854,21.7854,23.7854,False,False,False,False,17.7854,16.7854,15.7854,13.7854,False,False,False,False
val_tune,4412508597,0,TN,"[[2.4, 11.6]]",9.2,5-10s,3.7704,True,True,4.004,True,4.571233333333334,True,5.005,True,3.4701333333333335,True,3.003,True,2.6026,True,4.237566666666667,True,2.9362666666666666,True,4.004,True,0.9,20,12,0.2336,48,18,4,4.7704,5.7704,6.7704,8.7704,True,True,True,True,2.7704,1.7704,0.7704,0.0,True,False,False,False
val_tune,5173770364,6,CW,"[[9.3, 11.6]]",2.3,2-5s,68.6686,True,False,69.069,False,70.07,False,70.4704,False,68.068,False,67.5675,False,67.067,False,68.73533333333333,False,68.10136666666666,False,69.069,False,0.0,20,17,0.4004,320,127,4,69.6686,70.6686,71.6686,73.6686,False,False,False,False,67.6686,66.6686,65.6686,63.6686,False,False,False,False
val_tune,6201488511,8,CH,"[[70.6, 74.2]]",3.6,2-5s,83.9172,True,False,84.11736666666667,False,84.61786666666667,False,85.11836666666666,False,83.11636666666666,False,82.51576666666666,False,82.11536666666667,False,84.25083333333333,False,83.01626666666667,False,84.01726666666667,False,0.0,20,4,0.2002,345,136,4,84.9172,85.9172,86.0,86.0,False,False,False,False,82.9172,81.9172,80.9172,78.9172,False,False,False,False
val_tune,14003541505,3,TC,"[[9.4, 11.7]]",2.3,2-5s,12.2248,True,False,12.5585,False,13.476083333333333,False,14.06,False,12.058,False,11.390666666666666,True,10.056,True,12.971291666666666,False,11.469791666666666,True,12.475083333333334,False,0.0,20,11,0.3337,64,25,4,13.2248,14.2248,15.2248,17.2248,False,False,False,False,11.2248,10.2248,9.2248,7.2248,True,True,False,False
val_tune,3741143820,8,TN,"[[9.2, 11]]",1.8,<2s,11.0444,True,False,,,,,,,11.011,False,10.01,True,9.009,False,11.077733333333333,False,10.577233333333334,True,,,,0,0,,46,16,4,11.0,11.0,11.0,11.0,True,True,True,True,10.0444,9.0444,8.0444,6.0444,True,False,False,False
val_tune,2535384528,2,CW,"[[4.0, 10.0]]",6.0,5-10s,14.4,True,False,14.52,False,,,,,13.8,False,13.2,False,12.0,False,15.04,False,11.92,False,14.52,False,0.0,20,1,0.12,51,20,4,15.0,15.0,15.0,15.0,False,False,False,False,13.4,12.4,11.4,9.4,False,False,False,True
val_tune,8132842161,1,TC,"[[9.8, 30.2]]",20.4,>=10s,29.0624,True,True,30.063366666666667,True,30.6306,False,31.06436666666667,False,28.461766666666666,True,28.061366666666668,True,27.560866666666666,True,30.163466666666668,True,28.962266666666668,True,29.162466666666667,True,0.1,20,12,1.001,148,60,4,30.0624,31.0624,32.0624,34.0624,True,False,False,False,28.0624,27.0624,26.0624,24.0624,True,True,True,True
val_tune,6233408665,5,TN,"[[31.6, 33.8]]",2.2,2-5s,12.0454,True,False,12.445766666666668,False,13.046366666666666,False,13.4134,False,11.644966666666667,False,11.044366666666667,False,10.443766666666667,False,14.948266666666667,False,11.945266666666667,False,12.445766666666668,False,0.1,20,109,0.4004,300,131,4,13.0454,14.0454,15.0454,17.0454,False,False,False,False,11.0454,10.0454,9.0454,7.0454,False,False,False,False
val_tune,12392885583,4,TN,"[[10.4, 16.2]]",5.8,5-10s,9.8098,True,False,11.478133333333334,True,12.178833333333333,True,13.1131,True,9.743066666666667,False,9.342666666666666,False,8.942266666666667,False,11.077733333333333,True,8.541866666666667,False,10.01,False,0.3,20,30,1.6683,110,43,4,10.8098,11.8098,12.8098,14.8098,True,True,True,True,8.8098,7.8098,6.8098,4.8098,False,False,False,False
val_tune,8783897632,1,TC,"[[17.9, 25.3]]",7.4,5-10s,15.4821,True,False,16.049366666666668,False,16.449766666666665,False,16.983633333333334,False,14.547866666666666,False,14.047366666666667,False,13.646966666666666,False,16.049366666666668,False,14.447766666666666,False,15.582233333333333,False,0.4,20,26,0.5672,117,51,4,16.4821,17.4821,18.4821,20.4821,False,False,True,True,14.4821,13.4821,12.4821,10.4821,False,False,False,False
val_tune,2567843468,6,TN,"[[1.4, 7.5]]",6.1,5-10s,6.006,True,True,6.4064,True,7.007,True,7.5075,False,5.005,True,4.004,True,3.003,True,6.940266666666667,True,5.472133333333334,True,6.4064,True,0.05,20,16,0.4004,78,24,4,7.006,8.006,9.006,11.006,True,False,False,False,5.006,4.006,3.006,1.006,True,True,True,False
val_tune,4219909195,8,TN,"[[25.0, 33]]",8.0,5-10s,27.5609,True,True,27.660966666666667,True,28.028,True,29.029,True,27.027,True,26.4264,True,26.026,True,28.595233333333333,True,26.192833333333333,True,27.660966666666667,True,0.95,20,8,0.1001,136,53,4,28.5609,29.5609,30.5609,32.5609,True,True,True,True,26.5609,25.5609,24.5609,22.5609,True,True,False,False
val_tune,3322503255,5,TN,"[[22.0, 31.6]]",9.6,5-10s,6.9736,True,False,7.007,False,7.5075,False,8.008,False,6.6066,False,6.006,False,5.5055,False,8.141466666666666,False,5.939266666666667,False,7.007,False,0.25,20,62,0.0334,166,73,4,7.9736,8.9736,9.9736,11.9736,False,False,False,False,5.9736,4.9736,3.9736,1.9736,False,False,False,False
val_tune,3192668394,3,CW,"[[21.5, 38.7]]",17.2,>=10s,25.9926,True,True,26.026,True,26.5265,True,27.027,True,25.5255,True,25.025,True,24.5245,True,27.861166666666666,True,24.657966666666667,True,26.026,True,0.35,20,68,0.0334,278,114,4,26.9926,27.9926,28.9926,30.9926,True,True,True,True,24.9926,23.9926,22.9926,20.9926,True,True,True,False
val_tune,4984417707,5,TP,"[[0.0, 1.8]]",1.8,<2s,0.1001,True,True,1.001,True,1.4014,True,2.002,False,,,,,,,0.8341666666666667,True,0.0,True,0.3003,True,0.05,20,22,0.9009,59,23,4,1.1001,2.1001,3.1001,5.1001,True,False,False,False,0.0,0.0,0.0,0.0,True,True,True,True
val_tune,8604794910,6,CH,"[[0.2, 4.1], [8.3, 11.8]]",7.4,5-10s,9.7431,True,True,10.043366666666667,True,11.044366666666667,True,12.045366666666666,False,9.442766666666667,True,9.042366666666666,True,8.441766666666666,True,10.477133333333333,True,9.142466666666667,True,10.043366666666667,True,0.55,20,5,0.3003,55,22,4,10.7431,11.7431,12.7431,14.0,True,True,False,False,8.7431,7.7431,6.7431,4.7431,True,False,False,False
val_tune,4420239986,3,CW,"[[0.2, 20.0]]",19.8,>=10s,17.0504,True,True,17.2172,True,17.6176,True,18.018,True,16.082733333333334,True,15.682333333333334,True,15.015,True,17.650966666666665,True,12.045366666666666,True,17.2172,True,0.4,20,10,0.1668,90,37,4,18.0504,19.0504,20.0504,22.0,True,True,False,False,16.0504,15.0504,14.0504,12.0504,True,True,True,True
val_tune,7571121368,2,CW,"[[38.8, 41.6]]",2.8,2-5s,51.0844,True,False,52.085366666666665,False,52.48576666666666,False,53.08636666666666,False,50.48376666666667,False,50.08336666666667,False,49.48276666666667,False,52.819433333333336,False,50.48376666666667,False,51.8518,False,0.0,20,8,1.001,226,93,4,52.0844,53.0844,54.0844,56.0,False,False,False,False,50.0844,49.0844,48.0844,46.0844,False,False,False,False
val_tune,4915733559,5,TC,"[[4.9, 7.6]]",2.7,2-5s,31.031,True,False,32.032,False,33.033,False,33.466766666666665,False,30.5305,False,30.03,False,29.39603333333333,False,35.50213333333333,False,29.9299,False,31.19783333333333,False,0.0,20,6,1.001,143,59,4,32.031,33.031,34.031,36.0,False,False,False,False,30.031,29.031,28.031,26.031,False,False,False,False
val_tune,2405940242,9,TC,"[[7.5, 10.8]]",3.3,2-5s,8.008,True,True,9.009,True,9.442,True,10.01,True,7.007,False,6.473,False,6.006,False,9.37613751263903,True,4.704752275025278,False,8.141,True,0.4,20,7,1.001,57,21,4,9.008,10.008,11.008,13.008,True,True,False,False,7.008,6.008,5.008,3.008,False,False,False,False
val_tune,6297019062,4,TN,"[[0.7, 3.3]]",2.6,2-5s,22.9563,True,False,23.256566666666668,False,24.057366666666667,False,25.058366666666668,False,22.856166666666667,False,22.055366666666668,False,21.654966666666667,False,23.590233333333334,False,21.855166666666666,False,23.056366666666666,False,0.0,20,54,0.3003,234,91,4,23.9563,24.9563,25.9563,27.9563,False,False,False,False,21.9563,20.9563,19.9563,17.9563,False,False,False,False
val_tune,3376544720,2,TC,"[[29.7, 45.4]]",15.7,>=10s,68.7353,True,False,68.81875,False,69.444375,False,70.07,False,68.193125,False,67.5675,False,67.10870833333334,False,70.11170833333333,False,68.65191666666666,False,68.81875,False,0.0,20,28,0.0834,288,115,4,69.7353,70.7353,71.7353,73.7353,False,False,False,False,67.7353,66.7353,65.7353,63.7353,False,False,False,False
val_tune,7571121368,5,TN,"[[28.9, 35.0]]",6.1,5-10s,33.0664,True,True,34.067366666666665,True,34.667966666666665,True,35.06836666666667,False,32.06536666666667,True,31.06436666666667,True,30.663966666666667,True,35.16846666666667,False,30.964266666666667,True,33.86716666666667,True,0.05,20,40,1.001,226,93,4,34.0664,35.0664,36.0664,38.0664,True,False,False,False,32.0664,31.0664,30.0664,28.0664,True,True,True,False
val_tune,2736413196,3,CW,"[[44.7, 49.9]]",5.2,5-10s,41.074,True,False,42.042,False,43.043,False,44.044,False,41.041,False,40.54,False,40.04,False,41.24165824064712,False,40.44084934277048,False,41.875,False,0.6,20,14,0.968,217,69,4,42.074,43.074,44.074,46.074,False,False,False,True,40.074,39.074,38.074,36.074,False,False,False,False
val_tune,4378803532,6,TN,"[[32.8, 37.4]]",4.6,2-5s,35.2686,True,True,36.06936666666667,True,37.070366666666665,True,37.670966666666665,False,35.06836666666667,True,34.067366666666665,True,33.06636666666667,True,36.169466666666665,True,34.968266666666665,True,35.36866666666667,True,0.35,20,15,0.8008,175,72,4,36.2686,37.2686,38.2686,40.2686,True,True,False,False,34.2686,33.2686,32.2686,30.2686,True,True,False,False
val_tune,6895608152,4,CW,"[[0.0, 14.8]]",14.8,>=10s,74.2,True,False,74.44,False,74.92,False,75.64,False,73.96,False,73.24,False,72.64,False,74.44,False,73.24,False,74.44,False,0.0,20,19,0.24,291,127,4,75.2,76.2,77.2,79.2,False,False,False,False,73.2,72.2,71.2,69.2,False,False,False,False
val_tune,4970148391,9,TN,"[[7.1, 8.5]]",1.4,<2s,19.019,True,False,19.5195,False,20.02,False,20.5205,False,18.6186,False,18.018,False,17.017,False,20.053366666666665,False,17.550866666666668,False,19.3193,False,0.0,20,9,0.5005,99,43,4,20.019,21.019,22.019,24.0,False,False,False,False,18.019,17.019,16.019,14.019,False,False,False,False
val_tune,4272084125,0,CW,"[[6.4, 12.7]]",6.3,5-10s,7.4074,True,True,8.008,True,9.009,True,9.5095,True,7.007,True,6.006,False,5.572233333333333,False,9.175833333333333,True,5.071733333333333,False,7.6076,True,0.35,20,25,0.6006,99,36,4,8.4074,9.4074,10.4074,12.4074,True,True,True,True,6.4074,5.4074,4.4074,2.4074,True,False,False,False
val_tune,2771402761,10,CH,"[[0.8, 3.1]]",2.3,2-5s,35.3687,True,False,36.036,False,37.037,False,37.40403333333333,False,35.035,False,34.6346,False,34.034,False,35.96926666666667,False,34.968266666666665,False,35.4354,False,0.0,20,20,0.6673,195,73,4,36.3687,37.3687,38.3687,40.3687,False,False,False,False,34.3687,33.3687,32.3687,30.3687,False,False,False,False
val_tune,4896969617,4,TC,"[[9.8, 11.3]]",1.5,<2s,5.3053,True,False,6.006,False,7.007,False,7.5075,False,5.005,False,4.5045,False,4.004,False,5.638966666666667,False,4.938266666666666,False,5.9059,False,0.25,20,10,0.7007,47,20,4,6.3053,7.3053,8.3053,10.3053,False,False,False,True,4.3053,3.3053,2.3053,0.3053,False,False,False,False
val_tune,9565310990,8,TN,"[[27.4, 33.4]]",6.0,5-10s,22.3223,True,False,22.52252252252252,False,24.024024024024023,False,24.691358024691358,False,22.02202202202202,False,21.42142142142142,False,20.887554220887555,False,23.223223223223226,False,16.950283616950284,False,22.389055722389056,False,0.55,20,19,0.2002,125,50,4,23.3223,24.3223,25.3223,27.3223,False,False,False,False,21.3223,20.3223,19.3223,17.3223,False,False,False,False
val_tune,6291413193,1,CW,"[[24.4, 29.9], [36.7, 44.1]]",12.9,>=10s,47.1805,True,False,48.014633333333336,False,48.38166666666667,False,48.9489,False,46.91353333333333,False,46.079366666666665,False,45.07836666666667,False,47.7477,False,46.679966666666665,False,47.2472,False,0.0,20,28,0.8342,264,101,4,48.1805,49.1805,50.1805,52.1805,False,False,False,False,46.1805,45.1805,44.1805,42.1805,False,False,False,True
val_tune,4978714491,3,TN,"[[14.6, 17.4]]",2.8,2-5s,29.9633,True,False,30.03,False,31.031,False,31.898533333333333,False,29.496133333333333,False,29.029,False,28.561866666666667,False,35.96926666666667,False,28.1281,False,30.03,False,0.0,20,17,0.0667,160,66,4,30.9633,31.9633,32.9633,34.9633,False,False,False,False,28.9633,27.9633,26.9633,24.9633,False,False,False,False
val_tune,2679130168,2,CW,"[[55.4, 60.5]]",5.1,5-10s,57.3073,True,True,57.5575,True,58.183125,True,58.80875,True,56.931875,True,56.30625,True,55.680625,True,57.39066666666666,True,56.51479166666666,True,57.5575,True,0.7,20,8,0.2502,202,79,4,58.3073,59.3073,60.3073,62.3073,True,True,True,False,56.3073,55.3073,54.3073,52.3073,True,False,False,False
val_tune,3145698830,2,CW,"[[25.4, 28.3]]",2.9,2-5s,20.2202,True,False,20.4204,False,21.021,False,21.5215,False,20.02,False,19.019,False,18.5185,False,21.354666666666667,False,19.552866666666667,False,20.3203,False,0.05,20,64,0.2002,236,98,4,21.2202,22.2202,23.2202,25.2202,False,False,False,False,19.2202,18.2202,17.2202,15.2202,False,False,False,False
val_tune,4688219212,0,CW,"[[1.3, 6.8]]",5.5,5-10s,6.5065,True,True,7.007,False,7.5075,False,8.008,False,6.006,True,5.005,True,4.5045,True,7.6409666666666665,False,2.9362666666666666,True,6.773433333333333,True,0.0,20,43,0.5005,128,55,4,7.5065,8.5065,9.5065,11.5065,False,False,False,False,5.5065,4.5065,3.5065,1.5065,True,True,True,True
val_tune,6624174621,6,TP,"[[31.1, 34.3]]",3.2,2-5s,12.4458,True,False,12.545866666666667,False,13.046366666666666,False,13.446766666666667,False,12.045366666666666,False,11.044366666666667,False,10.043366666666667,False,12.645966666666666,False,12.078733333333334,False,12.545866666666667,False,0.0,20,42,0.1001,163,61,4,13.4458,14.4458,15.4458,17.4458,False,False,False,False,11.4458,10.4458,9.4458,7.4458,False,False,False,False
val_tune,7492398760,3,TN,"[[51.8, 55.1], [58.6, 65.0]]",9.7,5-10s,43.9773,True,False,44.07736666666667,False,45.07836666666667,False,46.079366666666665,False,43.076366666666665,False,42.475766666666665,False,42.07536666666667,False,44.07736666666667,False,43.10973333333333,False,44.044,False,0.35,20,64,0.1001,361,123,4,44.9773,45.9773,46.9773,48.9773,False,False,False,False,42.9773,41.9773,40.9773,38.9773,False,False,False,False
val_tune,4219909195,7,CW,"[[4.3, 9.8]]",5.5,5-10s,6.006,True,True,6.6066,True,7.007,True,7.4074,True,5.005,True,4.004,False,3.003,False,6.940266666666667,True,5.071733333333333,True,6.4064,True,0.15,20,45,0.6006,136,53,4,7.006,8.006,9.006,11.006,True,True,True,False,5.006,4.006,3.006,1.006,True,False,False,False
val_tune,6356067859,4,CW,"[[12.5, 13.2]]",0.7,<2s,4.5379,True,False,5.038366666666667,False,6.039366666666667,False,7.040366666666666,False,4.037366666666666,False,3.036366666666667,False,2.0353666666666665,False,6.039366666666667,False,3.036366666666667,False,4.838166666666667,False,0.05,20,48,0.5005,143,54,4,5.5379,6.5379,7.5379,9.5379,False,False,False,False,3.5379,2.5379,1.5379,0.0,False,False,False,False
val_tune,4896969617,6,TN,"[[6.0, 8.4]]",2.4,2-5s,5.3053,True,False,6.006,True,7.007,True,7.5075,True,5.005,False,4.5045,False,4.004,False,5.638966666666667,False,4.938266666666666,False,5.9059,False,0.5,20,10,0.7007,47,20,4,6.3053,7.3053,8.3053,10.3053,True,True,True,False,4.3053,3.3053,2.3053,0.3053,False,False,False,False
val_tune,5667931404,0,CW,"[[0.1, 1.8]]",1.7,<2s,5.9393,True,False,6.039366666666667,False,7.040366666666666,False,7.540866666666667,False,5.038366666666667,False,4.537866666666667,False,4.037366666666666,False,6.039366666666667,False,5.038366666666667,False,6.039366666666667,False,0.0,20,9,0.1001,46,17,4,6.9393,7.9393,8.9393,10.9393,False,False,False,False,4.9393,3.9393,2.9393,0.9393,False,False,False,True
val_tune,3303565503,7,TC,"[[19.5, 28.7]]",9.2,5-10s,14.9816,True,False,15.015,False,15.4154,False,16.016,False,14.014,False,13.4134,False,13.013,False,15.849166666666667,False,13.747066666666667,False,15.015,False,0.3,20,37,0.0334,150,60,4,15.9816,16.9816,17.9816,19.9816,False,False,False,True,13.9816,12.9816,11.9816,9.9816,False,False,False,False
val_tune,6727904179,7,CH,"[[0.0, 4.4]]",4.4,2-5s,28.8622,True,False,29.062366666666666,False,30.063366666666667,False,30.663966666666667,False,28.561866666666667,False,28.061366666666668,False,27.460766666666668,False,29.963266666666666,False,28.094733333333334,False,29.062366666666666,False,0.0,20,5,0.2002,130,53,4,29.8622,30.8622,31.8622,32.0,False,False,False,False,27.8622,26.8622,25.8622,23.8622,False,False,False,False
val_tune,8428551576,8,CH,"[[66.5, 70.3]]",3.8,2-5s,66.7667,True,True,67.10036666666667,True,67.60086666666666,True,68.10136666666666,True,66.5665,True,66.09936666666667,False,65.065,False,67.00026666666666,True,66.39966666666666,False,67.10036666666667,True,0.3,20,38,0.3337,359,157,4,67.7667,68.7667,69.7667,71.7667,True,True,True,False,65.7667,64.7667,63.7667,61.7667,False,False,False,False
val_tune,2434859163,1,CW,"[[0.0, 1.6]]",1.6,<2s,5.805,True,False,6.006,False,6.606,False,7.007,False,5.005,False,4.571,False,4.004,False,6.373104145601618,False,0.30030333670374115,True,5.905,False,0.0,20,24,0.201,85,32,4,6.805,7.805,8.805,10.805,False,False,False,False,4.805,3.805,2.805,0.805,False,False,False,True
val_tune,6691330381,0,TC,"[[0.6, 12.0]]",11.4,>=10s,24.5579,True,False,25.058366666666668,False,25.558866666666667,False,26.059366666666666,False,24.057366666666667,False,23.556866666666668,False,23.056366666666666,False,24.958266666666667,False,23.690333333333335,False,25.058366666666668,False,0.0,20,27,0.5005,166,68,4,25.5579,26.5579,27.5579,29.5579,False,False,False,False,23.5579,22.5579,21.5579,19.5579,False,False,False,False
val_tune,6624174621,1,CW,"[[33.0, 40]]",7.0,5-10s,12.4458,True,False,12.545866666666667,False,13.046366666666666,False,13.446766666666667,False,12.045366666666666,False,11.044366666666667,False,10.043366666666667,False,12.645966666666666,False,12.078733333333334,False,12.545866666666667,False,0.35,20,42,0.1001,163,61,4,13.4458,14.4458,15.4458,17.4458,False,False,False,False,11.4458,10.4458,9.4458,7.4458,False,False,False,False
val_tune,3974684583,1,CW,"[[4.8, 9.1], [16.1, 24.6]]",12.8,>=10s,7.007,True,True,8.008,True,9.009,True,10.01,False,6.006,True,5.6056,True,5.005,True,8.942266666666667,True,4.671333333333333,False,7.1071,True,0.7,20,30,1.001,99,42,4,8.007,9.007,10.007,12.007,True,True,False,False,6.007,5.007,4.007,2.007,True,True,False,False
val_tune,3063380173,5,TN,"[[7.9, 13.2]]",5.3,5-10s,15.415,True,False,16.016,False,16.583,False,16.95,False,15.015,False,14.481,False,14.014,False,15.916076845298281,False,15.11526794742164,False,15.682,False,0.0,20,3,0.601,71,29,4,16.415,17.0,17.0,17.0,False,False,False,False,14.415,13.415,12.415,10.415,False,False,True,True
val_tune,9531760182,8,CH,"[[25.3, 34.1]]",8.8,5-10s,61.72,True,False,62.32,False,63.04,False,63.64,False,61.64,False,61.12,False,59.64,False,62.12,False,61.28,False,61.84,False,0.0,20,28,0.6,257,104,4,62.72,63.72,64.72,66.72,False,False,False,False,60.72,59.72,58.72,56.72,False,False,False,False
val_tune,5833145209,9,CW,"[[10.0, 10.5]]",0.5,<2s,11.3447,True,False,11.644966666666667,False,12.045366666666666,False,12.645966666666666,False,11.044366666666667,False,10.543866666666666,False,10.043366666666667,True,11.945266666666667,False,9.876533333333333,False,11.644966666666667,False,0.0,20,10,0.3003,68,30,4,12.3447,13.3447,14.3447,16.3447,False,False,False,False,10.3447,9.3447,8.3447,6.3447,True,False,False,False
val_tune,8403741210,4,CW,"[[21.9, 24.9], [34.4, 37.8]]",6.4,5-10s,21.4548,True,False,22.055366666666668,True,22.555866666666667,True,23.056366666666666,True,21.054366666666667,False,20.553866666666668,False,20.053366666666665,False,21.955266666666667,True,20.954266666666665,False,21.654966666666667,False,0.0,20,42,0.6006,178,83,4,22.4548,23.4548,24.4548,26.4548,True,True,True,False,20.4548,19.4548,18.4548,16.4548,False,False,False,False
val_tune,11566980553,6,TN,"[[22.1, 43.6]]",21.5,>=10s,5.7391,True,False,6.406406406406407,False,7.374040707374041,False,7.741074407741074,False,4.971638304971639,False,4.404404404404405,False,3.9372706039372707,False,6.506506506506507,False,5.405405405405405,False,6.406406406406407,False,0.55,20,75,0.6673,228,84,4,6.7391,7.7391,8.7391,10.7391,False,False,False,False,4.7391,3.7391,2.7391,0.7391,False,False,False,False
val_tune,6291413193,0,TC,"[[24.4, 29.9], [36.7, 47.0]]",15.8,>=10s,47.1805,True,False,48.014633333333336,False,48.38166666666667,False,48.9489,False,46.91353333333333,True,46.079366666666665,True,45.07836666666667,True,47.7477,False,46.679966666666665,True,47.2472,False,0.0,20,28,0.8342,264,101,4,48.1805,49.1805,50.1805,52.1805,False,False,False,False,46.1805,45.1805,44.1805,42.1805,True,True,True,True
val_tune,8797589693,1,CW,"[[6.5, 12.7]]",6.2,5-10s,78.9122,True,False,79.81314647981314,False,80.38038038038039,False,80.91424758091425,False,78.64531197864531,False,78.17817817817817,False,76.91024357691025,False,83.61695028361696,False,77.01034367701034,False,79.81314647981314,False,0.0,20,12,0.9009,289,104,4,79.9122,80.9122,81.9122,83.9122,False,False,False,False,77.9122,76.9122,75.9122,73.9122,False,False,False,False
val_tune,10309542255,4,TC,"[[13.5, 17.9], [23.3, 27.9], [37.9, 42.3], [49.5, 53.8], [64.1, 66.8], [73.4, 77.9], [81.1, 85.6]]",29.4,>=10s,63.6637,True,False,63.79713046379713,False,64.46446446446447,True,65.1317984651318,True,62.06206206206206,False,61.66166166166166,False,61.26126126126126,False,63.96396396396397,False,63.0296963630297,False,63.7303970637304,False,0.5,20,30,0.1335,300,122,4,64.6637,65.6637,66.6637,68.6637,True,True,True,False,62.6637,61.6637,60.6637,58.6637,False,False,False,False
val_tune,7531285946,3,CW,"[[12.5, 15.7]]",3.2,2-5s,9.643,True,False,10.043366666666667,False,11.044366666666667,False,11.544866666666667,False,9.542866666666667,False,9.042366666666666,False,8.541866666666667,False,10.243566666666666,False,9.275933333333333,False,9.743066666666667,False,0.1,20,48,0.4004,162,66,4,10.643,11.643,12.643,14.643,False,False,True,True,8.643,7.643,6.643,4.643,False,False,False,False
val_tune,3508459605,0,TN,"[[4.3, 8.3]]",4.0,2-5s,82.9495,True,False,83.083,False,83.6836,False,84.084,False,82.082,False,81.64823333333334,False,81.081,False,84.11736666666667,False,82.51576666666666,False,83.083,False,0.0,20,8,0.1335,348,152,4,83.9495,84.9495,85.9495,87.0,False,False,False,False,81.9495,80.9495,79.9495,77.9495,False,False,False,False
val_tune,5907839036,3,CW,"[[41.0, 43.1]]",2.1,2-5s,66.9002,True,False,67.10036666666667,False,67.70096666666667,False,68.10136666666666,False,66.09936666666667,False,65.59886666666667,False,65.09836666666666,False,67.40066666666667,False,65.99926666666667,False,67.10036666666667,False,0.0,20,41,0.2002,360,153,4,67.9002,68.9002,69.9002,71.9002,False,False,False,False,65.9002,64.9002,63.9002,61.9002,False,False,False,False
val_tune,5940941487,6,TN,"[[11.3, 29.1]]",17.8,>=10s,4.64,True,False,5.0,False,5.48,False,6.2,False,3.8,False,3.32,False,2.6,False,4.88,False,2.48,False,5.0,False,0.6,20,40,0.36,115,47,4,5.64,6.64,7.64,9.64,False,False,False,False,3.64,2.64,1.64,0.0,False,False,False,False
val_tune,4516967897,1,TC,"[[24.4, 32.0], [38.8, 40.0], [45.7, 47.7]]",10.8,>=10s,51.8518,True,False,52.052,False,52.5525,False,53.053,False,51.051,False,50.05,False,49.4494,False,52.11873333333333,False,50.417033333333336,False,52.052,False,0.0,20,26,0.2002,272,107,4,52.8518,53.8518,54.8518,56.8518,False,False,False,False,50.8518,49.8518,48.8518,46.8518,False,False,False,True
val_tune,3078294001,2,TC,"[[0.0, 3.5]]",3.5,2-5s,0.4004,True,True,0.5005,True,1.001,True,1.6016,True,,,,,,,1.1678333333333333,True,0.16683333333333333,True,0.5005,True,0.15,20,21,0.1001,46,21,4,1.4004,2.4004,3.4004,5.4004,True,True,True,False,0.0,0.0,0.0,0.0,True,True,True,True
val_tune,7492398760,8,TN,"[[57.8, 62.6]]",4.8,2-5s,47.681,True,False,48.08136666666667,False,49.082366666666665,False,50.08336666666667,False,47.08036666666667,False,46.57986666666667,False,46.079366666666665,False,47.814433333333334,False,46.079366666666665,False,47.78106666666667,False,0.1,20,58,0.4004,361,123,4,48.681,49.681,50.681,52.681,False,False,False,False,46.681,45.681,44.681,42.681,False,False,False,False
val_tune,3897746373,8,TN,"[[3.2, 8.5]]",5.3,5-10s,2.002,True,False,3.003,False,4.004,True,4.571233333333334,True,1.001,False,0.13346666666666668,False,,,2.7027,False,1.9352666666666667,False,2.2355666666666667,False,0.6,20,18,1.001,54,21,4,3.002,4.002,5.002,7.002,False,True,True,True,1.002,0.002,0.0,0.0,False,False,False,False
val_tune,10309542255,1,CW,"[[8.2, 11.9]]",3.7,2-5s,6.9403,True,False,7.140473807140474,False,7.607607607607608,False,8.008008008008009,False,6.006006006006006,False,5.271938605271939,False,4.004004004004004,False,7.707707707707708,False,6.239572906239573,False,7.140473807140474,False,0.0,20,114,0.2002,300,122,4,7.9403,8.9403,9.9403,11.9403,False,True,True,False,5.9403,4.9403,3.9403,1.9403,False,False,False,False
val_tune,6025238212,3,TN,"[[2.8, 6.0]]",3.2,2-5s,1.0344,True,False,2.0353666666666665,False,2.6359666666666666,False,3.036366666666667,True,0.6339666666666667,False,,,,,2.0353666666666665,False,0.9342666666666667,False,1.2345666666666666,False,0.05,20,39,1.001,102,41,4,2.0344,3.0344,4.0344,6.0344,False,True,True,False,0.0344,0.0,0.0,0.0,False,False,False,False
val_tune,2614918961,6,TN,"[[32.8, 37.4]]",4.6,2-5s,20.3203,True,False,21.021,False,21.5215,False,22.022,False,20.02,False,19.019,False,18.018,False,21.054366666666667,False,19.352666666666668,False,20.8208,False,0.2,20,41,0.7007,175,76,4,21.3203,22.3203,23.3203,25.3203,False,False,False,False,19.3203,18.3203,17.3203,15.3203,False,False,False,False
val_tune,4949582792,5,TC,"[[0.0, 2.5]]",2.5,2-5s,71.6716,True,False,72.072,False,72.4724,False,73.073,False,71.071,False,70.07,False,69.6696,False,73.10636666666667,False,71.00426666666667,False,71.7717,False,0.0,20,30,0.4004,353,148,4,72.6716,73.6716,74.6716,76.6716,False,False,False,False,70.6716,69.6716,68.6716,66.6716,False,False,False,False
val_tune,5256928210,5,TN,"[[3.1, 17.1]]",14.0,>=10s,19.9199,True,False,20.02,False,,,,,19.6196,False,19.019,False,18.018,False,20.220200000000002,False,19.753066666666665,False,19.986633333333334,False,0.0,20,1,0.1001,82,32,4,20.0,20.0,20.0,20.0,False,False,False,False,18.9199,17.9199,16.9199,14.9199,False,False,True,True
val_tune,9473479950,7,TN,"[[13.4, 19.4]]",6.0,5-10s,6.5732,True,False,8.008008008008009,False,9.175842509175842,False,9.576242909576242,False,6.506506506506507,False,6.006006006006006,False,5.472138805472139,False,7.173840507173841,False,5.171838505171839,False,6.639973306639973,False,0.3,20,17,1.4348,72,26,4,7.5732,8.5732,9.5732,11.5732,False,False,False,False,5.5732,4.5732,3.5732,1.5732,False,False,False,False
val_tune,2623954636,8,CH,"[[25.6, 30.0]]",4.4,2-5s,9.542,True,False,10.01,False,10.543,False,11.011,False,9.009,False,8.541,False,8.008,False,10.51061678463094,False,8.608695652173914,False,9.743,False,0.15,20,40,0.468,127,56,4,10.542,11.542,12.542,14.542,False,False,False,False,8.542,7.542,6.542,4.542,False,False,False,False
val_tune,10779838974,1,TC,"[[0.7, 15.5]]",14.8,>=10s,5.8058,True,True,6.006006006006006,True,6.606606606606607,True,7.240573907240574,True,5.1384718051384715,True,4.7714381047714385,True,4.004004004004004,True,6.139472806139473,True,5.171838505171839,True,5.872539205872539,True,0.15,20,36,0.2002,105,43,4,6.8058,7.8058,8.8058,10.8058,True,True,True,True,4.8058,3.8058,2.8058,0.8058,True,True,True,True
val_tune,4674481985,3,CW,"[[6.8, 12.6]]",5.8,5-10s,21.9886,True,False,22.022,False,22.655966666666668,False,23.023,False,21.021,False,20.6206,False,20.02,False,24.491133333333334,False,21.855166666666666,False,22.022,False,0.0,20,5,0.0334,99,41,4,22.9886,23.9886,24.0,24.0,False,False,False,False,20.9886,19.9886,18.9886,16.9886,False,False,False,False
val_tune,5328004991,3,CW,"[[15.9, 21.8]]",5.9,5-10s,2.1021,True,False,3.003,False,3.6036,False,4.004,False,2.002,False,1.5015,False,1.001,False,3.1364666666666667,False,0.9342666666666667,False,2.2022,False,0.2,20,40,0.9009,106,43,4,3.1021,4.1021,5.1021,7.1021,False,False,False,False,1.1021,0.1021,0.0,0.0,False,False,False,False
val_tune,8428551576,4,CW,"[[59.3, 62.7]]",3.4,2-5s,21.9553,True,False,22.055366666666668,False,22.455766666666666,False,23.056366666666666,False,21.054366666666667,False,20.553866666666668,False,20.053366666666665,False,22.055366666666668,False,20.954266666666665,False,22.055366666666668,False,0.05,20,118,0.1001,359,157,4,22.9553,23.9553,24.9553,26.9553,False,False,False,False,20.9553,19.9553,18.9553,16.9553,False,False,False,False
val_tune,6239210933,0,CH,"[[2.7, 16.3]]",13.6,>=10s,17.1505,True,False,17.450766666666667,False,18.051366666666667,False,19.052366666666668,False,17.050366666666665,False,16.049366666666668,True,15.448766666666666,True,17.951266666666665,False,15.949266666666666,True,17.250566666666668,False,0.0,20,29,0.3003,138,60,4,18.1505,19.1505,20.1505,22.1505,False,False,False,False,16.1505,15.1505,14.1505,12.1505,True,True,True,True
val_tune,2854886555,3,CW,"[[2.3, 6.9]]",4.6,2-5s,5.2052,True,True,5.6056,True,6.006,True,6.4064,True,5.005,True,4.4044,True,4.004,True,5.238566666666666,True,4.537866666666667,True,5.5055,True,0.2,20,20,0.4004,64,30,4,6.2052,7.2052,8.2052,10.2052,True,False,False,False,4.2052,3.2052,2.2052,0.2052,True,True,False,False
val_tune,4127497265,6,TN,"[[8.9, 15.0]]",6.1,5-10s,4.004,True,False,4.6046,False,5.005,False,5.4054,False,3.003,False,2.002,False,1.5682333333333334,False,5.038366666666667,False,2.9362666666666666,False,4.3043,False,0.3,20,44,0.6006,120,49,4,5.004,6.004,7.004,9.004,False,False,False,True,3.004,2.004,1.004,0.0,False,False,False,False
val_tune,4882414082,5,CW,"[[34.7, 38.6]]",3.9,2-5s,9.8,True,False,10.0,False,11.2,False,12.0,False,9.0,False,8.0,False,7.0,False,10.466666666666667,False,8.533333333333333,False,10.0,False,0.15,20,80,0.2,180,89,4,10.8,11.8,12.8,14.8,False,False,False,False,8.8,7.8,6.8,4.8,False,False,False,False
val_tune,7164729910,2,CH,"[[4.3, 6.0]]",1.7,<2s,2.0417,True,False,2.5416666666666665,False,3.0,False,3.7916666666666665,False,1.2916666666666667,False,0.2916666666666667,False,,,2.5416666666666665,False,0.0,False,2.5416666666666665,False,0.05,20,36,0.5,88,39,4,3.0417,4.0417,5.0417,7.0417,False,False,True,False,1.0417,0.0417,0.0,0.0,False,False,False,False
val_tune,5907839036,8,CW,"[[86.7, 87.6]]",0.9,<2s,87.087,True,True,87.12036666666667,True,87.62086666666667,False,88.12136666666666,False,86.61986666666667,False,86.11936666666666,False,85.51876666666666,False,88.02126666666666,False,86.41966666666667,False,87.12036666666667,True,0.25,20,6,0.0334,360,153,4,88.087,89.087,90.0,90.0,False,False,False,False,86.087,85.087,84.087,82.087,False,False,False,False
val_tune,8557532213,5,CW,"[[10.2, 12.7]]",2.5,2-5s,11.9453,True,True,12.045366666666666,True,12.445766666666668,True,,,11.044366666666667,True,10.043366666666667,False,9.042366666666666,False,12.345666666666666,True,11.077733333333333,True,12.012,True,1.0,20,2,0.1001,51,17,4,12.9453,13.0,13.0,13.0,False,False,False,False,10.9453,9.9453,8.9453,6.9453,True,False,False,False
val_tune,3897746373,2,TN,"[[3.2, 8.5]]",5.3,5-10s,2.002,True,False,3.003,False,4.004,True,4.571233333333334,True,1.001,False,0.13346666666666668,False,,,2.7027,False,1.9352666666666667,False,2.2355666666666667,False,0.35,20,18,1.001,54,21,4,3.002,4.002,5.002,7.002,False,True,True,True,1.002,0.002,0.0,0.0,False,False,False,False
val_tune,4333544549,3,CW,"[[1.1, 27.0], [32.6, 35.5]]",28.8,>=10s,2.9029,True,True,3.003,True,3.5035,True,4.004,True,2.5025,True,2.002,True,1.5015,True,2.9362666666666666,True,1.9352666666666667,True,3.003,True,0.85,20,60,0.1001,143,66,4,3.9029,4.9029,5.9029,7.9029,True,True,True,True,1.9029,0.9029,0.0,0.0,True,False,False,False
val_tune,3105728894,4,CW,"[[36.3, 43.5]]",7.2,5-10s,37.8044,True,True,38.038,True,38.4384,True,39.039,True,37.4374,True,37.037,True,36.4364,True,44.97826666666667,False,35.06836666666667,False,38.038,True,0.4,20,23,0.2336,203,87,4,38.8044,39.8044,40.8044,42.8044,True,True,True,True,36.8044,35.8044,34.8044,32.8044,True,False,False,False
val_tune,3902997424,2,TC,"[[8.8, 14.4]]",5.6,5-10s,13.7137,True,True,14.014,True,14.4144,False,15.015,False,13.013,True,12.5125,True,12.012,True,15.281933333333333,False,12.779433333333333,True,13.8138,True,0.05,20,19,0.3003,104,41,4,14.7137,15.7137,16.7137,18.7137,False,False,False,False,12.7137,11.7137,10.7137,8.7137,True,True,True,False
val_tune,8455160795,1,TN,"[[2.5, 19.9]]",17.4,>=10s,19.8532,True,True,,,,,,,19.552866666666667,True,19.052366666666668,True,18.551866666666665,True,19.953266666666668,False,19.085733333333334,True,20.02,False,0.0,20,0,,80,35,4,20.0,20.0,20.0,20.0,False,False,False,False,18.8532,17.8532,16.8532,14.8532,True,True,True,True
val_tune,5662041273,3,CW,"[[3.7, 15.8]]",12.1,>=10s,55.8892,True,False,56.08936666666666,False,56.589866666666666,False,57.09036666666667,False,55.6556,False,55.088366666666666,False,54.08736666666667,False,56.79006666666667,False,54.88816666666667,False,56.08936666666666,False,0.0,20,52,0.2002,361,141,4,56.8892,57.8892,58.8892,60.8892,False,False,False,False,54.8892,53.8892,52.8892,50.8892,False,False,False,False
val_tune,8594314852,1,CH,"[[4.9, 11.9]]",7.0,5-10s,9.9433,True,True,10.043366666666667,True,10.643966666666667,True,11.044366666666667,True,9.642966666666666,True,9.042366666666666,True,8.541866666666667,True,12.479133333333333,False,8.775433333333334,True,10.043366666666667,True,0.7,20,6,0.1001,51,23,4,10.9433,11.9433,12.9433,13.0,True,False,False,False,8.9433,7.9433,6.9433,4.9433,True,True,True,True
val_tune,4103088549,5,CH,"[[4.3, 15.2]]",10.9,>=10s,2.3023,True,False,2.4024,False,3.003,False,3.5035,False,2.002,False,1.001,False,,,2.5358666666666667,False,1.9352666666666667,False,2.4024,False,0.8,20,24,0.1001,67,26,4,3.3023,4.3023,5.3023,7.3023,False,True,True,True,1.3023,0.3023,0.0,0.0,False,False,False,False
val_tune,8505893258,7,TN,"[[17.1, 19.0]]",1.9,<2s,0.9176,True,False,1.2929583333333334,False,2.544208333333333,False,3.1698333333333335,False,,,,,,,1.2929583333333332,False,0.08341666666666667,False,1.0427083333333333,False,0.1,20,45,0.3754,119,45,4,1.9176,2.9176,3.9176,5.9176,False,False,False,False,0.0,0.0,0.0,0.0,False,False,False,False
val_tune,4626085492,3,CH,"[[0.1, 7.4]]",7.3,5-10s,4.6046,True,True,5.005,True,5.572233333333333,True,6.006,True,4.004,True,3.6036,True,3.003,True,5.338666666666667,True,4.3043000000000005,True,4.8048,True,0.25,20,25,0.4004,86,35,4,5.6046,6.6046,7.6046,9.6046,True,True,False,False,3.6046,2.6046,1.6046,0.0,True,True,True,False
val_tune,6356067859,7,TC,"[[15.8, 17.8]]",2.0,2-5s,1.0344,True,False,2.0353666666666665,False,3.036366666666667,False,4.037366666666666,False,0.23356666666666667,False,,,,,2.0353666666666665,False,0.0,False,1.2345666666666666,False,0.1,20,52,1.001,143,54,4,2.0344,3.0344,4.0344,6.0344,False,False,False,False,0.0344,0.0,0.0,0.0,False,False,False,False
val_tune,2793806282,5,TN,"[[57.3, 64]]",6.7,5-10s,63.997,True,True,,,,,,,63.63,True,63.063,True,62.062,True,64.23154701718909,False,59.86046511627907,True,64.03,False,0.0,20,0,,259,85,4,64.0,64.0,64.0,64.0,True,True,True,True,62.997,61.997,60.997,58.997,True,True,True,True
val_tune,2400715506,6,CW,"[[0.1, 13.8]]",13.7,>=10s,11.011,True,True,11.5115,True,12.012,True,12.4124,True,10.543866666666666,True,10.01,True,9.009,True,11.945266666666667,True,10.944266666666667,True,11.5115,True,1.0,20,5,0.5005,56,25,4,12.011,13.011,14.0,14.0,True,True,False,False,10.011,9.011,8.011,6.011,True,True,True,True
val_tune,3846475848,4,TN,"[[2.3, 6.5]]",4.2,2-5s,9.2092,True,False,10.01,False,10.6106,False,11.011,False,9.009,False,8.008,False,7.5075,False,9.542866666666667,False,8.074733333333333,False,9.3093,False,0.0,20,101,0.8008,287,116,4,10.2092,11.2092,12.2092,14.2092,False,False,False,False,8.2092,7.2092,6.2092,4.2092,False,False,True,True
val_tune,7001078933,7,CW,"[[12.4, 17.6]]",5.2,5-10s,17.7844,True,False,18.051366666666667,False,18.551866666666665,False,19.052366666666668,False,17.684333333333335,False,17.050366666666665,True,16.549866666666667,True,19.185833333333335,False,17.217200000000002,True,17.884533333333334,False,0.0,20,5,0.2669,86,37,4,18.7844,19.7844,20.7844,21.0,False,False,False,False,16.7844,15.7844,14.7844,12.7844,True,True,True,True
val_tune,7453733046,11,CW,"[[0.0, 3.3]]",3.3,2-5s,20.7874,True,False,21.054366666666667,False,21.488133333333334,False,22.055366666666668,False,20.687333333333335,False,20.053366666666665,False,19.452766666666665,False,21.9219,False,20.286933333333334,False,21.054366666666667,False,0.0,20,20,0.2669,134,55,4,21.7874,22.7874,23.7874,25.7874,False,False,False,False,19.7874,18.7874,17.7874,15.7874,False,False,False,False
val_tune,5427285434,5,CW,"[[5.8, 9.1]]",3.3,2-5s,8.8422,True,True,9.042366666666666,True,10.043366666666667,False,10.543866666666666,False,8.041366666666667,True,7.040366666666666,True,6.539866666666667,True,9.943266666666666,False,4.938266666666666,False,8.942266666666667,True,0.05,20,21,0.2002,83,35,4,9.8422,10.8422,11.8422,13.8422,False,False,False,False,7.8422,6.8422,5.8422,3.8422,True,True,True,False
val_tune,4935987905,3,CW,"[[4.3, 8.8]]",4.5,2-5s,9.009,True,False,10.01,False,11.011,False,11.6116,False,8.6086,True,8.008,True,7.007,True,10.543866666666666,False,8.942266666666667,False,9.2092,False,0.0,20,26,1.001,108,41,4,10.009,11.009,12.009,14.009,False,False,False,False,8.009,7.009,6.009,4.009,True,True,True,False
val_tune,4626085492,5,CH,"[[9.5, 12.6]]",3.1,2-5s,8.5085,True,False,9.009,False,10.01,True,11.011,True,8.008,False,7.007,False,6.006,False,9.676333333333334,True,7.874533333333334,False,8.7087,False,0.1,20,19,0.5005,86,35,4,9.5085,10.5085,11.5085,13.5085,True,True,True,False,7.5085,6.5085,5.5085,3.5085,False,False,False,False
val_tune,6031805098,7,CH,"[[0.0, 6.0]]",6.0,5-10s,27.0604,True,False,28.061366666666668,False,28.661966666666668,False,29.8298,False,26.69333333333333,False,26.059366666666666,False,25.058366666666668,False,27.794433333333334,False,26.860166666666668,False,27.394033333333333,False,0.0,20,30,1.001,185,75,4,28.0604,29.0604,30.0604,32.0604,False,False,False,False,26.0604,25.0604,24.0604,22.0604,False,False,False,False
val_tune,3830567237,1,CW,"[[4.0, 16.5]]",12.5,>=10s,21.9219,True,False,22.022,False,23.023,False,23.690333333333335,False,21.6216,False,21.021,False,20.5205,False,23.757066666666667,False,17.951266666666665,False,22.022,False,0.0,20,3,0.1001,96,38,4,22.9219,23.9219,24.0,24.0,False,False,False,False,20.9219,19.9219,18.9219,16.9219,False,False,False,False
val_tune,2854886555,2,TN,"[[2.2, 9.1]]",6.9,5-10s,5.2052,True,True,5.6056,True,6.006,True,6.4064,True,5.005,True,4.4044,True,4.004,True,5.238566666666666,True,4.537866666666667,True,5.5055,True,0.5,20,20,0.4004,64,30,4,6.2052,7.2052,8.2052,10.2052,True,True,True,False,4.2052,3.2052,2.2052,0.2052,True,True,True,False
val_tune,2717347132,0,CW,"[[0.0, 4.4]]",4.4,2-5s,4.2042,True,True,5.005,False,6.006,False,6.6066,False,4.004,True,3.003,True,2.002,True,5.138466666666667,False,3.4367666666666667,True,4.3043,True,0.0,20,40,0.8008,110,45,4,5.2042,6.2042,7.2042,9.2042,False,False,False,False,3.2042,2.2042,1.2042,0.0,True,True,True,True
val_tune,5735711594,1,CW,"[[0.8, 13.4]]",12.6,>=10s,3.4368,True,True,4.037366666666666,True,4.437766666666667,True,5.038366666666667,True,3.036366666666667,True,2.6359666666666666,True,2.0353666666666665,True,3.9039,True,3.1698333333333335,True,3.5368666666666666,True,0.8,20,27,0.6006,79,34,4,4.4368,5.4368,6.4368,8.4368,True,True,True,True,2.4368,1.4368,0.4368,0.0,True,True,False,False
val_tune,5875242364,4,CH,"[[0.2, 13.2]]",13.0,>=10s,0.3337,True,True,0.5338666666666667,True,1.0343666666666667,True,1.5682333333333334,True,0.13346666666666668,False,,,,,1.1678333333333333,True,0.0,False,0.5338666666666667,True,0.95,20,25,0.2002,59,26,4,1.3337,2.3337,3.3337,5.3337,True,True,True,True,0.0,0.0,0.0,0.0,False,False,False,False
val_tune,4276006683,0,CH,"[[0.2, 26.1]]",25.9,>=10s,13.9806,True,True,14.014,True,14.4144,True,15.015,True,13.013,True,12.012,True,11.4114,True,14.948266666666667,True,13.246566666666666,True,14.014,True,0.95,20,21,0.0334,107,42,4,14.9806,15.9806,16.9806,18.9806,True,True,True,True,12.9806,11.9806,10.9806,8.9806,True,True,True,True
val_tune,3270490566,5,TC,"[[0.8, 3.2], [47.5, 50.6]]",5.5,5-10s,48.048,True,True,49.049,True,49.6496,True,50.05,True,47.6476,True,47.047,False,46.4464,False,48.98226666666667,True,47.98126666666667,True,48.7487,True,1.0,20,3,1.001,203,87,4,49.048,50.048,51.0,51.0,True,True,False,False,47.048,46.048,45.048,43.048,False,False,False,False
val_tune,4419096437,6,TN,"[[5.3, 14.2]]",8.9,5-10s,14.9816,True,False,15.015,False,15.6156,False,16.016,False,14.581233333333333,False,14.014,True,13.013,True,18.118100000000002,False,13.179833333333333,True,15.015,False,0.0,20,63,0.0334,212,83,4,15.9816,16.9816,17.9816,19.9816,False,False,False,False,13.9816,12.9816,11.9816,9.9816,True,True,True,True
val_tune,6754608321,2,CW,"[[20.3, 29.1]]",8.8,5-10s,17.9846,True,False,18.051366666666667,False,18.651966666666667,False,19.052366666666668,False,17.650966666666665,False,17.050366666666665,False,16.049366666666668,False,18.284933333333335,False,16.950266666666668,False,18.051366666666667,False,0.2,20,55,0.0667,216,81,4,18.9846,19.9846,20.9846,22.9846,False,False,True,True,16.9846,15.9846,14.9846,12.9846,False,False,False,False
val_tune,2871995580,5,TN,"[[8.6, 17.3]]",8.7,5-10s,0.266,True,False,0.533,False,1.001,False,2.002,False,,,,,,,1.3013144590495451,False,0.0,False,0.533,False,0.05,20,131,0.267,361,131,4,1.266,2.266,3.266,5.266,False,False,False,False,0.0,0.0,0.0,0.0,False,False,False,False
val_tune,4955723618,5,TC,"[[0.0, 16.6]]",16.6,>=10s,11.1111,True,True,11.5115,True,12.012,True,12.6126,True,11.011,True,10.5105,True,10.01,True,12.078733333333334,True,10.877533333333334,True,11.5115,True,0.1,20,85,0.4004,245,106,4,12.1111,13.1111,14.1111,16.1111,True,True,True,True,10.1111,9.1111,8.1111,6.1111,True,True,True,True
val_tune,7571121368,7,CW,"[[24.3, 25.8]]",1.5,<2s,55.3887,True,False,55.88916666666667,False,56.32293333333333,False,,,55.088366666666666,False,54.08736666666667,False,53.586866666666666,False,56.38966666666667,False,54.421033333333334,False,55.88916666666667,False,0.0,20,2,0.5005,226,93,4,56.0,56.0,56.0,56.0,False,False,False,False,54.3887,53.3887,52.3887,50.3887,False,False,False,False
val_tune,5549243726,3,TC,"[[5.3, 12.2], [13.0, 16.7]]",10.6,>=10s,3.0364,True,False,4.037366666666666,False,5.038366666666667,False,5.638966666666667,True,2.0353666666666665,False,1.6016,False,1.0343666666666667,False,4.371033333333333,False,2.0353666666666665,False,3.6369666666666665,False,0.75,20,22,1.001,71,27,4,4.0364,5.0364,6.0364,8.0364,False,False,True,True,2.0364,1.0364,0.0364,0.0,False,False,False,False
val_tune,4859057828,7,CW,"[[13.3, 16.9]]",3.6,2-5s,10.7107,True,False,11.011,False,11.4114,False,12.012,False,10.443766666666667,False,10.01,False,9.476133333333333,False,10.944266666666667,False,10.143466666666667,False,11.011,False,0.25,20,19,0.3003,87,38,4,11.7107,12.7107,13.7107,15.7107,False,False,True,True,9.7107,8.7107,7.7107,5.7107,False,False,False,False
val_tune,2712662377,0,CW,"[[19.0, 25.8], [26.9, 31.7]]",11.6,>=10s,27.4274,True,True,28.028,True,28.561866666666667,True,29.029,True,27.027,True,26.559866666666668,False,26.026,False,28.461766666666666,True,25.058366666666668,True,27.59423333333333,True,0.7,20,12,0.6006,140,58,4,28.4274,29.4274,30.4274,32.4274,True,True,True,False,26.4274,25.4274,24.4274,22.4274,False,True,True,True
val_tune,5328616848,6,TC,"[[9.4, 13.0]]",3.6,2-5s,10.7107,True,True,11.011,True,11.7117,True,12.1121,True,10.5105,True,10.01,True,9.4094,True,11.277933333333333,True,8.942266666666667,False,11.011,True,0.5,20,8,0.3003,60,27,4,11.7107,12.7107,13.7107,15.0,True,True,False,False,9.7107,8.7107,7.7107,5.7107,True,False,False,False
val_tune,3557498300,0,CW,"[[1.9, 15.7]]",13.8,>=10s,9.9433,True,True,10.01,True,10.4104,True,11.011,True,9.009,True,8.008,True,7.6409666666666665,True,10.477133333333333,True,9.476133333333333,True,10.01,True,0.25,20,32,0.0667,114,45,4,10.9433,11.9433,12.9433,14.9433,True,True,True,True,8.9433,7.9433,6.9433,4.9433,True,True,True,True
val_tune,8783897632,4,TN,"[[26.7, 32]]",5.3,5-10s,0.1335,True,False,0.8341666666666666,False,1.4681333333333333,False,2.0353666666666665,False,,,,,,,0.9676333333333333,False,0.0,False,0.23356666666666667,False,0.05,20,50,0.7007,117,51,4,1.1335,2.1335,3.1335,5.1335,False,False,False,False,0.0,0.0,0.0,0.0,False,False,False,False
val_tune,2573424030,4,CW,"[[22.5, 26.2]]",3.7,2-5s,43.843,True,False,44.044,False,45.045,False,45.578,False,43.043,False,42.575,False,42.042,False,44.34479271991911,False,43.27704752275025,False,44.044,False,0.0,20,9,0.201,197,81,4,44.843,45.843,46.843,48.843,False,False,False,False,42.843,41.843,40.843,38.843,False,False,False,False
val_tune,5427285434,3,TN,"[[17.4, 20.5]]",3.1,2-5s,7.7411,True,False,8.041366666666667,False,9.042366666666666,False,10.043366666666667,False,7.040366666666666,False,6.539866666666667,False,6.039366666666667,False,9.943266666666666,False,4.938266666666666,False,7.841166666666667,False,0.2,20,22,0.3003,83,35,4,8.7411,9.7411,10.7411,12.7411,False,False,False,False,6.7411,5.7411,4.7411,2.7411,False,False,False,False
val_tune,6618792571,2,CW,"[[19.1, 20.0]]",0.9,<2s,59.059,True,False,59.09236666666666,False,60.09336666666667,False,61.094366666666666,False,58.49176666666666,False,58.091366666666666,False,57.59086666666666,False,60.52713333333333,False,58.625233333333334,False,59.09236666666666,False,0.0,20,40,0.0334,336,135,4,60.059,61.059,62.059,64.059,False,False,False,False,58.059,57.059,56.059,54.059,False,False,False,False
val_tune,4151403382,1,CW,"[[38.6, 43.4]]",4.8,2-5s,44.2442,True,False,45.045,False,45.5455,False,46.046,False,44.044,False,43.6436,False,43.043,True,44.97826666666667,False,43.977266666666665,False,44.3443,False,0.0,20,30,0.8008,252,107,4,45.2442,46.2442,47.2442,49.2442,False,False,False,False,43.2442,42.2442,41.2442,39.2442,True,True,True,True
val_tune,5429688959,3,CW,"[[79.5, 83]]",3.5,2-5s,59.7931,True,False,60.09336666666667,False,60.59386666666666,False,61.094366666666666,False,59.09236666666666,False,58.59186666666667,False,58.091366666666666,False,60.427033333333334,False,59.426033333333336,False,59.893166666666666,False,0.0,20,41,0.3003,333,143,4,60.7931,61.7931,62.7931,64.7931,False,False,False,False,58.7931,57.7931,56.7931,54.7931,False,False,False,False
val_tune,4151403382,5,TN,"[[20.1, 25.9]]",5.8,5-10s,23.2899,True,True,23.690333333333335,True,24.5245,True,25.025,True,23.023,True,22.489133333333335,True,22.022,True,24.958266666666667,True,22.055366666666668,True,23.390033333333335,True,0.1,20,67,0.4004,252,107,4,24.2899,25.2899,26.2899,28.2899,True,True,False,False,22.2899,21.2899,20.2899,18.2899,True,True,True,False
val_tune,3942617402,2,CW,"[[23.8, 30.6]]",6.8,5-10s,13.7637,True,False,15.015,False,15.598916666666666,False,16.26625,False,13.013,False,12.5125,False,12.012,False,19.352666666666664,False,11.845166666666666,False,13.930583333333333,False,0.45,20,23,1.2513,99,43,4,14.7637,15.7637,16.7638,18.7638,False,False,False,False,12.7637,11.7637,10.7637,8.7637,False,False,False,False
val_tune,2679130168,9,CH,"[[7.3, 9.0], [10.7, 25.0]]",16.0,>=10s,10.9693,True,True,11.26125,True,11.76175,True,12.5125,True,9.592916666666667,False,8.75875,True,7.5075,True,11.720041666666665,True,10.927583333333333,True,11.26125,True,0.1,20,69,0.292,202,79,4,11.9693,12.9693,13.9693,15.9693,True,True,True,True,9.9693,8.9693,7.9693,5.9693,False,True,True,False
val_tune,2567843468,11,TN,"[[1.0, 2.7]]",1.7,<2s,0.6006,True,False,1.001,True,2.002,True,3.003,False,0.2002,False,,,,,0.9342666666666667,False,0.13346666666666668,False,0.9009,False,0.1,20,22,0.4004,78,24,4,1.6006,2.6006,3.6006,5.6006,True,True,False,False,0.0,0.0,0.0,0.0,False,False,False,False
val_tune,6143391925,0,CW,"[[4.4, 6.9]]",2.5,2-5s,18.9856,True,False,19.052366666666668,False,19.486133333333335,False,20.053366666666665,False,18.485133333333334,False,18.051366666666667,False,17.050366666666665,False,19.486133333333335,False,18.585233333333335,False,19.052366666666668,False,0.0,20,32,0.0667,162,59,4,19.9856,20.9856,21.9856,23.9856,False,False,False,False,17.9856,16.9856,15.9856,13.9856,False,False,False,False
val_tune,6898821807,7,TC,"[[6.2, 19.6]]",13.4,>=10s,0.0334,True,False,0.13346666666666668,False,0.9009,False,1.3013,False,,,,,,,1.8018,False,0.0,False,0.13346666666666668,False,0.65,20,33,0.1001,79,33,4,1.0334,2.0334,3.0334,5.0334,False,False,False,False,0.0,0.0,0.0,0.0,False,False,False,False
val_tune,9498159305,5,TC,"[[2.2, 6.4]]",4.2,2-5s,0.0667,True,False,0.6006006006006006,False,1.001001001001001,False,1.5348682015348682,False,,,,,,,0.26693360026693363,False,0.0,False,0.1001001001001001,False,0.1,20,57,0.5339,152,58,4,1.0667,2.0667,3.0667,5.0667,False,False,True,True,0.0,0.0,0.0,0.0,False,False,False,False
val_tune,3164519967,10,CW,"[[8.5, 13.7]]",5.2,5-10s,32.032,True,False,33.033,False,33.5335,False,34.034,False,31.031,False,30.4304,False,30.03,False,32.49913333333333,False,31.898533333333333,False,32.3323,False,0.0,20,6,1.001,146,57,4,33.032,34.032,35.032,36.0,False,False,False,False,31.032,30.032,29.032,27.032,False,False,False,False
val_tune,2679130168,7,TC,"[[35.6, 38.6], [55.7, 62.6]]",9.9,5-10s,57.057,True,True,57.5575,True,58.183125,True,58.80875,True,56.931875,True,56.30625,True,55.680625,False,57.39066666666666,True,56.51479166666666,True,57.30725,True,0.9,20,8,0.5005,202,79,4,58.057,59.057,60.057,62.057,True,True,True,True,56.057,55.057,54.057,52.057,True,False,False,False
val_tune,6896884547,6,TN,"[[46.6, 48.0]]",1.4,<2s,8.642,True,False,9.042366666666666,False,10.043366666666667,False,10.543866666666666,False,8.041366666666667,False,7.040366666666666,False,6.639966666666667,False,9.175833333333333,False,7.6409666666666665,False,8.742066666666666,False,0.0,20,62,0.4004,192,75,4,9.642,10.642,11.642,13.642,False,False,False,False,7.642,6.642,5.642,3.642,False,False,False,False
val_tune,4846820256,7,TN,"[[18.9, 22]]",3.1,2-5s,21.021,True,True,21.6216,True,22.022,False,,,19.7197,True,19.019,True,18.4184,False,22.255566666666667,False,20.186833333333333,True,21.4214,True,0.75,20,2,0.6006,90,35,4,22.0,22.0,22.0,22.0,True,True,True,True,20.021,19.021,18.021,16.021,True,True,False,False
val_tune,4949582792,4,TC,"[[34.1, 47.0]]",12.9,>=10s,73.8738,True,False,74.074,False,75.075,False,75.5755,False,73.073,False,72.4724,False,72.072,False,74.40766666666667,False,73.10636666666667,False,74.074,False,0.0,20,27,0.2002,353,148,4,74.8738,75.8738,76.8738,78.8738,False,False,False,False,72.8738,71.8738,70.8738,68.8738,False,False,False,False
val_tune,2793260225,8,TN,"[[10.2, 16.4]]",6.2,5-10s,9.576,True,False,10.01,False,10.643,True,11.011,True,9.442,False,9.009,False,8.541,False,10.377148634984833,True,9.542972699696664,False,9.843,False,0.7,20,13,0.434,77,32,4,10.576,11.576,12.576,14.576,True,True,True,True,8.576,7.576,6.576,4.576,False,False,False,False
val_tune,9531760182,5,TN,"[[3.2, 5.7]]",2.5,2-5s,44.44,True,False,45.64,False,46.6,False,47.64,False,43.96,False,43.12,False,42.28,False,45.68,False,44.36,False,45.64,False,0.0,20,47,1.2,257,104,4,45.44,46.44,47.44,49.44,False,False,False,False,43.44,42.44,41.44,39.44,False,False,False,False
val_tune,9531760182,3,CW,"[[0.6, 4.9]]",4.3,2-5s,1.24,True,True,2.0,True,2.44,True,3.04,True,0.76,True,,,,,1.64,True,0.08,False,1.6,True,0.05,20,102,0.76,257,104,4,2.24,3.24,4.24,6.24,True,True,True,False,0.24,0.0,0.0,0.0,False,False,False,False
val_tune,4762946272,0,CW,"[[3.4, 5.9]]",2.5,2-5s,13.7137,True,False,14.014,False,14.6146,False,15.015,False,13.013,False,12.4124,False,12.012,False,14.047366666666667,False,12.946266666666666,False,13.780433333333333,False,0.0,20,16,0.3003,87,37,4,14.7137,15.7137,16.7137,18.7137,False,False,False,False,12.7137,11.7137,10.7137,8.7137,False,False,False,False
val_tune,9473479950,6,TC,"[[6.7, 9.9]]",3.2,2-5s,6.5732,True,False,8.008008008008009,True,9.175842509175842,True,9.576242909576242,True,6.506506506506507,False,6.006006006006006,False,5.472138805472139,False,7.173840507173841,True,5.171838505171839,False,6.639973306639973,False,0.2,20,17,1.4348,72,26,4,7.5732,8.5732,9.5732,11.5732,True,True,True,False,5.5732,4.5732,3.5732,1.5732,False,False,False,False
val_tune,5945172741,3,TN,"[[29.1, 41.7]]",12.6,>=10s,45.16,True,False,46.24,False,46.96,False,48.04,False,44.32,False,43.24,False,42.04,False,45.32,False,44.72,False,45.64,False,0.0,20,22,1.08,214,79,4,46.16,47.16,48.16,50.16,False,False,False,False,44.16,43.16,42.16,40.16,False,False,False,True
val_tune,4698622422,1,CW,"[[35.0, 38.4]]",3.4,2-5s,36.1695,True,True,37.037,True,37.504133333333336,True,38.038,True,36.036,True,35.4354,True,35.035,True,36.87016666666667,True,35.60223333333333,True,37.037,True,0.25,20,9,0.8675,169,62,4,37.1695,38.1695,39.1695,41.1695,True,True,False,False,35.1695,34.1695,33.1695,31.1695,True,False,False,False
val_tune,5504913999,1,CH,"[[8.3, 29.5]]",21.2,>=10s,41.8084,True,False,41.90853333333333,False,42.909533333333336,False,43.47676666666667,False,41.50813333333333,False,41.07436666666667,False,40.073366666666665,False,44.944900000000004,False,39.07236666666667,False,41.875166666666665,False,0.0,20,10,0.1001,199,71,4,42.8084,43.8084,44.8084,46.8084,False,False,False,False,40.8084,39.8084,38.8084,36.8084,False,False,False,False
val_tune,3376544720,0,CW,"[[8.0, 22.5]]",14.5,>=10s,68.7353,True,False,68.81875,False,69.444375,False,70.07,False,68.193125,False,67.5675,False,67.10870833333334,False,70.11170833333333,False,68.65191666666666,False,68.81875,False,0.0,20,28,0.0834,288,115,4,69.7353,70.7353,71.7353,73.7353,False,False,False,False,67.7353,66.7353,65.7353,63.7353,False,False,False,False
val_tune,2599937944,0,TC,"[[0.0, 8.3]]",8.3,5-10s,3.837,True,True,4.004,True,4.604,True,5.005,True,3.436,True,3.003,True,2.002,True,4.638018200202224,True,3.5369059656218402,True,4.004,True,0.35,20,15,0.167,62,22,4,4.837,5.837,6.837,8.837,True,True,True,False,2.837,1.837,0.837,0.0,True,True,True,True
val_tune,5297811305,1,CW,"[[0.0, 24]]",24.0,>=10s,6.8068,True,True,7.007,True,7.6076,True,8.008,True,6.006,True,5.5055,True,5.005,True,8.041366666666667,True,2.3690333333333333,True,6.9069,True,1.0,20,27,0.2002,96,38,4,7.8068,8.8068,9.8068,11.8068,True,True,True,True,5.8068,4.8068,3.8068,1.8068,True,True,True,True
val_tune,5134317883,1,CW,"[[10.2, 13.7]]",3.5,2-5s,77.125,True,False,77.5,False,78.25,False,,,76.25,False,75.5,False,75.0,False,78.75,False,74.16666666666667,False,77.375,False,0.0,20,2,0.375,252,99,4,78.125,79.0,79.0,79.0,False,False,False,False,76.125,75.125,74.125,72.125,False,False,False,False
val_tune,6037747123,1,CW,"[[19.6, 30.7]]",11.1,>=10s,29.7631,True,True,30.063366666666667,True,30.563866666666666,True,,,29.062366666666666,True,28.561866666666667,True,28.061366666666668,True,29.796433333333333,True,27.660966666666667,True,29.863166666666668,True,1.0,20,2,0.3003,123,52,4,30.7631,31.0,31.0,31.0,False,False,False,False,28.7631,27.7631,26.7631,24.7631,True,True,True,True
val_tune,2596300565,1,CW,"[[4.5, 6.2], [22.7, 27.1]]",6.1,5-10s,52.686,True,False,53.053,False,53.453,False,54.054,False,52.052,False,51.685,False,51.051,False,53.62082912032356,False,51.5520728008089,False,53.053,False,0.0,20,45,0.367,325,130,4,53.686,54.686,55.686,57.686,False,False,False,False,51.686,50.686,49.686,47.686,False,False,False,False
val_tune,4984417707,2,CH,"[[8.6, 13.2]]",4.6,2-5s,10.1101,True,True,11.011,True,12.012,True,13.013,True,10.01,True,9.009,True,8.008,False,10.5105,True,9.042366666666666,True,10.877533333333334,True,0.7,20,6,0.9009,59,23,4,11.1101,12.1101,13.1101,15.0,True,True,True,False,9.1101,8.1101,7.1101,5.1101,True,False,False,False
val_tune,5635265624,4,CW,"[[10.5, 14.1]]",3.6,2-5s,17.4508,True,False,18.051366666666667,False,19.052366666666668,False,,,17.050366666666665,False,16.583233333333332,False,16.049366666666668,False,18.084733333333332,False,17.083733333333335,False,18.051366666666667,False,0.0,20,2,0.6006,79,30,4,18.4508,19.0,19.0,19.0,False,False,False,False,16.4508,15.4508,14.4508,12.4508,False,False,False,True
val_tune,8464056582,0,TN,"[[5.0, 9.0]]",4.0,2-5s,11.2917,True,False,12.041666666666666,False,12.541666666666666,False,13.041666666666666,False,10.041666666666666,False,9.291666666666666,False,8.791666666666666,True,12.708333333333334,False,10.666666666666666,False,12.041666666666666,False,0.0,20,61,0.75,179,75,4,12.2917,13.2917,14.2917,16.2917,False,False,False,False,10.2917,9.2917,8.2917,6.2917,False,False,True,True
val_tune,2726497009,8,CH,"[[4.0, 7.5]]",3.5,2-5s,15.3153,True,False,15.548866666666667,False,16.016,False,16.649966666666668,False,15.015,False,14.6146,False,14.014,False,15.5155,False,13.9139,False,15.548866666666667,False,0.0,20,61,0.2336,211,88,4,16.3153,17.3153,18.3153,20.3153,False,False,False,False,14.3153,13.3153,12.3153,10.3153,False,False,False,False
val_tune,5205081904,4,TC,"[[0.1, 1.4]]",1.3,<2s,5.9059,True,False,6.006,False,6.5065,False,7.007,False,5.4054,False,5.005,False,4.5045,False,6.039366666666667,False,5.038366666666667,False,6.006,False,0.0,20,27,0.1001,84,38,4,6.9059,7.9059,8.9059,10.9059,False,False,False,False,4.9059,3.9059,2.9059,0.9059,False,False,False,True
val_tune,3626788516,2,CW,"[[11.2, 14]]",2.8,2-5s,9.8849,True,False,10.01,False,10.593916666666667,False,11.26125,True,9.384375,False,8.75875,False,7.5075,False,13.430083333333332,True,6.589916666666666,False,10.01,False,0.65,20,6,0.1251,46,18,4,10.8849,11.8849,12.8849,14.0,False,True,True,True,8.8849,7.8849,6.8849,4.8849,False,False,False,False
val_tune,3524939594,0,CW,"[[2.8, 6.0]]",3.2,2-5s,7.007,True,False,7.5075,False,7.966291666666667,False,9.134125,False,6.881875,False,6.25625,False,5.588916666666667,True,11.428083333333333,False,0.0,False,7.5075,False,0.0,20,13,0.5005,59,21,4,8.007,9.007,10.007,12.007,False,False,False,False,6.007,5.007,4.007,2.007,False,True,True,False
val_tune,4636208292,2,CW,"[[10.4, 30.6]]",20.2,>=10s,41.7417,True,False,42.042,False,42.4424,False,43.043,False,41.041,False,40.6406,False,40.04,False,42.175466666666665,False,41.408033333333336,False,41.8418,False,0.0,20,70,0.3003,344,135,4,42.7417,43.7417,44.7417,46.7417,False,False,False,False,40.7417,39.7417,38.7417,36.7417,False,False,False,False
val_tune,6642268693,7,TC,"[[2.8, 6.1]]",3.3,2-5s,5.2,True,True,5.68,True,7.24,False,7.96,False,4.84,True,3.88,True,3.28,True,6.52,False,4.72,True,5.68,True,0.05,20,47,0.48,154,54,4,6.2,7.2,8.2,10.2,False,False,False,False,4.2,3.2,2.2,0.2,True,True,False,False
val_tune,4244817395,0,CH,"[[0.3, 5.9]]",5.6,5-10s,8.28,True,False,8.4,False,8.88,False,9.6,False,7.8,False,7.2,False,6.6,False,8.32,False,7.12,False,8.36,False,0.0,20,85,0.12,226,96,4,9.28,10.28,11.28,13.28,False,False,False,False,7.28,6.28,5.28,3.28,False,False,True,True
val_tune,4970148391,2,CW,"[[6.9, 8.6]]",1.7,<2s,13.013,True,False,13.6136,False,14.014,False,14.5145,False,12.4124,False,12.012,False,11.5115,False,14.047366666666667,False,12.946266666666666,False,13.3133,False,0.0,20,19,0.6006,99,43,4,14.013,15.013,16.013,18.013,False,False,False,False,12.013,11.013,10.013,8.013,False,False,False,True
val_tune,5681946487,3,CW,"[[15.0, 27.0]]",12.0,>=10s,20.9876,True,True,21.054366666666667,True,22.055366666666668,True,22.455766666666666,True,20.053366666666665,True,19.552866666666667,True,19.052366666666668,True,21.054366666666667,True,19.085733333333334,True,21.054366666666667,True,0.75,20,13,0.0667,114,47,4,21.9876,22.9876,23.9876,25.9876,True,True,True,True,19.9876,18.9876,17.9876,15.9876,True,True,True,True
val_tune,4603484665,8,TC,"[[29.3, 34.8]]",5.5,5-10s,33.4918,True,True,33.78375,True,34.5345,True,35.035,False,33.033,True,32.5325,True,32.032,True,36.61991666666666,False,32.449083333333334,True,33.575208333333336,True,0.2,20,14,0.292,140,62,4,34.4918,35.4918,36.4918,38.4918,True,False,False,False,32.4918,31.4918,30.4918,28.4918,True,True,True,False
val_tune,3151715056,3,CW,"[[49.3, 54.0]]",4.7,2-5s,23.023,True,False,24.024,False,24.5245,False,25.025,False,22.022,False,21.6216,False,21.021,False,23.490133333333333,False,21.788433333333334,False,23.3233,False,0.1,20,68,1.001,254,106,4,24.023,25.023,26.023,28.023,False,False,False,False,22.023,21.023,20.023,18.023,False,False,False,False
val_tune,4896969617,10,CW,"[[8.1, 11.0]]",2.9,2-5s,5.3053,True,False,6.006,False,7.007,False,7.5075,False,5.005,False,4.5045,False,4.004,False,5.638966666666667,False,4.938266666666666,False,5.9059,False,0.25,20,10,0.7007,47,20,4,6.3053,7.3053,8.3053,10.3053,False,False,True,True,4.3053,3.3053,2.3053,0.3053,False,False,False,False
val_tune,2782658657,2,TC,"[[18.2, 20.5]]",2.3,2-5s,20.1868,True,True,20.4204,True,21.021,False,22.022,False,20.02,True,19.5195,True,19.019,True,21.388033333333333,False,16.1161,False,20.4204,True,0.05,20,8,0.2336,106,41,4,21.1868,22.1868,23.1868,25.1868,False,False,False,False,19.1868,18.1868,17.1868,15.1868,True,False,False,False
val_tune,5134317883,4,CW,"[[49.7, 57.0]]",7.3,5-10s,63.375,True,False,63.75,False,65.0,False,65.625,False,62.5,False,62.0,False,61.25,False,64.41666666666667,False,62.833333333333336,False,63.75,False,0.0,20,18,0.375,252,99,4,64.375,65.375,66.375,68.375,False,False,False,False,62.375,61.375,60.375,58.375,False,False,False,False
val_tune,6516459343,3,CW,"[[33.9, 37.0]]",3.1,2-5s,36.5699,True,True,37.17046666666667,False,37.57086666666667,False,38.17146666666667,False,36.169466666666665,True,35.5355,True,35.16846666666667,True,37.57086666666667,False,34.16746666666667,True,36.87016666666667,True,0.0,20,90,0.6006,362,154,4,37.5699,38.5699,39.5699,41.5699,False,False,False,False,35.5699,34.5699,33.5699,31.5699,True,True,False,False
val_tune,11244289523,11,TC,"[[4.2, 11.3], [18.4, 23.0]]",11.7,>=10s,6.875,True,True,7.041666666666667,True,8.0,True,8.5,True,6.0,True,4.958333333333333,True,4.0,False,8.75,True,6.541666666666667,True,7.041666666666667,True,0.55,20,20,0.1667,70,26,4,7.875,8.875,9.875,11.875,True,True,True,False,5.875,4.875,3.875,1.875,True,True,False,False
val_tune,4123915842,7,TC,"[[7.0, 10.0]]",3.0,2-5s,8.008,True,True,9.009,True,9.6096,True,10.01,False,7.007,True,6.5065,False,6.006,False,8.942266666666667,True,6.940266666666667,False,8.1081,True,0.05,20,25,1.001,100,39,4,9.008,10.008,11.008,13.008,True,False,False,False,7.008,6.008,5.008,3.008,True,False,False,False
val_tune,6988748711,3,CW,"[[3.2, 7.0]]",3.8,2-5s,7.5409,True,False,8.041366666666667,False,9.042366666666666,False,9.642966666666666,False,7.040366666666666,False,6.039366666666667,True,5.638966666666667,True,9.342666666666666,False,5.839166666666666,True,7.6409666666666665,False,0.0,20,70,0.5005,203,83,4,8.5409,9.5409,10.5409,12.5409,False,False,False,False,6.5409,5.5409,4.5409,2.5409,True,True,True,False
val_tune,5138093706,5,CW,"[[29.6, 30.9]]",1.3,<2s,4.3043,True,False,5.005,False,6.006,False,6.5065,False,4.004,False,3.4034,False,3.003,False,6.539866666666667,False,0.9342666666666667,False,4.971633333333333,False,0.1,20,45,0.7007,125,52,4,5.3043,6.3043,7.3043,9.3043,False,False,False,False,3.3043,2.3043,1.3043,0.0,False,False,False,False
val_tune,9408800471,8,CH,"[[7.7, 10.0], [12.8, 16.4], [17.4, 22.8], [31.4, 33.8]]",13.7,>=10s,25.5589,True,False,26.09275942609276,False,26.760093426760093,False,27.560894227560894,False,25.091758425091758,False,24.424424424424423,False,23.55689022355689,False,26.192859526192862,False,25.525525525525527,False,26.09275942609276,False,0.6,20,11,0.5339,124,43,4,26.5589,27.5589,28.5589,30.5589,False,False,False,False,24.5589,23.5589,22.5589,20.5589,False,False,True,True
val_tune,5801184682,3,CH,"[[24.2, 29.6]]",5.4,5-10s,3.8,True,False,3.88,False,4.72,False,5.2,False,2.68,False,1.6,False,0.8,False,6.16,False,3.68,False,3.84,False,0.1,20,81,0.08,301,85,4,4.8,5.8,6.8,8.8,False,False,False,False,2.8,1.8,0.8,0.0,False,False,False,False
val_tune,4518113460,1,CW,"[[27.8, 33.6]]",5.8,5-10s,43.5435,True,False,44.044,False,44.6446,False,45.045,False,43.043,False,42.5425,False,42.042,False,43.977266666666665,False,43.41003333333333,False,43.6436,False,0.0,20,27,0.5005,250,97,4,44.5435,45.5435,46.5435,48.5435,False,False,False,False,42.5435,41.5435,40.5435,38.5435,False,False,False,False
val_tune,4915733559,7,CH,"[[3.2, 5.3]]",2.1,2-5s,18.2182,True,False,19.019,False,20.02,False,21.021,False,18.018,False,17.584233333333334,False,17.017,False,19.552866666666667,False,15.882533333333333,False,18.3183,False,0.0,20,28,0.8008,143,59,4,19.2182,20.2182,21.2182,23.2182,False,False,False,False,17.2182,16.2182,15.2182,13.2182,False,False,False,False
val_tune,3508459605,6,TN,"[[11.9, 15.1]]",3.2,2-5s,26.8602,True,False,27.027,False,28.028,False,28.461766666666666,False,26.6266,False,26.026,False,25.025,False,27.060366666666667,False,25.458766666666666,False,26.9269,False,0.0,20,103,0.1668,348,152,4,27.8602,28.8602,29.8602,31.8602,False,False,False,False,25.8602,24.8602,23.8602,21.8602,False,False,False,False
val_tune,9565310990,9,TN,"[[15.3, 18.6]]",3.3,2-5s,14.014,True,False,14.614614614614615,False,15.015015015015015,False,15.482148815482148,True,13.313313313313314,False,12.746079412746079,False,12.012012012012011,False,14.848181514848182,False,12.445779112445779,False,14.547881214547882,False,0.15,20,31,0.6006,125,50,4,15.014,16.014,17.014,19.014,False,True,True,False,13.014,12.014,11.014,9.014,False,False,False,False
val_tune,4896969617,3,CW,"[[6.2, 8.4]]",2.2,2-5s,5.3053,True,False,6.006,False,7.007,True,7.5075,True,5.005,False,4.5045,False,4.004,False,5.638966666666667,False,4.938266666666666,False,5.9059,False,0.55,20,10,0.7007,47,20,4,6.3053,7.3053,8.3053,10.3053,True,True,True,False,4.3053,3.3053,2.3053,0.3053,False,False,False,False
val_tune,8457210773,8,CH,"[[2.4, 23.4], [26.3, 36.1], [44.6, 53.5], [63.9, 70.3]]",46.1,>=10s,39.76,True,False,40.12,False,40.84,False,42.04,False,39.64,False,38.44,False,37.24,False,40.72,False,39.32,False,40.12,False,0.25,20,57,0.36,264,111,4,40.76,41.76,42.76,44.76,False,False,False,True,38.76,37.76,36.76,34.76,False,False,False,True
val_tune,8330342965,8,TN,"[[9.7, 12.1], [20.4, 22.7], [24.8, 28.7]]",8.6,5-10s,25.3587,True,True,25.458766666666666,True,26.059366666666666,True,27.060366666666667,True,24.7247,False,24.057366666666667,False,23.5235,False,26.059366666666666,True,21.254566666666665,True,25.458766666666666,True,0.05,20,28,0.1001,176,69,4,26.3587,27.3587,28.3587,30.3587,True,True,True,False,24.3587,23.3587,22.3587,20.3587,False,False,True,False
val_tune,9408800471,9,TN,"[[5.7, 7.4], [12.9, 15.5], [26.8, 32.2]]",9.7,5-10s,28.5285,True,True,28.595261928595264,True,29.562896229562895,True,30.764097430764096,True,27.560894227560894,True,26.760093426760093,False,26.09275942609276,False,28.82882882882883,True,27.82782782782783,True,28.595261928595264,True,0.55,20,8,0.0667,124,43,4,29.5285,30.5285,31.5285,33.5285,True,True,True,False,27.5285,26.5285,25.5285,23.5285,True,False,False,False
val_tune,2796821016,7,TN,"[[31.4, 35.8]]",4.4,2-5s,1.267,True,False,2.002,False,2.535,False,3.003,False,1.001,False,0.133,False,,,2.0353892821031345,False,0.0,False,1.334,False,0.15,20,95,0.735,249,97,4,2.267,3.267,4.267,6.267,False,False,False,False,0.267,0.0,0.0,0.0,False,False,False,False
val_tune,4774302357,5,TC,"[[4.0, 7.6]]",3.6,2-5s,7.1738,True,True,7.374033333333333,True,8.008,False,8.5085,False,7.007,True,6.006,True,5.005,True,9.242566666666667,False,7.040366666666666,True,7.374033333333333,True,0.05,20,16,0.2002,60,27,4,8.1738,9.1738,10.1738,12.1738,False,False,False,False,6.1738,5.1738,4.1738,2.1738,True,True,True,False
val_tune,10082798964,5,CW,"[[1.7, 6.6], [9.9, 13.8]]",8.8,5-10s,7.64,True,False,8.0,False,8.56,False,9.16,False,7.08,False,6.0,True,4.6,True,8.4,False,7.16,False,7.88,False,0.6,20,8,0.36,42,15,4,8.64,9.64,10.64,12.64,False,False,True,True,6.64,5.64,4.64,2.64,False,True,True,True
val_tune,2679130168,0,CH,"[[7.0, 9.5]]",2.5,2-5s,9.3427,True,True,9.592916666666667,False,11.26125,False,11.76175,False,8.75875,True,7.5075,True,6.25625,False,9.926583333333333,False,7.966291666666666,True,9.592916666666667,False,0.0,20,70,0.2503,202,79,4,10.3427,11.3427,12.3427,14.3427,False,False,False,False,8.3427,7.3427,6.3427,4.3427,True,True,False,False
val_tune,5349766264,0,TC,"[[0.2, 78.4]]",78.2,>=10s,49.7998,True,True,50.05,True,50.80075,True,51.30125,True,49.5495,True,48.79875,True,47.5475,True,51.34295833333333,True,49.132416666666664,True,50.05,True,1.0,20,38,0.2502,252,99,4,50.7998,51.7998,52.7998,54.7998,True,True,True,True,48.7998,47.7998,46.7998,44.7998,True,True,True,True
val_tune,7149153537,5,CH,"[[0.0, 4.2]]",4.2,2-5s,45.7791,True,False,46.079366666666665,False,,,,,45.51213333333333,False,45.07836666666667,False,44.07736666666667,False,46.17946666666667,False,45.07836666666667,False,45.97926666666667,False,0.0,20,1,0.3003,186,72,4,46.0,46.0,46.0,46.0,False,False,False,False,44.7791,43.7791,42.7791,40.7791,False,False,False,False
val_tune,10779838974,5,TC,"[[0.0, 12.0]]",12.0,>=10s,23.1231,True,False,23.323323323323322,False,24.257590924257592,False,24.858191524858192,False,22.95628962295629,False,22.22222222222222,False,21.85518852185519,False,24.357691024357692,False,22.989656322989656,False,23.189856523189857,False,0.0,20,11,0.2002,105,43,4,24.1231,25.1231,26.1231,28.1231,False,False,False,False,22.1231,21.1231,20.1231,18.1231,False,False,False,False
val_tune,7453733046,13,TC,"[[22.9, 30.3]]",7.4,5-10s,30.0634,True,True,30.5305,False,31.06436666666667,False,32.06536666666667,False,29.062366666666666,True,28.061366666666668,True,27.460766666666668,True,31.6316,False,29.062366666666666,True,30.5305,False,0.0,20,5,0.4671,134,55,4,31.0634,32.0634,33.0,33.0,False,False,False,False,29.0634,28.0634,27.0634,25.0634,True,True,True,True
val_tune,5533380417,2,CW,"[[10.1, 13]]",2.9,2-5s,10.5439,True,True,11.044366666666667,True,12.045366666666666,True,12.645966666666666,True,10.043366666666667,False,9.442766666666667,False,9.042366666666666,False,10.643966666666667,True,9.943266666666666,False,10.643966666666667,True,0.8,20,4,0.5005,56,20,4,11.5439,12.5439,13.0,13.0,True,True,True,True,9.5439,8.5439,7.5439,5.5439,False,False,False,False
val_tune,4075791856,5,TC,"[[33.8, 42.1]]",8.3,5-10s,5.88,True,False,6.0,False,7.2,False,7.68,False,5.4,False,4.8,False,4.32,False,5.92,False,4.72,False,6.0,False,0.0,20,123,0.12,300,132,4,6.88,7.88,8.88,10.88,False,False,False,False,4.88,3.88,2.88,0.88,False,False,False,False
val_tune,6713120511,3,CH,"[[26.8, 44.1]]",17.3,>=10s,48.3817,True,False,49.082366666666665,False,49.682966666666665,False,50.08336666666667,False,48.28156666666667,False,47.580866666666665,False,47.08036666666667,False,49.315933333333334,False,47.08036666666667,False,49.082366666666665,False,0.0,20,10,0.7007,223,83,4,49.3817,50.3817,51.3817,53.3817,False,False,False,False,47.3817,46.3817,45.3817,43.3817,False,False,False,True
val_tune,8225502382,4,CW,"[[39.7, 42.3]]",2.6,2-5s,36.1695,True,False,37.070366666666665,False,37.70433333333333,False,38.07136666666667,False,36.06936666666667,False,35.46876666666667,False,35.06836666666667,False,36.87016666666667,False,35.96926666666667,False,36.26956666666667,False,0.25,20,23,0.9009,196,81,4,37.1695,38.1695,39.1695,41.1695,False,False,False,True,35.1695,34.1695,33.1695,31.1695,False,False,False,False
val_tune,5297811305,4,CH,"[[0.1, 5.4]]",5.3,5-10s,23.2232,True,False,23.6236,False,,,,,23.023,False,22.022,False,21.021,False,24.024,False,19.953266666666668,False,23.3233,False,0.0,20,1,0.4004,96,38,4,24.0,24.0,24.0,24.0,False,False,False,False,22.2232,21.2232,20.2232,18.2232,False,False,False,False
val_tune,2796821016,5,TN,"[[0.2, 8.7]]",8.5,5-10s,17.25,True,False,18.018,False,18.651,False,19.019,False,17.017,False,16.649,False,16.016,False,17.61779575328615,False,17.08392315470172,False,17.917,False,0.0,20,72,0.768,249,97,4,18.25,19.25,20.25,22.25,False,False,False,False,16.25,15.25,14.25,12.25,False,False,False,False
val_tune,3145698830,3,TN,"[[3.2, 19.2]]",16.0,>=10s,54.8548,True,False,55.055,False,56.056,False,56.4564,False,54.4544,False,54.054,False,53.5535,False,55.989266666666666,False,53.98726666666667,False,55.055,False,0.0,20,7,0.2002,236,98,4,55.8548,56.8548,57.8548,59.0,False,False,False,False,53.8548,52.8548,51.8548,49.8548,False,False,False,False
val_tune,8225502382,0,CW,"[[4.4, 6.0]]",1.6,<2s,30.2636,True,False,31.06436666666667,False,31.564866666666667,False,32.06536666666667,False,30.063366666666667,False,29.662966666666666,False,29.062366666666666,False,31.06436666666667,False,29.963266666666666,False,30.864166666666666,False,0.0,20,31,0.8008,196,81,4,31.2636,32.2636,33.2636,35.2636,False,False,False,False,29.2636,28.2636,27.2636,25.2636,False,False,False,False
val_tune,6691330381,4,CH,"[[18.5, 20.5]]",2.0,2-5s,32.0654,True,False,32.565866666666665,False,33.06636666666667,False,34.067366666666665,False,31.6316,False,31.06436666666667,False,30.063366666666667,False,32.96626666666667,False,31.464766666666666,False,32.565866666666665,False,0.0,20,15,0.5005,166,68,4,33.0654,34.0654,35.0654,37.0654,False,False,False,False,31.0654,30.0654,29.0654,27.0654,False,False,False,False
val_tune,2809330695,7,TN,"[[4.9, 7.8], [24.9, 27.2], [32.8, 35.7]]",8.1,5-10s,34.034,True,True,34.409375,True,35.035,True,36.28625,False,33.78375,True,33.158125,True,32.5325,False,34.86816666666667,True,33.70033333333333,True,34.28425,True,0.0,20,77,0.3754,289,126,4,35.034,36.034,37.034,39.034,True,False,False,False,33.034,32.034,31.034,29.034,True,False,False,False
val_tune,3340340268,5,TN,"[[19.6, 23.0]]",3.4,2-5s,27.6943,True,False,28.028,False,29.029,False,30.03,False,27.027,False,26.026,False,25.392033333333334,False,28.561866666666667,False,27.460766666666668,False,27.794433333333334,False,0.0,20,23,0.3337,172,67,4,28.6943,29.6943,30.6943,32.6943,False,False,False,False,26.6943,25.6943,24.6943,22.6943,False,False,False,True
val_tune,2614918961,7,TN,"[[35.1, 38.8]]",3.7,2-5s,43.5435,True,False,,,,,,,43.043,False,42.5425,False,42.042,False,43.743700000000004,False,40.974266666666665,False,43.71033333333333,False,0.0,20,0,,175,76,4,44.0,44.0,44.0,44.0,False,False,False,False,42.5435,41.5435,40.5435,38.5435,False,False,False,True
val_tune,4024008346,8,CH,"[[0.0, 1.1], [6.4, 10.1], [12.2, 13.7]]",6.3,5-10s,0.6006,True,True,1.001,True,2.002,False,3.003,False,,,,,,,1.4681333333333333,False,0.33366666666666667,True,0.8008,True,0.3,20,32,0.4004,79,33,4,1.6006,2.6006,3.6006,5.6006,False,False,False,False,0.0,0.0,0.0,0.0,True,True,True,True
val_tune,11244289523,2,CW,"[[13.4, 17.3]]",3.9,2-5s,7.0417,True,False,8.0,False,8.5,False,10.0,False,6.0,False,4.958333333333333,False,4.0,False,8.75,False,6.541666666666667,False,7.25,False,0.4,20,19,0.9583,70,26,4,8.0417,9.0417,10.0417,12.0417,False,False,False,False,6.0417,5.0417,4.0417,2.0417,False,False,False,False
val_tune,3462517143,5,TN,"[[19.6, 22.8]]",3.2,2-5s,3.003,True,False,3.4034,False,4.004,False,4.571233333333334,False,2.5025,False,2.002,False,1.001,False,3.5702333333333334,False,1.8351666666666666,False,3.4034,False,0.1,20,35,0.4004,98,39,4,4.003,5.003,6.003,8.003,False,False,False,False,2.003,1.003,0.003,0.0,False,False,False,False
val_tune,7149153537,7,CH,"[[10.9, 21.9]]",11.0,>=10s,37.0704,True,False,38.07136666666667,False,39.07236666666667,False,39.57286666666667,False,36.56986666666667,False,36.06936666666667,False,35.568866666666665,False,37.77106666666667,False,36.80343333333333,False,37.17046666666667,False,0.0,20,13,1.001,186,72,4,38.0704,39.0704,40.0704,42.0704,False,False,False,False,36.0704,35.0704,34.0704,32.0704,False,False,False,False
val_tune,5116088152,0,CW,"[[0.0, 7.2]]",7.2,5-10s,31.5315,True,False,32.032,False,32.5325,False,33.033,False,31.4314,False,31.031,False,30.5305,False,33.06636666666667,False,26.960266666666666,False,32.032,False,0.0,20,14,0.5005,162,66,4,32.5315,33.5315,34.5315,36.5315,False,False,False,False,30.5315,29.5315,28.5315,26.5315,False,False,False,False
val_tune,3897746373,5,TN,"[[6.8, 13]]",6.2,5-10s,12.012,True,True,12.379033333333334,True,13.013,False,,,11.011,True,10.543866666666666,True,10.01,True,13.179833333333333,False,10.710700000000001,True,12.379033333333334,True,0.75,20,2,0.367,54,21,4,13.0,13.0,13.0,13.0,True,True,True,True,11.012,10.012,9.012,7.012,True,True,True,True
val_tune,5875242364,5,CW,"[[4.6, 7.3]]",2.7,2-5s,0.0334,True,False,0.13346666666666668,False,0.5338666666666667,False,1.0343666666666667,False,,,,,,,1.1678333333333333,False,0.0,False,0.13346666666666668,False,0.15,20,26,0.1001,59,26,4,1.0334,2.0334,3.0334,5.0334,False,False,False,True,0.0,0.0,0.0,0.0,False,False,False,False
val_tune,6618792571,10,CW,"[[63.5, 71.0]]",7.5,5-10s,56.9903,True,False,57.09036666666667,False,57.59086666666666,False,58.091366666666666,False,56.08936666666666,False,55.58886666666667,False,55.088366666666666,False,57.624233333333336,False,56.289566666666666,False,57.057,False,0.35,20,44,0.1001,336,135,4,57.9903,58.9903,59.9903,61.9903,False,False,False,False,55.9903,54.9903,53.9903,51.9903,False,False,False,False
val_tune,5662041273,0,CH,"[[0.2, 2.6], [16.0, 29.4], [73.2, 90.0]]",32.6,>=10s,76.9102,True,True,77.11036666666666,True,77.71096666666666,True,78.11136666666667,True,76.10936666666667,True,75.74233333333333,True,75.10836666666667,True,77.31056666666667,True,76.44303333333333,True,77.01026666666667,True,1.0,20,21,0.2002,361,141,4,77.9102,78.9102,79.9102,81.9102,True,True,True,True,75.9102,74.9102,73.9102,71.9102,True,True,True,False
val_tune,4984331176,2,CH,"[[0.0, 2.3]]",2.3,2-5s,3.7037,True,False,4.004,False,5.005,False,5.6056,False,3.6036,False,3.003,False,2.5025,False,3.8371666666666666,False,2.8695333333333335,False,4.004,False,0.0,20,11,0.3003,40,18,4,4.7037,5.7037,6.7037,8.7037,False,False,False,False,2.7037,1.7037,0.7037,0.0,False,True,True,True
val_tune,8428551576,5,CW,"[[52.4, 56.1]]",3.7,2-5s,62.0286,True,False,62.09536666666666,False,62.49576666666667,False,63.09636666666667,False,61.628233333333334,False,61.094366666666666,False,60.09336666666667,False,62.62923333333333,False,60.927533333333336,False,62.09536666666666,False,0.0,20,45,0.0667,359,157,4,63.0286,64.0286,65.0286,67.0286,False,False,False,False,61.0286,60.0286,59.0286,57.0286,False,False,False,False
val_tune,2535384528,7,TN,"[[10.4, 15]]",4.6,2-5s,14.76,True,True,,,,,,,14.52,True,13.8,True,13.2,True,15.04,False,11.92,True,,,,0,0,,51,20,4,15.0,15.0,15.0,15.0,True,True,True,True,13.76,12.76,11.76,9.76,True,True,True,False
val_tune,3026084730,1,TN,"[[4.3, 13.2]]",8.9,5-10s,50.3503,True,False,51.051,False,52.052,False,53.053,False,50.05,False,49.6496,False,49.049,False,50.817433333333334,False,50.08336666666667,False,50.4504,False,0.0,20,37,0.7007,295,122,4,51.3503,52.3503,53.3503,55.3503,False,False,False,False,49.3503,48.3503,47.3503,45.3503,False,False,False,False
val_tune,6265968082,3,CW,"[[15.1, 20.3]]",5.2,5-10s,14.7814,True,False,15.048366666666666,False,16.049366666666668,True,16.4164,True,14.047366666666667,False,13.446766666666667,False,13.046366666666666,False,15.248566666666667,True,14.247566666666668,False,14.981633333333333,False,0.15,20,42,0.2669,171,64,4,15.7814,16.7814,17.7814,19.7814,True,True,True,True,13.7814,12.7814,11.7814,9.7814,False,False,False,False
val_tune,5061117640,7,TN,"[[25.9, 29.1]]",3.2,2-5s,26.4598,True,True,26.659966666666666,True,27.027,True,27.6276,True,26.026,True,25.025,False,24.4244,False,27.360666666666667,True,26.059366666666666,True,26.659966666666666,True,0.0,20,45,0.2002,213,85,4,27.4598,28.4598,29.4598,31.4598,True,True,False,False,25.4598,24.4598,23.4598,21.4598,False,False,False,False
val_tune,4006608424,4,CW,"[[77.8, 90.0]]",12.2,>=10s,11.7117,True,False,12.012,False,12.579233333333333,False,13.013,False,11.011,False,10.643966666666667,False,10.01,False,14.9149,False,11.311300000000001,False,11.8118,False,0.2,20,132,0.3003,360,149,4,12.7117,13.7117,14.7117,16.7117,False,False,False,False,10.7117,9.7117,8.7117,6.7117,False,False,False,False
val_tune,6592821115,3,CW,"[[27.6, 29.4]]",1.8,<2s,25.0,True,False,25.041666666666668,False,25.625,False,26.291666666666668,False,24.541666666666668,False,23.791666666666668,False,22.916666666666668,False,26.083333333333332,False,24.166666666666668,False,25.041666666666668,False,0.0,20,65,0.0417,253,99,4,26.0,27.0,28.0,30.0,False,False,True,False,24.0,23.0,22.0,20.0,False,False,False,False
val_tune,6277800530,3,TN,"[[20.9, 26.9]]",6.0,5-10s,27.0937,True,False,27.694333333333333,False,28.094733333333334,False,29.09573333333333,False,26.09273333333333,True,25.592233333333333,True,25.091733333333334,True,27.460766666666668,False,25.992633333333334,True,27.3273,False,0.0,20,3,0.6006,119,45,4,28.0937,29.0,29.0,29.0,False,False,False,False,26.0937,25.0937,24.0937,22.0937,True,True,True,True
val_tune,6168716346,6,CH,"[[9.2, 16.4]]",7.2,5-10s,25.9593,True,False,26.059366666666666,False,26.659966666666666,False,27.060366666666667,False,25.458766666666666,False,25.058366666666668,False,24.557866666666666,False,26.059366666666666,False,25.091733333333334,False,26.059366666666666,False,0.0,20,12,0.1001,127,54,4,26.9593,27.9593,28.9593,30.9593,False,False,False,False,24.9593,23.9593,22.9593,20.9593,False,False,False,False
val_tune,2984974097,2,CW,"[[0.0, 9.2], [18.9, 24.2]]",14.5,>=10s,24.157,True,True,24.424,False,25.025,False,25.492,False,24.024,True,23.523,True,23.023,True,26.5267947421638,False,17.1840242669363,False,24.424,False,0.0,20,11,0.267,121,53,4,25.157,26.157,27.157,29.157,False,False,False,False,23.157,22.157,21.157,19.157,True,True,True,True
val_tune,4190655097,6,CH,"[[35.9, 38.8]]",2.9,2-5s,18.7688,True,False,19.352666666666668,False,20.02,False,21.27125,False,17.5175,False,16.891875,False,16.26625,False,19.436083333333332,False,11.928583333333332,False,19.352666666666668,False,0.1,20,46,0.5839,172,71,4,19.7688,20.7688,21.7688,23.7688,False,False,False,False,17.7688,16.7688,15.7688,13.7688,False,False,False,False
val_tune,6786501294,4,CW,"[[20.1, 24.0]]",3.9,2-5s,0.2002,True,False,0.3670333333333333,False,1.2679333333333334,False,1.7017,False,,,,,,,3.6703333333333332,False,0.0,False,0.3670333333333333,False,0.05,20,106,0.1668,242,106,4,1.2002,2.2002,3.2002,5.2002,False,False,False,False,0.0,0.0,0.0,0.0,False,False,False,False
val_tune,6691330381,1,TC,"[[0.0, 41]]",41.0,>=10s,24.0574,True,True,24.557866666666666,True,25.058366666666668,True,25.558866666666667,True,23.556866666666668,True,23.056366666666666,True,22.655966666666668,True,24.958266666666667,True,23.690333333333335,True,24.357666666666667,True,1.0,20,28,0.5005,166,68,4,25.0574,26.0574,27.0574,29.0574,True,True,True,True,23.0574,22.0574,21.0574,19.0574,True,True,True,True
val_tune,3121571439,6,TN,"[[9.0, 14.9]]",5.9,5-10s,25.025,True,False,25.6256,False,26.026,False,27.027,False,24.024,False,23.4234,False,23.023,False,25.792433333333335,False,23.056366666666666,False,25.6256,False,0.0,20,25,0.6006,163,65,4,26.025,27.025,28.025,30.025,False,False,False,False,24.025,23.025,22.025,20.025,False,False,False,False
val_tune,7088595057,4,TC,"[[20.4, 23.3]]",2.9,2-5s,30.0634,True,False,30.663966666666667,False,31.06436666666667,False,31.464766666666666,False,29.462766666666667,False,29.062366666666666,False,28.561866666666667,False,31.798433333333335,False,29.963266666666666,False,30.263566666666666,False,0.0,20,8,0.6006,142,60,4,31.0634,32.0634,33.0634,35.0,False,False,False,False,29.0634,28.0634,27.0634,25.0634,False,False,False,False
val_tune,6727904179,8,CW,"[[14.0, 27.8]]",13.8,>=10s,9.0424,True,False,9.642966666666666,False,10.043366666666667,False,10.543866666666666,False,8.041366666666667,False,7.040366666666666,False,6.039366666666667,False,9.843166666666667,False,8.041366666666667,False,9.642966666666666,False,0.6,20,40,0.6006,130,53,4,10.0424,11.0424,12.0424,14.0424,False,False,False,True,8.0424,7.0424,6.0424,4.0424,False,False,False,False
val_tune,3340340268,7,TN,"[[29.4, 32.4]]",3.0,2-5s,17.384,True,False,18.018,False,18.585233333333335,False,19.019,False,17.017,False,16.5165,False,16.016,False,17.7177,False,7.7077,False,17.484133333333332,False,0.05,20,39,0.634,172,67,4,18.384,19.384,20.384,22.384,False,False,False,False,16.384,15.384,14.384,12.384,False,False,False,False
val_tune,5987365500,6,TN,"[[18.8, 19.6]]",0.8,<2s,22.5559,True,False,23.056366666666666,False,23.757066666666667,False,,,22.055366666666668,False,21.554866666666666,False,21.054366666666667,False,23.056366666666666,False,19.953266666666668,False,22.956266666666668,False,0.0,20,2,0.5005,96,44,4,23.5559,24.0,24.0,24.0,False,False,False,False,21.5559,20.5559,19.5559,17.5559,False,False,True,False
val_tune,5913180144,3,TC,"[[32.9, 36.3]]",3.4,2-5s,13.9806,True,False,14.047366666666667,False,14.447766666666666,False,15.048366666666666,False,13.046366666666666,False,12.579233333333333,False,12.045366666666666,False,14.8148,False,13.046366666666668,False,14.047366666666667,False,0.1,20,38,0.0667,159,62,4,14.9806,15.9806,16.9806,18.9806,False,False,False,False,12.9806,11.9806,10.9806,8.9806,False,False,False,False
val_tune,6046149003,3,TN,"[[7.3, 9.6], [10.7, 12.1], [18.2, 19.3]]",4.8,2-5s,21.313,True,False,22.313958333333332,False,,,,,20.061708333333332,False,18.810458333333333,True,17.559208333333334,False,21.93858333333333,False,19.93658333333333,False,21.688333333333333,False,0.0,20,1,1.001,74,29,4,22.313,23.0,23.0,23.0,False,False,False,False,20.313,19.313,18.313,16.313,False,False,True,False
val_tune,8224504302,2,CW,"[[25.8, 30.7]]",4.9,2-5s,36.3697,True,False,37.070366666666665,False,38.07136666666667,False,38.67196666666667,False,36.06936666666667,False,35.06836666666667,False,34.46776666666667,False,36.66996666666667,False,35.96926666666667,False,36.469766666666665,False,0.0,20,9,0.7007,172,69,4,37.3697,38.3697,39.3697,41.3697,False,False,False,False,35.3697,34.3697,33.3697,31.3697,False,False,False,False
val_tune,2782307049,7,CH,"[[13.3, 15]]",1.7,<2s,6.006,True,False,6.373033333333334,False,7.007,False,7.574233333333333,False,5.4054,False,5.005,False,4.004,False,8.775433333333334,False,4.137466666666667,False,6.1061,False,0.05,20,17,0.367,62,27,4,7.006,8.006,9.006,11.006,False,False,False,False,5.006,4.006,3.006,1.006,False,False,False,False
val_tune,3626788516,1,CW,"[[7.0, 14]]",7.0,5-10s,8.3834,True,True,8.75875,True,9.384375,True,10.01,True,7.5075,True,6.25625,False,5.630625,False,13.430083333333332,True,6.589916666666666,False,8.5085,True,0.95,20,8,0.3754,46,18,4,9.3834,10.3834,11.3834,13.3834,True,True,True,True,7.3834,6.3834,5.3834,3.3834,True,False,False,False
val_tune,5237219621,1,CW,"[[0.1, 9.1]]",9.0,5-10s,67.5008,True,False,67.60086666666666,False,68.068,False,69.069,False,67.067,False,66.066,False,65.065,False,68.73533333333333,False,66.53313333333334,False,67.60086666666666,False,0.0,20,38,0.1001,358,150,4,68.5008,69.5008,70.5008,72.5008,False,False,False,False,66.5008,65.5008,64.5008,62.5008,False,False,False,False
val_tune,7988210561,1,CW,"[[3.0, 9.8]]",6.8,5-10s,4.3377,True,True,5.038366666666667,True,5.638966666666667,True,6.039366666666667,True,4.037366666666666,True,3.4367666666666667,True,3.036366666666667,True,5.472133333333334,True,0.9342666666666667,False,4.838166666666667,True,0.7,20,9,0.7007,43,17,4,5.3377,6.3377,7.3377,9.3377,True,True,True,True,3.3377,2.3377,1.3377,0.0,True,False,False,False
val_tune,9531760182,2,CW,"[[74.0, 77.3]]",3.3,2-5s,61.72,True,False,62.32,False,63.04,False,63.64,False,61.64,False,61.12,False,59.64,False,62.12,False,61.28,False,61.84,False,0.3,20,28,0.6,257,104,4,62.72,63.72,64.72,66.72,False,False,False,False,60.72,59.72,58.72,56.72,False,False,False,False
val_tune,7605329840,5,CH,"[[16.4, 18.8]]",2.4,2-5s,0.0334,True,False,0.23356666666666667,False,1.0343666666666667,False,2.0353666666666665,False,,,,,,,1.2679333333333334,False,0.0,False,0.13346666666666668,False,0.1,20,31,0.2002,86,31,4,1.0334,2.0334,3.0334,5.0334,False,False,False,False,0.0,0.0,0.0,0.0,False,False,False,False
val_tune,2679130168,3,CW,"[[1.5, 3.7], [8.8, 14.0], [25.8, 31.2], [42.1, 45.5]]",16.2,>=10s,42.5425,True,True,43.79375,True,44.5445,True,45.045,True,41.29125,False,40.79075,False,40.04,False,42.95958333333333,True,41.95858333333333,False,42.667625,True,0.0,20,28,1.2513,202,79,4,43.5425,44.5425,45.5425,47.5425,True,True,False,False,41.5425,40.5425,39.5425,37.5425,False,False,False,False
val_tune,4765717907,0,TC,"[[1.2, 2.5]]",1.3,<2s,26.026,True,False,26.5265,False,27.027,False,28.028,False,25.558866666666667,False,25.025,False,24.024,False,27.460766666666668,False,25.959266666666668,False,26.3263,False,0.0,20,22,0.5005,159,63,4,27.026,28.026,29.026,31.026,False,False,False,False,25.026,24.026,23.026,21.026,False,False,False,False
val_tune,5854324479,1,CW,"[[0.3, 3.0], [4.0, 16.3]]",15.0,>=10s,20.9376,True,False,21.312958333333334,False,,,,,20.061708333333332,False,18.810458333333333,False,17.559208333333334,False,20.979291666666665,False,18.059708333333333,False,21.062708333333333,False,0.0,20,1,0.3754,70,26,4,21.9376,22.0,22.0,22.0,False,False,False,False,19.9376,18.9376,17.9376,15.9376,False,False,False,True
val_tune,2793260225,9,CW,"[[9.6, 12.1]]",2.5,2-5s,9.442,True,False,10.01,True,10.643,True,11.011,True,9.009,False,8.541,False,8.008,False,9.542972699696664,False,8.341759352881699,False,9.576,False,0.1,20,13,0.568,77,32,4,10.442,11.442,12.442,14.442,True,True,False,False,8.442,7.442,6.442,4.442,False,False,False,False
val_tune,6772999108,3,TC,"[[13.6, 35.4]]",21.8,>=10s,48.7821,True,False,48.88216666666667,False,,,,,48.08136666666667,False,47.68096666666667,False,47.08036666666667,False,48.9489,False,48.08136666666667,False,48.88216666666667,False,0.0,20,1,0.1001,196,84,4,49.0,49.0,49.0,49.0,False,False,False,False,47.7821,46.7821,45.7821,43.7821,False,False,False,False
val_tune,3508407941,3,CH,"[[18.6, 21]]",2.4,2-5s,18.5185,True,False,18.76875,True,19.394375,True,20.02,True,17.5175,False,17.017,False,16.26625,False,21.396375,False,17.434083333333334,False,18.72704166666667,True,0.85,20,5,0.2503,70,28,4,19.5185,20.5185,21.0,21.0,True,True,True,True,17.5185,16.5185,15.5185,13.5185,False,False,False,False
val_tune,6097994550,7,TP,"[[4.7, 9.6]]",4.9,2-5s,9.9766,True,False,10.243566666666666,False,11.044366666666667,False,11.544866666666667,False,9.676333333333334,False,9.042366666666666,True,8.6086,True,11.378033333333333,False,9.376033333333334,True,10.043366666666667,False,0.0,20,13,0.2669,71,29,4,10.9766,11.9766,12.9766,14.9766,False,False,False,False,8.9766,7.9766,6.9766,4.9766,True,True,True,True
val_tune,3206694342,4,TN,"[[53.3, 57.9]]",4.6,2-5s,34.034,True,False,34.4344,False,35.035,False,35.4354,False,33.4334,False,33.033,False,32.5325,False,34.10073333333333,False,32.565866666666665,False,34.2342,False,0.15,20,53,0.4004,263,110,4,35.034,36.034,37.034,39.034,False,False,False,False,33.034,32.034,31.034,29.034,False,False,False,False
val_tune,8594314852,8,CH,"[[7.6, 9.9]]",2.3,2-5s,9.643,True,True,10.043366666666667,False,10.643966666666667,False,11.044366666666667,False,9.042366666666666,True,8.541866666666667,True,8.041366666666667,True,12.479133333333333,False,8.775433333333334,True,9.843166666666667,True,0.1,20,6,0.4004,51,23,4,10.643,11.643,12.643,13.0,False,False,False,False,8.643,7.643,6.643,4.643,True,True,False,False
val_tune,4584426085,7,TC,"[[30.8, 47.0]]",16.2,>=10s,2.3023,True,False,2.6026,False,3.003,False,4.004,False,2.002,False,1.4014,False,1.001,False,2.9362666666666666,False,1.0343666666666667,False,2.6026,False,0.05,20,137,0.3003,360,141,4,3.3023,4.3023,5.3023,7.3023,False,False,False,False,1.3023,0.3023,0.0,0.0,False,False,False,False
val_tune,2736413196,6,CW,"[[4.5, 37.6], [41.5, 53.8]]",45.4,>=10s,21.021,True,True,22.022,True,23.023,True,24.024,True,20.62,True,20.02,True,19.019,True,21.65520728008089,True,20.85439838220425,True,21.154,True,0.9,20,39,1.001,217,69,4,22.021,23.021,24.021,26.021,True,True,True,True,20.021,19.021,18.021,16.021,True,True,True,True
val_tune,7001078933,5,TN,"[[12.7, 15.2]]",2.5,2-5s,17.7844,True,False,18.051366666666667,False,18.551866666666665,False,19.052366666666668,False,17.684333333333335,False,17.050366666666665,False,16.549866666666667,False,19.185833333333335,False,17.217200000000002,False,17.884533333333334,False,0.0,20,5,0.2669,86,37,4,18.7844,19.7844,20.7844,21.0,False,False,False,False,16.7844,15.7844,14.7844,12.7844,False,False,True,True
val_tune,2793806282,11,CH,"[[20.9, 23.8], [39.2, 49.0]]",12.7,>=10s,47.847,True,True,48.048,True,49.049,False,49.449,False,47.047,True,46.046,True,45.045,True,47.881698685540954,True,47.01415571284126,True,47.914,True,0.1,20,26,0.201,259,85,4,48.847,49.847,50.847,52.847,True,False,False,False,46.847,45.847,44.847,42.847,True,True,True,True
val_tune,8277866423,9,CH,"[[0.1, 15.7]]",15.6,>=10s,8.6667,True,True,8.791666666666666,True,9.416666666666666,True,10.041666666666666,True,7.541666666666667,True,7.041666666666667,True,6.291666666666667,True,10.583333333333334,True,7.416666666666667,True,8.75,True,0.35,20,32,0.125,111,42,4,9.6667,10.6667,11.6667,13.6667,True,True,True,True,7.6667,6.6667,5.6667,3.6667,True,True,True,True
val_tune,4612723694,1,CW,"[[10.1, 34.2]]",24.1,>=10s,55.9559,True,False,,,,,,,55.4554,False,55.055,False,54.5545,False,56.08936666666667,False,54.854800000000004,False,56.056,False,0.0,20,0,,225,93,4,56.0,56.0,56.0,56.0,False,False,False,False,54.9559,53.9559,52.9559,50.9559,False,False,False,False
val_tune,4336654741,3,CW,"[[5.2, 14.8], [22.5, 45.5], [51.3, 55.6]]",36.9,>=10s,83.5835,True,False,84.084,False,85.085,False,85.5855,False,83.4834,False,83.083,False,82.6826,False,85.45203333333333,False,75.44203333333334,False,83.9839,False,0.0,20,10,0.5005,360,141,4,84.5835,85.5835,86.5835,88.5835,False,False,False,False,82.5835,81.5835,80.5835,78.5835,False,False,False,False
val_tune,11871253306,2,TN,"[[2.4, 5.4]]",3.0,2-5s,14.014,True,False,14.447766666666666,False,15.015,False,16.016,False,13.5135,False,13.079733333333333,False,12.679333333333334,False,14.1141,False,13.146466666666667,False,14.147466666666666,False,0.0,20,54,0.4338,173,74,4,15.014,16.014,17.014,19.014,False,False,False,False,13.014,12.014,11.014,9.014,False,False,False,False
val_tune,8531675050,9,TN,"[[50.4, 54]]",3.6,2-5s,45.0784,True,False,46.079366666666665,False,47.08036666666667,False,47.68096666666667,False,44.07736666666667,False,43.676966666666665,False,43.076366666666665,False,46.079366666666665,False,44.411033333333336,False,45.27856666666667,False,0.45,20,14,1.001,216,90,4,46.0784,47.0784,48.0784,50.0784,False,False,False,False,44.0784,43.0784,42.0784,40.0784,False,False,False,False
val_tune,3972259774,2,TN,"[[16.1, 19.8]]",3.7,2-5s,15.6406,True,False,15.76575,False,16.26625,True,17.5175,True,15.015,False,14.389375,False,13.76375,False,16.099416666666666,False,15.348666666666666,False,15.76575,False,0.05,20,38,0.1251,143,57,4,16.6406,17.6406,18.6406,20.6406,True,True,True,False,14.6406,13.6406,12.6406,10.6406,False,False,False,False
val_tune,5801184682,1,CW,"[[19.8, 25.2]]",5.4,5-10s,5.2,True,False,6.28,False,7.12,False,8.68,False,4.72,False,3.88,False,2.68,False,6.16,False,3.68,False,6.04,False,0.05,20,78,1.08,301,85,4,6.2,7.2,8.2,10.2,False,False,False,False,4.2,3.2,2.2,0.2,False,False,False,False
val_tune,6244382586,5,CW,"[[0.0, 0.8], [1.7, 5.2]]",4.3,2-5s,4.638,True,True,5.038366666666667,True,6.039366666666667,False,6.639966666666667,False,4.037366666666666,True,3.036366666666667,True,2.0353666666666665,True,5.9059,False,3.5702333333333334,True,4.838166666666667,True,0.0,20,27,0.4004,83,34,4,5.638,6.638,7.638,9.638,False,False,False,False,3.638,2.638,1.638,0.0,True,True,False,True
val_tune,5561024834,8,TN,"[[14.2, 17.0]]",2.8,2-5s,25.0,True,False,25.041666666666668,False,25.541666666666668,False,26.291666666666668,False,23.791666666666668,False,22.541666666666668,False,21.291666666666668,False,25.041666666666668,False,24.333333333333332,False,25.041666666666668,False,0.0,20,17,0.0417,127,45,4,26.0,27.0,28.0,30.0,False,False,False,False,24.0,23.0,22.0,20.0,False,False,False,False
val_tune,6025238212,5,TC,"[[22.6, 25]]",2.4,2-5s,24.5912,True,True,25.258566666666667,False,,,,,24.057366666666667,True,23.456766666666667,True,23.056366666666666,True,25.291933333333333,False,22.088733333333334,False,24.691333333333333,True,0.25,20,1,0.6673,102,41,4,25.0,25.0,25.0,25.0,True,True,True,True,23.5912,22.5912,21.5912,19.5912,True,False,False,False
val_tune,5070310138,1,CW,"[[28.2, 33.8]]",5.6,5-10s,34.7347,True,False,35.035,False,35.46876666666667,False,36.036,False,34.6346,False,34.034,False,33.033,True,35.60223333333333,False,33.96726666666667,False,34.8348,False,0.0,20,36,0.3003,216,89,4,35.7347,36.7347,37.7347,39.7347,False,False,False,False,33.7347,32.7347,31.7347,29.7347,True,True,True,True
val_tune,3145698830,9,CW,"[[0.0, 4.9]]",4.9,2-5s,52.6526,True,False,53.053,False,53.5535,False,54.054,False,52.5525,False,52.052,False,51.6516,False,53.38666666666667,False,52.28556666666667,False,53.053,False,0.0,20,11,0.4004,236,98,4,53.6526,54.6526,55.6526,57.6526,False,False,False,False,51.6526,50.6526,49.6526,47.6526,False,False,False,False
val_tune,3078294001,0,CW,"[[6.1, 7.4]]",1.3,<2s,0.4004,True,False,0.5005,False,1.001,False,1.6016,False,,,,,,,1.1678333333333333,False,0.16683333333333333,False,0.5005,False,0.15,20,21,0.1001,46,21,4,1.4004,2.4004,3.4004,5.4004,False,False,False,False,0.0,0.0,0.0,0.0,False,False,False,False
val_tune,3524939594,4,TC,"[[2.3, 5.6]]",3.3,2-5s,7.007,True,False,7.5075,False,7.966291666666667,False,9.134125,False,6.881875,False,6.25625,False,5.588916666666667,True,11.428083333333333,False,0.0,False,7.5075,False,0.0,20,13,0.5005,59,21,4,8.007,9.007,10.007,12.007,False,False,False,False,6.007,5.007,4.007,2.007,False,True,True,False
val_tune,3388598772,0,CW,"[[0.0, 6.1]]",6.1,5-10s,4.004,True,True,4.371033333333333,True,5.005,True,6.006,True,3.4701333333333335,True,3.003,True,2.469133333333333,True,4.7047,True,3.7037,True,4.371033333333333,True,0.35,20,10,0.367,46,18,4,5.004,6.004,7.004,9.004,True,True,False,False,3.004,2.004,1.004,0.0,True,True,True,True
val_tune,5229476012,6,CH,"[[0.3, 4.1]]",3.8,2-5s,21.021,True,False,21.6216,False,22.022,False,23.023,False,20.02,False,19.552866666666667,False,19.019,False,21.421400000000002,False,20.6206,False,21.488133333333334,False,0.0,20,8,0.6006,108,37,4,22.021,23.021,24.021,26.021,False,False,False,False,20.021,19.021,18.021,16.021,False,False,False,False
val_tune,4164771889,2,TN,"[[5.3, 10.2]]",4.9,2-5s,5.8058,True,True,6.006,True,7.007,True,7.4074,True,5.005,False,4.6046,False,4.004,False,8.942266666666667,True,5.572233333333333,True,5.9059,True,0.3,20,17,0.2002,68,25,4,6.8058,7.8058,8.8058,10.8058,True,True,True,False,4.8058,3.8058,2.8058,0.8058,False,False,False,False
val_tune,5129152550,4,CW,"[[88.6, 89.8]]",1.2,<2s,49.9499,True,False,50.05,False,50.5505,False,51.051,False,49.5495,False,49.049,False,48.4484,False,50.116733333333336,False,49.082366666666665,False,50.05,False,0.1,20,65,0.1001,360,139,4,50.9499,51.9499,52.9499,54.9499,False,False,False,False,48.9499,47.9499,46.9499,44.9499,False,False,False,False
val_tune,5064681723,7,CW,"[[16.3, 20]]",3.7,2-5s,18.9189,True,True,19.486133333333335,True,,,,,18.785433333333334,True,17.784433333333332,True,17.017,True,20.086733333333335,False,17.484133333333332,True,19.019,True,0.7,20,1,0.5672,82,36,4,19.9189,20.0,20.0,20.0,True,True,True,True,17.9189,16.9189,15.9189,13.9189,True,True,False,False
val_tune,8811725760,4,CW,"[[3.8, 10.4]]",6.6,5-10s,4.6046,True,True,6.106106106106106,True,6.9402736069402735,True,7.607607607607608,True,3.870537203870537,True,3.33667000333667,False,2.9362696029362696,False,8.375041708375042,True,3.903903903903904,True,4.738071404738071,True,0.25,20,18,1.5015,66,23,4,5.6046,6.6046,7.6046,9.6046,True,True,True,True,3.6046,2.6046,1.6046,0.0,False,False,False,False
val_tune,5406108447,1,CH,"[[0.1, 44.6]]",44.5,>=10s,23.9573,True,True,24.057366666666667,True,25.058366666666668,True,26.059366666666666,True,23.056366666666666,True,22.055366666666668,True,21.554866666666666,True,24.457766666666668,True,22.689333333333334,True,24.024,True,1.0,20,27,0.1001,179,64,4,24.9573,25.9573,26.9573,28.9573,True,True,True,True,22.9573,21.9573,20.9573,18.9573,True,True,True,True
val_tune,2495861393,3,CW,"[[41.1, 49.9]]",8.8,5-10s,27.827,True,False,28.028,False,28.561,False,29.029,False,27.293,False,26.559,False,26.026,False,27.8948432760364,False,27.327603640040447,False,28.028,False,0.4,20,39,0.201,201,91,4,28.827,29.827,30.827,32.827,False,False,False,False,26.827,25.827,24.827,22.827,False,False,False,False
val_tune,4138579400,4,CW,"[[0.0, 18.2]]",18.2,>=10s,14.5145,True,True,15.015,True,15.598916666666666,True,16.26625,True,13.76375,True,13.138125,True,12.5125,True,14.723041666666665,True,12.846166666666665,True,15.015,True,0.25,20,13,0.5005,81,31,4,15.5145,16.5145,17.5145,19.5145,True,True,True,False,13.5145,12.5145,11.5145,9.5145,True,True,True,True
val_tune,3526597179,3,TC,"[[22.7, 26.8]]",4.1,2-5s,22.7227,True,True,23.023,True,24.024,True,24.6246,True,22.4224,False,22.022,False,21.388033333333333,False,24.157466666666668,True,22.689333333333334,False,22.989633333333334,True,1.0,20,8,0.3003,108,44,4,23.7227,24.7227,25.7227,27.0,True,True,True,False,21.7227,20.7227,19.7227,17.7227,False,False,False,False
val_tune,3155382178,8,TN,"[[2.9, 4.3]]",1.4,<2s,8.008,True,False,9.009,False,10.01,False,11.011,False,7.6076,False,7.007,False,6.5065,False,9.943266666666666,False,7.073733333333333,False,8.2082,False,0.0,20,29,1.001,115,41,4,9.008,10.008,11.008,13.008,False,False,False,False,7.008,6.008,5.008,3.008,False,False,False,True
val_tune,4838145161,0,CW,"[[0.0, 53.4]]",53.4,>=10s,7.7077,True,True,8.008,True,8.575233333333333,True,9.009,True,7.007,True,6.5065,True,6.006,True,11.344666666666667,True,5.638966666666667,True,7.874533333333333,True,0.7,20,85,0.3003,257,99,4,8.7077,9.7077,10.7077,12.7077,True,True,True,True,6.7077,5.7077,4.7077,2.7077,True,True,True,True
val_tune,2877270840,3,TN,"[[20.3, 24.2]]",3.9,2-5s,0.6006,True,False,1.001,False,2.002,False,2.6026,False,,,,,,,1.4347666666666667,False,0.0,False,0.7007,False,0.25,20,37,0.4004,104,38,4,1.6006,2.6006,3.6006,5.6006,False,False,False,False,0.0,0.0,0.0,0.0,False,False,False,False
val_tune,6754608321,8,CW,"[[30.0, 44.0]]",14.0,>=10s,19.653,True,False,20.053366666666665,False,20.653966666666665,False,21.054366666666667,False,19.052366666666668,False,18.651966666666667,False,18.051366666666667,False,20.286933333333334,False,19.285933333333332,False,19.753066666666665,False,0.5,20,51,0.4004,216,81,4,20.653,21.653,22.653,24.653,False,False,False,False,18.653,17.653,16.653,14.653,False,False,False,False
val_tune,4650556666,8,CH,"[[0.6, 22.4]]",21.8,>=10s,0.6,True,True,1.2,True,1.68,True,2.4,True,0.16,False,,,,,1.12,True,0.0,False,0.84,True,1.0,20,29,0.6,76,31,4,1.6,2.6,3.6,5.6,True,True,True,True,0.0,0.0,0.0,0.0,False,False,False,False
val_tune,7492398760,0,CW,"[[0.2, 18.1]]",17.9,>=10s,3.8372,True,True,4.037366666666666,True,4.637966666666666,True,5.038366666666667,True,3.036366666666667,True,2.0353666666666665,True,1.0343666666666667,True,4.037366666666666,True,3.036366666666667,True,3.9372666666666665,True,0.05,20,119,0.2002,361,123,4,4.8372,5.8372,6.8372,8.8372,True,True,True,True,2.8372,1.8372,0.8372,0.0,True,True,True,False
val_tune,6244675392,6,TN,"[[6.2, 46.1]]",39.9,>=10s,7.2667,True,True,7.466666666666667,True,8.533333333333333,True,10.066666666666666,True,6.066666666666666,False,5.066666666666666,False,4.066666666666666,False,10.133333333333333,True,6.133333333333334,False,7.466666666666667,True,0.75,20,48,0.2,120,54,4,8.2667,9.2667,10.2667,12.2667,True,True,True,True,6.2667,5.2667,4.2667,2.2667,True,False,False,False
val_tune,2679328607,14,TN,"[[31.7, 35.0]]",3.3,2-5s,34.334,True,True,34.401,True,,,,,33.967,True,33.033,True,32.032,True,34.76845298281092,True,34.16784630940344,True,34.401,True,1.0,20,1,0.067,141,49,4,35.0,35.0,35.0,35.0,True,True,True,True,33.334,32.334,31.334,29.334,True,True,False,False
val_tune,7771650716,7,CW,"[[0.7, 3.7]]",3.0,2-5s,0.634,True,False,1.0343666666666667,True,2.0353666666666665,True,2.6359666666666666,True,,,,,,,1.0343666666666667,True,0.06673333333333334,False,0.8341666666666666,True,0.0,20,89,0.4004,247,90,4,1.634,2.634,3.634,5.634,True,True,True,False,0.0,0.0,0.0,0.0,False,False,False,False
val_tune,11871253306,10,CW,"[[36.4, 40.2]]",3.8,2-5s,6.2729,True,False,7.040366666666666,False,8.008,False,8.6086,False,6.006,False,5.572233333333333,False,5.038366666666667,False,10.443766666666667,False,5.338666666666667,False,6.773433333333333,False,0.1,20,67,0.7674,173,74,4,7.2729,8.2729,9.2729,11.2729,False,False,False,False,5.2729,4.2729,3.2729,1.2729,False,False,False,False
val_tune,4518113460,2,CW,"[[53.0, 62]]",9.0,5-10s,44.6446,True,False,45.045,False,45.5455,False,46.046,False,44.044,False,43.5435,False,43.043,False,45.71233333333333,False,43.977266666666665,False,44.8448,False,0.6,20,25,0.4004,250,97,4,45.6446,46.6446,47.6446,49.6446,False,False,False,False,43.6446,42.6446,41.6446,39.6446,False,False,False,False
val_tune,4147398280,4,CW,"[[54.7, 57]]",2.3,2-5s,46.8468,True,False,47.047,False,47.4474,False,48.048,False,46.6466,False,46.046,False,45.045,False,47.08036666666667,False,46.079366666666665,False,47.047,False,0.25,20,19,0.2002,230,103,4,47.8468,48.8468,49.8468,51.8468,False,False,False,False,45.8468,44.8468,43.8468,41.8468,False,False,False,False
val_tune,7605329840,6,CW,"[[13.1, 15.3]]",2.2,2-5s,13.9473,True,True,14.047366666666667,True,14.447766666666666,True,15.048366666666666,True,13.046366666666666,False,12.545866666666667,False,12.045366666666666,False,14.948266666666667,True,13.046366666666668,False,14.047366666666667,True,0.1,20,10,0.1001,86,31,4,14.9473,15.9473,16.9473,18.9473,True,False,False,False,12.9473,11.9473,10.9473,8.9473,False,False,False,False
val_tune,5056964274,4,CH,"[[7.5, 11.1]]",3.6,2-5s,1.4348,True,False,2.002,False,2.5025,False,3.003,False,1.001,False,0.5005,False,,,2.3690333333333333,False,1.1344666666666667,False,2.002,False,0.15,20,52,0.5672,125,55,4,2.4348,3.4348,4.4348,6.4348,False,False,False,False,0.4348,0.0,0.0,0.0,False,False,False,False
val_tune,11871253306,1,CW,"[[3.2, 5.4]]",2.2,2-5s,13.0797,True,False,13.5135,False,14.014,False,14.447766666666666,False,12.679333333333334,False,12.012,False,11.478133333333334,False,13.146466666666667,False,12.045366666666666,False,13.5135,False,0.0,20,56,0.4338,173,74,4,14.0797,15.0797,16.0797,18.0797,False,False,False,False,12.0797,11.0797,10.0797,8.0797,False,False,False,False
val_tune,6233408665,9,CH,"[[8.7, 13.7]]",5.0,5-10s,12.0454,True,True,12.445766666666668,True,13.046366666666666,True,13.4134,True,11.644966666666667,True,11.044366666666667,True,10.443766666666667,True,14.948266666666667,False,11.945266666666667,True,12.445766666666668,True,0.0,20,109,0.4004,300,131,4,13.0454,14.0454,15.0454,17.0454,True,False,False,False,11.0454,10.0454,9.0454,7.0454,True,True,True,False
val_tune,10607095936,9,TN,"[[24.3, 28.8]]",4.5,2-5s,8.6753,True,False,8.742075408742075,False,10.01001001001001,False,11.478144811478145,False,8.008008008008009,False,7.540874207540874,False,6.006006006006006,False,10.744077410744078,False,6.106106106106107,False,8.742075408742075,False,0.15,20,34,0.0667,126,44,4,9.6753,10.6753,11.6753,13.6753,False,False,False,False,7.6753,6.6753,5.6753,3.6753,False,False,False,False
val_tune,5833145209,0,CH,"[[10.8, 12.1]]",1.3,<2s,16.3497,True,False,16.750066666666665,False,,,,,16.049366666666668,False,15.548866666666667,False,15.048366666666666,False,16.783433333333335,False,14.948266666666667,False,16.449766666666665,False,0.0,20,1,0.4004,68,30,4,17.0,17.0,17.0,17.0,False,False,False,False,15.3497,14.3497,13.3497,11.3497,False,False,False,True
val_tune,6806999702,11,TC,"[[88.5, 90.0]]",1.5,<2s,87.0203,True,False,87.12036666666667,False,87.52076666666666,False,88.12136666666666,False,86.11936666666666,False,85.61886666666666,False,85.11836666666666,False,87.92116666666666,False,86.45303333333334,False,87.12036666666667,False,0.6,20,6,0.1001,360,135,4,88.0203,89.0203,90.0,90.0,False,True,True,True,86.0203,85.0203,84.0203,82.0203,False,False,False,False
val_tune,3455926688,4,CH,"[[5.0, 20.3]]",15.3,>=10s,7.44,True,True,8.4,True,8.88,True,9.84,True,7.2,True,6.72,True,6.0,True,8.32,True,6.76,True,7.56,True,0.75,20,21,0.96,74,32,4,8.44,9.44,10.44,12.44,True,True,True,True,6.44,5.44,4.44,2.44,True,True,False,False
val_tune,3741143820,6,TN,"[[6.1, 11]]",4.9,2-5s,8.008,True,True,9.009,True,10.01,True,11.011,False,7.007,True,6.006,False,5.6056,False,9.342666666666666,True,7.9412666666666665,True,8.1081,True,0.85,20,3,1.001,46,16,4,9.008,10.008,11.0,11.0,True,True,True,True,7.008,6.008,5.008,3.008,True,False,False,False
val_tune,5679866364,0,CW,"[[3.0, 21.0]]",18.0,>=10s,8.642,True,True,9.042366666666666,True,9.6096,True,10.043366666666667,True,8.441766666666666,True,8.041366666666667,True,7.440766666666667,True,9.042366666666666,True,7.040366666666666,True,8.942266666666667,True,0.7,20,29,0.4004,100,43,4,9.642,10.642,11.642,13.642,True,True,True,True,7.642,6.642,5.642,3.642,True,True,True,True
val_tune,12392885583,5,CW,"[[0.0, 13.4]]",13.4,>=10s,24.6913,True,False,25.558866666666667,False,26.69333333333333,False,27.060366666666667,False,24.057366666666667,False,23.590233333333334,False,22.055366666666668,False,25.2252,False,24.090733333333333,False,24.791433333333334,False,0.0,20,9,0.8675,110,43,4,25.6913,26.6913,27.6913,29.6913,False,False,False,False,23.6913,22.6913,21.6913,19.6913,False,False,False,False
val_tune,8189958994,4,CW,"[[3.8, 9.3]]",5.5,5-10s,5.8392,True,True,6.039366666666667,True,6.539866666666667,True,7.040366666666666,True,5.438766666666667,True,5.038366666666667,True,4.437766666666667,True,7.1738333333333335,True,5.572233333333333,True,6.039366666666667,True,0.05,20,95,0.2002,250,104,4,6.8392,7.8392,8.8392,10.8392,True,True,True,False,4.8392,3.8392,2.8392,0.8392,True,True,False,False
val_tune,7308042410,5,TN,"[[21.5, 27.3]]",5.8,5-10s,4.0374,True,False,5.038366666666667,False,5.438766666666667,False,6.039366666666667,False,3.036366666666667,False,2.0353666666666665,False,1.0343666666666667,False,5.171833333333334,False,3.937266666666667,False,4.337666666666666,False,0.3,20,42,1.001,137,47,4,5.0374,6.0374,7.0374,9.0374,False,False,False,False,3.0374,2.0374,1.0374,0.0,False,False,False,False
val_tune,2669452260,5,CW,"[[7.2, 9.0]]",1.8,<2s,10.9109,True,False,11.011,False,12.012,False,12.579233333333333,False,10.01,False,9.009,False,8.008,True,10.944266666666667,False,8.141466666666666,True,11.011,False,0.0,20,7,0.1001,62,21,4,11.9109,12.9109,13.9109,15.0,False,False,False,False,9.9109,8.9109,7.9109,5.9109,False,True,True,False
val_tune,3869005094,2,CW,"[[4.5, 8.9]]",4.4,2-5s,9.009,True,False,9.4094,False,,,,,8.008,True,7.007,True,6.6066,True,9.943266666666666,False,7.9412666666666665,True,9.1091,False,0.0,20,1,0.4004,40,15,4,10.0,10.0,10.0,10.0,False,False,False,False,8.009,7.009,6.009,4.009,True,True,True,False
val_tune,4276006683,1,CW,"[[0.2, 26.1]]",25.9,>=10s,12.9796,True,True,13.013,True,14.014,True,14.4144,True,12.012,True,11.4114,True,11.011,True,13.246566666666666,True,12.345666666666666,True,13.013,True,1.0,20,22,0.0334,107,42,4,13.9796,14.9796,15.9796,17.9796,True,True,True,True,11.9796,10.9796,9.9796,7.9796,True,True,True,True
val_tune,2793806282,9,TN,"[[36.9, 41.3]]",4.4,2-5s,64.03,True,False,,,,,,,63.997,False,63.63,False,63.063,False,64.23154701718909,False,59.86046511627907,False,64.197,False,0.0,20,0,,259,85,4,64.0,64.0,64.0,64.0,False,False,False,False,63.03,62.03,61.03,59.03,False,False,False,False
val_tune,5056964274,2,CH,"[[9.2, 17.5]]",8.3,5-10s,0.0,True,False,0.5005,False,1.001,False,1.4347666666666667,False,,,,,,,1.1344666666666667,False,,,0.5005,False,0.4,20,55,0.5005,125,55,4,1.0,2.0,3.0,5.0,False,False,False,False,0.0,0.0,0.0,0.0,False,False,False,False
val_tune,2697261300,3,TC,"[[20.1, 25.3]]",5.2,5-10s,20.5539,True,True,21.021,True,21.6216,True,22.022,True,20.02,False,19.019,False,18.651966666666667,False,20.954266666666665,True,20.3203,True,20.653966666666665,True,0.2,20,41,0.4671,187,73,4,21.5539,22.5539,23.5539,25.5539,True,True,True,False,19.5539,18.5539,17.5539,15.5539,False,False,False,False
val_tune,6592821115,1,CW,"[[53.4, 64.2]]",10.8,>=10s,55.1667,True,True,55.208333333333336,True,56.0,True,56.458333333333336,True,53.958333333333336,True,52.708333333333336,False,51.958333333333336,False,57.416666666666664,True,52.416666666666664,False,55.208333333333336,True,0.3,20,25,0.0417,253,99,4,56.1667,57.1667,58.1667,60.1667,True,True,True,True,54.1667,53.1667,52.1667,50.1667,True,False,False,False
val_tune,8224492254,3,CW,"[[11.2, 14.9], [21.1, 28.6]]",11.2,>=10s,22.12,True,True,22.84,True,23.56,True,24.04,True,21.64,True,20.92,False,20.44,False,22.72,True,21.52,True,22.24,True,0.3,20,20,0.72,131,49,4,23.12,24.12,25.12,27.12,True,True,True,True,21.12,20.12,19.12,17.12,True,False,False,False
val_tune,6727904179,2,CW,"[[8.6, 11.7]]",3.1,2-5s,15.2152,True,False,15.4154,False,16.049366666666668,False,17.050366666666665,False,15.048366666666666,False,14.547866666666666,False,14.047366666666667,False,16.082733333333334,False,13.146466666666667,False,15.4154,False,0.0,20,29,0.2002,130,53,4,16.2152,17.2152,18.2152,20.2152,False,False,False,False,14.2152,13.2152,12.2152,10.2152,False,False,False,True
val_tune,4249756405,1,CW,"[[0.2, 32]]",31.8,>=10s,20.9793,True,True,21.27125,True,22.022,True,22.5225,True,20.02,True,19.26925,True,18.76875,True,25.442083333333333,True,20.43708333333333,True,21.062708333333333,True,1.0,20,15,0.292,104,42,4,21.9793,22.9793,23.9793,25.9793,True,True,True,True,19.9793,18.9793,17.9793,15.9793,True,True,True,True
val_tune,4244817395,10,TN,"[[51.1, 62.4]]",11.3,>=10s,36.36,True,False,37.2,False,38.4,False,39.0,False,36.0,False,35.52,False,34.8,False,37.12,False,35.92,False,37.08,False,0.35,20,46,0.84,226,96,4,37.36,38.36,39.36,41.36,False,False,False,False,35.36,34.36,33.36,31.36,False,False,False,False
val_tune,3861485381,5,CH,"[[4.6, 11.3], [12.3, 15.8], [26.7, 29.8], [42.9, 48.2]]",18.6,>=10s,1.001,True,False,1.6016,False,2.002,False,2.5025,False,0.3003,False,,,,,1.8351666666666666,False,0.46713333333333334,False,1.4014,False,0.3,20,141,0.6006,359,143,4,2.001,3.001,4.001,6.001,False,False,False,True,0.001,0.0,0.0,0.0,False,False,False,False
val_tune,8493226484,5,TN,"[[15.8, 19.5]]",3.7,2-5s,17.6843,True,True,18.051366666666667,True,19.052366666666668,True,19.652966666666668,False,17.050366666666665,True,16.049366666666668,True,15.648966666666666,False,17.817800000000002,True,17.183833333333332,True,17.784433333333332,True,0.1,20,25,0.367,134,55,4,18.6843,19.6843,20.6843,22.6843,True,False,False,False,16.6843,15.6843,14.6843,12.6843,True,False,False,False
val_tune,3508407941,0,CH,"[[0.3, 9.8], [13.7, 20.3]]",16.1,>=10s,18.8939,True,True,19.394375,True,20.02,True,20.812458333333332,False,18.76875,True,17.5175,True,17.017,True,21.396375,False,17.434083333333334,True,19.26925,True,0.5,20,4,0.5005,70,28,4,19.8939,20.8939,21.0,21.0,True,False,False,False,17.8939,16.8939,15.8939,13.8939,True,True,True,True
val_tune,2697214342,2,CW,"[[18.1, 40.6], [47.3, 49.9]]",25.1,>=10s,22.022,True,True,22.4224,True,23.023,True,23.5235,True,21.6216,True,21.021,True,20.6206,True,23.490133333333333,True,21.955266666666667,True,22.4224,True,0.8,20,49,0.4004,200,91,4,23.022,24.022,25.022,27.022,True,True,True,True,21.022,20.022,19.022,17.022,True,True,True,False
val_tune,4219909195,2,CW,"[[14.4, 16.5]]",2.1,2-5s,12.012,True,False,13.013,False,14.014,False,14.4144,True,11.4114,False,11.011,False,10.4104,False,12.579233333333333,False,10.944266666666667,False,12.1121,False,0.05,20,34,1.001,136,53,4,13.012,14.012,15.012,17.012,False,False,True,False,11.012,10.012,9.012,7.012,False,False,False,False
val_tune,3107742409,0,CW,"[[0.0, 4.2]]",4.2,2-5s,19.019,True,False,19.6196,False,20.02,False,20.6206,False,18.6186,False,18.018,False,17.6176,False,19.953266666666668,False,18.952266666666667,False,19.3193,False,0.0,20,57,0.6006,215,83,4,20.019,21.019,22.019,24.019,False,False,False,False,18.019,17.019,16.019,14.019,False,False,False,False
val_tune,8811725760,5,CW,"[[6.7, 12.1]]",5.4,5-10s,13.1798,True,False,13.74708041374708,False,14.180847514180847,False,14.581247914581247,False,12.679346012679346,False,12.178845512178846,False,8.341675008341674,True,14.68134801468135,False,11.144477811144478,True,13.380046713380047,False,0.0,20,11,0.5672,66,23,4,14.1798,15.1798,16.1798,18.1798,False,False,False,False,12.1798,11.1798,10.1798,8.1798,False,True,True,True
val_tune,11849091804,0,TC,"[[0.0, 25.5]]",25.5,>=10s,12.8462,True,True,13.013,True,13.555208333333333,True,14.014,True,12.012,True,10.969291666666667,True,10.01,True,15.056708333333333,True,9.300958333333332,True,13.013,True,0.25,20,49,0.1668,162,63,4,13.8462,14.8462,15.8462,17.8462,True,True,True,True,11.8462,10.8462,9.8462,7.8462,True,True,True,True
val_tune,5766018720,0,CH,"[[2.8, 14.2]]",11.4,>=10s,25.0584,True,False,25.692333333333334,False,26.059366666666666,False,26.459766666666667,False,24.057366666666667,False,23.556866666666668,False,23.056366666666666,False,26.159466666666667,False,23.690333333333335,False,25.392033333333334,False,0.0,20,59,0.634,244,99,4,26.0584,27.0584,28.0584,30.0584,False,False,False,False,24.0584,23.0584,22.0584,20.0584,False,False,False,False
val_tune,3821781616,1,CW,"[[1.6, 7.0]]",5.4,5-10s,3.5035,True,True,3.6036,True,4.004,True,5.005,True,3.003,True,2.002,True,1.001,False,4.070733333333333,True,2.435766666666667,True,3.6036,True,0.2,20,34,0.1001,100,38,4,4.5035,5.5035,6.5035,8.5035,True,True,True,False,2.5035,1.5035,0.5035,0.0,True,False,False,False
val_tune,6592821115,4,TC,"[[12.3, 14.8], [41.4, 45.1]]",6.2,5-10s,1.25,True,False,1.2916666666666667,False,2.0833333333333335,False,2.5416666666666665,False,0.375,False,,,,,6.0,False,0.0,False,1.2916666666666667,False,0.05,20,98,0.0417,253,99,4,2.25,3.25,4.25,6.25,False,False,False,False,0.25,0.0,0.0,0.0,False,False,False,False
val_tune,5766018720,8,CW,"[[39.7, 55.9]]",16.2,>=10s,33.667,True,False,34.10073333333333,False,34.60123333333333,False,35.06836666666667,False,33.06636666666667,False,32.565866666666665,False,32.06536666666667,False,33.96726666666667,False,33.166466666666665,False,33.96726666666667,False,0.7,20,44,0.4338,244,99,4,34.667,35.667,36.667,38.667,False,False,False,False,32.667,31.667,30.667,28.667,False,False,False,False
val_tune,4698622422,6,CW,"[[38.0, 41.7]]",3.7,2-5s,41.041,True,True,41.708333333333336,False,,,,,40.4404,True,40.04,True,39.039,True,41.641600000000004,True,40.30693333333333,True,41.17446666666667,True,0.65,20,1,0.6673,169,62,4,42.0,42.0,42.0,42.0,False,False,False,False,40.041,39.041,38.041,36.041,True,True,True,False
val_tune,7442562474,7,CH,"[[15.6, 17.2]]",1.6,<2s,7.0404,True,False,7.6409666666666665,False,8.041366666666667,False,8.541866666666667,False,6.439766666666666,False,6.039366666666667,False,5.538866666666666,False,8.041366666666667,False,6.940266666666667,False,7.240566666666667,False,0.1,20,22,0.6006,80,34,4,8.0404,9.0404,10.0404,12.0404,False,False,False,False,6.0404,5.0404,4.0404,2.0404,False,False,False,False
val_tune,5129152550,1,CW,"[[22.6, 23.6]]",1.0,<2s,50.9509,True,False,51.051,False,51.5515,False,52.052,False,50.5505,False,50.05,False,49.5495,False,53.48676666666667,False,50.116733333333336,False,51.017633333333336,False,0.0,20,63,0.1001,360,139,4,51.9509,52.9509,53.9509,55.9509,False,False,False,False,49.9509,48.9509,47.9509,45.9509,False,False,False,False
val_tune,4036955771,3,TN,"[[41.8, 49.7]]",7.9,5-10s,83.0163,True,False,83.083,False,83.5835,False,84.084,False,82.4824,False,82.082,False,81.081,False,83.61686666666667,False,82.7827,False,83.083,False,0.0,20,14,0.0667,360,164,4,84.0163,85.0163,86.0163,88.0163,False,False,False,False,82.0163,81.0163,80.0163,78.0163,False,False,False,False
val_tune,6988748711,5,TN,"[[4.1, 10.9]]",6.8,5-10s,1.001,True,False,1.0343666666666667,False,1.6349666666666667,False,2.0353666666666665,False,0.5005,False,,,,,5.839166666666666,True,0.0,False,1.0343666666666667,False,0.2,20,82,0.0334,203,83,4,2.001,3.001,4.001,6.001,False,False,False,True,0.001,0.0,0.0,0.0,False,False,False,False
val_tune,3626788516,0,CW,"[[0.1, 2.8]]",2.7,2-5s,11.2613,True,False,12.5125,False,13.26325,False,13.76375,False,10.593916666666667,False,10.01,False,9.384375,False,13.430083333333332,False,6.589916666666666,False,11.386375,False,0.0,20,3,1.2512,46,18,4,12.2613,13.2613,14.0,14.0,False,False,False,False,10.2613,9.2613,8.2613,6.2613,False,False,False,False
val_tune,11503803033,6,CH,"[[3.1, 5.9], [10.2, 13.6], [16.1, 20.7]]",10.8,>=10s,16.016,True,False,16.149466666666665,True,16.583233333333332,True,17.5175,True,15.181833333333334,False,14.447766666666666,False,14.014,False,17.350666666666665,True,13.580233333333334,True,16.149466666666665,True,1.0,20,6,0.1335,74,27,4,17.016,18.016,19.016,21.0,True,True,True,False,15.016,14.016,13.016,11.016,False,False,True,True
val_tune,3049351381,3,CW,"[[19.7, 26.8]]",7.1,5-10s,24.024,True,True,24.4244,True,25.025,True,25.5255,True,23.490133333333333,True,23.023,True,22.5225,True,29.863166666666668,False,23.456766666666667,True,24.1241,True,0.05,20,49,0.4004,207,93,4,25.024,26.024,27.024,29.024,True,True,False,False,23.024,22.024,21.024,19.024,True,True,True,False
val_tune,7223854838,3,CW,"[[2.8, 3.4], [4.1, 5.3], [5.8, 5.9], [11.7, 12.0], [12.3, 12.6]]",2.5,2-5s,14.3333,True,False,15.041666666666666,False,15.666666666666666,False,16.291666666666668,False,13.791666666666666,False,12.541666666666666,True,11.791666666666666,True,15.041666666666666,False,14.0,False,14.458333333333334,False,0.0,20,3,0.7083,56,23,4,15.3333,16.3333,17.0,17.0,False,False,False,False,13.3333,12.3333,11.3333,9.3333,False,True,False,False
val_tune,5902452647,3,CW,"[[25.3, 27]]",1.7,<2s,22.389,True,False,23.056366666666666,False,24.057366666666667,False,25.058366666666668,False,22.055366666666668,False,21.4214,False,21.054366666666667,False,23.9239,False,22.155466666666666,False,22.956266666666668,False,0.25,20,7,0.6673,110,43,4,23.389,24.389,25.389,27.0,False,False,True,True,21.389,20.389,19.389,17.389,False,False,False,False
val_tune,4164771889,0,TC,"[[5.1, 16.8]]",11.7,>=10s,8.9089,True,True,9.009,True,9.6096,True,10.01,True,8.375033333333333,True,8.008,True,7.4074,True,8.942266666666667,True,5.572233333333333,True,9.009,True,1.0,20,12,0.1001,68,25,4,9.9089,10.9089,11.9089,13.9089,True,True,True,True,7.9089,6.9089,5.9089,3.9089,True,True,True,False
val_tune,7416295940,2,TN,"[[29.7, 34.0]]",4.3,2-5s,45.7457,True,False,46.2462,False,46.7467,False,47.1471,False,45.2452,False,44.7447,False,44.3443,False,46.379666666666665,False,45.1451,False,46.046,False,0.0,20,53,0.5005,351,122,4,46.7457,47.7457,48.7457,50.7457,False,False,False,False,44.7457,43.7457,42.7457,40.7457,False,False,False,False
val_tune,4838113006,0,CW,"[[19.5, 44.0]]",24.5,>=10s,28.1281,True,True,28.6286,True,29.029,True,29.4294,True,28.028,True,27.2272,True,26.8268,True,33.19983333333333,True,26.659966666666666,True,28.5285,True,0.2,20,97,0.5005,360,143,4,29.1281,30.1281,31.1281,33.1281,True,True,True,True,27.1281,26.1281,25.1281,23.1281,True,True,True,True
val_tune,2834146886,5,CH,"[[0.0, 2.2], [37.2, 44.2]]",9.2,5-10s,36.8034,True,False,37.037,False,37.6376,True,38.038,True,36.603233333333336,False,36.036,False,35.5355,False,37.70433333333333,True,35.101733333333335,False,37.037,False,0.25,20,41,0.2336,251,101,4,37.8034,38.8034,39.8034,41.8034,True,True,True,True,35.8034,34.8034,33.8034,31.8034,False,False,False,False
val_tune,7999756100,6,CH,"[[9.8, 13.7]]",3.9,2-5s,19.4861,True,False,20.053366666666665,False,20.4204,False,,,19.052366666666668,False,18.051366666666667,False,17.650966666666665,False,20.553866666666668,False,17.951266666666665,False,19.853166666666667,False,0.0,20,2,0.5672,83,34,4,20.4861,21.0,21.0,21.0,False,False,False,False,18.4861,17.4861,16.4861,14.4861,False,False,False,False
val_tune,7001078933,2,CW,"[[12.2, 12.8]]",0.6,<2s,17.7844,True,False,18.051366666666667,False,18.551866666666665,False,19.052366666666668,False,17.684333333333335,False,17.050366666666665,False,16.549866666666667,False,19.185833333333335,False,17.217200000000002,False,17.884533333333334,False,0.0,20,5,0.2669,86,37,4,18.7844,19.7844,20.7844,21.0,False,False,False,False,16.7844,15.7844,14.7844,12.7844,False,False,False,True
val_tune,5907839036,0,CW,"[[0.0, 7.8]]",7.8,5-10s,4.7381,True,True,5.038366666666667,True,5.638966666666667,True,6.039366666666667,True,4.537866666666667,True,4.037366666666666,True,3.036366666666667,True,5.038366666666667,True,4.037366666666666,True,4.838166666666667,True,0.0,20,145,0.3003,360,153,4,5.7381,6.7381,7.7381,9.7381,True,True,True,False,3.7381,2.7381,1.7381,0.0,True,True,True,True
val_tune,7492398760,5,CW,"[[75.9, 77.6]]",1.7,<2s,88.722,True,False,89.12236666666666,False,,,,,88.12136666666666,False,87.12036666666667,False,86.71996666666666,False,89.12236666666666,False,88.12136666666667,False,88.82206666666667,False,0.0,20,1,0.4004,361,123,4,89.722,90.0,90.0,90.0,False,False,False,False,87.722,86.722,85.722,83.722,False,False,False,False
val_tune,4276006683,7,TC,"[[19.1, 23.4]]",4.3,2-5s,4.004,True,False,4.371033333333333,False,5.005,False,5.472133333333334,False,3.003,False,2.5358666666666667,False,2.002,False,4.4044,False,3.7370666666666668,False,4.371033333333333,False,0.05,20,35,0.367,107,42,4,5.004,6.004,7.004,9.004,False,False,False,False,3.004,2.004,1.004,0.0,False,False,False,False
val_tune,2782658657,0,CW,"[[0.0, 5.2]]",5.2,5-10s,4.4044,True,True,5.005,True,5.939266666666667,False,7.007,False,4.004,True,3.5368666666666666,True,3.1031,True,5.238566666666666,False,3.8705333333333334,True,4.971633333333333,True,0.0,20,32,0.6006,106,41,4,5.4044,6.4044,7.4044,9.4044,False,False,False,False,3.4044,2.4044,1.4044,0.0,True,True,True,True
val_tune,7059877301,5,TN,"[[25.6, 28.4]]",2.8,2-5s,23.5569,True,False,24.057366666666667,False,25.058366666666668,False,26.059366666666666,True,23.456766666666667,False,23.056366666666666,False,22.055366666666668,False,23.790433333333333,False,22.856166666666667,False,23.957266666666666,False,0.4,20,11,0.5005,123,50,4,24.5569,25.5569,26.5569,28.5569,False,False,True,False,22.5569,21.5569,20.5569,18.5569,False,False,False,False
val_tune,9531760182,11,TN,"[[6.2, 9.6]]",3.4,2-5s,43.96,True,False,44.44,False,45.64,False,46.6,False,43.12,False,42.28,False,41.64,False,44.36,False,42.92,False,44.32,False,0.0,20,48,0.48,257,104,4,44.96,45.96,46.96,48.96,False,False,False,False,42.96,41.96,40.96,38.96,False,False,False,False
val_tune,4164771889,6,CW,"[[5.3, 10.2]]",4.9,2-5s,5.8058,True,True,6.006,True,7.007,True,7.4074,True,5.005,False,4.6046,False,4.004,False,8.942266666666667,True,5.572233333333333,True,5.9059,True,0.4,20,17,0.2002,68,25,4,6.8058,7.8058,8.8058,10.8058,True,True,True,False,4.8058,3.8058,2.8058,0.8058,False,False,False,False
val_tune,9217939684,1,CW,"[[1.3, 9.5]]",8.2,5-10s,59.5417,True,False,60.291666666666664,False,62.041666666666664,False,62.541666666666664,False,59.458333333333336,False,58.375,False,57.375,False,62.708333333333336,False,58.625,False,59.875,False,0.0,20,9,0.75,175,67,4,60.5417,61.5417,62.5417,64.5417,False,False,False,False,58.5417,57.5417,56.5417,54.5417,False,False,False,False
val_tune,4488066715,7,TC,"[[62.6, 69.4]]",6.8,5-10s,3.2032,True,False,3.5702333333333334,False,4.004,False,4.5045,False,3.003,False,2.6026,False,2.002,False,4.070733333333333,False,0.9342666666666667,False,3.5702333333333334,False,0.0,20,150,0.367,352,155,4,4.2032,5.2032,6.2032,8.2032,False,False,False,False,2.2032,1.2032,0.2032,0.0,False,False,False,False
val_tune,7531285946,1,CW,"[[5.4, 20.0]]",14.6,>=10s,8.5419,True,True,9.042366666666666,True,9.542866666666667,True,10.043366666666667,True,8.041366666666667,True,7.6409666666666665,True,7.040366666666666,True,9.275933333333333,True,8.241566666666667,True,8.641966666666667,True,0.4,20,50,0.5005,162,66,4,9.5419,10.5419,11.5419,13.5419,True,True,True,True,7.5419,6.5419,5.5419,3.5419,True,True,True,False
val_tune,5854324479,3,CW,"[[16.8, 21.7]]",4.9,2-5s,21.5632,True,True,,,,,,,21.312958333333334,True,20.061708333333332,True,18.810458333333333,True,21.646625,True,20.979291666666665,True,,,,0,0,,70,26,4,22.0,22.0,22.0,22.0,False,False,False,False,20.5632,19.5632,18.5632,16.5632,True,True,True,False
val_tune,5138093706,7,TN,"[[21.2, 25.5]]",4.3,2-5s,24.9249,True,True,25.025,True,26.026,False,27.027,False,24.024,True,23.6236,True,23.023,True,25.959266666666668,False,23.957266666666666,True,24.991633333333333,True,0.15,20,9,0.1001,125,52,4,25.9249,26.9249,27.9249,29.9249,False,False,False,False,23.9249,22.9249,21.9249,19.9249,True,True,True,False
val_tune,9217939684,12,CH,"[[59.3, 62.9]]",3.6,2-5s,18.9583,True,False,19.166666666666668,False,20.0,False,21.541666666666668,False,18.666666666666668,False,18.166666666666668,False,17.708333333333332,False,19.875,False,16.25,False,19.166666666666668,False,0.05,20,48,0.2083,175,67,4,19.9583,20.9583,21.9583,23.9583,False,False,False,False,17.9583,16.9583,15.9583,13.9583,False,False,False,False
val_tune,3145698830,7,TN,"[[18.0, 27.1]]",9.1,5-10s,9.6096,True,False,10.01,False,11.011,False,12.012,False,9.009,False,8.008,False,7.5075,False,10.643966666666667,False,7.9412666666666665,False,10.01,False,0.15,20,80,0.4004,236,98,4,10.6096,11.6096,12.6096,14.6096,False,False,False,False,8.6096,7.6096,6.6096,4.6096,False,False,False,False
val_tune,2717347132,3,CW,"[[12.5, 27]]",14.5,>=10s,22.9229,True,True,23.023,True,23.5235,True,24.024,True,22.6226,True,22.022,True,21.4214,True,23.356666666666666,True,22.055366666666668,True,23.023,True,0.9,20,9,0.1001,110,45,4,23.9229,24.9229,25.9229,27.0,True,True,True,True,21.9229,20.9229,19.9229,17.9229,True,True,True,True
val_tune,2503404966,1,CW,"[[0.0, 3.6], [7.7, 24.3]]",20.2,>=10s,4.5045,True,False,5.005,False,5.4054,False,6.006,False,4.004,False,3.6036,False,3.003,True,5.171833333333334,False,2.435766666666667,True,4.6046,False,0.65,20,39,0.5005,112,47,4,5.5045,6.5045,7.5045,9.5045,False,False,False,True,3.5045,2.5045,1.5045,0.0,True,True,True,True
val_tune,3046900922,1,CW,"[[4.0, 12.8]]",8.8,5-10s,4.371,True,True,5.005,True,5.472133333333334,True,6.006,True,4.004,True,3.4034,False,3.003,False,5.8058000000000005,True,1.9352666666666667,False,4.8048,True,0.5,20,22,0.634,72,30,4,5.371,6.371,7.371,9.371,True,True,True,True,3.371,2.371,1.371,0.0,False,False,False,False
val_tune,3359075894,0,CW,"[[0.1, 7.8]]",7.7,5-10s,11.52,True,False,12.0,False,12.72,False,13.2,False,10.8,False,10.08,False,9.6,False,11.92,False,10.72,False,11.76,False,0.0,20,6,0.48,56,21,4,12.52,13.52,14.52,16.52,False,False,False,False,10.52,9.52,8.52,6.52,False,False,False,True
val_tune,4949582792,8,CH,"[[75.1, 85.1]]",10.0,>=10s,63.3633,True,False,64.064,False,64.6646,False,65.065,False,63.063,False,62.4624,False,62.062,False,63.99726666666667,False,62.69596666666667,False,63.9639,False,0.3,20,44,0.7007,353,148,4,64.3633,65.3633,66.3633,68.3633,False,False,False,False,62.3633,61.3633,60.3633,58.3633,False,False,False,False
val_tune,7164729910,5,CW,"[[26.6, 27]]",0.4,<2s,17.0,True,False,17.541666666666668,False,18.041666666666668,False,18.791666666666668,False,16.625,False,16.083333333333332,False,15.041666666666666,False,17.25,False,14.708333333333334,False,17.541666666666668,False,0.0,20,15,0.5417,88,39,4,18.0,19.0,20.0,22.0,False,False,False,False,16.0,15.0,14.0,12.0,False,False,False,False
val_tune,3218498932,6,TN,"[[12.2, 14.1]]",1.9,<2s,23.7237,True,False,24.024,False,24.4244,False,25.025,False,23.023,False,22.4224,False,22.022,False,24.157466666666668,False,21.955266666666667,False,24.024,False,0.0,20,11,0.3003,120,50,4,24.7237,25.7237,26.7237,28.7237,False,False,False,False,22.7237,21.7237,20.7237,18.7237,False,False,False,False
val_tune,3145698830,8,TN,"[[28.2, 34.9]]",6.7,5-10s,33.8338,True,True,34.034,True,34.4344,True,35.035,False,33.033,True,32.032,True,31.4314,True,40.10673333333333,False,31.96526666666667,True,33.9339,True,0.05,20,43,0.2002,236,98,4,34.8338,35.8338,36.8338,38.8338,True,False,False,False,32.8338,31.8338,30.8338,28.8338,True,True,True,True
val_tune,2604394962,0,CW,"[[0.0, 4.6]]",4.6,2-5s,0.9009,True,True,1.001,True,1.6016,True,2.002,True,0.5005,True,,,,,0.9342666666666667,True,0.0,True,1.001,True,0.1,20,67,0.1001,144,68,4,1.9009,2.9009,3.9009,5.9009,True,True,True,False,0.0,0.0,0.0,0.0,True,True,True,True
val_tune,8811725760,2,CW,"[[3.9, 7.3]]",3.4,2-5s,19.5195,True,False,20.053386720053386,False,,,,,19.41941941941942,False,18.685352018685354,False,17.91791791791792,False,19.686353019686354,False,19.01901901901902,False,19.91991991991992,False,0.0,20,1,0.5339,66,23,4,20.5195,21.0,21.0,21.0,False,False,False,False,18.5195,17.5195,16.5195,14.5195,False,False,False,False
val_tune,5679866364,3,TN,"[[0.0, 3.5]]",3.5,2-5s,8.9423,True,False,9.042366666666666,False,9.6096,False,10.043366666666667,False,8.441766666666666,False,8.041366666666667,False,7.440766666666667,False,9.042366666666666,False,7.040366666666666,False,9.042366666666666,False,0.0,20,29,0.1001,100,43,4,9.9423,10.9423,11.9423,13.9423,False,False,False,False,7.9423,6.9423,5.9423,3.9423,False,False,False,False
val_tune,6031805098,2,CW,"[[0.0, 6.0]]",6.0,5-10s,37.037,True,False,37.5375,False,37.9379,False,38.5385,False,36.5365,False,35.5355,False,35.035,False,37.77106666666667,False,34.10073333333333,False,37.5375,False,0.0,20,15,0.5005,185,75,4,38.037,39.037,40.037,42.037,False,False,False,False,36.037,35.037,34.037,32.037,False,False,False,False
val_tune,3261079025,2,TN,"[[11.1, 15.0]]",3.9,2-5s,9.009,True,False,9.5095,False,10.01,False,10.4104,False,8.008,False,7.007,False,6.473133333333333,False,10.9109,False,1.9352666666666667,False,9.5095,False,0.4,20,16,0.5005,75,29,4,10.009,11.009,12.009,14.009,False,False,True,True,8.009,7.009,6.009,4.009,False,False,False,False
val_tune,8313365386,5,TN,"[[7.2, 13]]",5.8,5-10s,10.0417,True,True,11.291666666666666,True,12.541666666666666,True,13.166666666666666,False,9.416666666666666,True,8.791666666666666,True,8.0,True,10.666666666666666,True,8.791666666666666,True,11.041666666666666,True,0.85,20,3,1.25,43,18,4,11.0417,12.0417,13.0,13.0,True,True,True,True,9.0417,8.0417,7.0417,5.0417,True,True,False,False
val_tune,4123915842,4,TN,"[[0.0, 4.9]]",4.9,2-5s,2.8028,True,True,3.003,True,3.5035,True,4.004,True,2.5025,True,2.002,True,1.4014,True,2.9362666666666666,True,1.9352666666666667,True,3.003,True,0.05,20,34,0.2002,100,39,4,3.8028,4.8028,5.8028,7.8028,True,True,False,False,1.8028,0.8028,0.0,0.0,True,True,True,True
val_tune,10042935613,4,CW,"[[2.2, 9.4], [35.9, 39.4]]",10.7,>=10s,8.1415,True,True,10.01001001001001,False,11.277944611277945,False,12.012012012012011,False,8.008008008008009,True,7.607607607607608,True,6.9402736069402735,True,8.775442108775442,True,7.107107107107107,True,8.208208208208209,True,0.05,20,63,1.8685,200,75,4,9.1415,10.1415,11.1415,13.1415,True,False,False,False,7.1415,6.1415,5.1415,3.1415,True,True,True,True
val_tune,8171216955,1,CW,"[[0.1, 2.0]]",1.9,<2s,4.3377,True,False,4.537866666666667,False,5.038366666666667,False,6.039366666666667,False,4.037366666666666,False,3.5368666666666666,False,3.036366666666667,False,5.038366666666667,False,4.037366666666666,False,4.537866666666667,False,0.0,20,25,0.2002,75,33,4,5.3377,6.3377,7.3377,9.3377,False,False,False,False,3.3377,2.3377,1.3377,0.0,False,False,True,False
val_tune,2435100235,3,CW,"[[1.1, 6.4], [12.3, 14.5], [15.3, 16.0], [19.7, 41.0], [43.9, 47.2]]",32.8,>=10s,34.401,True,True,35.00163333333333,True,35.50213333333333,True,36.002633333333335,True,34.00063333333333,True,33.40003333333333,True,32.999633333333335,True,35.268566666666665,True,33.466766666666665,True,35.00163333333333,True,0.4,20,50,0.6006,256,107,4,35.401,36.401,37.401,39.401,True,True,True,True,33.401,32.401,31.401,29.401,True,True,True,True
val_tune,4488066715,3,CW,"[[0.6, 2.8], [26.8, 33.3]]",8.7,5-10s,2.6026,True,True,3.003,False,3.5702333333333334,False,4.004,False,2.002,True,1.001,True,0.5005,False,4.070733333333333,False,0.9342666666666667,True,2.9696333333333333,False,0.05,20,151,0.4004,352,155,4,3.6026,4.6026,5.6026,7.6026,False,False,False,False,1.6026,0.6026,0.0,0.0,True,True,False,False
val_tune,8189958994,9,TP,"[[0.1, 1.6]]",1.5,<2s,6.4398,True,False,6.539866666666667,False,7.040366666666666,False,8.041366666666667,False,6.039366666666667,False,5.438766666666667,False,5.038366666666667,False,7.1738333333333335,False,5.572233333333333,False,6.539866666666667,False,0.0,20,94,0.1001,250,104,4,7.4398,8.4398,9.4398,11.4398,False,False,False,False,5.4398,4.4398,3.4398,1.4398,False,False,False,True
val_tune,5349766264,1,CW,"[[10.8, 22.5]]",11.7,>=10s,27.4858,True,False,27.5275,False,28.77875,False,29.237541666666665,False,26.27625,False,25.650625,False,25.025,False,32.32395833333333,False,25.81745833333333,False,27.5275,False,0.0,20,65,0.0417,252,99,4,28.4858,29.4858,30.4858,32.4858,False,False,False,False,26.4858,25.4858,24.4858,22.4858,False,False,False,True
val_tune,2868183184,6,CH,"[[29.7, 51.5]]",21.8,>=10s,26.026,True,False,26.292,False,27.027,False,28.028,False,25.825,False,25.025,False,24.491,False,27.3943377148635,False,25.39231547017189,False,26.292,False,0.8,20,37,0.266,209,80,4,27.026,28.026,29.026,31.026,False,False,False,True,25.026,24.026,23.026,21.026,False,False,False,False
val_tune,6592821115,8,CW,"[[0.0, 3.3], [4.6, 15.2], [38.8, 42.9]]",18.0,>=10s,55.125,True,False,55.208333333333336,False,56.0,False,56.458333333333336,False,53.958333333333336,False,52.708333333333336,False,51.958333333333336,False,57.416666666666664,False,52.416666666666664,False,55.166666666666664,False,0.0,20,25,0.0833,253,99,4,56.125,57.125,58.125,60.125,False,False,False,False,54.125,53.125,52.125,50.125,False,False,False,False
val_tune,8604794910,1,CW,"[[3.5, 5.8]]",2.3,2-5s,5.3387,True,True,6.039366666666667,False,7.040366666666666,False,7.540866666666667,False,5.038366666666667,True,4.437766666666667,True,4.037366666666666,True,5.372033333333333,True,3.937266666666667,True,5.739066666666667,True,0.0,20,12,0.7007,55,22,4,6.3387,7.3387,8.3387,10.3387,False,False,False,False,4.3387,3.3387,2.3387,0.3387,True,False,False,False
val_tune,3711681535,8,TN,"[[13.0, 16.0]]",3.0,2-5s,4.004,True,False,4.6046,False,5.005,False,6.006,False,3.6036,False,3.003,False,2.5025,False,5.038366666666667,False,1.9352666666666667,False,4.6046,False,0.1,20,50,0.6006,144,58,4,5.004,6.004,7.004,9.004,False,False,False,False,3.004,2.004,1.004,0.0,False,False,False,False
val_tune,7364407194,4,CW,"[[0.0, 13.0]]",13.0,>=10s,3.75,True,True,3.7916666666666665,True,4.541666666666667,True,5.041666666666667,True,3.1666666666666665,True,2.5416666666666665,True,1.75,True,8.083333333333334,True,0.0,True,3.7916666666666665,True,1.0,20,13,0.0417,43,18,4,4.75,5.75,6.75,8.75,True,True,True,True,2.75,1.75,0.75,0.0,True,True,True,True
val_tune,9088819598,4,TN,"[[11.5, 16.2]]",4.7,2-5s,8.6753,True,False,8.742075408742075,False,9.275942609275942,False,11.511511511511511,True,8.341675008341674,False,7.5075075075075075,False,6.906906906906907,False,10.243576910243577,False,7.807807807807808,False,8.742075408742075,False,0.5,20,17,0.0667,70,28,4,9.6753,10.6753,11.6753,13.6753,False,False,True,True,7.6753,6.6753,5.6753,3.6753,False,False,False,False
val_tune,7536230796,5,TN,"[[53.2, 73.9]]",20.7,>=10s,52.7083,True,False,53.958333333333336,True,54.583333333333336,True,55.208333333333336,True,51.916666666666664,False,51.458333333333336,False,50.791666666666664,False,53.583333333333336,True,48.833333333333336,False,52.833333333333336,False,0.9,20,24,1.25,240,89,4,53.7083,54.7083,55.7083,57.7083,True,True,True,True,51.7083,50.7083,49.7083,47.7083,False,False,False,False
val_tune,6806999702,4,CW,"[[19.1, 25.9]]",6.8,5-10s,55.7557,True,False,56.08936666666666,False,57.09036666666667,False,58.091366666666666,False,55.5555,False,55.088366666666666,False,54.5545,False,55.88916666666667,False,55.088366666666666,False,56.08936666666666,False,0.0,20,52,0.3337,360,135,4,56.7557,57.7557,58.7557,60.7557,False,False,False,False,54.7557,53.7557,52.7557,50.7557,False,False,False,False
val_tune,4838113006,3,CW,"[[37.7, 41.7]]",4.0,2-5s,30.7974,True,False,31.031,False,32.032,False,33.033,False,30.03,False,29.4294,False,29.029,False,33.19983333333333,False,26.659966666666666,False,30.9309,False,0.05,20,93,0.2336,360,143,4,31.7974,32.7974,33.7974,35.7974,False,False,False,False,29.7974,28.7974,27.7974,25.7974,False,False,False,False
val_tune,2401167740,6,TN,"[[10.7, 12.3]]",1.6,<2s,11.711,True,True,12.012,True,,,,,11.611,True,11.011,True,10.543,False,12.045500505561174,True,10.977755308392316,True,11.778,True,0.3,20,1,0.301,53,21,4,12.711,13.0,13.0,13.0,False,False,False,False,10.711,9.711,8.711,6.711,True,False,False,False
val_tune,2584172238,8,TN,"[[16.2, 28.1]]",11.9,>=10s,13.8889,True,False,14.389375,False,15.015,False,15.5155,False,13.76375,False,13.26325,False,12.5125,False,15.598916666666666,False,9.426083333333333,False,14.389375,False,0.7,20,23,0.5005,96,42,4,14.8889,15.8889,16.8889,18.8889,False,False,True,True,12.8889,11.8889,10.8889,8.8889,False,False,False,False
val_tune,6297019062,7,TN,"[[0.7, 4.4]]",3.7,2-5s,22.9563,True,False,23.256566666666668,False,24.057366666666667,False,25.058366666666668,False,22.856166666666667,False,22.055366666666668,False,21.654966666666667,False,23.590233333333334,False,21.855166666666666,False,23.056366666666666,False,0.0,20,54,0.3003,234,91,4,23.9563,24.9563,25.9563,27.9563,False,False,False,False,21.9563,20.9563,19.9563,17.9563,False,False,False,False
val_tune,2696280239,3,CW,"[[8.8, 12.3]]",3.5,2-5s,9.7431,True,True,10.6106,True,10.977633333333333,True,11.344666666666667,True,9.676333333333334,True,8.9089,True,8.441766666666666,False,9.9099,True,7.7077,False,9.976633333333334,True,0.65,20,6,0.8675,54,24,4,10.7431,11.7431,12.7431,13.0,True,True,False,False,8.7431,7.7431,6.7431,4.7431,False,False,False,False
val_tune,12392885583,6,CH,"[[28.5, 31.0]]",2.5,2-5s,23.4901,True,False,23.590233333333334,False,24.057366666666667,False,24.691333333333333,False,22.055366666666668,False,21.588233333333335,False,21.154466666666668,False,24.090733333333333,False,22.756066666666666,False,23.590233333333334,False,0.45,20,12,0.1001,110,43,4,24.4901,25.4901,26.4901,28.4901,False,False,False,False,22.4901,21.4901,20.4901,18.4901,False,False,False,False
val_tune,8388104887,4,TN,"[[38.6, 41]]",2.4,2-5s,15.4488,True,False,16.016,False,16.449766666666665,False,16.983633333333334,False,15.048366666666666,False,14.447766666666666,False,13.446766666666667,False,15.582233333333333,False,14.347666666666667,False,16.016,False,0.05,20,42,0.5672,178,66,4,16.4488,17.4488,18.4488,20.4488,False,False,False,False,14.4488,13.4488,12.4488,10.4488,False,False,False,False
val_tune,4103088549,0,CW,"[[0.0, 3.7]]",3.7,2-5s,2.3023,True,True,2.4024,True,3.003,True,3.5035,True,2.002,True,1.001,True,,,2.5358666666666667,True,1.9352666666666667,True,2.4024,True,0.05,20,24,0.1001,67,26,4,3.3023,4.3023,5.3023,7.3023,True,False,False,False,1.3023,0.3023,0.0,0.0,True,True,True,True
val_tune,6592821115,5,TN,"[[13.2, 17.1]]",3.9,2-5s,1.25,True,False,1.2916666666666667,False,2.0833333333333335,False,2.5416666666666665,False,0.375,False,,,,,6.0,False,0.0,False,1.2916666666666667,False,0.05,20,98,0.0417,253,99,4,2.25,3.25,4.25,6.25,False,False,False,False,0.25,0.0,0.0,0.0,False,False,False,False
val_tune,5679866364,5,CW,"[[9.4, 19.7]]",10.3,>=10s,15.5489,True,True,15.648966666666666,True,16.049366666666668,True,16.649966666666668,True,15.048366666666666,True,14.547866666666666,True,14.047366666666667,True,16.049366666666668,True,14.047366666666667,True,15.648966666666666,True,0.3,20,16,0.1001,100,43,4,16.5489,17.5489,18.5489,20.5489,True,True,True,False,14.5489,13.5489,12.5489,10.5489,True,True,True,True
val_tune,3375218204,5,TN,"[[12.9, 21.6]]",8.7,5-10s,48.048,True,False,49.049,False,50.05,False,51.051,False,47.5475,False,47.047,False,46.6466,False,49.28256666666667,False,47.68096666666667,False,48.1481,False,0.0,20,40,1.001,299,118,4,49.048,50.048,51.048,53.048,False,False,False,False,47.048,46.048,45.048,43.048,False,False,False,False
val_tune,4671452046,8,CW,"[[0.2, 3.6]]",3.4,2-5s,18.8855,True,False,19.019,False,19.486133333333335,False,20.02,False,18.018,False,17.450766666666667,False,17.017,False,20.854166666666668,False,17.784433333333332,False,18.985633333333332,False,0.0,20,43,0.1335,175,72,4,19.8855,20.8855,21.8855,23.8855,False,False,False,False,17.8855,16.8855,15.8855,13.8855,False,False,False,False
val_tune,2834146886,1,CW,"[[19.1, 20.8]]",1.7,<2s,56.3563,True,False,57.057,False,57.5575,False,58.058,False,56.056,False,55.42203333333333,False,55.055,False,56.99026666666667,False,54.721333333333334,False,57.057,False,0.0,20,10,0.7007,251,101,4,57.3563,58.3563,59.3563,61.3563,False,False,False,False,55.3563,54.3563,53.3563,51.3563,False,False,False,False
val_tune,3550839192,1,TC,"[[6.2, 24.2]]",18.0,>=10s,15.8158,True,True,16.016,True,16.383033333333334,True,17.017,True,15.015,True,14.014,True,13.3133,True,17.550866666666668,True,11.378033333333333,True,15.982633333333334,True,0.6,20,31,0.2002,140,54,4,16.8158,17.8158,18.8158,20.8158,True,True,True,True,14.8158,13.8158,12.8158,10.8158,True,True,True,True
val_tune,4130504920,1,TC,"[[1.5, 7.0]]",5.5,5-10s,5.005,True,True,5.4054,True,6.006,True,6.4064,True,4.004,True,3.4034,True,3.003,True,5.939266666666667,True,4.437766666666667,True,5.2052,True,0.15,20,16,0.4004,58,25,4,6.005,7.005,8.005,10.005,True,False,False,False,4.005,3.005,2.005,0.005,True,True,True,False
val_tune,2697261300,5,TC,"[[20.6, 23.6]]",3.0,2-5s,21.7884,True,True,22.022,True,22.6226,True,23.023,True,21.6216,True,21.021,True,20.553866666666668,False,22.055366666666668,True,20.954266666666665,True,22.022,True,0.15,20,39,0.2336,187,73,4,22.7884,23.7884,24.7884,26.7884,True,False,False,False,20.7884,19.7884,18.7884,16.7884,True,False,False,False
val_tune,5833145209,6,TN,"[[9.8, 11.9]]",2.1,2-5s,0.5005,True,False,1.0343666666666667,False,2.0353666666666665,False,2.469133333333333,False,0.23356666666666667,False,,,,,1.3346666666666667,False,0.0,False,1.0343666666666667,False,0.15,20,29,0.5339,68,30,4,1.5005,2.5005,3.5005,5.5005,False,False,False,False,0.0,0.0,0.0,0.0,False,False,False,False
val_tune,13919236672,2,CW,"[[46.0, 54.1]]",8.1,5-10s,105.2178,True,False,105.6182015348682,False,106.05196863530198,False,106.98623623623624,False,105.1177010343677,False,104.417000333667,False,104.04996663329996,False,105.77243910577245,False,104.77143810477145,False,105.6182015348682,False,0.0,20,38,0.4004,467,186,4,106.2178,107.2178,108.2178,110.2178,False,False,False,False,104.2178,103.2178,102.2178,100.2178,False,False,False,False
val_tune,9082180631,9,CW,"[[0.0, 5.2]]",5.2,5-10s,11.9786,True,False,,,,,,,11.31131131131131,False,10.643977310643978,False,9.60960960960961,False,12.979646312979646,False,11.544878211544878,False,,,,0,0,,43,13,4,12.9786,13.9786,14.0,14.0,False,False,False,False,10.9786,9.9786,8.9786,6.9786,False,False,False,False
val_tune,4762946272,1,CH,"[[8.5, 8.8]]",0.3,<2s,11.8118,True,False,12.012,False,12.4124,False,13.013,False,11.5115,False,11.011,False,10.6106,False,11.945266666666667,False,10.944266666666667,False,12.012,False,0.0,20,19,0.2002,87,37,4,12.8118,13.8118,14.8118,16.8118,False,False,False,False,10.8118,9.8118,8.8118,6.8118,False,False,False,False
val_tune,8594314852,5,TC,"[[1.2, 7.4]]",6.2,5-10s,12.5792,True,False,,,,,,,12.445766666666668,False,12.045366666666666,False,11.578233333333333,False,,,12.479133333333333,False,,,,0,0,,51,23,4,13.0,13.0,13.0,13.0,False,False,False,False,11.5792,10.5792,9.5792,7.5792,False,False,False,False
val_tune,6300775954,6,CW,"[[55.8, 57.9]]",2.1,2-5s,55.5889,True,False,56.08936666666666,True,57.09036666666667,True,57.69096666666667,True,55.088366666666666,False,54.58786666666666,False,54.08736666666667,False,56.523133333333334,True,53.78706666666667,False,55.78906666666666,False,0.8,20,3,0.5005,232,94,4,56.5889,57.5889,58.0,58.0,True,True,False,False,54.5889,53.5889,52.5889,50.5889,False,False,False,False
val_tune,8797589693,7,CH,"[[35.7, 40.6]]",4.9,2-5s,49.7497,True,False,50.784117450784116,False,54.88822155488822,False,55.55555555555556,False,49.616282949616284,False,48.41508174841508,False,47.981314647981314,False,51.28461795128462,False,48.34834834834835,False,49.816483149816484,False,0.0,20,49,1.0344,289,104,4,50.7497,51.7497,52.7497,54.7497,False,False,False,False,48.7497,47.7497,46.7497,44.7497,False,False,False,False
val_tune,5945172741,8,TN,"[[23.4, 29.7]]",6.3,5-10s,54.04,True,False,54.76,False,55.24,False,56.32,False,53.2,False,52.24,False,51.52,False,55.12,False,53.92,False,54.16,False,0.0,20,13,0.72,214,79,4,55.04,56.04,57.04,59.04,False,False,False,False,53.04,52.04,51.04,49.04,False,False,False,False
val_tune,5116088152,8,TN,"[[22.8, 26.4]]",3.6,2-5s,18.4184,True,False,19.019,False,19.4194,False,20.02,False,18.018,False,17.017,False,16.016,False,21.087733333333333,False,16.950266666666668,False,18.5185,False,0.1,20,37,0.6006,162,66,4,19.4184,20.4184,21.4184,23.4184,False,False,False,True,17.4184,16.4184,15.4184,13.4184,False,False,False,False
val_tune,8188651630,5,CH,"[[24.7, 27.1]]",2.4,2-5s,34.0,True,False,34.06666666666667,False,35.06666666666667,False,36.06666666666667,False,33.06666666666667,False,32.06666666666667,False,31.066666666666666,False,35.53333333333333,False,33.53333333333333,False,34.06666666666667,False,0.0,20,4,0.0667,77,36,4,35.0,36.0,37.0,38.0,False,False,False,False,33.0,32.0,31.0,29.0,False,False,False,False
val_tune,6078524411,2,TN,"[[21.4, 83.8]]",62.4,>=10s,25.7591,True,True,26.059366666666666,True,26.559866666666668,True,27.060366666666667,True,25.458766666666666,True,25.058366666666668,True,24.057366666666667,True,25.959266666666668,True,25.258566666666667,True,25.859166666666667,True,1.0,20,84,0.3003,336,121,4,26.7591,27.7591,28.7591,30.7591,True,True,True,True,24.7591,23.7591,22.7591,20.7591,True,True,True,False
val_tune,4166942239,1,CW,"[[0.0, 10.8]]",10.8,>=10s,1.9019,True,True,2.002,True,2.4024,True,3.003,True,1.001,True,0.4004,True,,,2.0353666666666665,True,1.3346666666666667,True,2.002,True,0.5,20,28,0.1001,79,30,4,2.9019,3.9019,4.9019,6.9019,True,True,True,True,0.9019,0.0,0.0,0.0,True,True,True,True
val_tune,2932897373,6,TN,"[[11.7, 18.0]]",6.3,5-10s,9.142,True,False,9.809,False,10.477,False,11.011,False,9.009,False,8.441,False,8.008,False,9.843276036400404,False,8.408493427704753,False,9.542,False,0.55,20,17,0.667,77,30,4,10.142,11.142,12.142,14.142,False,False,True,True,8.142,7.142,6.142,4.142,False,False,False,False
val_tune,2559262403,6,TN,"[[67.6, 77.1]]",9.5,5-10s,49.4244,True,False,50.05,False,51.30125,False,52.052,False,48.79875,False,48.048,False,47.5475,False,50.09170833333333,False,48.13141666666667,False,50.05,False,0.2,20,51,0.6256,288,119,4,50.4244,51.4244,52.4244,54.4244,False,False,False,False,48.4244,47.4244,46.4244,44.4244,False,False,False,False
val_tune,5801184682,6,TC,"[[25.4, 67]]",41.6,>=10s,65.68,True,True,67.28,False,,,,,65.08,True,64.64,True,64.0,True,66.76,True,65.48,True,65.8,True,0.65,20,1,1.6,301,85,4,66.68,67.0,67.0,67.0,True,True,True,True,64.68,63.68,62.68,60.68,True,True,True,True
val_tune,2623954636,7,TN,"[[2.4, 5.2]]",2.8,2-5s,21.554,True,False,22.022,False,22.555,False,23.023,False,21.021,False,20.487,False,20.02,False,22.255813953488374,False,20.9211324570273,False,21.755,False,0.0,20,17,0.468,127,56,4,22.554,23.554,24.554,26.554,False,False,False,False,20.554,19.554,18.554,16.554,False,False,False,False
val_tune,11541421563,1,CW,"[[2.6, 4.2], [11.3, 12.7]]",3.0,2-5s,3.2532,True,True,3.3366666666666664,True,4.004,True,5.130125,False,2.8361666666666667,True,2.002,False,1.5015,False,3.920583333333333,True,2.2105416666666664,False,3.3366666666666664,True,0.0,20,113,0.0834,303,117,4,4.2532,5.2532,6.2532,8.2532,False,False,False,False,2.2532,1.2532,0.2532,0.0,False,False,False,False
val_tune,7442562474,5,CW,"[[9.6, 10.2]]",0.6,<2s,12.2456,True,False,12.445766666666668,False,13.046366666666666,False,13.646966666666666,False,12.045366666666666,False,11.444766666666666,False,11.044366666666667,False,12.679333333333334,False,8.942266666666667,False,12.345666666666666,False,0.0,20,13,0.2002,80,34,4,13.2456,14.2456,15.2456,17.2456,False,False,False,False,11.2456,10.2456,9.2456,7.2456,False,False,False,False
val_tune,3155382178,1,CW,"[[0.1, 2.9]]",2.8,2-5s,5.005,True,False,6.006,False,6.5065,False,7.007,False,4.004,False,3.4367666666666667,False,3.003,False,5.372033333333333,False,4.270933333333334,False,5.1051,False,0.0,20,34,1.001,115,41,4,6.005,7.005,8.005,10.005,False,False,False,False,4.005,3.005,2.005,0.005,False,False,True,False
val_tune,5296635780,3,CW,"[[7.9, 14.6]]",6.7,5-10s,12.7127,True,True,13.013,True,14.014,True,14.5145,True,12.6126,True,12.012,True,11.5115,True,12.946266666666666,True,9.442766666666667,True,13.013,True,0.2,20,16,0.3003,88,35,4,13.7127,14.7127,15.7127,17.7127,True,False,False,False,11.7127,10.7127,9.7127,7.7127,True,True,True,False
val_tune,6516459343,4,CW,"[[37.8, 41.1]]",3.3,2-5s,43.0764,True,False,43.17646666666667,False,43.676966666666665,False,44.17746666666667,False,42.175466666666665,False,41.17446666666667,False,40.673966666666665,True,44.17746666666667,False,42.175466666666665,False,43.17646666666667,False,0.0,20,81,0.1001,362,154,4,44.0764,45.0764,46.0764,48.0764,False,False,False,False,42.0764,41.0764,40.0764,38.0764,False,True,True,True
val_tune,6516459343,5,CW,"[[37.6, 89.9]]",52.3,>=10s,47.8478,True,True,48.181466666666665,True,48.615233333333336,True,49.18246666666667,True,47.18046666666667,True,46.17946666666667,True,45.6456,True,48.615233333333336,True,46.17946666666667,True,47.9479,True,1.0,20,73,0.3337,362,154,4,48.8478,49.8478,50.8478,52.8478,True,True,True,True,46.8478,45.8478,44.8478,42.8478,True,True,True,True
val_tune,3376544720,6,TC,"[[50.3, 87.7]]",37.4,>=10s,14.8482,True,False,15.015,False,16.26625,False,17.017,False,13.76375,False,13.013,False,12.5125,False,15.849166666666665,False,13.596916666666665,False,15.015,False,0.45,20,95,0.1668,288,115,4,15.8482,16.8482,17.8482,19.8482,False,False,False,False,13.8482,12.8482,11.8482,9.8482,False,False,False,False
val_tune,5129152550,3,CW,"[[14.7, 19.8]]",5.1,5-10s,42.3423,True,False,42.6426,False,43.043,False,44.044,False,42.042,False,41.041,False,40.5405,False,42.40903333333333,False,40.974266666666665,False,42.5425,False,0.0,20,77,0.3003,360,139,4,43.3423,44.3423,45.3423,47.3423,False,False,False,False,41.3423,40.3423,39.3423,37.3423,False,False,False,False
val_tune,2793260225,3,CW,"[[9.1, 12.5]]",3.4,2-5s,9.442,True,True,10.01,True,10.643,True,11.011,True,9.009,False,8.541,False,8.008,False,9.542972699696664,True,8.341759352881699,False,9.576,True,0.1,20,13,0.568,77,32,4,10.442,11.442,12.442,14.442,True,True,True,False,8.442,7.442,6.442,4.442,False,False,False,False
val_tune,4130504920,3,TN,"[[10.4, 14]]",3.6,2-5s,4.9716,True,False,5.005,False,5.4054,False,6.006,False,4.004,False,3.4034,False,3.003,False,5.939266666666667,False,4.437766666666667,False,5.005,False,0.5,20,17,0.0334,58,25,4,5.9716,6.9716,7.9716,9.9716,False,False,False,False,3.9716,2.9716,1.9716,0.0,False,False,False,False
val_tune,6895608152,7,TC,"[[0.7, 14.6]]",13.9,>=10s,74.2,True,False,74.44,False,74.92,False,75.64,False,73.96,False,73.24,False,72.64,False,74.44,False,73.24,False,74.44,False,0.0,20,19,0.24,291,127,4,75.2,76.2,77.2,79.2,False,False,False,False,73.2,72.2,71.2,69.2,False,False,False,False
val_tune,2461993294,9,TN,"[[5.0, 8.3]]",3.3,2-5s,10.7107,True,False,11.011,False,11.4114,False,12.012,False,10.01,False,9.4094,False,9.009,False,11.911900000000001,False,8.5085,False,10.9109,False,0.0,20,102,0.3003,267,120,4,11.7107,12.7107,13.7107,15.7107,False,False,False,False,9.7107,8.7107,7.7107,5.7107,False,False,True,True
val_tune,6291413193,5,TC,"[[36.9, 46.9], [60.0, 66]]",16.0,>=10s,47.1805,True,False,48.014633333333336,False,48.38166666666667,False,48.9489,False,46.91353333333333,False,46.079366666666665,True,45.07836666666667,True,47.7477,False,46.679966666666665,True,47.2472,False,0.3,20,28,0.8342,264,101,4,48.1805,49.1805,50.1805,52.1805,False,False,False,False,46.1805,45.1805,44.1805,42.1805,True,True,True,True
val_tune,6762389913,5,TN,"[[15.0, 26.5]]",11.5,>=10s,20.0534,True,True,20.4204,True,21.054366666666667,True,21.554866666666666,True,19.6196,True,19.052366666666668,True,18.651966666666667,True,21.955266666666667,True,19.152466666666665,True,20.2202,True,0.15,20,47,0.367,183,82,4,21.0534,22.0534,23.0534,25.0534,True,True,True,True,19.0534,18.0534,17.0534,15.0534,True,True,True,True
val_tune,8455160795,5,CW,"[[11.1, 12.8]]",1.7,<2s,3.8372,True,False,4.037366666666666,False,4.537866666666667,False,5.038366666666667,False,3.5368666666666666,False,3.036366666666667,False,2.5358666666666667,False,4.037366666666666,False,3.036366666666667,False,4.037366666666666,False,0.05,20,27,0.2002,80,35,4,4.8372,5.8372,6.8372,8.8372,False,False,False,False,2.8372,1.8372,0.8372,0.0,False,False,False,False
val_tune,5138093706,3,CH,"[[25.6, 28.9]]",3.3,2-5s,22.1221,True,False,22.6226,False,23.023,False,23.6236,False,22.022,False,21.021,False,20.6206,False,22.956266666666668,False,21.955266666666667,False,22.5225,False,0.35,20,13,0.5005,125,52,4,23.1221,24.1221,25.1221,27.1221,False,False,False,True,21.1221,20.1221,19.1221,17.1221,False,False,False,False
val_tune,10042935613,8,TN,"[[2.9, 7.4]]",4.5,2-5s,25.3921,True,False,26.026026026026027,False,26.626626626626628,False,27.49416082749416,False,24.024024024024023,False,23.490156823490157,False,22.489155822489156,False,26.526526526526528,False,23.790457123790457,False,25.525525525525527,False,0.0,20,43,0.634,200,75,4,26.3921,27.3921,28.3921,30.3921,False,False,False,False,24.3921,23.3921,22.3921,20.3921,False,False,False,False
val_tune,5803861992,6,TC,"[[0.6, 69.9]]",69.3,>=10s,60.8608,True,True,61.4614,True,61.8618,True,62.2622,True,59.8598,True,58.8588,True,58.2582,True,63.7637,True,60.39366666666667,True,61.4614,True,0.9,20,16,0.6006,290,109,4,61.8608,62.8608,63.8608,65.8608,True,True,True,True,59.8608,58.8608,57.8608,55.8608,True,True,True,True
val_tune,6896884547,3,TC,"[[0.0, 45.0]]",45.0,>=10s,0.4338,True,True,1.0343666666666667,True,1.6016,True,2.0353666666666665,True,0.33366666666666667,True,,,,,1.0343666666666667,True,0.0,True,0.8341666666666666,True,0.95,20,74,0.6006,192,75,4,1.4338,2.4338,3.4338,5.4338,True,True,True,True,0.0,0.0,0.0,0.0,True,True,True,True
val_tune,4765564263,0,CW,"[[0.0, 10.5]]",10.5,>=10s,3.8038,True,True,4.004,True,4.5045,True,5.005,True,3.5035,True,3.003,True,2.5025,True,4.938266666666666,True,3.036366666666667,True,4.004,True,0.6,20,15,0.2002,56,20,4,4.8038,5.8038,6.8038,8.8038,True,True,True,True,2.8038,1.8038,0.8038,0.0,True,True,True,True
val_tune,7786283208,6,CH,"[[17.9, 19.9]]",2.0,2-5s,17.3507,True,False,17.650966666666665,False,18.051366666666667,True,18.451766666666668,True,17.050366666666665,False,16.549866666666667,False,16.049366666666668,False,18.151466666666668,True,15.048366666666666,False,17.450766666666667,False,0.35,20,6,0.3003,86,31,4,18.3507,19.3507,20.3507,21.0,True,True,False,False,16.3507,15.3507,14.3507,12.3507,False,False,False,False
val_tune,6143391925,4,CW,"[[11.2, 16.4], [24.6, 33.4]]",14.0,>=10s,18.0514,True,False,18.485133333333334,False,19.052366666666668,False,19.486133333333335,False,17.050366666666665,False,16.049366666666668,True,15.582233333333333,True,18.585233333333335,False,17.283933333333334,False,18.485133333333334,False,0.45,20,33,0.4338,162,59,4,19.0514,20.0514,21.0514,23.0514,False,False,False,False,17.0514,16.0514,15.0514,13.0514,False,True,True,True
val_tune,9088819598,7,CW,"[[15.2, 22]]",6.8,5-10s,14.7814,True,False,15.515515515515515,True,16.049382716049383,True,16.68335001668335,True,14.04738071404738,False,13.513513513513514,False,12.645979312645979,False,16.549883216549883,True,14.347681014347682,False,14.848181514848182,False,1.0,20,9,0.7341,70,28,4,15.7814,16.7814,17.7814,19.7814,True,True,True,True,13.7814,12.7814,11.7814,9.7814,False,False,False,False
val_tune,3972259774,7,CW,"[[11.1, 13.1]]",2.0,2-5s,4.296,True,False,4.5045,False,5.005,False,6.25625,False,3.75375,False,3.2115416666666667,False,2.5025,False,5.839166666666666,False,2.168833333333333,False,4.5045,False,0.05,20,52,0.2085,143,57,4,5.296,6.296,7.296,9.296,False,False,False,False,3.296,2.296,1.296,0.0,False,False,False,False
val_tune,4838113006,6,TN,"[[6.1, 21.8]]",15.7,>=10s,30.9976,True,False,31.031,False,32.032,False,33.033,False,30.03,False,29.4294,False,29.029,False,33.19983333333333,False,26.659966666666666,False,31.031,False,0.0,20,93,0.0334,360,143,4,31.9976,32.9976,33.9976,35.9976,False,False,False,False,29.9976,28.9976,27.9976,25.9976,False,False,False,False
val_tune,8575881495,7,TN,"[[58.0, 62.5]]",4.5,2-5s,30.0634,True,False,30.563866666666666,False,31.06436666666667,False,32.06536666666667,False,29.462766666666667,False,29.062366666666666,False,28.661966666666668,False,30.897533333333335,False,28.962266666666668,False,30.563866666666666,False,0.1,20,59,0.5005,267,108,4,31.0634,32.0634,33.0634,35.0634,False,False,False,False,29.0634,28.0634,27.0634,25.0634,False,False,False,False
val_tune,8604794910,3,CW,"[[8.9, 13.5]]",4.6,2-5s,4.0374,True,False,4.437766666666667,False,5.038366666666667,False,6.039366666666667,False,3.5368666666666666,False,3.036366666666667,False,2.6359666666666666,False,5.372033333333333,False,3.937266666666667,False,4.437766666666667,False,0.55,20,14,0.4004,55,22,4,5.0374,6.0374,7.0374,9.0374,False,False,False,True,3.0374,2.0374,1.0374,0.0,False,False,False,False
val_tune,5134317883,8,TN,"[[68.1, 70.5]]",2.4,2-5s,76.5,True,False,77.5,False,78.25,False,,,76.25,False,75.5,False,75.0,False,78.75,False,74.16666666666667,False,77.125,False,0.0,20,2,1.0,252,99,4,77.5,78.5,79.0,79.0,False,False,False,False,75.5,74.5,73.5,71.5,False,False,False,False
val_tune,2435633172,2,TC,"[[44.5, 52.7]]",8.2,5-10s,42.909,True,False,43.043,False,43.777,False,44.577,True,42.042,False,41.041,False,40.04,False,43.2103134479272,False,37.53791708796764,False,43.043,False,0.15,20,55,0.134,307,122,4,43.909,44.909,45.909,47.909,False,True,True,True,41.909,40.909,39.909,37.909,False,False,False,False
val_tune,6642268693,0,CW,"[[3.2, 4.3]]",1.1,<2s,5.2,True,False,5.68,False,7.24,False,7.96,False,4.84,False,3.88,True,3.28,True,6.52,False,4.72,False,5.68,False,0.0,20,47,0.48,154,54,4,6.2,7.2,8.2,10.2,False,False,False,False,4.2,3.2,2.2,0.2,True,True,False,False
val_tune,7999756100,2,CW,"[[3.2, 20.7]]",17.5,>=10s,18.8188,True,True,19.052366666666668,True,19.486133333333335,True,20.053366666666665,True,18.051366666666667,True,17.650966666666665,True,17.050366666666665,True,20.553866666666668,True,17.951266666666665,True,18.9189,True,1.0,20,4,0.2336,83,34,4,19.8188,20.8188,21.0,21.0,True,False,False,False,17.8188,16.8188,15.8188,13.8188,True,True,True,True
val_tune,3821781616,2,CW,"[[6.5, 10.4]]",3.9,2-5s,9.9766,True,True,10.01,True,11.011,False,11.4114,False,9.009,True,8.008,True,7.4074,True,10.710700000000001,False,9.442766666666667,True,10.01,True,0.05,20,24,0.0334,100,38,4,10.9766,11.9766,12.9766,14.9766,False,False,False,False,8.9766,7.9766,6.9766,4.9766,True,True,True,False
val_tune,8211075660,1,TC,"[[0.0, 17.9]]",17.9,>=10s,12.7461,True,True,13.046366666666666,True,14.047366666666667,True,15.048366666666666,True,12.645966666666666,True,12.045366666666666,True,11.044366666666667,True,13.046366666666668,True,12.045366666666666,True,13.046366666666666,True,0.1,20,67,0.3003,217,90,4,13.7461,14.7461,15.7461,17.7461,True,True,True,True,11.7461,10.7461,9.7461,7.7461,True,True,True,True
val_tune,3359075894,2,CW,"[[2.9, 4.8]]",1.9,<2s,12.12,True,False,12.72,False,13.2,False,14.4,False,12.0,False,11.52,False,10.8,False,13.12,False,11.92,False,12.6,False,0.0,20,5,0.6,56,21,4,13.12,14.12,15.12,17.0,False,False,False,False,11.12,10.12,9.12,7.12,False,False,False,False
val_tune,5607805258,3,CW,"[[8.0, 16.8]]",8.8,5-10s,3.7917,True,False,5.041666666666667,False,6.0,False,6.666666666666667,False,3.0416666666666665,False,2.5416666666666665,False,2.0416666666666665,False,11.291666666666666,True,1.1666666666666667,False,4.041666666666667,False,0.15,20,34,1.25,96,40,4,4.7917,5.7917,6.7917,8.7917,False,False,False,True,2.7917,1.7917,0.7917,0.0,False,False,False,False
val_tune,5662041273,4,CW,"[[15.4, 29.9], [72.6, 90.0]]",31.9,>=10s,84.9849,True,True,85.11836666666666,True,86.11936666666666,True,86.51976666666667,True,84.11736666666667,True,83.11636666666666,True,82.2822,True,85.81906666666667,True,84.35093333333333,True,85.11836666666666,True,1.0,20,9,0.1335,361,141,4,85.9849,86.9849,87.9849,89.9849,True,True,True,True,83.9849,82.9849,81.9849,79.9849,True,True,True,True
val_tune,4968805923,2,CW,"[[3.9, 5.5]]",1.6,<2s,3.003,True,False,3.6036,False,4.004,True,5.005,True,2.002,False,1.001,False,0.2002,False,3.937266666666667,True,2.5358666666666667,False,3.5035,False,0.25,20,11,0.6006,43,15,4,4.003,5.003,6.003,8.003,True,True,False,False,2.003,1.003,0.003,0.0,False,False,False,False
val_tune,4612723694,0,CW,"[[16.8, 42.1]]",25.3,>=10s,13.4801,True,False,13.646966666666666,False,14.014,False,14.447766666666666,False,13.013,False,12.545866666666667,False,12.012,False,14.481133333333334,False,10.176833333333333,False,13.580233333333334,False,0.6,20,69,0.1668,225,93,4,14.4801,15.4801,16.4801,18.4801,False,False,False,True,12.4801,11.4801,10.4801,8.4801,False,False,False,False
val_tune,5256928210,0,TC,"[[2.6, 20]]",17.4,>=10s,4.2042,True,True,5.005,True,5.4054,True,6.006,True,4.004,True,3.6036,True,3.003,True,5.6723333333333334,True,2.6693333333333333,True,4.3043,True,0.9,20,24,0.8008,82,32,4,5.2042,6.2042,7.2042,9.2042,True,True,True,True,3.2042,2.2042,1.2042,0.0,True,False,False,False
val_tune,3655906094,0,CW,"[[3.5, 5.4]]",1.9,<2s,4.8048,True,True,5.005,True,5.5055,False,6.006,False,4.6046,True,4.004,True,3.5035,True,4.938266666666666,True,4.270933333333334,True,5.005,True,0.05,20,23,0.2002,76,32,4,5.8048,6.8048,7.8048,9.8048,False,False,False,False,3.8048,2.8048,1.8048,0.0,True,False,False,False
val_tune,8797589693,6,CH,"[[11.2, 14.5]]",3.3,2-5s,78.1114,True,False,78.17817817817817,False,78.64531197864531,False,79.81314647981314,False,76.91024357691025,False,76.37637637637637,False,75.97597597597597,False,83.61695028361696,False,77.01034367701034,False,78.17817817817817,False,0.0,20,14,0.0667,289,104,4,79.1114,80.1114,81.1114,83.1114,False,False,False,False,77.1114,76.1114,75.1114,73.1114,False,False,False,False
val_tune,7605329840,4,TN,"[[16.4, 18.8]]",2.4,2-5s,19.8532,True,False,20.053366666666665,False,21.054366666666667,False,,,19.052366666666668,False,18.051366666666667,True,17.050366666666665,True,20.387033333333335,False,19.285933333333332,False,19.953266666666668,False,0.0,20,2,0.2002,86,31,4,20.8532,21.0,21.0,21.0,False,False,False,False,18.8532,17.8532,16.8532,14.8532,False,True,True,False
val_tune,2623954636,5,TC,"[[0.0, 3.6], [15.4, 17.7], [23.0, 25.6]]",8.5,5-10s,21.554,True,False,22.022,False,22.555,False,23.023,True,21.021,False,20.487,False,20.02,False,22.255813953488374,False,20.9211324570273,False,21.755,False,0.2,20,17,0.468,127,56,4,22.554,23.554,24.554,26.554,False,True,True,False,20.554,19.554,18.554,16.554,False,False,False,True
val_tune,5064681723,6,TC,"[[17.0, 19.8]]",2.8,2-5s,18.9189,True,True,19.486133333333335,True,,,,,18.785433333333334,True,17.784433333333332,True,17.017,True,20.086733333333335,False,17.484133333333332,True,19.019,True,0.45,20,1,0.5672,82,36,4,19.9189,20.0,20.0,20.0,False,False,False,False,17.9189,16.9189,15.9189,13.9189,True,False,False,False
val_tune,7453733046,0,CW,"[[4.2, 8.2]]",4.0,2-5s,9.0424,True,False,9.642966666666666,False,10.043366666666667,False,10.443766666666667,False,8.541866666666667,False,8.041366666666667,True,7.040366666666666,True,9.943266666666666,False,8.041366666666667,True,9.542866666666667,False,0.0,20,40,0.6006,134,55,4,10.0424,11.0424,12.0424,14.0424,False,False,False,False,8.0424,7.0424,6.0424,4.0424,True,True,True,False
val_tune,6786501294,8,TC,"[[54.0, 59.3]]",5.3,5-10s,32.1321,True,False,32.16546666666667,False,32.59923333333333,False,33.09973333333333,False,31.598233333333333,False,30.59723333333333,False,30.196833333333334,False,32.59923333333333,False,31.498133333333335,False,32.16546666666667,False,0.1,20,51,0.0334,242,106,4,33.1321,34.1321,35.1321,37.1321,False,False,False,False,31.1321,30.1321,29.1321,27.1321,False,False,False,False
val_tune,4859057828,2,TN,"[[14.2, 16.8]]",2.6,2-5s,9.009,True,False,9.476133333333333,False,10.01,False,10.443766666666667,False,8.641966666666667,False,8.008,False,7.007,False,9.342666666666666,False,8.341666666666667,False,9.476133333333333,False,0.15,20,22,0.4671,87,38,4,10.009,11.009,12.009,14.009,False,False,False,False,8.009,7.009,6.009,4.009,False,False,False,False
val_tune,2435633172,0,TN,"[[33.1, 35.7]]",2.6,2-5s,63.797,True,False,64.064,False,65.065,False,65.598,False,63.329,False,62.696,False,62.062,False,64.23154701718909,False,63.29726996966633,False,64.064,False,0.0,20,21,0.267,307,122,4,64.797,65.797,66.797,68.797,False,False,False,False,62.797,61.797,60.797,58.797,False,False,False,False
val_tune,4251505427,4,CW,"[[70.3, 72.9]]",2.6,2-5s,73.8738,True,False,74.074,False,74.60786666666667,False,75.075,False,73.64023333333333,False,73.073,False,72.072,True,76.40966666666667,False,73.10636666666667,False,73.9739,False,0.0,20,5,0.2002,306,128,4,74.8738,75.8738,76.0,76.0,False,False,False,False,72.8738,71.8738,70.8738,68.8738,True,True,True,False
val_tune,10309542255,6,CW,"[[11.7, 18.0], [20.9, 28.2], [38.0, 44.1], [51.0, 54.2], [65.4, 68.6], [71.2, 74.8]]",29.7,>=10s,40.9743,True,True,41.84184184184184,True,42.84284284284284,True,43.51017684351018,True,40.77410744077411,True,40.37370704037371,True,39.77310643977311,True,41.20787454120788,True,40.00667334000668,True,41.70837504170837,True,0.25,20,63,0.8675,300,122,4,41.9743,42.9743,43.9743,45.9743,True,True,True,False,39.9743,38.9743,37.9743,35.9743,True,True,False,False
val_tune,5296635780,5,CW,"[[11.5, 14.0]]",2.5,2-5s,12.7127,True,True,13.013,True,14.014,False,14.5145,False,12.6126,True,12.012,True,11.5115,True,12.946266666666666,True,9.442766666666667,False,13.013,True,0.15,20,16,0.3003,88,35,4,13.7127,14.7127,15.7127,17.7127,True,False,False,False,11.7127,10.7127,9.7127,7.7127,True,False,False,False
val_tune,7492398760,4,CW,"[[72.3, 81.8]]",9.5,5-10s,67.8344,True,False,68.10136666666666,False,69.10236666666667,False,70.10336666666667,False,67.10036666666667,False,66.69996666666667,False,66.09936666666667,False,71.50476666666667,False,64.09736666666667,False,67.93453333333333,False,0.35,20,30,0.2669,361,123,4,68.8344,69.8344,70.8344,72.8344,False,False,False,True,66.8344,65.8344,64.8344,62.8344,False,False,False,False
val_tune,5026660202,6,CW,"[[1.7, 7.5]]",5.8,5-10s,82.5158,True,False,83.083,False,83.5835,False,84.084,False,82.082,False,81.6816,False,81.081,False,83.14973333333333,False,81.91516666666666,False,83.083,False,0.0,20,13,0.5672,360,150,4,83.5158,84.5158,85.5158,87.5158,False,False,False,False,81.5158,80.5158,79.5158,77.5158,False,False,False,False
val_tune,8171216955,9,TN,"[[0.0, 1.8], [10.7, 13.3]]",4.4,2-5s,1.3347,True,True,1.6349666666666667,True,2.0353666666666665,False,2.6359666666666666,False,1.0343666666666667,True,0.33366666666666667,True,,,2.0353666666666665,False,1.0343666666666667,True,1.6349666666666667,True,0.1,20,31,0.3003,75,33,4,2.3347,3.3347,4.3347,6.3347,False,False,False,False,0.3347,0.0,0.0,0.0,True,True,True,True
val_tune,3530231811,1,TC,"[[86.3, 89.8]]",3.5,2-5s,46.7133,True,False,47.047,False,47.68096666666667,False,48.048,False,46.513133333333336,False,46.046,False,45.41203333333333,False,46.746700000000004,False,45.71233333333333,False,47.047,False,0.05,20,78,0.3337,361,158,4,47.7133,48.7133,49.7133,51.7133,False,False,False,False,45.7133,44.7133,43.7133,41.7133,False,False,False,False
val_tune,5129152550,0,CW,"[[4.0, 9.1]]",5.1,5-10s,8.2082,True,True,9.009,True,10.01,False,11.011,False,8.008,True,7.007,True,6.006,True,8.541866666666667,True,7.440766666666667,True,8.742066666666666,True,0.0,20,126,0.8008,360,139,4,9.2082,10.2082,11.2082,13.2082,False,False,False,False,7.2082,6.2082,5.2082,3.2082,True,True,True,False
val_tune,4518113460,6,CW,"[[48.3, 61.9]]",13.6,>=10s,22.1221,True,False,22.7227,False,23.3233,False,24.024,False,22.022,False,21.4214,False,21.021,False,22.956266666666668,False,18.952266666666667,False,22.4224,False,0.35,20,61,0.6006,250,97,4,23.1221,24.1221,25.1221,27.1221,False,False,False,False,21.1221,20.1221,19.1221,17.1221,False,False,False,False
val_tune,5681946487,2,CH,"[[5.5, 9.9]]",4.4,2-5s,18.652,True,False,19.052366666666668,False,19.552866666666667,False,20.053366666666665,False,18.051366666666667,False,17.550866666666668,False,17.050366666666665,False,19.085733333333334,False,18.385033333333332,False,18.752066666666668,False,0.0,20,16,0.4004,114,47,4,19.652,20.652,21.652,23.652,False,False,False,False,17.652,16.652,15.652,13.652,False,False,False,False
val_tune,2925298951,7,TN,"[[7.1, 10.3]]",3.2,2-5s,13.8055,True,False,15.015,False,15.807458333333333,False,16.26625,False,13.76375,False,13.138125,False,12.5125,False,16.599916666666665,False,9.592916666666666,True,13.888875,False,0.0,20,3,1.2095,54,23,4,14.8055,15.8055,16.8055,17.0,False,False,False,False,12.8055,11.8055,10.8055,8.8055,False,False,False,True
val_tune,6642268693,3,CW,"[[18.0, 25.3]]",7.3,5-10s,17.2,True,False,17.56,False,18.72,True,19.48,True,16.0,False,15.16,False,13.96,False,17.44,False,16.24,False,17.32,False,0.25,20,34,0.36,154,54,4,18.2,19.2,20.2,22.2,True,True,True,True,16.2,15.2,14.2,12.2,False,False,False,False
val_tune,3372023610,9,TN,"[[9.2, 16.0]]",6.8,5-10s,6.8068,True,False,7.007,False,7.4741333333333335,False,8.008,False,6.006,False,5.5055,False,5.005,False,7.140466666666667,False,5.939266666666667,False,6.9069,False,0.2,20,44,0.2002,136,55,4,7.8068,8.8068,9.8068,11.8068,False,False,True,True,5.8068,4.8068,3.8068,1.8068,False,False,False,False
val_tune,3581585756,8,TC,"[[15.4, 19.6]]",4.2,2-5s,23.1898,True,False,,,,,,,23.023,False,22.489133333333335,False,22.022,False,23.4234,False,21.588233333333335,False,,,,0,0,,95,39,4,23.0,23.0,23.0,23.0,False,False,False,False,22.1898,21.1898,20.1898,18.1898,False,False,False,True
val_tune,3942617402,5,TN,"[[23.8, 30.6]]",6.8,5-10s,11.0527,True,False,11.26125,False,12.012,False,12.5125,False,10.677333333333333,False,9.592916666666667,False,8.75875,False,11.845166666666666,False,5.171833333333333,False,11.26125,False,0.45,20,28,0.2085,99,43,4,12.0527,13.0527,14.0527,16.0527,False,False,False,False,10.0527,9.0527,8.0527,6.0527,False,False,False,False
val_tune,4935987905,4,CH,"[[6.7, 15.0]]",8.3,5-10s,9.009,True,True,10.01,True,11.011,True,11.6116,True,8.6086,True,8.008,True,7.007,True,10.543866666666666,True,8.942266666666667,True,9.2092,True,0.55,20,26,1.001,108,41,4,10.009,11.009,12.009,14.009,True,True,True,True,8.009,7.009,6.009,4.009,True,True,False,False
val_tune,5803861992,9,TC,"[[1.8, 71.0]]",69.2,>=10s,61.8618,True,True,62.2622,True,62.8628,True,63.2632,True,61.4614,True,60.8608,True,59.8598,True,63.7637,True,60.39366666666667,True,62.1621,True,0.7,20,14,0.4004,290,109,4,62.8618,63.8618,64.8618,66.8618,True,True,True,True,60.8618,59.8618,58.8618,56.8618,True,True,True,True
val_tune,4882821564,8,CW,"[[66.4, 79.6]]",13.2,>=10s,89.089,True,False,89.12236666666666,False,89.6896,False,,,88.12136666666666,False,87.65423333333334,False,87.12036666666667,False,89.9899,False,88.42166666666667,False,89.12236666666666,False,0.0,20,2,0.0334,360,152,4,90.0,90.0,90.0,90.0,False,False,False,False,88.089,87.089,86.089,84.089,False,False,False,False
val_tune,8557532213,9,CW,"[[0.0, 4.4]]",4.4,2-5s,4.004,True,True,4.037366666666666,True,4.637966666666666,False,5.038366666666667,False,3.036366666666667,True,2.4024,True,2.0353666666666665,True,4.037366666666666,True,3.036366666666667,True,4.037366666666666,True,0.15,20,12,0.0334,51,17,4,5.004,6.004,7.004,9.004,False,False,False,False,3.004,2.004,1.004,0.0,True,True,True,True
val_tune,4612723694,9,CH,"[[14.3, 42.3]]",28.0,>=10s,18.018,True,True,18.651966666666667,True,19.019,True,19.452766666666665,True,17.450766666666667,True,17.017,True,16.016,True,21.054366666666667,True,17.784433333333332,True,18.651966666666667,True,0.7,20,61,0.634,225,93,4,19.018,20.018,21.018,23.018,True,True,True,True,17.018,16.018,15.018,13.018,True,True,True,False
val_tune,4846820256,4,TN,"[[7.4, 9.3]]",1.9,<2s,8.5085,True,True,9.009,True,9.5095,False,10.01,False,8.008,True,7.007,False,6.006,False,9.042366666666666,True,7.7744333333333335,True,8.8088,True,0.05,20,22,0.5005,90,35,4,9.5085,10.5085,11.5085,13.5085,False,False,False,False,7.5085,6.5085,5.5085,3.5085,True,False,False,False
val_tune,3763643225,6,CW,"[[0.0, 6.0]]",6.0,5-10s,7.007,True,False,8.008,False,8.4084,False,9.009,False,6.006,False,5.4054,True,5.005,True,7.440766666666667,False,6.740066666666666,False,7.6076,False,0.0,20,46,1.001,144,58,4,8.007,9.007,10.007,12.007,False,False,False,False,6.007,5.007,4.007,2.007,False,True,True,True
val_tune,3626788516,5,TN,"[[4.1, 14]]",9.9,5-10s,8.3834,True,True,8.75875,True,9.384375,True,10.01,True,7.5075,True,6.25625,True,5.630625,True,13.430083333333332,True,6.589916666666666,True,8.5085,True,0.95,20,8,0.3754,46,18,4,9.3834,10.3834,11.3834,13.3834,True,True,True,True,7.3834,6.3834,5.3834,3.3834,True,True,True,False
val_tune,3508459605,11,CH,"[[16.2, 19.4]]",3.2,2-5s,13.8472,True,False,14.014,False,14.581233333333333,False,15.015,False,13.380033333333333,False,13.013,False,12.579233333333333,False,14.347666666666667,False,11.678333333333333,False,14.014,False,0.05,20,127,0.1668,348,152,4,14.8472,15.8472,16.8472,18.8472,False,False,True,True,12.8472,11.8472,10.8472,8.8472,False,False,False,False
val_tune,2435633172,1,TN,"[[38.1, 43.7]]",5.6,5-10s,71.071,True,False,71.871,False,72.472,False,73.073,False,70.603,False,69.869,False,69.069,False,71.37209302325581,False,70.30434782608695,False,71.338,False,0.0,20,8,0.8,307,122,4,72.071,73.071,74.071,76.071,False,False,False,False,70.071,69.071,68.071,66.071,False,False,False,False
val_tune,4688219212,6,TN,"[[25.5, 28.1]]",2.6,2-5s,18.018,True,False,18.5185,False,19.019,False,19.5195,False,17.017,False,16.6166,False,16.016,False,18.651966666666667,False,16.950266666666668,False,18.2182,False,0.3,20,24,0.5005,128,55,4,19.018,20.018,21.018,23.018,False,False,False,False,17.018,16.018,15.018,13.018,False,False,False,False
val_tune,9917882506,1,TN,"[[16.8, 20.4]]",3.6,2-5s,32.032,True,False,,,,,,,31.097764431097765,False,30.397063730397065,False,30.03003003003003,False,32.499165832499166,False,31.4647981314648,False,32.132132132132135,False,0.0,20,0,,115,50,4,32.0,32.0,32.0,32.0,False,False,False,False,31.032,30.032,29.032,27.032,False,False,False,False
val_tune,11503803033,7,TN,"[[4.5, 10.1]]",5.6,5-10s,12.012,True,False,12.679333333333334,False,13.546866666666666,False,14.014,False,11.6116,False,11.2112,False,10.6106,False,12.7127,False,11.177833333333334,False,12.345666666666666,False,0.0,20,11,0.6673,74,27,4,13.012,14.012,15.012,17.012,False,False,False,False,11.012,10.012,9.012,7.012,False,True,True,True
val_tune,8428551576,1,CW,"[[83.2, 86.0]]",2.8,2-5s,80.9809,True,False,81.11436666666667,False,81.4814,False,82.11536666666667,False,80.4804,False,80.11336666666666,False,79.61286666666666,False,81.11436666666667,False,80.11336666666666,False,81.11436666666667,False,0.25,20,15,0.1335,359,157,4,81.9809,82.9809,83.9809,85.9809,False,False,True,True,79.9809,78.9809,77.9809,75.9809,False,False,False,False
val_tune,2405940242,3,CH,"[[4.0, 7.6]]",3.6,2-5s,9.009,True,False,9.442,False,10.01,False,11.011,False,8.008,False,7.007,True,6.473,True,9.37613751263903,False,4.704752275025278,True,9.175,False,0.0,20,6,0.433,57,21,4,10.009,11.009,12.009,14.0,False,False,False,False,8.009,7.009,6.009,4.009,False,True,True,True
val_tune,4164771889,8,TN,"[[3.6, 10.4]]",6.8,5-10s,8.8088,True,True,9.009,True,9.6096,True,10.01,True,8.375033333333333,True,8.008,True,7.4074,True,8.942266666666667,True,5.572233333333333,True,8.9089,True,0.3,20,12,0.2002,68,25,4,9.8088,10.8088,11.8088,13.8088,True,False,False,False,7.8088,6.8088,5.8088,3.8088,True,True,True,True
val_tune,7288107396,2,CW,"[[12.1, 17.7]]",5.6,5-10s,12.9296,True,True,13.304958333333333,True,14.055708333333333,True,14.681333333333333,True,12.554208333333333,True,11.803458333333333,False,11.302958333333333,False,17.726041666666667,False,12.387374999999999,True,13.054708333333334,True,0.55,20,11,0.3754,68,28,4,13.9296,14.9296,15.9296,17.9296,True,True,True,False,11.9296,10.9296,9.9296,7.9296,False,False,False,False
val_tune,5533380417,4,TN,"[[9.9, 13]]",3.1,2-5s,1.9353,True,False,2.0353666666666665,False,3.036366666666667,False,4.037366666666666,False,1.0343666666666667,False,0.4337666666666667,False,,,2.3690333333333333,False,0.6339666666666667,False,2.002,False,0.25,20,18,0.1001,56,20,4,2.9353,3.9353,4.9353,6.9353,False,False,False,False,0.9353,0.0,0.0,0.0,False,False,False,False
val_tune,7288107396,1,CW,"[[10.5, 12.2]]",1.7,<2s,2.4191,True,False,2.544208333333333,False,3.7954583333333334,False,5.046708333333333,False,1.7934583333333334,False,1.2929583333333334,False,0.7924583333333334,False,3.169833333333333,False,2.168833333333333,False,2.544208333333333,False,0.15,20,25,0.1251,68,28,4,3.4191,4.4191,5.4191,7.4191,False,False,False,False,1.4191,0.4191,0.0,0.0,False,False,False,False
val_tune,2930782930,5,TP,"[[16.5, 18.3]]",1.8,<2s,19.7197,True,False,20.02,False,20.6206,False,21.021,False,19.5195,False,19.019,False,18.6186,False,20.253566666666668,False,19.052366666666668,False,20.02,False,0.0,20,20,0.3003,126,53,4,20.7197,21.7197,22.7197,24.7197,False,False,False,False,18.7197,17.7197,16.7197,14.7197,False,True,True,False
val_tune,4264435046,5,TN,"[[12.7, 18.6]]",5.9,5-10s,10.8108,True,False,11.011,False,11.4114,False,12.012,False,10.6106,False,10.01,False,9.5095,False,12.045366666666666,False,8.942266666666667,False,11.011,False,0.6,20,15,0.2002,76,35,4,11.8108,12.8108,13.8108,15.8108,False,True,True,True,9.8108,8.8108,7.8108,5.8108,False,False,False,False
val_tune,6097994550,9,CH,"[[3.5, 5.1]]",1.6,<2s,5.0384,True,True,5.538866666666666,False,6.039366666666667,False,7.040366666666666,False,4.037366666666666,True,3.4367666666666667,False,3.036366666666667,False,5.939266666666667,False,3.036366666666667,False,5.138466666666667,False,0.0,20,21,0.5005,71,29,4,6.0384,7.0384,8.0384,10.0384,False,False,False,False,4.0384,3.0384,2.0384,0.0384,True,False,False,False
val_tune,4190655097,7,TN,"[[1.8, 8.8]]",7.0,5-10s,17.8512,True,False,18.76875,False,19.352666666666668,False,20.02,False,17.5175,False,16.891875,False,16.26625,False,19.436083333333332,False,11.928583333333332,False,17.934583333333332,False,0.0,20,47,0.9176,172,71,4,18.8512,19.8512,20.8512,22.8512,False,False,False,False,16.8512,15.8512,14.8512,12.8512,False,False,False,False
val_tune,7771650716,8,CH,"[[31.0, 42.9], [57.9, 60]]",14.0,>=10s,34.9683,True,True,35.96926666666667,True,36.97026666666667,True,37.370666666666665,True,34.46776666666667,True,33.96726666666667,True,32.96626666666667,True,35.30193333333333,True,33.86716666666667,True,35.06836666666667,True,0.3,20,36,1.001,247,90,4,35.9683,36.9683,37.9683,39.9683,True,True,True,True,33.9683,32.9683,31.9683,29.9683,True,True,True,False
val_tune,4199369046,1,CW,"[[23.7, 57]]",33.3,>=10s,29.029,True,True,29.5295,True,30.03,True,31.031,True,28.028,True,27.5275,True,27.027,True,29.162466666666667,True,28.061366666666668,True,29.2292,True,0.95,20,45,0.5005,230,96,4,30.029,31.029,32.029,34.029,True,True,True,True,28.029,27.029,26.029,24.029,True,True,True,True
val_tune,3383804222,5,CH,"[[35.7, 39.4]]",3.7,2-5s,10.9693,True,False,11.26125,False,11.720041666666667,False,12.5125,False,10.01,False,8.75875,False,8.133125,False,12.345666666666666,False,7.841166666666666,False,11.177833333333334,False,0.1,20,43,0.292,134,57,4,11.9693,12.9693,13.9693,15.9693,False,False,False,False,9.9693,8.9693,7.9693,5.9693,False,False,False,False
val_tune,5467727317,0,CW,"[[0.0, 11.5]]",11.5,>=10s,33.667,True,False,34.067366666666665,False,34.667966666666665,False,35.06836666666667,False,33.06636666666667,False,32.46576666666667,False,32.06536666666667,False,34.10073333333333,False,32.06536666666667,False,33.767066666666665,False,0.0,20,11,0.4004,164,59,4,34.667,35.667,36.667,38.667,False,False,False,False,32.667,31.667,30.667,28.667,False,False,False,False
val_tune,5296635780,6,TC,"[[18.0, 20.9]]",2.9,2-5s,11.5115,True,False,12.012,False,12.6126,False,13.013,False,11.011,False,10.5105,False,10.01,False,12.946266666666666,False,9.442766666666667,False,11.7117,False,0.3,20,18,0.5005,88,35,4,12.5115,13.5115,14.5115,16.5115,False,False,False,False,10.5115,9.5115,8.5115,6.5115,False,False,False,False
val_tune,6898821807,4,CW,"[[13.8, 16.7]]",2.9,2-5s,17.0504,True,False,17.650966666666665,False,18.051366666666667,False,18.551866666666665,False,16.4164,True,16.049366666666668,True,15.048366666666666,True,17.951266666666665,False,16.249566666666666,True,17.150466666666667,False,0.0,20,4,0.6006,79,33,4,18.0504,19.0504,20.0,20.0,False,False,False,False,16.0504,15.0504,14.0504,12.0504,True,True,True,False
val_tune,3943634344,10,TN,"[[18.8, 21.0]]",2.2,2-5s,19.4194,True,True,20.02,True,20.8208,True,,,19.019,True,18.018,False,17.6176,False,20.9209,True,18.051366666666667,False,19.9199,True,1.0,20,2,0.6006,84,37,4,20.4194,21.0,21.0,21.0,True,True,True,True,18.4194,17.4194,16.4194,14.4194,False,False,False,False
val_tune,3830567237,6,TC,"[[3.9, 23.1]]",19.2,>=10s,21.021,True,True,21.6216,True,22.022,True,23.023,True,20.5205,True,20.02,True,19.5195,True,23.757066666666667,False,17.951266666666665,True,21.6216,True,0.8,20,4,0.6006,96,38,4,22.021,23.021,24.0,24.0,True,True,False,False,20.021,19.021,18.021,16.021,True,True,True,True
val_tune,4671452046,4,CH,"[[32.3, 43.6]]",11.3,>=10s,41.6416,True,True,42.042,True,42.40903333333333,True,43.043,True,41.041,True,40.4404,True,40.04,True,41.97526666666667,True,40.974266666666665,True,41.9419,True,1.0,20,4,0.4004,175,72,4,42.6416,43.6416,44.0,44.0,True,False,False,False,40.6416,39.6416,38.6416,36.6416,True,True,True,True
val_tune,4518113460,9,TN,"[[19.8, 28.0]]",8.2,5-10s,22.7227,True,True,23.3233,True,24.024,True,24.7247,True,22.022,True,21.4214,True,21.021,True,22.956266666666668,True,18.952266666666667,False,23.023,True,0.05,20,60,0.6006,250,97,4,23.7227,24.7227,25.7227,27.7227,True,True,True,True,21.7227,20.7227,19.7227,17.7227,True,True,False,False
val_tune,7961460440,10,TN,"[[10.7, 12]]",1.3,<2s,0.0334,True,False,0.3003,False,1.0343666666666667,False,1.4014,False,,,,,,,1.6016000000000001,False,0.0,False,0.3003,False,0.0,20,18,0.2669,48,18,4,1.0334,2.0334,3.0334,5.0334,False,False,False,False,0.0,0.0,0.0,0.0,False,False,False,False
val_tune,5116088152,2,CW,"[[17.4, 22.1]]",4.7,2-5s,18.4184,True,True,19.019,True,19.4194,True,20.02,True,18.018,True,17.017,False,16.016,False,21.087733333333333,True,16.950266666666668,False,18.5185,True,0.15,20,37,0.6006,162,66,4,19.4184,20.4184,21.4184,23.4184,True,True,True,False,17.4184,16.4184,15.4184,13.4184,True,False,False,False
val_tune,3441428429,9,TN,"[[5.0, 7.3]]",2.3,2-5s,75.8091,True,False,76.076,False,76.54313333333333,False,77.077,False,75.075,False,74.4744,False,73.74033333333334,False,77.81106666666666,False,72.5725,False,76.076,False,0.0,20,23,0.2669,360,140,4,76.8091,77.8091,78.8091,80.8091,False,False,False,False,74.8091,73.8091,72.8091,70.8091,False,False,False,False
val_tune,6356067859,2,CW,"[[6.4, 8.6]]",2.2,2-5s,3.8372,True,False,4.037366666666666,False,4.537866666666667,False,5.038366666666667,False,3.036366666666667,False,2.0353666666666665,False,1.0343666666666667,False,6.039366666666667,False,3.036366666666667,False,3.9372666666666665,False,0.1,20,50,0.2002,143,54,4,4.8372,5.8372,6.8372,8.8372,False,False,True,False,2.8372,1.8372,0.8372,0.0,False,False,False,False
val_tune,2454242177,1,TC,"[[9.6, 12.9]]",3.3,2-5s,7.007,True,False,8.008,False,9.009,False,10.01,True,6.6066,False,6.006,False,5.6056,False,7.574233333333334,False,5.872533333333333,False,7.2072,False,0.05,20,69,1.001,212,81,4,8.007,9.007,10.007,12.007,False,False,True,True,6.007,5.007,4.007,2.007,False,False,False,False
val_tune,7492398760,2,CW,"[[20.9, 52.6]]",31.7,>=10s,87.0203,True,False,87.12036666666667,False,88.12136666666666,False,89.12236666666666,False,86.71996666666666,False,86.11936666666666,False,85.11836666666666,False,87.15373333333334,False,86.11936666666666,False,87.12036666666667,False,0.0,20,3,0.1001,361,123,4,88.0203,89.0203,90.0,90.0,False,False,False,False,86.0203,85.0203,84.0203,82.0203,False,False,False,False
val_tune,8388104887,0,CH,"[[4.5, 5.6]]",1.1,<2s,1.5349,True,False,2.0353666666666665,False,3.036366666666667,False,3.4034,False,1.4347666666666667,False,1.0343666666666667,False,0.23356666666666667,False,6.439766666666666,False,0.0,False,1.9019,False,0.0,20,63,0.5005,178,66,4,2.5349,3.5349,4.5349,6.5349,False,False,True,False,0.5349,0.0,0.0,0.0,False,False,False,False
val_tune,5328616848,1,CW,"[[5.1, 7.9]]",2.8,2-5s,6.4064,True,True,7.007,True,8.008,False,8.4084,False,6.006,True,5.005,False,4.5045,False,7.9412666666666665,False,5.839166666666666,True,6.8068,True,0.1,20,15,0.6006,60,27,4,7.4064,8.4064,9.4064,11.4064,True,False,False,False,5.4064,4.4064,3.4064,1.4064,True,False,False,False
val_tune,5803861992,7,TC,"[[0.0, 29.8], [33.1, 66.6]]",63.3,>=10s,60.8608,True,True,61.4614,True,61.8618,True,62.2622,True,59.8598,True,58.8588,True,58.2582,True,63.7637,True,60.39366666666667,True,61.4614,True,0.5,20,16,0.6006,290,109,4,61.8608,62.8608,63.8608,65.8608,True,True,True,True,59.8608,58.8608,57.8608,55.8608,True,True,True,True
val_tune,6754608321,3,CH,"[[1.2, 9.4], [15.3, 19.7], [30.6, 32.0], [48.0, 49.6]]",15.6,>=10s,17.9846,True,True,18.051366666666667,True,18.651966666666667,True,19.052366666666668,True,17.650966666666665,True,17.050366666666665,True,16.049366666666668,True,18.284933333333335,True,16.950266666666668,True,18.051366666666667,True,0.1,20,55,0.0667,216,81,4,18.9846,19.9846,20.9846,22.9846,True,False,False,False,16.9846,15.9846,14.9846,12.9846,True,True,False,False
val_tune,4978714491,1,CW,"[[13.4, 19.6]]",6.2,5-10s,29.9633,True,False,30.03,False,31.031,False,31.898533333333333,False,29.496133333333333,False,29.029,False,28.561866666666667,False,35.96926666666667,False,28.1281,False,30.03,False,0.0,20,17,0.0667,160,66,4,30.9633,31.9633,32.9633,34.9633,False,False,False,False,28.9633,27.9633,26.9633,24.9633,False,False,False,False
val_tune,5854324479,2,CW,"[[0.2, 16.4]]",16.2,>=10s,19.9366,True,False,20.061708333333332,False,21.312958333333334,False,,,18.810458333333333,False,17.559208333333334,False,17.058708333333332,False,20.979291666666665,False,18.059708333333333,False,20.061708333333332,False,0.0,20,2,0.1251,70,26,4,20.9366,21.9366,22.0,22.0,False,False,False,False,18.9366,17.9366,16.9366,14.9366,False,False,False,True
val_tune,2925298951,8,CW,"[[0.1, 6.3]]",6.2,5-10s,8.7587,True,False,9.5095,False,10.01,False,10.593916666666667,False,8.299958333333333,False,7.5075,False,6.25625,True,9.592916666666666,False,7.924583333333333,False,8.883875,False,0.0,20,11,0.7508,54,23,4,9.7587,10.7587,11.7587,13.7587,False,False,False,False,7.7587,6.7587,5.7587,3.7587,False,False,True,True
val_tune,2679130168,8,TC,"[[58.1, 62.6]]",4.5,2-5s,57.057,True,False,57.5575,False,58.183125,True,58.80875,True,56.931875,False,56.30625,False,55.680625,False,57.39066666666666,False,56.51479166666666,False,57.30725,False,0.9,20,8,0.5005,202,79,4,58.057,59.057,60.057,62.057,False,True,True,True,56.057,55.057,54.057,52.057,False,False,False,False
val_tune,3445431963,4,TP,"[[1.2, 8.8]]",7.6,5-10s,9.3844,True,False,10.01,False,10.5105,False,11.26125,False,8.75875,True,8.25825,True,7.5075,True,11.177833333333332,False,7.298958333333333,True,9.75975,False,0.0,20,57,0.6256,171,70,4,10.3844,11.3844,12.3844,14.3844,False,False,False,False,8.3844,7.3844,6.3844,4.3844,True,True,True,True
val_tune,6239210933,5,TN,"[[0.1, 16.3]]",16.2,>=10s,31.5649,True,False,32.06536666666667,False,33.06636666666667,False,33.466766666666665,False,31.06436666666667,False,30.4304,False,30.063366666666667,False,32.49913333333333,False,30.9309,False,31.66496666666667,False,0.0,20,4,0.5005,138,60,4,32.5649,33.5649,34.0,34.0,False,False,False,False,30.5649,29.5649,28.5649,26.5649,False,False,False,False
val_tune,4650556666,6,CW,"[[7.0, 17.6]]",10.6,>=10s,3.12,True,False,3.6,False,4.8,False,5.4,False,2.4,False,1.68,False,1.2,False,3.52,False,2.32,False,3.24,False,0.5,20,26,0.48,76,31,4,4.12,5.12,6.12,8.12,False,False,False,True,2.12,1.12,0.12,0.0,False,False,False,False
val_tune,4626085492,2,CH,"[[0.1, 7.4]]",7.3,5-10s,8.3417,True,False,8.5085,False,9.009,False,10.01,False,8.008,False,7.007,True,6.006,True,9.676333333333334,False,7.874533333333334,False,8.5085,False,0.0,20,20,0.1668,86,35,4,9.3417,10.3417,11.3417,13.3417,False,False,False,False,7.3417,6.3417,5.3417,3.3417,True,True,True,True
val_tune,4264435046,4,TC,"[[7.6, 13.0]]",5.4,5-10s,10.8108,True,True,11.011,True,11.4114,True,12.012,True,10.6106,True,10.01,True,9.5095,True,12.045366666666666,True,8.942266666666667,True,11.011,True,0.3,20,15,0.2002,76,35,4,11.8108,12.8108,13.8108,15.8108,True,True,False,False,9.8108,8.8108,7.8108,5.8108,True,True,True,False
val_tune,5256928210,2,CW,"[[2.6, 13.4]]",10.8,>=10s,13.013,True,True,14.014,False,14.4144,False,15.015,False,12.012,True,11.011,True,10.6106,True,14.247566666666668,False,12.278933333333333,True,13.1131,True,0.05,20,11,1.001,82,32,4,14.013,15.013,16.013,18.013,False,False,False,False,12.013,11.013,10.013,8.013,True,True,True,True
val_tune,6142416815,4,TN,"[[10.4, 12.0]]",1.6,<2s,21.4548,True,False,21.554866666666666,False,22.055366666666668,False,22.455766666666666,False,21.054366666666667,False,20.053366666666665,False,19.452766666666665,False,21.788433333333334,False,20.954266666666665,False,21.554866666666666,False,0.0,20,34,0.1001,170,68,4,22.4548,23.4548,24.4548,26.4548,False,False,False,False,20.4548,19.4548,18.4548,16.4548,False,False,False,False
val_tune,3846475848,3,CW,"[[24.7, 71]]",46.3,>=10s,54.7213,True,True,55.055,True,55.822433333333336,True,56.18946666666667,True,54.487766666666666,True,54.054,True,53.053,True,55.78906666666667,True,53.586866666666666,True,55.055,True,1.0,20,23,0.3337,287,116,4,55.7213,56.7213,57.7213,59.7213,True,True,True,True,53.7213,52.7213,51.7213,49.7213,True,True,True,True
val_tune,2821788355,8,TN,"[[3.3, 7.0]]",3.7,2-5s,12.6126,True,False,13.013,False,14.014,False,15.015,False,12.379033333333334,False,12.012,False,11.478133333333334,False,13.046366666666668,False,11.678333333333333,False,13.013,False,0.0,20,18,0.4004,103,37,4,13.6126,14.6126,15.6126,17.6126,False,False,False,False,11.6126,10.6126,9.6126,7.6126,False,False,False,False
val_tune,5429688959,4,TC,"[[0.4, 83]]",82.6,>=10s,47.7811,True,True,48.08136666666667,True,48.58186666666667,True,49.082366666666665,True,47.580866666666665,True,47.08036666666667,True,46.57986666666667,True,47.91453333333333,True,46.91353333333333,True,47.98126666666667,True,1.0,20,60,0.3003,333,143,4,48.7811,49.7811,50.7811,52.7811,True,True,True,True,46.7811,45.7811,44.7811,42.7811,True,True,True,True
val_tune,2495861393,2,CW,"[[5.2, 7.5], [9.9, 13.8], [16.5, 32.3]]",22.0,>=10s,24.557,True,True,25.025,True,25.558,True,26.026,True,24.024,True,23.556,True,23.023,True,25.325581395348838,True,24.324570273003033,True,24.824,True,0.2,20,44,0.468,201,91,4,25.557,26.557,27.557,29.557,True,True,True,True,23.557,22.557,21.557,19.557,True,True,True,True
val_tune,6618792571,1,CW,"[[3.7, 19.4]]",15.7,>=10s,34.8682,True,False,35.06836666666667,False,35.66896666666667,False,36.06936666666667,False,34.56786666666667,False,34.067366666666665,False,33.56686666666667,False,34.968266666666665,False,30.697333333333333,False,35.06836666666667,False,0.0,20,81,0.2002,336,135,4,35.8682,36.8682,37.8682,39.8682,False,False,False,False,33.8682,32.8682,31.8682,29.8682,False,False,False,False
val_tune,4251505427,5,TN,"[[66.7, 72.5]]",5.8,5-10s,22.4891,True,False,22.589233333333333,False,23.023,False,24.024,False,22.022,False,21.454766666666668,False,21.021,False,23.156466666666667,False,22.155466666666666,False,22.589233333333333,False,0.0,20,90,0.1001,306,128,4,23.4891,24.4891,25.4891,27.4891,False,False,False,False,21.4891,20.4891,19.4891,17.4891,False,False,False,False
val_tune,2559262403,1,CW,"[[0.1, 8.9], [9.9, 11.9]]",10.8,>=10s,49.1741,True,False,49.424375,False,50.05,False,51.30125,False,48.79875,False,48.048,False,47.5475,False,50.09170833333333,False,48.13141666666667,False,49.29925,False,0.0,20,52,0.2503,288,119,4,50.1741,51.1741,52.1741,54.1741,False,False,False,False,48.1741,47.1741,46.1741,44.1741,False,False,False,False
val_tune,2400171624,1,CW,"[[13.0, 14.7], [15.9, 18.7], [21.2, 22.5]]",5.8,5-10s,12.479,True,False,13.013,True,13.546,True,14.014,True,12.012,False,11.011,False,10.01,False,13.179979777553084,True,11.845298281092013,False,13.013,True,0.25,20,31,0.534,135,50,4,13.479,14.479,15.479,17.479,True,True,False,True,11.479,10.479,9.479,7.479,False,False,False,False
val_tune,8132842161,0,CW,"[[11.2, 15.2], [20.2, 27.5], [29.2, 36.9]]",19.0,>=10s,11.645,True,True,12.045366666666666,True,12.5125,True,13.046366666666666,True,11.444766666666666,True,11.044366666666667,False,10.543866666666666,False,13.046366666666668,True,10.577233333333334,False,12.045366666666666,True,0.7,20,39,0.4004,148,60,4,12.645,13.645,14.645,16.645,True,True,True,False,10.645,9.645,8.645,6.645,False,False,False,False
val_tune,4465235803,3,TN,"[[10.0, 13.8], [22.6, 29.1]]",10.3,>=10s,9.6763,True,False,10.01,True,10.577233333333334,True,11.011,True,9.576233333333333,False,9.009,False,8.008,False,9.9099,False,8.942266666666667,False,10.01,True,0.15,20,42,0.3337,136,56,4,10.6763,11.6763,12.6763,14.6763,True,True,True,False,8.6763,7.6763,6.6763,4.6763,False,False,False,False
val_tune,7988210561,5,TN,"[[3.3, 6.7]]",3.4,2-5s,5.9393,True,True,6.039366666666667,True,6.639966666666667,True,7.040366666666666,False,5.638966666666667,True,5.038366666666667,True,4.037366666666666,True,7.574233333333334,False,5.472133333333334,True,6.039366666666667,True,0.05,20,7,0.1001,43,17,4,6.9393,7.9393,8.9393,10.9393,False,False,False,False,4.9393,3.9393,2.9393,0.9393,True,True,False,False
val_tune,2925298951,2,CW,"[[0.0, 6.2]]",6.2,5-10s,5.714,True,True,6.25625,False,7.5075,False,8.299958333333333,False,5.588916666666667,True,5.005,True,4.295958333333333,True,6.172833333333333,True,3.169833333333333,True,6.25625,False,0.0,20,15,0.5422,54,23,4,6.714,7.714,8.714,10.714,False,False,False,False,4.714,3.714,2.714,0.714,True,True,True,True
val_tune,3218498932,7,TN,"[[15.1, 17.0]]",1.9,<2s,0.7007,True,False,1.001,False,1.6016,False,2.002,False,,,,,,,0.9342666666666667,False,0.0,False,0.8008,False,0.0,20,50,0.3003,120,50,4,1.7007,2.7007,3.7007,5.7007,False,False,False,False,0.0,0.0,0.0,0.0,False,False,False,False
val_tune,6300775954,2,TC,"[[41.6, 45.0], [50.5, 54.8]]",7.7,5-10s,55.0884,True,False,55.58886666666667,False,56.08936666666666,False,57.09036666666667,False,54.58786666666666,True,54.08736666666667,True,53.48676666666667,True,56.523133333333334,False,53.78706666666667,True,55.388666666666666,False,0.0,20,4,0.5005,232,94,4,56.0884,57.0884,58.0,58.0,False,False,False,False,54.0884,53.0884,52.0884,50.0884,True,True,True,False
val_tune,2821788355,10,CW,"[[8.6, 13.4]]",4.8,2-5s,13.647,True,False,14.014,False,15.015,False,15.5155,False,13.013,True,12.379033333333334,True,12.012,True,14.781433333333334,False,13.046366666666668,True,13.747066666666667,False,0.0,20,17,0.367,103,37,4,14.647,15.647,16.647,18.647,False,False,False,False,12.647,11.647,10.647,8.647,True,True,True,True
val_tune,6097994550,5,TC,"[[0.0, 3.4]]",3.4,2-5s,9.9766,True,False,10.243566666666666,False,11.044366666666667,False,11.544866666666667,False,9.676333333333334,False,9.042366666666666,False,8.6086,False,11.378033333333333,False,9.376033333333334,False,10.043366666666667,False,0.0,20,13,0.2669,71,29,4,10.9766,11.9766,12.9766,14.9766,False,False,False,False,8.9766,7.9766,6.9766,4.9766,False,False,False,False
val_tune,4518113460,3,CW,"[[47.2, 52.5]]",5.3,5-10s,50.05,True,True,51.051,True,52.052,True,53.053,False,49.4494,True,49.049,True,48.5485,True,50.98426666666667,True,49.58286666666667,True,50.2502,True,0.05,20,16,1.001,250,97,4,51.05,52.05,53.05,55.05,True,True,False,False,49.05,48.05,47.05,45.05,True,True,False,False
val_tune,6895608152,1,CW,"[[1.4, 7.6]]",6.2,5-10s,69.28,True,False,69.64,False,70.24,False,70.84,False,68.44,False,67.72,False,67.24,False,70.88,False,68.96,False,69.4,False,0.0,20,26,0.36,291,127,4,70.28,71.28,72.28,74.28,False,False,False,False,68.28,67.28,66.28,64.28,False,False,False,False
val_tune,7533369046,1,CW,"[[0.0, 6.6], [9.8, 22.9]]",19.7,>=10s,24.5417,True,False,25.041666666666668,False,26.291666666666668,False,27.541666666666668,False,23.791666666666668,False,23.041666666666668,False,22.541666666666668,True,26.416666666666668,False,23.791666666666668,False,24.916666666666668,False,0.0,20,9,0.5,108,40,4,25.5417,26.5417,27.5417,29.5417,False,False,False,False,23.5417,22.5417,21.5417,19.5417,False,True,True,True
val_tune,3830567237,8,TC,"[[17.0, 22.4]]",5.4,5-10s,21.9219,True,True,22.022,True,23.023,False,23.690333333333335,False,21.6216,True,21.021,True,20.5205,True,23.757066666666667,False,17.951266666666665,True,22.022,True,0.15,20,3,0.1001,96,38,4,22.9219,23.9219,24.0,24.0,False,False,False,False,20.9219,19.9219,18.9219,16.9219,True,True,True,False
val_tune,8428551576,0,CW,"[[41.4, 44.8]]",3.4,2-5s,6.1395,True,False,6.639966666666667,False,7.040366666666666,False,7.440766666666667,False,6.039366666666667,False,5.638966666666667,False,5.038366666666667,False,6.439766666666666,False,4.9049000000000005,False,6.239566666666667,False,0.05,20,146,0.5005,359,157,4,7.1395,8.1395,9.1395,11.1395,False,False,False,False,5.1395,4.1395,3.1395,1.1395,False,False,False,False
val_tune,3960291106,3,CW,"[[11.2, 17.0]]",5.8,5-10s,12.8128,True,True,13.013,True,13.480133333333333,True,14.014,True,12.5125,True,12.012,True,11.011,False,13.279933333333334,True,11.945266666666667,True,12.9129,True,0.05,20,68,0.2002,191,89,4,13.8128,14.8128,15.8128,17.8128,True,True,True,False,11.8128,10.8128,9.8128,7.8128,True,False,False,False
val_tune,4915733559,3,CW,"[[11.9, 14.8]]",2.9,2-5s,4.7047,True,False,5.005,False,5.6056,False,6.006,False,4.004,False,3.003,False,2.6026,False,6.039366666666667,False,0.0,False,4.8048,False,0.1,20,52,0.3003,143,59,4,5.7047,6.7047,7.7047,9.7047,False,False,False,False,3.7047,2.7047,1.7047,0.0,False,False,False,False
val_tune,6097994550,3,TC,"[[0.0, 3.4]]",3.4,2-5s,5.0384,True,False,5.538866666666666,False,6.039366666666667,False,7.040366666666666,False,4.037366666666666,False,3.4367666666666667,False,3.036366666666667,True,5.939266666666667,False,3.036366666666667,True,5.138466666666667,False,0.0,20,21,0.5005,71,29,4,6.0384,7.0384,8.0384,10.0384,False,False,False,False,4.0384,3.0384,2.0384,0.0384,False,True,True,True
val_tune,5333075105,8,CW,"[[33.8, 39.0]]",5.2,5-10s,36.2362,True,True,36.50313333333333,True,37.037,True,37.504133333333336,True,36.036,True,35.035,True,34.034,True,38.405033333333336,True,33.96726666666667,True,36.302933333333335,True,1.0,20,5,0.2669,156,63,4,37.2362,38.2362,39.0,39.0,True,True,True,True,35.2362,34.2362,33.2362,31.2362,True,True,False,False
val_tune,5662041273,11,CW,"[[37.4, 45.4]]",8.0,5-10s,8.7421,True,False,9.042366666666666,False,10.043366666666667,False,10.543866666666666,False,8.441766666666666,False,8.041366666666667,False,7.4074,False,9.9099,False,7.9079,False,8.8088,False,0.15,20,125,0.3003,361,141,4,9.7421,10.7421,11.7421,13.7421,False,False,False,False,7.7421,6.7421,5.7421,3.7421,False,False,False,False
val_tune,3861485381,6,TN,"[[41.5, 56.9]]",15.4,>=10s,37.5041,True,False,38.00463333333333,False,38.571866666666665,False,39.005633333333336,False,37.00363333333333,False,36.002633333333335,False,35.6356,False,38.872166666666665,False,36.770066666666665,False,37.57086666666667,False,0.25,20,82,0.5005,359,143,4,38.5041,39.5041,40.5041,42.5041,False,False,False,True,36.5041,35.5041,34.5041,32.5041,False,False,False,False
val_tune,5328616848,4,TN,"[[12.8, 14.8]]",2.0,2-5s,10.6106,True,False,11.011,False,11.7117,False,12.1121,False,10.5105,False,10.01,False,9.4094,False,11.277933333333333,False,8.942266666666667,False,10.7107,False,0.7,20,8,0.4004,60,27,4,11.6106,12.6106,13.6106,15.0,False,False,True,False,9.6106,8.6106,7.6106,5.6106,False,False,False,False
val_tune,9917882506,0,CW,"[[13.7, 18.6]]",4.9,2-5s,29.029,True,False,30.03003003003003,False,30.397063730397065,False,31.097764431097765,False,28.02802802802803,False,27.52752752752753,False,27.060393727060394,False,31.4647981314648,False,28.7620954287621,False,29.22922922922923,False,0.0,20,4,1.001,115,50,4,30.029,31.029,32.0,32.0,False,False,False,False,28.029,27.029,26.029,24.029,False,False,False,False
val_tune,5833145209,4,CH,"[[4.5, 5.4]]",0.9,<2s,11.0444,True,False,11.644966666666667,False,12.045366666666666,False,12.645966666666666,False,10.543866666666666,False,10.043366666666667,False,9.476133333333333,False,11.945266666666667,False,9.876533333333333,False,11.3113,False,0.0,20,10,0.6006,68,30,4,12.0444,13.0444,14.0444,16.0444,False,False,False,False,10.0444,9.0444,8.0444,6.0444,False,False,False,False
val_tune,6713120511,1,CH,"[[0.0, 15.5]]",15.5,>=10s,47.5809,True,False,48.28156666666667,False,49.082366666666665,False,49.682966666666665,False,47.08036666666667,False,46.31293333333333,False,45.07836666666667,False,49.315933333333334,False,47.08036666666667,False,47.68096666666667,False,0.0,20,11,0.7007,223,83,4,48.5809,49.5809,50.5809,52.5809,False,False,False,False,46.5809,45.5809,44.5809,42.5809,False,False,False,False
val_tune,11566980553,2,TN,"[[10.6, 15.3]]",4.7,2-5s,22.8228,True,False,23.790457123790457,False,25.025025025025027,False,25.392058725392058,False,22.62262262262262,False,22.188855522188856,False,21.654988321654987,False,25.759092425759093,False,22.35568902235569,False,22.889556222889556,False,0.0,20,49,0.9676,228,84,4,23.8228,24.8228,25.8228,27.8228,False,False,False,False,21.8228,20.8228,19.8228,17.8228,False,False,False,False
val_tune,10042935613,2,CW,"[[39.5, 44.5]]",5.0,5-10s,1.8685,True,False,2.002002002002002,False,3.2032032032032034,False,3.6036036036036037,False,1.4681348014681348,False,0.8675342008675342,False,,,2.3690357023690356,False,1.5682349015682349,False,2.002002002002002,False,0.1,20,73,0.1335,200,75,4,2.8685,3.8685,4.8685,6.8685,False,False,False,False,0.8685,0.0,0.0,0.0,False,False,False,False
val_tune,3960291106,2,CW,"[[33.7, 38.6]]",4.9,2-5s,1.4014,True,False,1.5015,False,2.002,False,2.5025,False,1.001,False,0.26693333333333336,False,,,1.6683333333333334,False,0.8675333333333334,False,1.5015,False,0.15,20,87,0.1001,191,89,4,2.4014,3.4014,4.4014,6.4014,False,False,False,False,0.4014,0.0,0.0,0.0,False,False,False,False
val_tune,4138579400,7,TN,"[[5.8, 9.8]]",4.0,2-5s,1.6266,True,False,1.75175,False,2.5025,False,3.128125,False,1.25125,False,0.75075,False,,,2.043708333333333,False,0.5839166666666666,False,1.75175,False,0.15,20,29,0.1251,81,31,4,2.6266,3.6266,4.6266,6.6266,False,False,False,True,0.6266,0.0,0.0,0.0,False,False,False,False
val_tune,8493226484,4,TN,"[[3.6, 6.3]]",2.7,2-5s,25.0584,True,False,25.658966666666668,False,26.059366666666666,False,26.559866666666668,False,24.057366666666667,False,23.656966666666666,False,23.056366666666666,False,25.492133333333335,False,23.490133333333333,False,25.158466666666666,False,0.0,20,12,0.6006,134,55,4,26.0584,27.0584,28.0584,30.0584,False,False,False,False,24.0584,23.0584,22.0584,20.0584,False,False,False,False
val_tune,3372023610,5,TN,"[[28.9, 30.1]]",1.2,<2s,24.8915,True,False,25.025,False,25.4254,False,26.026,False,24.024,False,23.490133333333333,False,23.023,False,25.058366666666668,False,23.523500000000002,False,24.991633333333333,False,0.05,20,16,0.1335,136,55,4,25.8915,26.8915,27.8915,29.8915,False,False,False,True,23.8915,22.8915,21.8915,19.8915,False,False,False,False
val_tune,5017166671,1,TN,"[[47.4, 51.1]]",3.7,2-5s,86.086,True,False,86.6866,False,87.087,False,87.5875,False,85.5855,False,85.085,False,84.5845,False,86.31956666666667,False,85.61886666666666,False,86.1861,False,0.0,20,7,0.6006,360,155,4,87.086,88.086,89.086,90.0,False,False,False,False,85.086,84.086,83.086,81.086,False,False,False,False
val_tune,3557498300,6,TN,"[[25.3, 28]]",2.7,2-5s,14.5479,True,False,15.015,False,16.016,False,16.583233333333332,False,14.014,False,13.5135,False,13.013,False,14.948266666666667,False,13.546866666666666,False,14.6146,False,0.25,20,22,0.4671,114,45,4,15.5479,16.5479,17.5479,19.5479,False,False,False,False,13.5479,12.5479,11.5479,9.5479,False,False,False,False
val_tune,3581585756,2,CW,"[[10.2, 14.8]]",4.6,2-5s,23.1898,True,False,,,,,,,23.023,False,22.489133333333335,False,22.022,False,23.4234,False,21.588233333333335,False,,,,0,0,,95,39,4,23.0,23.0,23.0,23.0,False,False,False,False,22.1898,21.1898,20.1898,18.1898,False,False,False,False
val_tune,7771650716,1,CW,"[[3.1, 10.7], [21.8, 28.9]]",14.7,>=10s,26.0594,True,True,26.960266666666666,True,27.961266666666667,True,28.962266666666668,False,25.959266666666668,True,25.558866666666667,True,24.958266666666667,True,26.860166666666668,True,25.692333333333334,True,26.159466666666667,True,0.05,20,48,0.9009,247,90,4,27.0594,28.0594,29.0594,31.0594,True,True,False,False,25.0594,24.0594,23.0594,21.0594,True,True,True,False
val_tune,12682618843,1,TN,"[[24.7, 32.1]]",7.4,5-10s,37.1371,True,False,37.77106666666667,False,38.571866666666665,False,39.005633333333336,False,37.00363333333333,False,36.56986666666667,False,35.101733333333335,False,38.1381,False,36.169466666666665,False,37.27056666666667,False,0.0,20,18,0.634,172,70,4,38.1371,39.1371,40.1371,42.1371,False,False,False,False,36.1371,35.1371,34.1371,32.1371,False,False,False,False
val_tune,2984974097,1,TC,"[[10.7, 16.3]]",5.6,5-10s,24.157,True,False,24.424,False,25.025,False,25.492,False,24.024,False,23.523,False,23.023,False,26.5267947421638,False,17.1840242669363,False,24.424,False,0.0,20,11,0.267,121,53,4,25.157,26.157,27.157,29.157,False,False,False,False,23.157,22.157,21.157,19.157,False,False,False,False
val_tune,8464056582,1,CW,"[[20.0, 30.8]]",10.8,>=10s,38.4167,True,False,38.791666666666664,False,39.291666666666664,False,40.041666666666664,False,37.541666666666664,False,37.041666666666664,False,36.291666666666664,False,38.666666666666664,False,37.791666666666664,False,38.791666666666664,False,0.0,20,24,0.375,179,75,4,39.4167,40.4167,41.4167,43.4167,False,False,False,False,37.4167,36.4167,35.4167,33.4167,False,False,False,False
val_tune,5681946487,1,CW,"[[0.5, 5.6]]",5.1,5-10s,0.7341,True,True,1.0343666666666667,True,2.0353666666666665,True,2.4024,True,0.5338666666666667,True,,,,,0.9342666666666667,True,0.0,False,1.0343666666666667,True,0.35,20,46,0.3003,114,47,4,1.7341,2.7341,3.7341,5.7341,True,True,True,False,0.0,0.0,0.0,0.0,False,False,False,False
val_tune,4264435046,0,CH,"[[0.4, 18.8]]",18.4,>=10s,0.1335,True,False,1.001,True,1.3680333333333334,True,2.002,True,,,,,,,2.9362666666666666,True,0.0,False,0.16683333333333333,False,0.95,20,34,0.8675,76,35,4,1.1335,2.1335,3.1335,5.1335,True,True,True,True,0.0,0.0,0.0,0.0,False,False,False,False
val_tune,6624174621,4,CH,"[[34.9, 36.0]]",1.1,<2s,14.9149,True,False,15.048366666666666,False,16.049366666666668,False,16.649966666666668,False,14.047366666666667,False,13.446766666666667,False,13.046366666666666,False,15.949266666666666,False,13.947266666666668,False,15.048366666666666,False,0.1,20,38,0.1335,163,61,4,15.9149,16.9149,17.9149,19.9149,False,False,False,False,13.9149,12.9149,11.9149,9.9149,False,False,False,False
val_tune,7114553643,2,CW,"[[0.0, 12.8]]",12.8,>=10s,1.1345,True,True,1.5348666666666666,True,2.0353666666666665,True,2.6359666666666666,True,1.0343666666666667,True,0.33366666666666667,True,,,1.5348666666666666,True,0.0,True,1.4347666666666667,True,0.3,20,115,0.4004,264,117,4,2.1345,3.1345,4.1345,6.1345,True,True,True,True,0.1345,0.0,0.0,0.0,True,True,True,True
val_tune,3626788516,4,CW,"[[0.2, 4.0]]",3.8,2-5s,11.2613,True,False,12.5125,False,13.26325,False,13.76375,False,10.593916666666667,False,10.01,False,9.384375,False,13.430083333333332,False,6.589916666666666,False,11.386375,False,0.0,20,3,1.2512,46,18,4,12.2613,13.2613,14.0,14.0,False,False,False,False,10.2613,9.2613,8.2613,6.2613,False,False,False,False
val_tune,2809330695,0,CW,"[[0.0, 7.2], [22.4, 26.9], [29.2, 35.0]]",17.5,>=10s,25.7757,True,True,26.27625,True,27.027,False,27.5275,False,25.650625,True,25.025,True,24.5245,True,25.859166666666663,True,24.858166666666666,True,26.026,True,0.3,20,89,0.5005,289,126,4,26.7757,27.7757,28.7757,30.7757,True,False,False,True,24.7757,23.7757,22.7757,20.7757,True,True,True,False
val_tune,2614918961,2,CW,"[[17.7, 21.5], [26.0, 29.0]]",6.8,5-10s,6.5065,True,False,7.007,False,7.5075,False,8.008,False,6.006,False,5.5055,False,5.005,False,6.673333333333334,False,5.038366666666667,False,7.007,False,0.2,20,63,0.5005,175,76,4,7.5065,8.5065,9.5065,11.5065,False,False,False,False,5.5065,4.5065,3.5065,1.5065,False,False,False,False
val_tune,3972259774,1,CW,"[[9.4, 17.3]]",7.9,5-10s,34.6596,True,False,35.035,False,35.660625,False,36.28625,False,34.5345,False,33.78375,False,33.158125,False,35.11841666666666,False,34.07570833333333,False,34.78475,False,0.0,20,14,0.3754,143,57,4,35.6596,36.6596,37.6596,39.6596,False,False,False,False,33.6596,32.6596,31.6596,29.6596,False,False,False,False
val_tune,4968805923,7,TN,"[[1.9, 4.6]]",2.7,2-5s,4.004,True,True,5.005,False,6.006,False,6.6066,False,3.6036,True,3.003,True,2.002,True,6.940266666666667,False,3.937266666666667,True,4.7047,False,0.0,20,9,1.001,43,15,4,5.004,6.004,7.004,9.004,False,False,False,False,3.004,2.004,1.004,0.0,True,True,False,False
val_tune,11871253306,6,TN,"[[36.8, 40.2]]",3.4,2-5s,14.014,True,False,14.447766666666666,False,15.015,False,16.016,False,13.5135,False,13.079733333333333,False,12.679333333333334,False,14.1141,False,13.146466666666667,False,14.147466666666666,False,0.15,20,54,0.4338,173,74,4,15.014,16.014,17.014,19.014,False,False,False,False,13.014,12.014,11.014,9.014,False,False,False,False
val_tune,4419096437,4,CH,"[[21.4, 31.1], [39.1, 44.7]]",15.3,>=10s,13.1131,True,False,14.014,False,14.581233333333333,False,15.015,False,13.013,False,12.012,False,11.4114,False,13.179833333333333,False,9.6096,False,13.7137,False,0.45,20,65,0.9009,212,83,4,14.1131,15.1131,16.1131,18.1131,False,False,False,False,12.1131,11.1131,10.1131,8.1131,False,False,False,False
val_tune,8594314852,7,CW,"[[9.4, 11.9]]",2.5,2-5s,9.9433,True,True,10.043366666666667,True,10.643966666666667,True,11.044366666666667,True,9.642966666666666,True,9.042366666666666,False,8.541866666666667,False,12.479133333333333,False,8.775433333333334,False,10.043366666666667,True,0.75,20,6,0.1001,51,23,4,10.9433,11.9433,12.9433,13.0,True,False,False,False,8.9433,7.9433,6.9433,4.9433,False,False,False,False
val_tune,3869005094,6,CH,"[[2.0, 10]]",8.0,5-10s,1.001,True,False,1.6016,False,2.002,True,3.003,True,0.5005,False,,,,,2.168833333333333,True,0.8341666666666667,False,1.6016,False,0.95,20,13,0.6006,40,15,4,2.001,3.001,4.001,6.001,True,True,True,True,0.001,0.0,0.0,0.0,False,False,False,False
val_tune,3321261856,6,TC,"[[17.7, 24.9]]",7.2,5-10s,10.01,True,False,11.011,False,11.6116,False,12.012,False,9.009,False,8.6086,False,8.008,False,10.6106,False,9.943266666666666,False,10.1101,False,0.4,20,29,1.001,115,45,4,11.01,12.01,13.01,15.01,False,False,False,False,9.01,8.01,7.01,5.01,False,False,False,False
val_tune,8428551576,9,TN,"[[81.9, 89.7]]",7.8,5-10s,66.7667,True,False,67.10036666666667,False,67.60086666666666,False,68.10136666666666,False,66.5665,False,66.09936666666667,False,65.065,False,67.00026666666666,False,66.39966666666666,False,67.10036666666667,False,0.1,20,38,0.3337,359,157,4,67.7667,68.7667,69.7667,71.7667,False,False,False,False,65.7667,64.7667,63.7667,61.7667,False,False,False,False
val_tune,10779838974,7,TN,"[[7.2, 14.6]]",7.4,5-10s,22.9563,True,False,23.323323323323322,False,24.257590924257592,False,24.858191524858192,False,22.22222222222222,False,21.85518852185519,False,21.32132132132132,False,22.989656322989656,False,22.45578912245579,False,23.123123123123122,False,0.0,20,11,0.367,105,43,4,23.9563,24.9563,25.9563,27.9563,False,False,False,False,21.9563,20.9563,19.9563,17.9563,False,False,False,False
val_tune,5235909148,7,CH,"[[6.0, 11.5]]",5.5,5-10s,7.9079,True,True,8.008,True,8.5085,True,9.009,True,7.5075,True,7.007,True,6.5065,True,11.8118,False,7.040366666666666,True,8.008,True,1.0,20,7,0.1001,48,20,4,8.9079,9.9079,10.9079,12.0,True,True,True,False,6.9079,5.9079,4.9079,2.9079,True,False,False,False
val_tune,4915733559,1,TN,"[[30.6, 33.7]]",3.1,2-5s,4.9049,True,False,5.005,False,5.6056,False,6.006,False,4.004,False,3.003,False,2.6026,False,6.039366666666667,False,0.0,False,5.005,False,0.1,20,52,0.1001,143,59,4,5.9049,6.9049,7.9049,9.9049,False,False,False,False,3.9049,2.9049,1.9049,0.0,False,False,False,False
val_tune,6898821807,11,TN,"[[2.8, 7.8]]",5.0,5-10s,0.1335,True,False,0.9009,False,1.3013,False,1.6683333333333332,False,,,,,,,1.8018,False,0.0,False,0.2002,False,0.1,20,32,0.7674,79,33,4,1.1335,2.1335,3.1335,5.1335,False,False,True,True,0.0,0.0,0.0,0.0,False,False,False,False
val_tune,6443512089,8,TC,"[[18.2, 20.0]]",1.8,<2s,40.0734,True,False,40.57386666666667,False,41.07436666666667,False,42.07536666666667,False,39.07236666666667,False,38.07136666666667,False,37.070366666666665,False,40.206833333333336,False,38.97226666666667,False,40.373666666666665,False,0.0,20,66,0.5005,326,132,4,41.0734,42.0734,43.0734,45.0734,False,False,False,False,39.0734,38.0734,37.0734,35.0734,False,False,False,False
val_tune,2868183184,7,TN,"[[22.8, 51.5]]",28.7,>=10s,41.041,True,True,42.042,True,42.575,True,43.043,True,40.64,True,40.04,True,39.039,True,41.47522750252781,True,39.439838220424676,True,41.141,True,1.0,20,15,1.001,209,80,4,42.041,43.041,44.041,46.041,True,True,True,True,40.041,39.041,38.041,36.041,True,True,True,True
val_tune,7059877301,6,CW,"[[23.8, 29.0]]",5.2,5-10s,24.8582,True,True,25.058366666666668,True,26.059366666666666,True,27.060366666666667,True,24.057366666666667,True,23.456766666666667,False,23.056366666666666,False,25.959266666666668,True,23.790433333333333,False,24.958266666666667,True,0.8,20,10,0.2002,123,50,4,25.8582,26.8582,27.8582,29.8582,True,True,True,False,23.8582,22.8582,21.8582,19.8582,True,False,False,False
val_tune,8403741210,5,TN,"[[8.9, 11.1], [15.7, 19.6]]",6.1,5-10s,1.2346,True,False,1.4347666666666667,False,2.0353666666666665,False,2.6359666666666666,False,1.0343666666666667,False,0.23356666666666667,False,,,1.7350666666666668,False,0.8341666666666667,False,1.4347666666666667,False,0.1,20,81,0.2002,178,83,4,2.2346,3.2346,4.2346,6.2346,False,False,False,False,0.2346,0.0,0.0,0.0,False,False,False,False
val_tune,8513603944,9,CH,"[[0.1, 9.9]]",9.8,5-10s,5.9393,True,True,6.039366666666667,True,7.040366666666666,True,7.6076,True,5.538866666666666,True,5.038366666666667,True,4.037366666666666,True,7.040366666666666,True,4.037366666666666,True,6.039366666666667,True,0.15,20,44,0.1001,123,54,4,6.9393,7.9393,8.9393,10.9393,True,True,True,False,4.9393,3.9393,2.9393,0.9393,True,True,True,True
val_tune,3145698830,0,CW,"[[0.1, 5.3]]",5.2,5-10s,52.6526,True,False,53.053,False,53.5535,False,54.054,False,52.5525,False,52.052,False,51.6516,False,53.38666666666667,False,52.28556666666667,False,53.053,False,0.0,20,11,0.4004,236,98,4,53.6526,54.6526,55.6526,57.6526,False,False,False,False,51.6526,50.6526,49.6526,47.6526,False,False,False,False
val_tune,8495272210,1,CH,"[[0.0, 6.3]]",6.3,5-10s,1.9353,True,True,2.0353666666666665,True,2.5358666666666667,True,3.036366666666667,True,1.0343666666666667,True,0.5338666666666667,True,,,2.0353666666666665,True,0.8341666666666667,True,2.0353666666666665,True,0.3,20,33,0.1001,84,35,4,2.9353,3.9353,4.9353,6.9353,True,True,True,False,0.9353,0.0,0.0,0.0,True,True,True,True
val_tune,4130504920,2,TC,"[[9.0, 12.4]]",3.4,2-5s,5.005,True,False,5.4054,False,6.006,False,6.4064,False,4.004,False,3.4034,False,3.003,False,5.939266666666667,False,4.437766666666667,False,5.2052,False,0.35,20,16,0.4004,58,25,4,6.005,7.005,8.005,10.005,False,False,False,True,4.005,3.005,2.005,0.005,False,False,False,False
val_tune,4955723618,2,TC,"[[46.7, 59.5]]",12.8,>=10s,15.9826,True,False,16.016,False,16.4164,False,17.017,False,15.5155,False,15.015,False,14.5145,False,20.954266666666665,False,15.048366666666666,False,16.016,False,0.25,20,76,0.0334,245,106,4,16.9826,17.9826,18.9826,20.9826,False,False,False,False,14.9826,13.9826,12.9826,10.9826,False,False,False,False
val_tune,7331927796,6,CW,"[[13.0, 14.8]]",1.8,<2s,9.2759,True,False,10.043366666666667,False,11.044366666666667,False,11.644966666666667,False,9.042366666666666,False,8.041366666666667,False,7.4741333333333335,False,11.077733333333333,False,6.940266666666667,False,9.976633333333334,False,0.15,20,13,0.7674,70,29,4,10.2759,11.2759,12.2759,14.2759,False,False,False,True,8.2759,7.2759,6.2759,4.2759,False,False,False,False
val_tune,6691330381,5,TN,"[[20.7, 31.5]]",10.8,>=10s,37.037,True,False,37.070366666666665,False,37.4374,False,38.07136666666667,False,36.56986666666667,False,36.06936666666667,False,35.06836666666667,False,38.37166666666667,False,36.06936666666667,False,37.070366666666665,False,0.0,20,8,0.0334,166,68,4,38.037,39.037,40.037,41.0,False,False,False,False,36.037,35.037,34.037,32.037,False,False,False,False
val_tune,5061117640,8,TN,"[[41.1, 46.5]]",5.4,5-10s,15.7157,True,False,16.016,False,17.017,False,17.6176,False,15.5155,False,15.015,False,14.5145,False,16.049366666666668,False,14.381033333333333,False,15.9159,False,0.05,20,62,0.3003,213,85,4,16.7157,17.7157,18.7157,20.7157,False,False,False,False,14.7157,13.7157,12.7157,10.7157,False,False,False,False
val_tune,4584426085,4,TC,"[[29.3, 41.0]]",11.7,>=10s,8.5085,True,False,8.6086,False,9.009,False,9.5095,False,8.008,False,7.374033333333333,False,7.007,False,9.042366666666666,False,8.375033333333333,False,8.6086,False,0.15,20,129,0.1001,360,141,4,9.5085,10.5085,11.5085,13.5085,False,False,False,False,7.5085,6.5085,5.5085,3.5085,False,False,False,False
val_tune,6806999702,3,CW,"[[15.4, 16.8]]",1.4,<2s,43.043,True,False,43.076366666666665,False,43.57686666666667,False,44.07736666666667,False,42.67596666666667,False,42.07536666666667,False,41.07436666666667,False,43.510133333333336,False,42.07536666666667,False,43.076366666666665,False,0.0,20,70,0.0334,360,135,4,44.043,45.043,46.043,48.043,False,False,False,False,42.043,41.043,40.043,38.043,False,False,False,False
val_tune,14003541505,6,CW,"[[11.0, 16.9]]",5.9,5-10s,11.2238,True,True,11.390666666666666,True,12.058,True,12.5585,True,10.056,False,8.637916666666667,False,8.054,False,11.469791666666666,True,10.301958333333333,False,11.30725,True,0.45,20,13,0.1668,64,25,4,12.2238,13.2238,14.2238,16.2238,True,True,True,True,10.2238,9.2238,8.2238,6.2238,False,False,False,False
val_tune,2435100235,6,TN,"[[32.3, 35.8]]",3.5,2-5s,51.6516,True,False,52.018633333333334,False,52.519133333333336,False,53.01963333333333,False,51.017633333333336,False,50.4504,False,50.01663333333333,False,51.68496666666667,False,50.5505,False,51.8518,False,0.0,20,21,0.367,256,107,4,52.6516,53.6516,54.6516,56.6516,False,False,False,False,50.6516,49.6516,48.6516,46.6516,False,False,False,False
val_tune,6078524411,5,CH,"[[0.0, 21.4]]",21.4,>=10s,3.2366,True,True,4.037366666666666,True,4.537866666666667,True,5.038366666666667,True,3.036366666666667,True,2.0353666666666665,True,1.0343666666666667,True,3.636966666666667,True,1.9352666666666667,True,3.3033,True,0.2,20,117,0.8008,336,121,4,4.2366,5.2366,6.2366,8.2366,True,True,True,True,2.2366,1.2366,0.2366,0.0,True,True,True,True
val_tune,6031805098,1,CW,"[[10.0, 13.6]]",3.6,2-5s,24.0574,True,False,24.591233333333335,False,25.058366666666668,False,26.059366666666666,False,23.056366666666666,False,22.5225,False,22.055366666666668,False,24.8248,False,23.056366666666666,False,24.3243,False,0.0,20,35,0.5339,185,75,4,25.0574,26.0574,27.0574,29.0574,False,False,False,False,23.0574,22.0574,21.0574,19.0574,False,False,False,False
val_tune,2435633172,3,TN,"[[0.0, 29.4]]",29.4,>=10s,61.594,True,False,62.062,False,62.696,False,63.329,False,61.061,False,60.326,False,59.859,False,61.99595551061679,False,61.42871587462083,False,61.861,False,0.0,20,24,0.468,307,122,4,62.594,63.594,64.594,66.594,False,False,False,False,60.594,59.594,58.594,56.594,False,False,False,False
val_tune,5875535585,4,TC,"[[0.7, 74.8]]",74.1,>=10s,51.2846,True,True,51.58486666666667,True,51.98526666666667,True,52.519133333333336,True,51.08436666666667,True,50.48376666666667,True,50.08336666666667,True,51.418033333333334,True,50.216833333333334,True,51.58486666666667,True,0.9,20,42,0.3003,306,128,4,52.2846,53.2846,54.2846,56.2846,True,True,True,True,50.2846,49.2846,48.2846,46.2846,True,True,True,True
val_tune,4263096481,5,TN,"[[8.2, 21]]",12.8,>=10s,11.011,True,True,11.6116,True,12.012,True,12.579233333333333,True,10.5105,True,10.01,True,9.5095,True,12.445766666666668,True,10.677333333333333,True,11.6116,True,0.95,20,18,0.6006,86,37,4,12.011,13.011,14.011,16.011,True,True,True,True,10.011,9.011,8.011,6.011,True,True,False,False
val_tune,6713120511,0,TC,"[[0.0, 18.2]]",18.2,>=10s,42.4758,True,False,42.6426,False,43.076366666666665,False,44.07736666666667,False,42.07536666666667,False,41.07436666666667,False,40.47376666666667,False,43.3433,False,40.974266666666665,False,42.6426,False,0.0,20,19,0.1668,223,83,4,43.4758,44.4758,45.4758,47.4758,False,False,False,False,41.4758,40.4758,39.4758,37.4758,False,False,False,False
val_tune,6691330381,6,TN,"[[16.1, 21.4]]",5.3,5-10s,3.637,True,False,4.037366666666666,False,5.038366666666667,False,5.438766666666667,False,3.5368666666666666,False,3.036366666666667,False,2.0353666666666665,False,4.471133333333333,False,2.5692333333333335,False,4.037366666666666,False,0.25,20,62,0.4004,166,68,4,4.637,5.637,6.637,8.637,False,False,False,False,2.637,1.637,0.637,0.0,False,False,False,False
val_tune,7453733046,5,TN,"[[8.1, 10.6]]",2.5,2-5s,5.0384,True,False,6.039366666666667,False,6.539866666666667,False,7.040366666666666,False,4.637966666666666,False,4.037366666666666,False,3.6369666666666665,False,5.739066666666667,False,4.437766666666667,False,5.338666666666667,False,0.05,20,46,1.001,134,55,4,6.0384,7.0384,8.0384,10.0384,False,False,False,True,4.0384,3.0384,2.0384,0.0384,False,False,False,False
val_tune,6592821115,12,TN,"[[33.6, 41.1]]",7.5,5-10s,13.625,True,False,14.208333333333334,False,15.458333333333334,False,15.916666666666666,False,12.958333333333334,False,12.083333333333334,False,11.291666666666666,False,16.916666666666668,False,11.583333333333334,False,14.166666666666666,False,0.05,20,80,0.5833,253,99,4,14.625,15.625,16.625,18.625,False,False,False,False,12.625,11.625,10.625,8.625,False,False,False,False
val_tune,6592821115,10,TN,"[[35.3, 44.8]]",9.5,5-10s,30.7083,True,False,31.833333333333332,False,32.625,False,33.083333333333336,False,30.583333333333332,False,30.0,False,29.333333333333332,False,31.541666666666668,False,26.083333333333332,False,31.625,False,0.2,20,55,1.125,253,99,4,31.7083,32.7083,33.7083,35.7083,False,False,False,True,29.7083,28.7083,27.7083,25.7083,False,False,False,False
val_tune,6713120511,6,TN,"[[0.0, 13.5]]",13.5,>=10s,23.7571,True,False,23.957266666666666,False,25.058366666666668,False,25.692333333333334,False,23.056366666666666,False,22.689333333333334,False,22.055366666666668,False,24.457766666666668,False,23.356666666666666,False,23.857166666666668,False,0.0,20,47,0.2002,223,83,4,24.7571,25.7571,26.7571,28.7571,False,False,False,False,22.7571,21.7571,20.7571,18.7571,False,False,False,False
val_tune,11681746823,7,TN,"[[0.0, 5.2], [7.6, 12.4]]",10.0,>=10s,9.5095,True,True,10.01001001001001,True,11.077744411077745,True,11.578244911578246,True,9.075742409075742,True,8.675342008675342,True,8.008008008008009,True,10.577243910577245,True,7.907907907907909,True,9.642976309642977,True,0.0,20,15,0.5005,72,29,4,10.5095,11.5095,12.5095,14.5095,True,True,False,False,8.5095,7.5095,6.5095,4.5095,True,False,False,True
val_tune,11681746823,2,CW,"[[0.8, 6.1], [8.8, 11.3]]",7.8,5-10s,9.5095,True,True,10.01001001001001,True,11.077744411077745,True,11.578244911578246,False,9.075742409075742,True,8.675342008675342,False,8.008008008008009,False,10.577243910577245,True,7.907907907907909,False,9.642976309642977,True,0.1,20,15,0.5005,72,29,4,10.5095,11.5095,12.5095,14.5095,True,False,False,False,8.5095,7.5095,6.5095,4.5095,False,False,False,True
val_tune,3830567237,7,TC,"[[3.9, 23.1]]",19.2,>=10s,21.021,True,True,21.6216,True,22.022,True,23.023,True,20.5205,True,20.02,True,19.5195,True,23.757066666666667,False,17.951266666666665,True,21.6216,True,0.8,20,4,0.6006,96,38,4,22.021,23.021,24.0,24.0,True,True,False,False,20.021,19.021,18.021,16.021,True,True,True,True
val_tune,6037747123,5,CH,"[[17.9, 23.4]]",5.5,5-10s,29.7631,True,False,30.063366666666667,False,30.563866666666666,False,,,29.062366666666666,False,28.561866666666667,False,28.061366666666668,False,29.796433333333333,False,27.660966666666667,False,29.863166666666668,False,0.0,20,2,0.3003,123,52,4,30.7631,31.0,31.0,31.0,False,False,False,False,28.7631,27.7631,26.7631,24.7631,False,False,False,False
val_tune,7288107396,4,TN,"[[17.3, 19.5]]",2.2,2-5s,13.0547,True,False,13.304958333333333,False,14.055708333333333,False,14.681333333333333,False,12.554208333333333,False,11.803458333333333,False,11.302958333333333,False,17.726041666666667,True,12.387374999999999,False,13.304958333333333,False,0.25,20,11,0.2502,68,28,4,14.0547,15.0547,16.0547,18.0547,False,False,False,True,12.0547,11.0547,10.0547,8.0547,False,False,False,False
val_tune,3960291106,9,TC,"[[37.6, 44.0]]",6.4,5-10s,47.2806,True,False,,,,,,,47.047,False,46.6466,False,46.046,False,47.647600000000004,False,46.91353333333333,False,,,,0,0,,191,89,4,48.0,48.0,48.0,48.0,False,False,False,False,46.2806,45.2806,44.2806,42.2806,False,False,False,True
val_tune,5070310138,2,TN,"[[33.5, 39.4]]",5.9,5-10s,32.8328,True,False,33.033,False,34.034,True,34.6346,True,32.4324,False,32.032,False,31.6316,False,33.96726666666667,True,31.96526666666667,False,33.033,False,0.3,20,39,0.2002,216,89,4,33.8328,34.8328,35.8328,37.8328,True,True,True,True,31.8328,30.8328,29.8328,27.8328,False,False,False,False
val_tune,4264435046,7,TC,"[[0.2, 4.9]]",4.7,2-5s,12.9129,True,False,13.013,False,13.5135,False,14.014,False,12.5125,False,12.012,False,11.4114,False,13.046366666666668,False,12.045366666666666,False,13.013,False,0.0,20,11,0.1001,76,35,4,13.9129,14.9129,15.9129,17.9129,False,False,False,False,11.9129,10.9129,9.9129,7.9129,False,False,False,False
val_tune,7001078933,1,CW,"[[8.2, 11.2]]",3.0,2-5s,17.7844,True,False,18.051366666666667,False,18.551866666666665,False,19.052366666666668,False,17.684333333333335,False,17.050366666666665,False,16.549866666666667,False,19.185833333333335,False,17.217200000000002,False,17.884533333333334,False,0.0,20,5,0.2669,86,37,4,18.7844,19.7844,20.7844,21.0,False,False,False,False,16.7844,15.7844,14.7844,12.7844,False,False,False,False
val_tune,6188449000,5,TN,"[[36.5, 37.5], [42.6, 54.1], [56.4, 62.7], [64.4, 71.9]]",26.3,>=10s,72.0667,True,False,72.4,False,73.73333333333333,False,75.86666666666666,False,69.73333333333333,True,68.06666666666666,True,66.06666666666666,True,75.13333333333334,False,70.46666666666667,True,72.4,False,0.0,20,15,0.3333,188,73,4,73.0667,74.0667,75.0667,77.0667,False,False,False,False,71.0667,70.0667,69.0667,67.0667,True,True,True,True
val_tune,2573424030,9,TN,"[[9.3, 11.6]]",2.3,2-5s,20.754,True,False,21.021,False,21.488,False,22.022,False,20.487,False,20.02,False,19.552,False,21.221435793731043,False,20.554095045500507,False,21.021,False,0.0,20,50,0.267,197,81,4,21.754,22.754,23.754,25.754,False,False,False,False,19.754,18.754,17.754,15.754,False,False,False,False
val_tune,5549243726,8,CH,"[[1.6, 5.0]]",3.4,2-5s,15.7491,True,False,16.049366666666668,False,16.649966666666668,False,17.050366666666665,False,15.048366666666666,False,14.647966666666667,False,14.047366666666667,False,16.049366666666668,False,14.047366666666667,False,15.849166666666667,False,0.0,20,4,0.3003,71,27,4,16.7491,17.7491,18.0,18.0,False,False,False,False,14.7491,13.7491,12.7491,10.7491,False,False,False,False
val_tune,2405940242,8,TN,"[[8.1, 10.5]]",2.4,2-5s,8.875,True,True,9.009,True,9.442,True,10.01,True,8.008,False,7.007,False,6.473,False,9.37613751263903,True,4.704752275025278,False,9.009,True,0.1,20,7,0.134,57,21,4,9.875,10.875,11.875,13.875,True,False,False,False,7.875,6.875,5.875,3.875,False,False,False,False
val_tune,5735711594,0,CW,"[[0.8, 13.4]]",12.6,>=10s,1.5349,True,True,2.0353666666666665,True,2.6359666666666666,True,3.036366666666667,True,1.0343666666666667,True,0.33366666666666667,False,,,2.3356666666666666,True,0.8341666666666667,True,1.7350666666666668,True,0.75,20,31,0.5005,79,34,4,2.5349,3.5349,4.5349,6.5349,True,True,True,True,0.5349,0.0,0.0,0.0,False,False,False,False
val_tune,2584172238,2,CW,"[[8.0, 10.5]]",2.5,2-5s,10.01,True,True,11.26125,False,12.012,False,12.5125,False,8.75875,True,8.25825,True,7.5075,False,15.598916666666666,False,9.426083333333333,True,10.135125,True,0.15,20,28,1.2513,96,42,4,11.01,12.01,13.01,15.01,False,False,False,False,9.01,8.01,7.01,5.01,True,True,False,False
val_tune,10607095936,10,TN,"[[30.2, 34.4]]",4.2,2-5s,28.028,True,False,28.962295628962295,False,29.462796129462795,False,30.03003003003003,False,27.027027027027028,False,26.426426426426428,False,26.026026026026027,False,28.061394728061394,False,26.760093426760093,False,28.962295628962295,False,0.5,20,10,0.9343,126,44,4,29.028,30.028,31.028,33.028,False,False,True,True,27.028,26.028,25.028,23.028,False,False,False,False
val_tune,2495861393,1,CW,"[[2.8, 5.8], [8.7, 10.2], [13.9, 15.8]]",6.4,5-10s,38.738,True,False,39.039,False,39.506,False,40.04,False,38.471,False,38.038,False,37.57,False,38.77249747219414,False,38.1051567239636,False,39.039,False,0.0,20,19,0.301,201,91,4,39.738,40.738,41.738,43.738,False,False,False,False,37.738,36.738,35.738,33.738,False,False,False,False
val_tune,2401167740,2,TN,"[[10.6, 13.0]]",2.4,2-5s,11.778,True,True,12.012,True,,,,,11.611,True,11.011,True,10.543,False,12.045500505561174,True,10.977755308392316,True,12.012,True,1.0,20,1,0.234,53,21,4,12.778,13.0,13.0,13.0,True,True,True,True,10.778,9.778,8.778,6.778,True,False,False,False
val_tune,3524939594,5,CW,"[[4.0, 6.8]]",2.8,2-5s,7.007,True,False,7.5075,False,7.966291666666667,False,9.134125,False,6.881875,False,6.25625,True,5.588916666666667,True,11.428083333333333,False,0.0,False,7.5075,False,0.0,20,13,0.5005,59,21,4,8.007,9.007,10.007,12.007,False,False,False,False,6.007,5.007,4.007,2.007,True,True,True,False
val_tune,4443526735,5,CW,"[[16.6, 19.7]]",3.1,2-5s,15.5155,True,False,16.26625,False,17.017,True,17.5175,True,15.015,False,14.389375,False,13.76375,False,15.557208333333332,False,14.681333333333333,False,16.141125,False,0.65,20,6,0.7508,64,28,4,16.5155,17.5155,18.5155,20.0,False,True,True,False,14.5155,13.5155,12.5155,10.5155,False,False,False,False
val_tune,4698622422,9,CH,"[[33.7, 39.9]]",6.2,5-10s,22.022,True,False,22.555866666666667,False,23.023,False,23.490133333333333,False,21.454766666666668,False,21.021,False,20.02,False,22.389033333333334,False,21.721700000000002,False,22.288933333333333,False,0.55,20,30,0.5339,169,62,4,23.022,24.022,25.022,27.022,False,False,False,False,21.022,20.022,19.022,17.022,False,False,False,False
val_tune,4857781123,5,TN,"[[5.4, 14.5]]",9.1,5-10s,19.019,True,False,19.6196,False,20.02,False,21.021,False,18.6186,False,18.018,False,17.017,False,22.155466666666666,False,17.951266666666665,False,19.1191,False,0.0,20,25,0.6006,147,55,4,20.019,21.019,22.019,24.019,False,False,False,False,18.019,17.019,16.019,14.019,False,False,False,True
val_tune,7531285946,4,CH,"[[7.2, 12.5]]",5.3,5-10s,8.642,True,True,9.042366666666666,True,9.542866666666667,True,10.043366666666667,True,8.541866666666667,True,8.041366666666667,True,7.6409666666666665,True,9.275933333333333,True,8.241566666666667,True,8.842166666666667,True,0.15,20,50,0.4004,162,66,4,9.642,10.642,11.642,13.642,True,True,True,False,7.642,6.642,5.642,3.642,True,False,False,False
val_tune,4765564263,4,CH,"[[3.2, 4.9]]",1.7,<2s,9.9433,True,False,10.01,False,10.4104,False,11.011,False,9.009,False,8.008,False,7.007,False,10.677333333333333,False,9.142466666666667,False,10.01,False,0.0,20,8,0.0667,56,20,4,10.9433,11.9433,12.9433,14.0,False,False,False,False,8.9433,7.9433,6.9433,4.9433,False,False,False,False
val_tune,3972259774,5,TC,"[[32.4, 35.9]]",3.5,2-5s,6.006,True,False,6.25625,False,6.75675,False,7.5075,False,5.005,False,4.5045,False,3.75375,False,7.3406666666666665,False,5.839166666666666,False,6.131125,False,0.25,20,50,0.2502,143,57,4,7.006,8.006,9.006,11.006,False,False,False,False,5.006,4.006,3.006,1.006,False,False,False,False
val_tune,5256928210,8,TC,"[[9.4, 20]]",10.6,>=10s,13.1131,True,True,14.014,True,14.4144,True,15.015,True,13.013,True,12.012,True,11.011,True,14.247566666666668,True,12.278933333333333,True,13.3133,True,0.9,20,11,0.9009,82,32,4,14.1131,15.1131,16.1131,18.1131,True,True,True,True,12.1131,11.1131,10.1131,8.1131,True,True,True,False
val_tune,10001787725,5,CH,"[[1.0, 5.6], [8.4, 11.2]]",7.4,5-10s,24.8248,True,False,24.924924924924923,False,25.492158825492158,False,26.426426426426428,False,24.15749082415749,False,22.922922922922922,False,22.42242242242242,False,24.958291624958292,False,21.087754421087755,False,24.924924924924923,False,0.0,20,12,0.1001,121,41,4,25.8248,26.8248,27.8248,29.8248,False,False,False,False,23.8248,22.8248,21.8248,19.8248,False,False,False,False
val_tune,7453733046,14,TC,"[[19.2, 19.8]]",0.6,<2s,5.0384,True,False,6.039366666666667,False,6.539866666666667,False,7.040366666666666,False,4.637966666666666,False,4.037366666666666,False,3.6369666666666665,False,5.739066666666667,False,4.437766666666667,False,5.338666666666667,False,0.05,20,46,1.001,134,55,4,6.0384,7.0384,8.0384,10.0384,False,False,False,False,4.0384,3.0384,2.0384,0.0384,False,False,False,False
val_tune,4762946272,6,TN,"[[16.5, 20.3]]",3.8,2-5s,10.5105,True,False,10.6106,False,11.011,False,11.5115,False,10.01,False,9.009,False,8.6086,False,10.944266666666667,False,9.943266666666666,False,10.6106,False,0.4,20,22,0.1001,87,37,4,11.5105,12.5105,13.5105,15.5105,False,False,False,False,9.5105,8.5105,7.5105,5.5105,False,False,False,False
val_tune,3151715056,5,CW,"[[16.9, 19.2]]",2.3,2-5s,46.8468,True,False,47.047,False,47.4474,False,48.048,False,46.046,False,45.4454,False,45.045,False,47.78106666666667,False,45.97926666666667,False,47.047,False,0.0,20,27,0.2002,254,106,4,47.8468,48.8468,49.8468,51.8468,False,False,False,False,45.8468,44.8468,43.8468,41.8468,False,False,False,False
val_tune,4219909195,1,TN,"[[4.4, 9.0]]",4.6,2-5s,0.2336,True,False,1.001,False,1.5015,False,2.002,False,,,,,,,0.9009,False,0.0,False,0.4337666666666667,False,0.1,20,52,0.7674,136,53,4,1.2336,2.2336,3.2336,5.2336,False,False,False,True,0.0,0.0,0.0,0.0,False,False,False,False
val_tune,8797589693,3,CW,"[[16.5, 20.6]]",4.1,2-5s,49.7497,True,False,50.784117450784116,False,54.88822155488822,False,55.55555555555556,False,49.616282949616284,False,48.41508174841508,False,47.981314647981314,False,51.28461795128462,False,48.34834834834835,False,49.816483149816484,False,0.0,20,49,1.0344,289,104,4,50.7497,51.7497,52.7497,54.7497,False,False,False,False,48.7497,47.7497,46.7497,44.7497,False,False,False,False
val_tune,2726497009,9,CW,"[[25.7, 29.0]]",3.3,2-5s,27.8612,True,True,28.028,True,29.029,False,29.496133333333333,False,27.6276,True,27.027,True,26.559866666666668,True,31.4314,False,22.155466666666666,False,27.994633333333333,True,0.05,20,40,0.1668,211,88,4,28.8612,29.8612,30.8612,32.8612,True,False,False,False,26.8612,25.8612,24.8612,22.8612,True,True,False,False
val_tune,3192668394,5,TC,"[[59.7, 69]]",9.3,5-10s,22.9229,True,False,23.023,False,23.5235,False,24.024,False,22.5225,False,22.022,False,21.5215,False,24.057366666666667,False,22.455766666666666,False,23.023,False,0.25,20,74,0.1001,278,114,4,23.9229,24.9229,25.9229,27.9229,False,False,False,False,21.9229,20.9229,19.9229,17.9229,False,False,False,False
val_tune,3943634344,0,CW,"[[1.4, 18.2]]",16.8,>=10s,20.6206,True,False,20.8208,False,,,,,20.02,False,19.019,False,18.018,True,20.9209,False,18.051366666666667,True,20.8208,False,0.0,20,1,0.2002,84,37,4,21.0,21.0,21.0,21.0,False,False,False,False,19.6206,18.6206,17.6206,15.6206,False,False,True,True
val_tune,3655906094,4,CW,"[[15.7, 18.8]]",3.1,2-5s,5.4054,True,False,5.5055,False,6.006,False,6.6066,False,5.005,False,4.6046,False,4.004,False,5.839166666666666,False,4.938266666666666,False,5.5055,False,0.3,20,22,0.1001,76,32,4,6.4054,7.4054,8.4054,10.4054,False,False,False,False,4.4054,3.4054,2.4054,0.4054,False,False,False,False
val_tune,2400171624,0,CW,"[[0.0, 5.6]]",5.6,5-10s,17.017,True,False,18.018,False,19.019,False,19.552,False,16.549,False,16.016,False,15.548,False,17.250758341759354,False,16.183013144590497,False,17.117,False,0.0,20,23,1.001,135,50,4,18.017,19.017,20.017,22.017,False,False,False,False,16.017,15.017,14.017,12.017,False,False,False,False
val_tune,3508459605,1,CW,"[[9.4, 12.5]]",3.1,2-5s,26.8602,True,False,27.027,False,28.028,False,28.461766666666666,False,26.6266,False,26.026,False,25.025,False,27.060366666666667,False,25.458766666666666,False,26.9269,False,0.0,20,103,0.1668,348,152,4,27.8602,28.8602,29.8602,31.8602,False,False,False,False,25.8602,24.8602,23.8602,21.8602,False,False,False,False
val_tune,3963997053,6,CW,"[[9.8, 10.3]]",0.5,<2s,5.2052,True,False,5.4054,False,6.006,False,7.007,False,5.005,False,4.4044,False,4.004,False,5.638966666666667,False,4.938266666666666,False,5.4054,False,0.05,20,21,0.2002,78,31,4,6.2052,7.2052,8.2052,10.2052,False,False,False,True,4.2052,3.2052,2.2052,0.2052,False,False,False,False
val_tune,6895608152,2,CW,"[[8.1, 20.0]]",11.9,>=10s,69.28,True,False,69.64,False,70.24,False,70.84,False,68.44,False,67.72,False,67.24,False,70.88,False,68.96,False,69.4,False,0.0,20,26,0.36,291,127,4,70.28,71.28,72.28,74.28,False,False,False,False,68.28,67.28,66.28,64.28,False,False,False,False
val_tune,5017166671,8,TN,"[[0.0, 5.3]]",5.3,5-10s,37.037,True,False,38.038,False,38.5385,False,39.039,False,36.036,False,35.402033333333335,False,35.035,False,37.437400000000004,False,36.50313333333333,False,37.1371,False,0.0,20,93,1.001,360,155,4,38.037,39.037,40.037,42.037,False,False,False,False,36.037,35.037,34.037,32.037,False,False,False,False
val_tune,8797589693,0,CW,"[[0.1, 6.5]]",6.4,5-10s,80.6473,True,False,80.91424758091425,False,81.38138138138139,False,81.84851518184851,False,80.38038038038039,False,79.81314647981314,False,78.64531197864531,False,83.61695028361696,False,77.01034367701034,False,80.71404738071405,False,0.0,20,10,0.2669,289,104,4,81.6473,82.6473,83.6473,85.6473,False,False,False,False,79.6473,78.6473,77.6473,75.6473,False,False,False,False
val_tune,12392885583,11,CH,"[[15.8, 24.5]]",8.7,5-10s,23.4901,True,True,23.590233333333334,True,24.057366666666667,True,24.691333333333333,False,22.055366666666668,True,21.588233333333335,True,21.154466666666668,True,24.090733333333333,True,22.756066666666666,True,23.590233333333334,True,0.1,20,12,0.1001,110,43,4,24.4901,25.4901,26.4901,28.4901,True,False,False,False,22.4901,21.4901,20.4901,18.4901,True,True,True,True
val_tune,7223854838,7,CH,"[[4.3, 9.0]]",4.7,2-5s,2.5,True,False,2.5416666666666665,False,3.1666666666666665,False,3.7916666666666665,False,1.7916666666666667,False,1.2916666666666667,False,0.2916666666666667,False,2.5416666666666665,False,1.1666666666666667,False,2.5416666666666665,False,0.35,20,20,0.0417,56,23,4,3.5,4.5,5.5,7.5,False,True,True,True,1.5,0.5,0.0,0.0,False,False,False,False
val_tune,4378803532,11,CW,"[[0.0, 19.7], [22.1, 25.0], [29.9, 43.7]]",36.4,>=10s,7.9079,True,True,8.041366666666667,True,9.042366666666666,True,9.476133333333333,True,7.040366666666666,True,6.5732333333333335,True,6.039366666666667,True,8.041366666666667,True,6.940266666666667,True,8.008,True,0.8,20,60,0.1335,175,72,4,8.9079,9.9079,10.9079,12.9079,True,True,True,True,6.9079,5.9079,4.9079,2.9079,True,True,True,True
val_tune,8224504302,8,TN,"[[29.1, 32.8]]",3.7,2-5s,30.7641,True,True,31.06436666666667,True,32.06536666666667,True,32.66596666666667,True,30.563866666666666,True,30.063366666666667,True,29.062366666666666,False,31.297933333333333,True,30.163466666666668,True,31.06436666666667,True,0.2,20,17,0.3003,172,69,4,31.7641,32.7641,33.7641,35.7641,True,True,False,False,29.7641,28.7641,27.7641,25.7641,True,False,False,False
val_tune,8505893258,2,CH,"[[16.5, 24.2]]",7.7,5-10s,12.4291,True,False,12.554208333333333,False,13.054708333333334,False,13.805458333333334,False,11.302958333333333,False,10.802458333333334,False,10.051708333333334,False,13.680333333333332,False,10.343666666666666,False,12.554208333333333,False,0.25,20,31,0.1251,119,45,4,13.4291,14.4291,15.4291,17.4291,False,False,False,True,11.4291,10.4291,9.4291,7.4291,False,False,False,False
val_tune,3530231811,3,CW,"[[35.3, 39.4], [63.8, 67.1]]",7.4,5-10s,61.4948,True,False,61.6616,False,62.062,False,62.595866666666666,False,61.061,False,60.59386666666666,False,60.06,False,61.995266666666666,False,61.4614,False,61.6616,False,0.15,20,50,0.1668,361,158,4,62.4948,63.4948,64.4948,66.4948,False,False,True,True,60.4948,59.4948,58.4948,56.4948,False,False,False,False
val_tune,5667931404,1,CW,"[[1.7, 11]]",9.3,5-10s,7.007,True,True,7.040366666666666,True,7.540866666666667,True,8.041366666666667,True,6.039366666666667,True,5.038366666666667,True,4.537866666666667,True,8.041366666666667,True,6.5732333333333335,True,7.040366666666666,True,1.0,20,8,0.0334,46,17,4,8.007,9.007,10.007,11.0,True,True,True,True,6.007,5.007,4.007,2.007,True,True,True,True
val_tune,3974684583,3,CW,"[[12.3, 24.5]]",12.2,>=10s,7.1071,True,False,8.008,False,9.009,False,10.01,False,7.007,False,6.006,False,5.6056,False,8.942266666666667,False,4.671333333333333,False,7.3073,False,0.75,20,30,0.9009,99,42,4,8.1071,9.1071,10.1071,12.1071,False,False,False,False,6.1071,5.1071,4.1071,2.1071,False,False,False,False
val_tune,5235909148,5,TN,"[[9.7, 11.8]]",2.1,2-5s,6.006,True,False,6.5065,False,7.007,False,7.5075,False,5.5055,False,5.005,False,4.5045,False,7.040366666666666,False,5.939266666666667,False,6.1061,False,0.35,20,10,0.5005,48,20,4,7.006,8.006,9.006,11.006,False,False,False,True,5.006,4.006,3.006,1.006,False,False,False,False
val_tune,4942054721,5,TC,"[[19.4, 21.3]]",1.9,<2s,12.646,True,False,13.013,False,14.014,False,14.447766666666666,False,12.6126,False,12.012,False,11.011,False,12.946266666666666,False,12.078733333333334,False,13.013,False,0.2,20,13,0.367,87,34,4,13.646,14.646,15.646,17.646,False,False,False,False,11.646,10.646,9.646,7.646,False,False,False,False
val_tune,3508459605,5,TN,"[[11.9, 15.1]]",3.2,2-5s,26.9269,True,False,27.027,False,28.028,False,28.461766666666666,False,26.6266,False,26.026,False,25.025,False,27.060366666666667,False,25.458766666666666,False,27.027,False,0.0,20,103,0.1001,348,152,4,27.9269,28.9269,29.9269,31.9269,False,False,False,False,25.9269,24.9269,23.9269,21.9269,False,False,False,False
val_tune,2535384528,9,TN,"[[14.1, 15]]",0.9,<2s,14.76,True,True,,,,,,,14.52,True,13.8,False,13.2,False,15.04,False,11.92,False,,,,0,0,,51,20,4,15.0,15.0,15.0,15.0,True,True,True,True,13.76,12.76,11.76,9.76,False,False,False,False
val_tune,5056964274,0,TC,"[[0.0, 5.6]]",5.6,5-10s,4.4044,True,True,4.6046,True,5.005,True,6.006,False,4.004,True,3.4034,True,3.003,True,8.041366666666667,False,4.371033333333333,True,4.6046,True,0.0,20,47,0.2002,125,55,4,5.4044,6.4044,7.4044,9.4044,True,False,False,False,3.4044,2.4044,1.4044,0.0,True,True,True,True
val_tune,6078524411,3,CW,"[[39.0, 40.1], [46.8, 47.6], [49.5, 57.6], [58.4, 64.9], [65.4, 66.5], [72.2, 72.9], [75.4, 76.3]]",19.2,>=10s,82.0153,True,False,82.11536666666667,False,82.61586666666666,False,83.11636666666666,False,81.11436666666667,False,80.11336666666666,False,79.11236666666667,False,82.11536666666667,False,81.41466666666666,False,82.11536666666667,False,0.0,20,4,0.1001,336,121,4,83.0153,84.0,84.0,84.0,False,False,False,False,81.0153,80.0153,79.0153,77.0153,False,False,False,False
val_tune,5445581571,8,CW,"[[23.4, 28.3]]",4.9,2-5s,31.8652,True,False,32.06536666666667,False,,,,,31.06436666666667,False,30.663966666666667,False,30.063366666666667,False,31.96526666666667,False,30.964266666666667,False,31.96526666666667,False,0.0,20,1,0.2002,130,49,4,32.0,32.0,32.0,32.0,False,False,False,False,30.8652,29.8652,28.8652,26.8652,False,False,False,True
val_tune,2736413196,7,TN,"[[40.2, 45.6]]",5.4,5-10s,4.671,True,False,5.005,False,5.538,False,6.006,False,4.604,False,3.603,False,3.003,False,5.038422649140546,False,4.037411526794743,False,4.938,False,0.05,20,62,0.334,217,69,4,5.671,6.671,7.671,9.671,False,False,False,False,3.671,2.671,1.671,0.0,False,False,False,False
val_tune,3508459605,12,TC,"[[21.1, 24.7]]",3.6,2-5s,85.8524,True,False,86.086,False,86.92016666666666,False,,,85.65223333333333,False,85.085,False,84.65123333333334,False,86.35293333333334,False,85.61886666666666,False,85.91916666666667,False,0.0,20,2,0.2336,348,152,4,86.8524,87.0,87.0,87.0,False,False,False,False,84.8524,83.8524,82.8524,80.8524,False,False,False,False
val_tune,2796821016,6,TN,"[[25.5, 31.5]]",6.0,5-10s,0.133,True,False,1.001,False,2.002,False,2.535,False,,,,,,,2.0353892821031345,False,0.0,False,0.4,False,0.1,20,96,0.868,249,97,4,1.133,2.133,3.133,5.133,False,False,False,False,0.0,0.0,0.0,0.0,False,False,False,False
val_tune,3555755537,2,TN,"[[6.2, 30.6]]",24.4,>=10s,13.3133,True,True,13.6136,True,14.014,True,14.5145,True,13.013,True,12.6126,True,12.012,True,14.948266666666667,True,12.946266666666666,True,13.6136,True,0.3,20,74,0.3003,214,96,4,14.3133,15.3133,16.3133,18.3133,True,True,True,True,12.3133,11.3133,10.3133,8.3133,True,True,True,True
val_tune,3388598772,2,CW,"[[0.5, 7.8]]",7.3,5-10s,4.004,True,True,4.371033333333333,True,5.005,True,6.006,True,3.4701333333333335,True,3.003,True,2.469133333333333,True,4.7047,True,3.7037,True,4.371033333333333,True,0.45,20,10,0.367,46,18,4,5.004,6.004,7.004,9.004,True,True,True,False,3.004,2.004,1.004,0.0,True,True,True,False
val_tune,2623954636,6,CH,"[[9.3, 11.2]]",1.9,<2s,24.824,True,False,25.025,False,25.558,False,26.026,False,24.557,False,24.024,False,23.556,False,25.692618806875632,False,24.324570273003033,False,25.025,False,0.0,20,11,0.201,127,56,4,25.824,26.824,27.824,29.824,False,False,False,False,23.824,22.824,21.824,19.824,False,False,False,False
val_tune,6078524411,1,CW,"[[51.6, 64.7]]",13.1,>=10s,53.2866,True,True,54.08736666666667,True,54.487766666666666,True,55.088366666666666,True,53.08636666666666,True,52.085366666666665,True,51.08436666666667,False,53.31993333333333,True,52.41903333333333,True,53.78706666666667,True,0.25,20,44,0.8008,336,121,4,54.2866,55.2866,56.2866,58.2866,True,True,True,True,52.2866,51.2866,50.2866,48.2866,True,False,False,False
val_tune,13919236672,1,CW,"[[6.5, 13.7]]",7.2,5-10s,103.1824,True,False,103.24916583249916,False,104.04996663329996,False,104.417000333667,False,102.5150984317651,False,102.04796463129796,False,101.0135969302636,False,104.77143810477145,False,102.43576910243577,False,103.24916583249916,False,0.0,20,42,0.0667,467,186,4,104.1824,105.1824,106.1824,108.1824,False,False,False,False,102.1824,101.1824,100.1824,98.1824,False,False,False,False
val_tune,4984331176,4,CW,"[[3.2, 6.0]]",2.8,2-5s,8.7087,True,False,9.009,False,9.7097,False,,,8.6086,False,8.008,False,7.6076,False,8.942266666666667,False,7.874533333333334,False,9.009,False,0.0,20,2,0.3003,40,18,4,9.7087,10.0,10.0,10.0,False,False,False,False,7.7087,6.7087,5.7087,3.7087,False,False,True,True
val_tune,3981865268,4,TC,"[[0.0, 6.1]]",6.1,5-10s,33.1665,True,False,33.50013333333333,False,34.034,False,34.501133333333335,False,33.033,False,32.66596666666667,False,32.032,False,33.9339,False,33.06636666666667,False,33.50013333333333,False,0.0,20,7,0.3337,148,59,4,34.1665,35.1665,36.1665,37.0,False,False,False,False,32.1665,31.1665,30.1665,28.1665,False,False,False,False
val_tune,3804148568,5,CW,"[[18.0, 21.9]]",3.9,2-5s,83.4834,True,False,83.6836,False,84.084,False,84.4844,False,83.083,False,82.082,False,81.6816,False,83.81706666666666,False,82.01526666666666,False,83.6836,False,0.0,20,12,0.2002,360,151,4,84.4834,85.4834,86.4834,88.4834,False,False,False,False,82.4834,81.4834,80.4834,78.4834,False,False,False,False
val_tune,4915733559,4,CH,"[[28.5, 29.5]]",1.0,<2s,27.027,True,False,27.6276,False,28.028,False,28.5285,True,26.4264,False,26.026,False,25.5255,False,27.293933333333335,False,25.959266666666668,False,27.2272,False,0.1,20,14,0.6006,143,59,4,28.027,29.027,30.027,32.027,False,True,False,False,26.027,25.027,24.027,22.027,False,False,False,False
val_tune,6690256857,6,CH,"[[3.0, 8.2]]",5.2,5-10s,2.9363,True,False,3.036366666666667,True,4.037366666666666,True,5.038366666666667,True,2.0353666666666665,False,1.0343666666666667,False,0.33366666666666667,False,4.037366666666666,True,2.0353666666666665,False,3.036366666666667,True,0.4,20,13,0.1001,47,16,4,3.9363,4.9363,5.9363,7.9363,True,True,True,True,1.9363,0.9363,0.0,0.0,False,False,False,False
val_tune,4925211209,6,TP,"[[0.0, 7.4]]",7.4,5-10s,0.375,True,True,0.5,True,1.25,True,2.0,True,,,,,,,2.2916666666666665,True,0.0,True,0.5,True,0.15,20,42,0.125,103,42,4,1.375,2.375,3.375,5.375,True,True,True,True,0.0,0.0,0.0,0.0,True,True,True,True
val_tune,7999756100,3,CW,"[[10.7, 12.6]]",1.9,<2s,2.8028,True,False,3.036366666666667,False,3.5035,False,4.037366666666666,False,2.435766666666667,False,2.0353666666666665,False,1.0343666666666667,False,4.070733333333333,False,1.0343666666666667,False,2.9029,False,0.4,20,30,0.2336,83,34,4,3.8028,4.8028,5.8028,7.8028,False,False,False,False,1.8028,0.8028,0.0,0.0,False,False,False,False
val_tune,7786283208,7,CW,"[[17.9, 19.9]]",2.0,2-5s,17.3507,True,False,17.650966666666665,False,18.051366666666667,True,18.451766666666668,True,17.050366666666665,False,16.549866666666667,False,16.049366666666668,False,18.151466666666668,True,15.048366666666666,False,17.450766666666667,False,0.25,20,6,0.3003,86,31,4,18.3507,19.3507,20.3507,21.0,True,True,False,False,16.3507,15.3507,14.3507,12.3507,False,False,False,False
val_tune,2679328607,4,CW,"[[29.5, 35.0]]",5.5,5-10s,19.753,True,False,20.02,False,21.021,False,21.621,False,19.019,False,18.551,False,18.018,False,20.053589484327603,False,19.0525783619818,False,19.819,False,0.35,20,20,0.267,141,49,4,20.753,21.753,22.753,24.753,False,False,False,False,18.753,17.753,16.753,14.753,False,False,False,False
val_tune,4564478328,8,TC,"[[26.7, 30.4]]",3.7,2-5s,30.2636,True,True,31.031,False,31.4314,False,32.032,False,30.03,True,29.6296,True,29.029,True,31.96526666666667,False,23.957266666666666,False,30.797433333333334,False,0.0,20,28,0.7674,188,82,4,31.2636,32.2636,33.2636,35.2636,False,False,False,False,29.2636,28.2636,27.2636,25.2636,True,True,True,False
val_tune,10042935613,0,TN,"[[25.8, 32.3]]",6.5,5-10s,25.1919,True,False,25.392058725392058,False,26.026026026026027,True,26.626626626626628,True,24.024024024024023,False,23.490156823490157,False,22.489155822489156,False,26.526526526526528,True,23.790457123790457,False,25.392058725392058,False,0.15,20,44,0.2002,200,75,4,26.1919,27.1919,28.1919,30.1919,True,True,True,True,24.1919,23.1919,22.1919,20.1919,False,False,False,False
val_tune,2736413196,8,TN,"[[22.0, 34.0]]",12.0,>=10s,21.021,True,False,22.022,True,23.023,True,24.024,True,20.62,False,20.02,False,19.019,False,21.65520728008089,False,20.85439838220425,False,21.154,False,0.2,20,39,1.001,217,69,4,22.021,23.021,24.021,26.021,True,True,True,True,20.021,19.021,18.021,16.021,False,False,False,False
val_tune,8388104887,1,CW,"[[5.5, 7.7]]",2.2,2-5s,7.8078,True,False,8.441766666666666,False,9.442766666666667,False,10.443766666666667,False,7.440766666666667,True,6.8735333333333335,True,6.439766666666666,True,8.341666666666667,False,6.973633333333334,True,8.274933333333333,False,0.0,20,52,0.634,178,66,4,8.8078,9.8078,10.8078,12.8078,False,False,False,False,6.8078,5.8078,4.8078,2.8078,True,True,False,False
val_tune,3112351937,5,CW,"[[0.0, 7.0]]",7.0,5-10s,11.5782,True,False,12.012,False,12.5125,False,13.013,False,11.011,False,10.01,False,9.009,False,12.178833333333333,False,10.643966666666667,False,12.012,False,0.0,20,6,0.4338,60,24,4,12.5782,13.5782,14.5782,15.0,False,False,False,False,10.5782,9.5782,8.5782,6.5782,False,False,False,True
val_tune,6879924118,1,CW,"[[6.5, 16]]",9.5,5-10s,10.644,True,True,11.044366666666667,True,12.045366666666666,True,13.046366666666666,True,10.043366666666667,True,9.542866666666667,True,9.042366666666666,True,11.144466666666666,True,10.143466666666667,True,10.844166666666666,True,0.95,20,8,0.4004,67,24,4,11.644,12.644,13.644,15.644,True,True,True,True,9.644,8.644,7.644,5.644,True,True,True,False
val_tune,4127497265,8,CW,"[[12.2, 16.9]]",4.7,2-5s,2.3023,True,False,3.003,False,4.004,False,4.6046,False,2.002,False,1.5682333333333334,False,1.001,False,2.9362666666666666,False,0.0,False,3.003,False,0.15,20,46,0.7007,120,49,4,3.3023,4.3023,5.3023,7.3023,False,False,False,False,1.3023,0.3023,0.0,0.0,False,False,False,False
val_tune,6727904179,5,TN,"[[8.0, 11.8]]",3.8,2-5s,15.2152,True,False,15.4154,False,16.049366666666668,False,17.050366666666665,False,15.048366666666666,False,14.547866666666666,False,14.047366666666667,False,16.082733333333334,False,13.146466666666667,False,15.4154,False,0.0,20,29,0.2002,130,53,4,16.2152,17.2152,18.2152,20.2152,False,False,False,False,14.2152,13.2152,12.2152,10.2152,False,False,False,True
val_tune,4564478328,0,CH,"[[6.2, 17.9]]",11.7,>=10s,33.9339,True,False,34.034,False,34.56786666666667,False,35.035,False,33.033,False,32.4324,False,32.032,False,40.87416666666667,False,31.96526666666667,False,33.96726666666667,False,0.0,20,23,0.1001,188,82,4,34.9339,35.9339,36.9339,38.9339,False,False,False,False,32.9339,31.9339,30.9339,28.9339,False,False,False,False
val_tune,6413546609,2,CW,"[[44.3, 45.4]]",1.1,<2s,0.0334,True,False,0.13346666666666668,False,1.0343666666666667,False,1.6349666666666667,False,,,,,,,2.0353666666666665,False,0.0,False,0.13346666666666668,False,0.0,20,72,0.1001,190,72,4,1.0334,2.0334,3.0334,5.0334,False,False,False,False,0.0,0.0,0.0,0.0,False,False,False,False
val_tune,8330342965,5,TN,"[[9.7, 13.4], [20.8, 24.0], [33.4, 36.1]]",9.6,5-10s,23.9906,True,True,24.057366666666667,False,24.7247,False,25.458766666666666,False,23.5235,True,23.056366666666666,True,22.055366666666668,True,26.059366666666666,False,21.254566666666665,True,24.057366666666667,False,0.1,20,30,0.0667,176,69,4,24.9906,25.9906,26.9906,28.9906,False,False,False,False,22.9906,21.9906,20.9906,18.9906,True,True,True,False
val_tune,4217422838,3,CH,"[[0.2, 28.4]]",28.2,>=10s,16.5165,True,True,16.891875,True,17.5175,True,18.76875,True,16.26625,True,15.015,True,14.389375,True,19.18583333333333,True,15.432083333333333,True,16.891875,True,0.45,20,50,0.3754,169,72,4,17.5165,18.5165,19.5165,21.5165,True,True,True,True,15.5165,14.5165,13.5165,11.5165,True,True,True,True
val_tune,4123915842,6,TN,"[[14.0, 25]]",11.0,>=10s,8.008,True,False,9.009,False,9.6096,False,10.01,False,7.007,False,6.5065,False,6.006,False,8.942266666666667,False,6.940266666666667,False,8.1081,False,0.8,20,25,1.001,100,39,4,9.008,10.008,11.008,13.008,False,False,False,False,7.008,6.008,5.008,3.008,False,False,False,False
val_tune,2871995580,7,TC,"[[54.8, 64.2]]",9.4,5-10s,10.543,True,False,11.011,False,12.012,False,12.379,False,10.41,False,10.01,False,9.542,False,10.577350859453995,False,9.242669362992922,False,10.71,False,0.3,20,113,0.468,361,131,4,11.543,12.543,13.543,15.543,False,False,False,False,9.543,8.543,7.543,5.543,False,False,False,False
val_tune,2454242177,5,CW,"[[20.4, 35.7]]",15.3,>=10s,42.7761,True,False,43.043,False,44.044,False,45.045,False,42.5425,False,41.80843333333333,False,41.041,False,47.98126666666667,False,39.4394,False,42.9429,False,0.0,20,15,0.2669,212,81,4,43.7761,44.7761,45.7761,47.7761,False,False,False,False,41.7761,40.7761,39.7761,37.7761,False,False,False,False
val_tune,7331927796,1,TN,"[[6.7, 9.1]]",2.4,2-5s,12.9463,True,False,13.046366666666666,False,13.646966666666666,False,14.047366666666667,False,12.645966666666666,False,12.045366666666666,False,11.644966666666667,False,16.950266666666668,False,11.878533333333333,False,13.046366666666666,False,0.0,20,8,0.1001,70,29,4,13.9463,14.9463,15.9463,17.0,False,False,False,False,11.9463,10.9463,9.9463,7.9463,False,False,False,True
val_tune,2990321092,8,TN,"[[16.6, 21]]",4.4,2-5s,20.6206,True,True,21.021,False,,,,,20.02,True,19.4194,True,19.019,True,20.954266666666665,True,19.052366666666668,True,20.8208,True,0.15,20,1,0.4004,86,36,4,21.0,21.0,21.0,21.0,True,True,True,True,19.6206,18.6206,17.6206,15.6206,True,True,True,False
val_tune,5070310138,0,TC,"[[0.0, 3.5]]",3.5,2-5s,2.3023,True,True,3.003,True,3.6036,False,4.004,False,2.002,True,1.6016,True,1.001,True,2.9029000000000003,True,2.2689333333333335,True,2.769433333333333,True,0.05,20,85,0.7007,216,89,4,3.3023,4.3023,5.3023,7.3023,True,False,False,False,1.3023,0.3023,0.0,0.0,True,True,True,True
val_tune,8225502382,1,CW,"[[16.0, 19.4]]",3.4,2-5s,43.0096,True,False,43.076366666666665,False,43.57686666666667,False,44.07736666666667,False,42.609233333333336,False,42.07536666666667,False,41.67496666666667,False,43.17646666666667,False,41.8418,False,43.076366666666665,False,0.0,20,12,0.0667,196,81,4,44.0096,45.0096,46.0096,48.0096,False,False,False,False,42.0096,41.0096,40.0096,38.0096,False,False,False,False
val_tune,4024008346,2,CH,"[[11.8, 14.3]]",2.5,2-5s,0.6006,True,False,1.001,False,2.002,False,3.003,False,,,,,,,1.4681333333333333,False,0.33366666666666667,False,0.8008,False,0.1,20,32,0.4004,79,33,4,1.6006,2.6006,3.6006,5.6006,False,False,False,False,0.0,0.0,0.0,0.0,False,False,False,False
val_tune,9612838272,2,TN,"[[11.9, 15]]",3.1,2-5s,1.2012,True,False,2.1021021021021022,False,2.4691358024691357,False,3.53687020353687,False,0.8008008008008008,False,,,,,1.7684351017684352,False,0.1001001001001001,False,1.334668001334668,False,0.05,20,22,0.9009,54,24,4,2.2012,3.2012,4.2012,6.2012,False,False,False,False,0.2012,0.0,0.0,0.0,False,False,False,False
val_tune,2623954636,1,CW,"[[6.8, 11.2]]",4.4,2-5s,18.952,True,False,19.019,False,20.02,False,20.487,False,18.551,False,18.018,False,17.55,False,20.9211324570273,False,18.21840242669363,False,19.019,False,0.0,20,22,0.067,127,56,4,19.952,20.952,21.952,23.952,False,False,False,False,17.952,16.952,15.952,13.952,False,False,False,False
val_tune,8253302563,4,TN,"[[0.5, 4.9]]",4.4,2-5s,3.375,True,True,3.7916666666666665,True,4.291666666666667,True,5.041666666666667,False,3.0416666666666665,True,2.5416666666666665,True,2.0416666666666665,True,5.625,False,1.5,True,3.7916666666666665,True,0.05,20,56,0.4167,142,61,4,4.375,5.375,6.375,8.375,True,False,False,False,2.375,1.375,0.375,0.0,True,True,False,False
val_tune,8811725760,7,CH,"[[12.3, 18.8]]",6.5,5-10s,18.7521,True,True,19.41941941941942,False,20.053386720053386,False,,,18.685352018685354,True,17.91791791791792,True,16.68335001668335,True,19.01901901901902,False,18.01801801801802,True,18.852185518852185,False,0.0,20,2,0.6673,66,23,4,19.7521,20.7521,21.0,21.0,False,False,False,False,17.7521,16.7521,15.7521,13.7521,True,True,True,True
val_tune,6592821115,13,TC,"[[56.6, 60.0]]",3.4,2-5s,55.125,True,False,55.208333333333336,False,56.0,False,56.458333333333336,False,53.958333333333336,False,52.708333333333336,False,51.958333333333336,False,57.416666666666664,True,52.416666666666664,False,55.166666666666664,False,0.15,20,25,0.0833,253,99,4,56.125,57.125,58.125,60.125,False,True,True,False,54.125,53.125,52.125,50.125,False,False,False,False
val_tune,5133787349,4,TN,"[[1.2, 4.1]]",2.9,2-5s,1.1261,True,False,1.25125,True,1.876875,True,2.5025,True,0.5005,False,,,,,3.920583333333333,True,1.0844166666666666,False,1.25125,True,0.4,20,20,0.1251,50,21,4,2.1261,3.1261,4.1261,6.1261,True,True,False,False,0.1261,0.0,0.0,0.0,False,False,False,False
val_tune,5433090067,1,CW,"[[5.3, 13.0]]",7.7,5-10s,12.9463,True,True,13.046366666666666,False,13.6136,False,14.047366666666667,False,12.045366666666666,True,11.044366666666667,True,10.043366666666667,True,16.316300000000002,False,12.145466666666668,True,13.046366666666666,False,0.0,20,12,0.1001,90,32,4,13.9463,14.9463,15.9463,17.9463,False,False,False,False,11.9463,10.9463,9.9463,7.9463,True,True,True,True
val_tune,8318310610,7,TN,"[[6.1, 10.2]]",4.1,2-5s,19.0524,True,False,19.452766666666665,False,20.053366666666665,False,20.453766666666667,False,18.651966666666667,False,18.051366666666667,False,17.050366666666665,False,20.553866666666668,False,18.251566666666665,False,19.252566666666667,False,0.0,20,5,0.4004,90,33,4,20.0524,21.0524,22.0,22.0,False,False,False,False,18.0524,17.0524,16.0524,14.0524,False,False,False,False
val_tune,5735711594,7,TC,"[[0.4, 19.2]]",18.8,>=10s,12.5459,True,True,12.645966666666666,True,13.046366666666666,True,14.047366666666667,True,12.045366666666666,True,11.444766666666666,True,11.044366666666667,True,12.879533333333333,True,12.345666666666666,True,12.645966666666666,True,0.9,20,12,0.1001,79,34,4,13.5459,14.5459,15.5459,17.5459,True,True,True,True,11.5459,10.5459,9.5459,7.5459,True,True,True,True
val_tune,8224504302,7,TN,"[[19.9, 23.8]]",3.9,2-5s,36.0694,True,False,37.070366666666665,False,38.07136666666667,False,38.67196666666667,False,35.06836666666667,False,34.46776666666667,False,34.067366666666665,False,36.66996666666667,False,35.96926666666667,False,36.169466666666665,False,0.0,20,9,1.001,172,69,4,37.0694,38.0694,39.0694,41.0694,False,False,False,False,35.0694,34.0694,33.0694,31.0694,False,False,False,False
val_tune,5333075105,2,CH,"[[0.0, 35.4]]",35.4,>=10s,35.9359,True,False,36.036,False,36.50313333333333,False,37.037,False,35.035,True,34.034,True,33.033,True,38.405033333333336,False,33.96726666666667,True,36.002633333333335,False,0.0,20,6,0.1001,156,63,4,36.9359,37.9359,38.9359,39.0,False,False,False,False,34.9359,33.9359,32.9359,30.9359,True,True,True,True
val_tune,14003541505,7,CW,"[[9.3, 11.7]]",2.4,2-5s,11.2238,True,True,11.390666666666666,True,12.058,False,12.5585,False,10.056,True,8.637916666666667,False,8.054,False,11.469791666666666,True,10.301958333333333,True,11.30725,True,0.0,20,13,0.1668,64,25,4,12.2238,13.2238,14.2238,16.2238,False,False,False,False,10.2238,9.2238,8.2238,6.2238,True,False,False,False
val_tune,5913180144,1,TC,"[[8.0, 11.0]]",3.0,2-5s,36.2696,True,False,37.070366666666665,False,37.4374,False,38.07136666666667,False,36.06936666666667,False,35.60223333333333,False,35.06836666666667,False,37.5375,False,35.06836666666667,False,36.770066666666665,False,0.0,20,6,0.8008,159,62,4,37.2696,38.2696,39.2696,40.0,False,False,False,False,35.2696,34.2696,33.2696,31.2696,False,False,False,False
val_tune,6031805098,0,CW,"[[0.0, 8.2]]",8.2,5-10s,2.0354,True,True,2.5025,True,3.036366666666667,True,3.6036,True,1.0343666666666667,True,0.6339666666666667,True,,,5.171833333333334,True,0.0,True,2.5025,True,0.1,20,72,0.4671,185,75,4,3.0354,4.0354,5.0354,7.0354,True,True,True,True,1.0354,0.0354,0.0,0.0,True,True,True,True
val_tune,5623068492,6,TN,"[[3.2, 7.5]]",4.3,2-5s,6.0394,True,True,6.639966666666667,True,7.040366666666666,True,7.440766666666667,True,5.438766666666667,True,5.038366666666667,True,4.437766666666667,True,7.374033333333333,True,5.472133333333334,True,6.639966666666667,True,0.05,20,126,0.6006,319,137,4,7.0394,8.0394,9.0394,11.0394,True,False,False,False,5.0394,4.0394,3.0394,1.0394,True,True,False,False
val_tune,3145698830,6,CH,"[[37.9, 43.5]]",5.6,5-10s,46.046,True,False,46.5465,False,47.047,False,47.5475,False,45.045,False,44.4444,False,44.044,False,46.980266666666665,False,45.57886666666667,False,46.2462,False,0.0,20,24,0.5005,236,98,4,47.046,48.046,49.046,51.046,False,False,False,False,45.046,44.046,43.046,41.046,False,False,True,True
val_tune,2957808913,4,CW,"[[13.5, 20.0]]",6.5,5-10s,0.0,True,False,0.4004,False,1.001,False,2.002,False,,,,,,,0.9342666666666667,False,,,0.4004,False,0.5,20,36,0.4004,80,36,4,1.0,2.0,3.0,5.0,False,False,False,False,0.0,0.0,0.0,0.0,False,False,False,False
val_tune,6244675392,9,TN,"[[49.8, 55.8]]",6.0,5-10s,12.6667,True,False,13.066666666666666,False,14.066666666666666,False,15.066666666666666,False,12.066666666666666,False,11.066666666666666,False,10.066666666666666,False,12.866666666666667,False,10.133333333333333,False,13.066666666666666,False,0.25,20,43,0.4,120,54,4,13.6667,14.6667,15.6667,17.6667,False,False,False,False,11.6667,10.6667,9.6667,7.6667,False,False,False,False
val_tune,6201488511,3,CW,"[[0.1, 1.1], [1.8, 7.2], [11.8, 21.0], [23.4, 35.2], [38.4, 45.8], [51.7, 53.7], [63.8, 64.1], [66.4, 76.5], [77.0, 80.6]]",50.8,>=10s,27.8612,True,True,28.061366666666668,True,28.661966666666668,True,29.062366666666666,True,27.560866666666666,True,27.060366666666667,True,26.659966666666666,True,28.094733333333334,True,26.960266666666666,True,27.961266666666667,True,0.55,20,91,0.2002,345,136,4,28.8612,29.8612,30.8612,32.8612,True,True,True,True,26.8612,25.8612,24.8612,22.8612,True,True,True,False
val_tune,5349766264,11,TN,"[[71.8, 75.1]]",3.3,2-5s,27.4858,True,False,27.5275,False,28.77875,False,29.237541666666665,False,26.27625,False,25.650625,False,25.025,False,32.32395833333333,False,25.81745833333333,False,27.5275,False,0.0,20,65,0.0417,252,99,4,28.4858,29.4858,30.4858,32.4858,False,False,False,False,26.4858,25.4858,24.4858,22.4858,False,False,False,False
val_tune,6183104292,0,CW,"[[0.0, 3.7]]",3.7,2-5s,3.37,True,True,3.8371666666666666,False,4.637966666666666,False,5.1051,False,3.003,True,2.5692333333333335,True,2.0353666666666665,True,4.838166666666667,False,2.0353666666666665,True,3.8371666666666666,False,0.0,20,28,0.4671,95,35,4,4.37,5.37,6.37,8.37,False,False,False,False,2.37,1.37,0.37,0.0,True,True,True,True
val_tune,8107573462,0,CW,"[[5.6, 7.4]]",1.8,<2s,6.006,True,True,6.039366666666667,True,6.6066,True,7.040366666666666,True,5.038366666666667,False,4.437766666666667,False,4.037366666666666,False,7.9412666666666665,False,4.070733333333333,False,6.039366666666667,True,0.1,20,13,0.0334,55,23,4,7.006,8.006,9.006,11.006,True,False,False,False,5.006,4.006,3.006,1.006,False,False,False,False
val_tune,10607095936,5,TN,"[[1.8, 5.0]]",3.2,2-5s,21.4882,True,False,22.02202202202202,False,23.05638972305639,False,23.590256923590257,False,21.287954621287955,False,20.754087420754086,False,20.02002002002002,False,21.62162162162162,False,20.85418752085419,False,21.588254921588256,False,0.0,20,19,0.5339,126,44,4,22.4882,23.4882,24.4882,26.4882,False,False,False,False,20.4882,19.4882,18.4882,16.4882,False,False,False,False
val_tune,3171006258,7,CH,"[[23.5, 27.2]]",3.7,2-5s,30.03,True,False,31.031,False,32.032,False,32.6326,False,29.39603333333333,False,29.029,False,28.6286,False,30.76406666666667,False,29.8298,False,30.6306,False,0.0,20,9,1.001,147,53,4,31.03,32.03,33.03,35.03,False,False,False,False,29.03,28.03,27.03,25.03,False,False,True,True
val_tune,11966080214,4,CW,"[[6.7, 10.6]]",3.9,2-5s,42.7761,True,False,43.4434,False,44.6446,False,45.2452,False,42.6426,False,42.042,False,41.5415,False,43.47676666666667,False,40.57386666666667,False,42.8428,False,0.0,20,11,0.6673,198,71,4,43.7761,44.7761,45.7761,47.7761,False,False,False,False,41.7761,40.7761,39.7761,37.7761,False,False,False,False
val_tune,11681746823,3,CW,"[[0.0, 5.8], [8.2, 10.7]]",8.3,5-10s,11.011,True,False,11.077744411077745,False,11.578244911578246,False,12.012012012012011,False,10.01001001001001,True,9.50950950950951,True,9.075742409075742,True,11.811811811811813,False,10.577243910577245,True,11.077744411077745,False,0.0,20,14,0.0667,72,29,4,12.011,13.011,14.011,16.011,False,False,False,False,10.011,9.011,8.011,6.011,True,True,False,False
val_tune,4671452046,6,TC,"[[12.1, 14.4]]",2.3,2-5s,19.653,True,False,20.02,False,20.487133333333333,False,21.021,False,19.486133333333335,False,19.019,False,18.018,False,20.854166666666668,False,17.784433333333332,False,19.853166666666667,False,0.0,20,41,0.367,175,72,4,20.653,21.653,22.653,24.653,False,False,False,False,18.653,17.653,16.653,14.653,False,False,False,False
val_tune,5766018720,1,CW,"[[0.5, 60.2]]",59.7,>=10s,51.418,True,True,51.618233333333336,True,52.085366666666665,True,52.58586666666667,True,51.08436666666667,True,50.08336666666667,True,49.58286666666667,True,51.9519,True,48.314933333333336,True,51.618233333333336,True,0.9,20,17,0.2002,244,99,4,52.418,53.418,54.418,56.418,True,True,True,True,50.418,49.418,48.418,46.418,True,True,True,True
val_tune,5445581571,1,CW,"[[0.3, 16.9]]",16.6,>=10s,25.0584,True,False,26.059366666666666,False,26.659966666666666,False,27.060366666666667,False,24.057366666666667,False,23.056366666666666,False,22.055366666666668,False,27.060366666666667,False,21.488133333333334,False,25.358666666666668,False,0.0,20,11,1.001,130,49,4,26.0584,27.0584,28.0584,30.0584,False,False,False,False,24.0584,23.0584,22.0584,20.0584,False,False,False,False
val_tune,4765564263,8,TN,"[[10.0, 11.9]]",1.9,<2s,10.1101,True,True,10.4104,True,11.011,True,11.4114,True,10.01,True,9.009,False,8.008,False,10.677333333333333,True,9.142466666666667,False,10.4104,True,0.4,20,7,0.3003,56,20,4,11.1101,12.1101,13.1101,14.0,True,False,False,False,9.1101,8.1101,7.1101,5.1101,False,False,False,False
val_tune,7331927796,2,TC,"[[0.0, 12.7]]",12.7,>=10s,1.2346,True,True,1.4347666666666667,True,2.0353666666666665,True,3.036366666666667,True,1.0343666666666667,True,0.4337666666666667,True,,,6.940266666666667,True,1.0677333333333334,True,1.4347666666666667,True,0.6,20,27,0.2002,70,29,4,2.2346,3.2346,4.2346,6.2346,True,True,True,True,0.2346,0.0,0.0,0.0,True,True,True,True
val_tune,9217939684,10,TN,"[[28.6, 32.3]]",3.7,2-5s,30.1667,True,True,30.416666666666668,True,32.0,True,32.5,False,29.833333333333332,True,28.458333333333332,False,27.083333333333332,False,30.291666666666668,True,28.791666666666668,True,30.416666666666668,True,0.0,20,41,0.25,175,67,4,31.1667,32.1667,33.1667,35.1667,True,True,False,False,29.1667,28.1667,27.1667,25.1667,True,False,False,False
val_tune,4444192938,5,TN,"[[23.7, 27.2]]",3.5,2-5s,17.017,True,False,18.018,False,18.451766666666668,False,19.019,False,16.5165,False,16.016,False,15.015,False,17.484133333333332,False,16.282933333333332,False,17.083733333333335,False,0.25,20,16,1.001,116,43,4,18.017,19.017,20.017,22.017,False,False,False,False,16.017,15.017,14.017,12.017,False,False,False,False
val_tune,11566980553,1,CW,"[[3.3, 8.3]]",5.0,5-10s,5.7391,True,True,6.406406406406407,True,7.374040707374041,True,7.741074407741074,True,4.971638304971639,True,4.404404404404405,True,3.9372706039372707,True,6.506506506506507,True,5.405405405405405,True,6.406406406406407,True,0.0,20,75,0.6673,228,84,4,6.7391,7.7391,8.7391,10.7391,True,True,False,False,4.7391,3.7391,2.7391,0.7391,True,True,False,False
val_tune,8495272210,7,CH,"[[0.0, 4.1]]",4.1,2-5s,19.9199,True,False,20.053366666666665,False,20.487133333333333,False,20.854166666666668,False,19.552866666666667,False,19.052366666666668,False,18.551866666666665,False,21.021,False,16.483133333333335,False,20.053366666666665,False,0.0,20,3,0.1335,84,35,4,20.9199,21.0,21.0,21.0,False,False,False,False,18.9199,17.9199,16.9199,14.9199,False,False,False,False
val_tune,13569831214,8,TN,"[[41.8, 43.9]]",2.1,2-5s,18.1849,True,False,18.752085418752085,False,19.81981981981982,False,20.32032032032032,False,18.01801801801802,False,17.48415081748415,False,16.950283616950284,False,18.51851851851852,False,17.51751751751752,False,18.31831831831832,False,0.1,20,58,0.5672,199,88,4,19.1849,20.1849,21.1849,23.1849,False,False,False,False,17.1849,16.1849,15.1849,13.1849,False,False,False,False
val_tune,6297019062,1,CW,"[[23.2, 27.1]]",3.9,2-5s,39.2726,True,False,39.70633333333333,False,40.073366666666665,False,41.07436666666667,False,39.07236666666667,False,38.47176666666667,False,38.07136666666667,False,40.073366666666665,False,39.07236666666667,False,39.472766666666665,False,0.0,20,29,0.4338,234,91,4,40.2726,41.2726,42.2726,44.2726,False,False,False,False,38.2726,37.2726,36.2726,34.2726,False,False,False,False
val_tune,3960291106,4,CW,"[[1.5, 4.8]]",3.3,2-5s,1.001,True,False,1.5015,True,2.002,True,2.5025,True,0.26693333333333336,False,,,,,1.6683333333333334,True,0.8675333333333334,False,1.1011,False,0.0,20,87,0.5005,191,89,4,2.001,3.001,4.001,6.001,True,True,True,False,0.001,0.0,0.0,0.0,False,False,False,False
val_tune,3508459605,4,TN,"[[11.9, 15.1]]",3.2,2-5s,82.9495,True,False,83.083,False,83.6836,False,84.084,False,82.082,False,81.64823333333334,False,81.081,False,84.11736666666667,False,82.51576666666666,False,83.083,False,0.0,20,8,0.1335,348,152,4,83.9495,84.9495,85.9495,87.0,False,False,False,False,81.9495,80.9495,79.9495,77.9495,False,False,False,False
val_tune,5945172741,1,TC,"[[0.0, 1.9]]",1.9,<2s,31.12,True,False,31.24,False,31.96,False,32.44,False,30.76,False,30.04,False,28.84,False,32.32,False,30.56,False,31.24,False,0.0,20,41,0.12,214,79,4,32.12,33.12,34.12,36.12,False,False,False,False,30.12,29.12,28.12,26.12,False,False,False,False
val_tune,3164519967,1,CW,"[[3.8, 14.9]]",11.1,>=10s,7.007,True,True,7.5075,True,8.008,True,9.009,True,6.006,True,5.005,True,4.5045,True,7.6409666666666665,True,6.940266666666667,True,7.5075,True,0.25,20,45,0.5005,146,57,4,8.007,9.007,10.007,12.007,True,True,True,True,6.007,5.007,4.007,2.007,True,True,True,False
val_tune,2454242177,4,CH,"[[14.5, 24.2], [37.6, 52.4]]",24.5,>=10s,42.9429,True,True,43.043,True,44.044,True,45.045,True,42.5425,True,41.80843333333333,True,41.041,True,47.98126666666667,True,39.4394,True,43.043,True,1.0,20,15,0.1001,212,81,4,43.9429,44.9429,45.9429,47.9429,True,True,True,True,41.9429,40.9429,39.9429,37.9429,True,True,True,True
val_tune,8080432373,2,CW,"[[5.3, 10.9]]",5.6,5-10s,5.005,True,False,5.038366666666667,False,5.538866666666666,True,6.039366666666667,True,4.537866666666667,False,4.037366666666666,False,3.5368666666666666,False,5.839166666666666,True,4.938266666666666,False,5.038366666666667,False,0.05,20,146,0.0334,360,154,4,6.005,7.005,8.005,10.005,True,True,True,True,4.005,3.005,2.005,0.005,False,False,False,False
val_tune,3869005094,3,TP,"[[0.3, 2.5]]",2.2,2-5s,1.001,True,True,1.6016,True,2.002,True,3.003,False,0.5005,True,,,,,2.168833333333333,True,0.8341666666666667,True,1.6016,True,0.15,20,13,0.6006,40,15,4,2.001,3.001,4.001,6.001,True,False,False,False,0.001,0.0,0.0,0.0,False,False,False,False
val_tune,4217422838,2,TC,"[[26.5, 28.4]]",1.9,<2s,51.4264,True,False,51.88516666666667,False,52.385666666666665,False,,,51.30125,False,50.80075,False,50.05,False,52.59420833333333,False,49.21583333333333,False,51.88516666666667,False,0.0,20,2,0.4588,169,72,4,52.4264,53.0,53.0,53.0,False,False,False,False,50.4264,49.4264,48.4264,46.4264,False,False,False,False
val_tune,4542882771,6,TN,"[[15.4, 25.3]]",9.9,5-10s,34.5345,True,False,35.035,False,35.5355,False,,,33.78375,False,33.28325,False,32.5325,False,36.035999999999994,False,33.36666666666667,False,34.659625,False,0.0,20,2,0.5005,116,52,4,35.5345,36.0,36.0,36.0,False,False,False,False,33.5345,32.5345,31.5345,29.5345,False,False,False,False
val_tune,2573424030,0,CW,"[[0.5, 1.8], [5.1, 7.9]]",4.1,2-5s,3.269,True,False,4.004,False,5.005,False,5.805,True,3.003,False,2.535,False,2.002,False,4.170879676440849,False,2.302325581395349,False,3.803,False,0.1,20,76,0.735,197,81,4,4.269,5.269,6.269,8.269,False,True,True,False,2.269,1.269,0.269,0.0,False,True,False,False
val_tune,5056964274,6,CW,"[[21.1, 23.4]]",2.3,2-5s,1.4348,True,False,2.002,False,2.5025,False,3.003,False,1.001,False,0.5005,False,,,2.3690333333333333,False,1.1344666666666667,False,2.002,False,0.0,20,52,0.5672,125,55,4,2.4348,3.4348,4.4348,6.4348,False,False,False,False,0.4348,0.0,0.0,0.0,False,False,False,False
val_tune,8330342965,3,CW,"[[9.5, 14.8], [20.3, 24.6], [26.3, 30.4]]",13.7,>=10s,8.5419,True,False,9.042366666666666,False,10.043366666666667,True,11.044366666666667,True,8.041366666666667,False,7.540866666666667,False,7.040366666666666,False,9.9099,True,6.639966666666667,False,9.042366666666666,False,0.6,20,53,0.5005,176,69,4,9.5419,10.5419,11.5419,13.5419,True,True,True,True,7.5419,6.5419,5.5419,3.5419,False,False,False,False
val_tune,8557532213,2,TN,"[[1.3, 5.4]]",4.1,2-5s,0.5339,True,False,0.6339666666666667,False,1.0343666666666667,False,2.0353666666666665,True,,,,,,,1.0343666666666667,False,0.06673333333333334,False,0.6339666666666667,False,0.35,20,17,0.1001,51,17,4,1.5339,2.5339,3.5339,5.5339,True,True,True,False,0.0,0.0,0.0,0.0,False,False,False,False
val_tune,3741143820,5,CW,"[[0.0, 2.9]]",2.9,2-5s,0.5005,True,True,1.001,True,1.6016,True,2.002,True,0.1001,True,,,,,0.9342666666666667,True,0.0,True,1.001,True,0.2,20,14,0.5005,46,16,4,1.5005,2.5005,3.5005,5.5005,True,True,False,False,0.0,0.0,0.0,0.0,True,True,True,True
val_tune,3821781616,4,TN,"[[8.6, 14.2]]",5.6,5-10s,9.9766,True,True,10.01,True,11.011,True,11.4114,True,9.009,True,8.008,False,7.4074,False,10.710700000000001,True,9.442766666666667,True,10.01,True,0.15,20,24,0.0334,100,38,4,10.9766,11.9766,12.9766,14.9766,True,True,True,False,8.9766,7.9766,6.9766,4.9766,True,False,False,False
val_tune,4765717907,4,CH,"[[16.1, 20.1]]",4.0,2-5s,0.0,True,False,1.001,False,2.002,False,2.5025,False,,,,,,,0.9342666666666667,False,,,0.5672333333333334,False,0.1,20,63,1.001,159,63,4,1.0,2.0,3.0,5.0,False,False,False,False,0.0,0.0,0.0,0.0,False,False,False,False
val_tune,3155382178,9,TC,"[[2.9, 4.4]]",1.5,<2s,5.005,True,False,6.006,False,6.5065,False,7.007,False,4.004,True,3.4367666666666667,True,3.003,True,5.372033333333333,False,4.270933333333334,True,5.1051,False,0.0,20,34,1.001,115,41,4,6.005,7.005,8.005,10.005,False,False,False,False,4.005,3.005,2.005,0.005,True,True,False,False
val_tune,4968805923,4,CH,"[[6.1, 8.8]]",2.7,2-5s,3.003,True,False,3.6036,False,4.004,False,5.005,False,2.002,False,1.001,False,0.2002,False,3.937266666666667,False,2.5358666666666667,False,3.5035,False,0.35,20,11,0.6006,43,15,4,4.003,5.003,6.003,8.003,False,False,False,True,2.003,1.003,0.003,0.0,False,False,False,False
val_tune,2726497009,6,CW,"[[8.3, 20.5]]",12.2,>=10s,23.023,True,False,23.390033333333335,False,24.024,False,24.491133333333334,False,22.022,False,21.588233333333335,False,21.021,False,31.4314,False,22.155466666666666,False,23.390033333333335,False,0.0,20,49,0.367,211,88,4,24.023,25.023,26.023,28.023,False,False,False,False,22.023,21.023,20.023,18.023,False,False,True,True
val_tune,6244382586,6,CH,"[[0.0, 0.8], [1.7, 5.2]]",4.3,2-5s,12.3457,True,False,12.445766666666668,False,13.046366666666666,False,13.446766666666667,False,12.045366666666666,False,11.544866666666667,False,11.144466666666666,False,13.046366666666668,False,11.044366666666667,False,12.445766666666668,False,0.0,20,16,0.1001,83,34,4,13.3457,14.3457,15.3457,17.3457,False,False,False,False,11.3457,10.3457,9.3457,7.3457,False,False,False,False
val_tune,4955723618,6,TP,"[[14.2, 18.1]]",3.9,2-5s,14.5145,True,True,15.015,True,15.5155,True,16.016,True,14.014,False,13.480133333333333,False,13.013,False,15.048366666666666,True,12.078733333333334,False,15.015,True,0.0,20,78,0.5005,245,106,4,15.5145,16.5145,17.5145,19.5145,True,True,True,False,13.5145,12.5145,11.5145,9.5145,False,False,False,False
val_tune,4272084125,4,CW,"[[0.1, 4.0]]",3.9,2-5s,14.014,True,False,14.981633333333333,False,15.382033333333334,False,16.016,False,13.680333333333333,False,13.013,False,12.5125,False,14.247566666666668,False,12.245566666666667,False,14.781433333333334,False,0.0,20,14,0.9676,99,36,4,15.014,16.014,17.014,19.014,False,False,False,False,13.014,12.014,11.014,9.014,False,False,False,False
val_tune,5875535585,5,TN,"[[7.7, 18.5]]",10.8,>=10s,40.3737,True,False,41.07436666666667,False,41.8418,False,42.308933333333336,False,40.17346666666667,False,39.70633333333333,False,39.07236666666667,False,40.57386666666667,False,39.906533333333336,False,41.07436666666667,False,0.0,20,60,0.7007,306,128,4,41.3737,42.3737,43.3737,45.3737,False,False,False,False,39.3737,38.3737,37.3737,35.3737,False,False,False,False
val_tune,5296635780,2,CW,"[[5.1, 11.2]]",6.1,5-10s,12.6126,True,False,13.013,False,14.014,False,14.5145,False,12.012,False,11.5115,False,11.011,True,12.946266666666666,False,9.442766666666667,True,12.7127,False,0.0,20,16,0.4004,88,35,4,13.6126,14.6126,15.6126,17.6126,False,False,False,False,11.6126,10.6126,9.6126,7.6126,False,True,True,True
val_tune,4036955771,1,TC,"[[80.0, 87.5]]",7.5,5-10s,82.8161,True,True,83.083,True,83.5835,True,84.084,True,82.4824,True,82.082,True,81.081,True,83.61686666666667,True,82.7827,True,83.01626666666667,True,0.6,20,14,0.2669,360,164,4,83.8161,84.8161,85.8161,87.8161,True,True,True,False,81.8161,80.8161,79.8161,77.8161,True,True,False,False
val_tune,4272084125,7,CH,"[[0.1, 3.9]]",3.8,2-5s,7.4074,True,False,8.008,False,9.009,False,9.5095,False,7.007,False,6.006,False,5.572233333333333,False,9.175833333333333,False,5.071733333333333,False,7.6076,False,0.0,20,25,0.6006,99,36,4,8.4074,9.4074,10.4074,12.4074,False,False,False,False,6.4074,5.4074,4.4074,2.4074,False,False,False,True
val_tune,7531285946,2,CW,"[[7.2, 18.0]]",10.8,>=10s,8.642,True,True,9.042366666666666,True,9.542866666666667,True,10.043366666666667,True,8.541866666666667,True,8.041366666666667,True,7.6409666666666665,True,9.275933333333333,True,8.241566666666667,True,8.842166666666667,True,0.2,20,50,0.4004,162,66,4,9.642,10.642,11.642,13.642,True,True,True,True,7.642,6.642,5.642,3.642,True,False,False,False
val_tune,2977504625,3,CW,"[[15.1, 16.0]]",0.9,<2s,11.25,True,False,11.916666666666666,False,12.5,False,13.25,False,10.666666666666666,False,10.0,False,8.75,False,12.333333333333334,False,10.458333333333334,False,11.916666666666666,False,0.2,20,7,0.6667,52,21,4,12.25,13.25,14.25,16.0,False,False,False,True,10.25,9.25,8.25,6.25,False,False,False,False
val_tune,11503803033,1,CW,"[[1.5, 5.7]]",4.2,2-5s,12.5459,True,False,12.679333333333334,False,13.546866666666666,False,14.014,False,12.012,False,11.6116,False,11.2112,False,12.7127,False,11.177833333333334,False,12.6126,False,0.0,20,11,0.1335,74,27,4,13.5459,14.5459,15.5459,17.5459,False,False,False,False,11.5459,10.5459,9.5459,7.5459,False,False,False,False
val_tune,4103088549,1,CW,"[[12.5, 16]]",3.5,2-5s,2.3023,True,False,2.4024,False,3.003,False,3.5035,False,2.002,False,1.001,False,,,2.5358666666666667,False,1.9352666666666667,False,2.4024,False,0.2,20,24,0.1001,67,26,4,3.3023,4.3023,5.3023,7.3023,False,False,False,False,1.3023,0.3023,0.0,0.0,False,False,False,False
val_tune,3063380173,4,TC,"[[0.0, 7.3]]",7.3,5-10s,15.415,True,False,16.016,False,16.583,False,16.95,False,15.015,False,14.481,False,14.014,False,15.916076845298281,False,15.11526794742164,False,15.682,False,0.0,20,3,0.601,71,29,4,16.415,17.0,17.0,17.0,False,False,False,False,14.415,13.415,12.415,10.415,False,False,False,False
val_tune,7416295940,9,CH,"[[0.0, 32.6]]",32.6,>=10s,13.0464,True,True,14.047366666666667,True,15.048366666666666,True,15.4154,True,12.045366666666666,True,11.044366666666667,True,10.543866666666666,True,14.547866666666668,True,12.579233333333333,True,13.146466666666667,True,0.4,20,102,1.001,351,122,4,14.0464,15.0464,16.0464,18.0464,True,True,True,True,12.0464,11.0464,10.0464,8.0464,True,True,True,True
val_tune,3105728894,2,CW,"[[35.1, 37.0]]",1.9,<2s,35.035,True,False,35.4354,True,36.036,True,36.4364,True,34.6346,False,34.034,False,33.6336,False,35.06836666666667,False,34.40103333333333,False,35.4354,True,0.15,20,28,0.4004,203,87,4,36.035,37.035,38.035,40.035,True,False,False,False,34.035,33.035,32.035,30.035,False,False,False,False
val_tune,6233408665,0,CW,"[[33.8, 68.9]]",35.1,>=10s,72.4057,True,False,72.60586666666667,False,73.10636666666667,False,73.50676666666666,False,72.10536666666667,False,71.60486666666667,False,71.10436666666666,False,73.20646666666667,False,72.10536666666667,False,72.50576666666667,False,0.0,20,5,0.2002,300,131,4,73.4057,74.4057,75.0,75.0,False,False,False,False,71.4057,70.4057,69.4057,67.4057,False,False,False,True
val_tune,4968805923,8,TC,"[[1.3, 4.5]]",3.2,2-5s,1.001,True,False,2.002,True,3.003,True,3.6036,True,0.2002,False,,,,,2.5358666666666667,True,0.9342666666666667,False,1.2012,False,0.3,20,13,1.001,43,15,4,2.001,3.001,4.001,6.001,True,True,True,False,0.001,0.0,0.0,0.0,False,False,False,False
val_tune,2495861393,10,CW,"[[8.8, 11.1]]",2.3,2-5s,25.025,True,False,25.558,False,26.026,False,26.559,False,24.557,False,24.024,False,23.556,False,25.325581395348838,False,24.324570273003033,False,25.291,False,0.0,20,43,0.533,201,91,4,26.025,27.025,28.025,30.025,False,False,False,False,24.025,23.025,22.025,20.025,False,False,False,False
val_tune,5902452647,6,TC,"[[25.3, 27]]",1.7,<2s,18.652,True,False,19.052366666666668,False,20.053366666666665,False,21.054366666666667,False,18.051366666666667,False,17.650966666666665,False,17.050366666666665,False,19.052366666666668,False,18.351666666666667,False,18.852166666666665,False,0.25,20,12,0.4004,110,43,4,19.652,20.652,21.652,23.652,False,False,False,False,17.652,16.652,15.652,13.652,False,False,False,False
val_tune,3557498300,3,CW,"[[3.1, 5.2]]",2.1,2-5s,15.015,True,False,16.016,False,16.583233333333332,False,17.017,False,14.547866666666666,False,14.014,False,13.5135,False,16.049366666666668,False,14.948266666666667,False,15.882533333333333,False,0.0,20,21,1.001,114,45,4,16.015,17.015,18.015,20.015,False,False,False,False,14.015,13.015,12.015,10.015,False,False,False,False
val_tune,4774302357,6,CW,"[[4.3, 8.0]]",3.7,2-5s,4.004,True,False,4.4044,True,5.005,True,6.006,True,3.003,False,2.5025,False,2.002,False,4.437766666666667,True,0.0,False,4.2042,False,0.35,20,20,0.4004,60,27,4,5.004,6.004,7.004,9.004,True,True,True,False,3.004,2.004,1.004,0.0,False,False,False,False
val_tune,7987845241,4,TC,"[[9.6, 34.8]]",25.2,>=10s,3.0364,True,False,3.4367666666666667,False,4.037366666666666,False,5.038366666666667,False,2.6359666666666666,False,2.0353666666666665,False,1.6349666666666667,False,3.6703333333333332,False,2.435766666666667,False,3.4367666666666667,False,0.6,20,77,0.4004,202,83,4,4.0364,5.0364,6.0364,8.0364,False,False,False,False,2.0364,1.0364,0.0364,0.0,False,False,False,False
val_tune,2973331780,5,CW,"[[19.7, 30.6]]",10.9,>=10s,18.6186,True,False,19.019,False,19.5195,False,20.02,True,18.018,False,17.5175,False,17.017,False,18.952266666666667,False,18.184833333333334,False,18.8188,False,0.7,20,21,0.4004,136,52,4,19.6186,20.6186,21.6186,23.6186,False,True,True,True,17.6186,16.6186,15.6186,13.6186,False,False,False,False
val_tune,3814690167,0,CW,"[[0.0, 5.0]]",5.0,5-10s,1.4014,True,True,1.5015,True,2.002,True,2.4024,True,1.001,True,0.2002,True,,,2.5025,True,0.0,True,1.5015,True,0.35,20,26,0.1001,62,28,4,2.4014,3.4014,4.4014,6.4014,True,True,True,False,0.4014,0.0,0.0,0.0,True,True,True,True
val_tune,6265968082,2,CW,"[[0.0, 6.2]]",6.2,5-10s,14.7814,True,False,15.048366666666666,False,16.049366666666668,False,16.4164,False,14.047366666666667,False,13.446766666666667,False,13.046366666666666,False,15.248566666666667,False,14.247566666666668,False,14.981633333333333,False,0.0,20,42,0.2669,171,64,4,15.7814,16.7814,17.7814,19.7814,False,False,False,False,13.7814,12.7814,11.7814,9.7814,False,False,False,False
val_tune,3380344744,5,CW,"[[30.5, 38.0]]",7.5,5-10s,9.8765,True,False,10.01,False,10.4104,False,11.011,False,9.009,False,8.008,False,7.6076,False,10.944266666666667,False,8.942266666666667,False,9.976633333333334,False,0.1,20,68,0.1335,199,82,4,10.8765,11.8765,12.8765,14.8765,False,False,False,False,8.8765,7.8765,6.8765,4.8765,False,False,False,False
val_tune,3359075894,3,CW,"[[14.3, 16.6]]",2.3,2-5s,1.92,True,False,2.4,False,2.88,False,3.6,False,1.2,False,0.6,False,,,2.32,False,1.12,False,2.04,False,0.2,20,19,0.48,56,21,4,2.92,3.92,4.92,6.92,False,False,False,False,0.92,0.0,0.0,0.0,False,False,False,False
val_tune,5735711594,4,TC,"[[1.2, 13.9]]",12.7,>=10s,3.0364,True,True,3.4367666666666667,True,4.037366666666666,True,4.437766666666667,True,2.6359666666666666,True,2.0353666666666665,True,1.5348666666666666,True,3.1698333333333335,True,2.3356666666666666,True,3.4367666666666667,True,0.75,20,28,0.4004,79,34,4,4.0364,5.0364,6.0364,8.0364,True,True,True,True,2.0364,1.0364,0.0364,0.0,True,False,False,False
val_tune,5561024834,6,TN,"[[16.9, 20.6]]",3.7,2-5s,17.5417,True,True,18.041666666666668,True,18.791666666666668,True,20.041666666666668,True,16.291666666666668,False,15.541666666666666,False,15.041666666666666,False,17.666666666666668,True,12.958333333333334,False,18.041666666666668,True,0.05,20,23,0.5,127,45,4,18.5417,19.5417,20.5417,22.5417,True,True,True,False,16.5417,15.5417,14.5417,12.5417,False,False,False,False
val_tune,5116088152,6,TN,"[[5.1, 9.1]]",4.0,2-5s,30.9309,True,False,31.031,False,31.4314,False,32.032,False,30.5305,False,30.03,False,29.6296,False,33.06636666666667,False,26.960266666666666,False,31.031,False,0.0,20,16,0.1001,162,66,4,31.9309,32.9309,33.9309,35.9309,False,False,False,False,29.9309,28.9309,27.9309,25.9309,False,False,False,False
val_tune,3078294001,5,TN,"[[3.6, 7.4]]",3.8,2-5s,1.1011,True,False,1.6016,False,2.002,False,2.5025,False,1.001,False,0.5005,False,,,1.1678333333333333,False,0.16683333333333333,False,1.6016,False,0.25,20,19,0.5005,46,21,4,2.1011,3.1011,4.1011,6.1011,False,False,True,True,0.1011,0.0,0.0,0.0,False,False,False,False
val_tune,4485707628,7,TN,"[[47.5, 64]]",16.5,>=10s,53.9873,True,True,54.98826666666667,True,55.989266666666666,True,56.589866666666666,True,53.586866666666666,True,52.986266666666666,True,52.58586666666667,True,54.08736666666667,True,51.98526666666667,True,54.788066666666666,True,0.9,20,16,1.001,259,100,4,54.9873,55.9873,56.9873,58.9873,True,True,True,True,52.9873,51.9873,50.9873,48.9873,True,True,True,True
val_tune,6291413193,3,CW,"[[24.3, 25.6]]",1.3,<2s,43.8438,True,False,44.07736666666667,False,45.07836666666667,False,46.079366666666665,False,43.076366666666665,False,42.5425,False,42.07536666666667,False,44.5445,False,43.376666666666665,False,43.9439,False,0.0,20,32,0.2336,264,101,4,44.8438,45.8438,46.8438,48.8438,False,False,False,False,42.8438,41.8438,40.8438,38.8438,False,False,False,False
val_tune,8107573462,11,CW,"[[6.8, 13.6]]",6.8,5-10s,6.2396,True,False,6.6066,False,7.040366666666666,True,7.440766666666667,True,6.039366666666667,False,5.038366666666667,False,4.437766666666667,False,7.9412666666666665,True,4.070733333333333,False,6.6066,False,1.0,20,12,0.367,55,23,4,7.2396,8.2396,9.2396,11.2396,True,True,True,True,5.2396,4.2396,3.2396,1.2396,False,False,False,False
val_tune,6253433310,7,TN,"[[0.6, 3.8]]",3.2,2-5s,0.0334,True,False,0.33366666666666667,False,1.0343666666666667,True,1.6349666666666667,True,,,,,,,0.9342666666666667,True,0.0,False,0.23356666666666667,False,0.2,20,31,0.3003,91,31,4,1.0334,2.0334,3.0334,5.0334,True,True,True,False,0.0,0.0,0.0,0.0,False,False,False,False
val_tune,3155382178,2,CW,"[[3.0, 4.2]]",1.2,<2s,4.004,True,True,5.005,False,6.006,False,6.5065,False,3.4367666666666667,True,3.003,True,2.5025,False,4.270933333333334,False,2.8695333333333335,False,4.037366666666666,True,0.0,20,35,1.001,115,41,4,5.004,6.004,7.004,9.004,False,False,False,False,3.004,2.004,1.004,0.0,True,False,False,False
val_tune,5533380417,0,CW,"[[0.0, 13]]",13.0,>=10s,10.4438,True,True,10.543866666666666,True,11.044366666666667,True,12.045366666666666,True,10.043366666666667,True,9.442766666666667,True,9.042366666666666,True,10.643966666666667,True,9.943266666666666,True,10.543866666666666,True,0.85,20,5,0.1001,56,20,4,11.4438,12.4438,13.0,13.0,True,True,True,True,9.4438,8.4438,7.4438,5.4438,True,True,True,True
val_tune,4978714491,5,CW,"[[19.9, 21.3]]",1.4,<2s,29.9633,True,False,30.03,False,31.031,False,31.898533333333333,False,29.496133333333333,False,29.029,False,28.561866666666667,False,35.96926666666667,False,28.1281,False,30.03,False,0.0,20,17,0.0667,160,66,4,30.9633,31.9633,32.9633,34.9633,False,False,False,False,28.9633,27.9633,26.9633,24.9633,False,False,False,False
val_tune,4024008346,4,CW,"[[0.0, 1.1]]",1.1,<2s,0.6006,True,True,1.001,True,2.002,False,3.003,False,,,,,,,1.4681333333333333,False,0.33366666666666667,True,0.8008,True,0.0,20,32,0.4004,79,33,4,1.6006,2.6006,3.6006,5.6006,False,False,False,False,0.0,0.0,0.0,0.0,True,True,True,True
val_tune,4333544549,1,CW,"[[15.1, 22.7]]",7.6,5-10s,34.7347,True,False,35.035,False,,,,,34.5345,False,34.034,False,33.5335,False,35.46876666666667,False,33.767066666666665,False,35.035,False,0.0,20,1,0.3003,143,66,4,35.7347,36.0,36.0,36.0,False,False,False,False,33.7347,32.7347,31.7347,29.7347,False,False,False,False
val_tune,14003541505,9,CH,"[[18.0, 21]]",3.0,2-5s,8.2208,True,False,8.637916666666667,False,10.056,False,11.390666666666666,False,8.054,False,7.30325,False,6.052,False,9.718041666666666,False,6.548208333333333,False,8.637916666666667,False,0.2,20,15,0.4171,64,25,4,9.2208,10.2208,11.2208,13.2208,False,False,False,False,7.2208,6.2208,5.2208,3.2208,False,False,False,False
val_tune,5561024834,10,CH,"[[13.7, 17.1]]",3.4,2-5s,22.4167,True,False,22.541666666666668,False,23.791666666666668,False,25.041666666666668,False,21.291666666666668,False,20.041666666666668,False,18.791666666666668,False,24.333333333333332,False,20.625,False,22.541666666666668,False,0.0,20,19,0.125,127,45,4,23.4167,24.4167,25.4167,27.4167,False,False,False,False,21.4167,20.4167,19.4167,17.4167,False,False,False,False
val_tune,4896969617,7,TN,"[[8.7, 10.9]]",2.2,2-5s,5.3053,True,False,6.006,False,7.007,False,7.5075,False,5.005,False,4.5045,False,4.004,False,5.638966666666667,False,4.938266666666666,False,5.9059,False,0.25,20,10,0.7007,47,20,4,6.3053,7.3053,8.3053,10.3053,False,False,False,True,4.3053,3.3053,2.3053,0.3053,False,False,False,False
val_tune,4006608424,3,CH,"[[61.0, 64.1]]",3.1,2-5s,11.7117,True,False,12.012,False,12.579233333333333,False,13.013,False,11.011,False,10.643966666666667,False,10.01,False,14.9149,False,11.311300000000001,False,11.8118,False,0.0,20,132,0.3003,360,149,4,12.7117,13.7117,14.7117,16.7117,False,False,False,False,10.7117,9.7117,8.7117,6.7117,False,False,False,False
val_tune,5803861992,1,CH,"[[0.8, 29.6], [31.6, 65.7]]",62.9,>=10s,59.059,True,True,59.8598,True,60.8608,True,61.4614,True,58.8588,True,58.2582,True,57.8578,True,60.39366666666667,True,58.758700000000005,True,59.1591,True,0.65,20,18,0.8008,290,109,4,60.059,61.059,62.059,64.059,True,True,True,True,58.059,57.059,56.059,54.059,True,True,True,True
val_tune,5235909148,1,CH,"[[0.1, 11.5]]",11.4,>=10s,2.002,True,True,3.003,True,3.4034,True,4.004,True,1.001,True,0.46713333333333334,True,,,2.168833333333333,True,1.0343666666666667,True,2.1021,True,0.95,20,17,1.001,48,20,4,3.002,4.002,5.002,7.002,True,True,True,True,1.002,0.002,0.0,0.0,True,False,False,False
val_tune,8594314852,6,CW,"[[0.0, 2.0]]",2.0,2-5s,9.9433,True,False,10.043366666666667,False,10.643966666666667,False,11.044366666666667,False,9.642966666666666,False,9.042366666666666,False,8.541866666666667,False,12.479133333333333,False,8.775433333333334,False,10.043366666666667,False,0.0,20,6,0.1001,51,23,4,10.9433,11.9433,12.9433,13.0,False,False,False,False,8.9433,7.9433,6.9433,4.9433,False,False,False,False
val_tune,3376544720,9,CH,"[[57.5, 86.5]]",29.0,>=10s,68.7353,True,True,68.81875,True,69.444375,True,70.07,True,68.193125,True,67.5675,True,67.10870833333334,True,70.11170833333333,True,68.65191666666666,True,68.81875,True,0.9,20,28,0.0834,288,115,4,69.7353,70.7353,71.7353,73.7353,True,True,True,True,67.7353,66.7353,65.7353,63.7353,True,True,True,True
val_tune,4217422838,9,CW,"[[41.4, 46.3]]",4.9,2-5s,31.4064,True,False,31.78175,False,32.5325,False,33.28325,False,31.28125,False,30.739041666666665,False,30.03,False,37.87116666666667,False,29.5295,False,31.78175,False,0.15,20,31,0.3754,169,72,4,32.4064,33.4064,34.4064,36.4064,False,False,False,False,30.4064,29.4064,28.4064,26.4064,False,False,False,False
val_tune,4896969617,1,CH,"[[0.0, 7.8]]",7.8,5-10s,4.004,True,True,4.5045,True,5.005,True,6.006,True,3.6036,True,3.003,True,2.6026,True,4.938266666666666,True,3.2365666666666666,True,4.2042,True,0.4,20,12,0.5005,47,20,4,5.004,6.004,7.004,9.004,True,True,True,False,3.004,2.004,1.004,0.0,True,True,True,True
val_tune,5549243726,2,TC,"[[2.0, 5.0]]",3.0,2-5s,8.5085,True,False,9.042366666666666,False,10.043366666666667,False,10.543866666666666,False,8.4084,False,8.041366666666667,False,7.040366666666666,False,9.376033333333334,False,8.041366666666667,False,8.7087,False,0.0,20,15,0.5339,71,27,4,9.5085,10.5085,11.5085,13.5085,False,False,False,False,7.5085,6.5085,5.5085,3.5085,False,False,False,True
val_tune,4419096437,7,TN,"[[14.6, 47.8]]",33.2,>=10s,22.3223,True,True,22.5225,True,23.023,True,23.490133333333333,True,22.022,True,21.5215,True,21.021,True,22.689333333333334,True,21.588233333333335,True,22.4224,True,0.75,20,51,0.2002,212,83,4,23.3223,24.3223,25.3223,27.3223,True,True,True,True,21.3223,20.3223,19.3223,17.3223,True,True,True,True
val_tune,3375218204,3,CW,"[[15.9, 31.6]]",15.7,>=10s,66.9669,True,False,67.067,False,67.53413333333333,False,68.068,False,66.066,False,65.59886666666667,False,65.065,False,68.00126666666667,False,57.99126666666667,False,67.03363333333333,False,0.0,20,12,0.1001,299,118,4,67.9669,68.9669,69.9669,71.9669,False,False,False,False,65.9669,64.9669,63.9669,61.9669,False,False,False,False
val_tune,3830567237,4,CH,"[[3.9, 23.1]]",19.2,>=10s,21.021,True,True,21.6216,True,22.022,True,23.023,True,20.5205,True,20.02,True,19.5195,True,23.757066666666667,False,17.951266666666665,True,21.6216,True,0.75,20,4,0.6006,96,38,4,22.021,23.021,24.0,24.0,True,True,False,False,20.021,19.021,18.021,16.021,True,True,True,True
val_tune,9088819598,3,TN,"[[8.5, 14.0]]",5.5,5-10s,8.7421,True,True,9.275942609275942,True,11.511511511511511,True,12.045378712045379,True,8.341675008341674,False,7.5075075075075075,False,6.906906906906907,False,10.243576910243577,True,7.807807807807808,False,8.80880880880881,True,0.3,20,16,0.5339,70,28,4,9.7421,10.7421,11.7421,13.7421,True,True,True,True,7.7421,6.7421,5.7421,3.7421,False,False,False,False
val_tune,7453733046,6,TN,"[[17.1, 19.8]]",2.7,2-5s,17.017,True,False,17.050366666666665,False,17.550866666666668,True,18.051366666666667,True,16.449766666666665,False,16.049366666666668,False,15.048366666666666,False,17.050366666666665,False,15.949266666666666,False,17.050366666666665,False,0.2,20,27,0.0334,134,55,4,18.017,19.017,20.017,22.017,True,True,False,False,16.017,15.017,14.017,12.017,False,False,False,False
val_tune,4925211209,4,CW,"[[28.2, 31.7]]",3.5,2-5s,27.375,True,False,27.5,False,28.0,False,28.75,True,27.041666666666668,False,26.25,False,25.708333333333332,False,27.541666666666668,False,26.875,False,27.5,False,0.8,20,6,0.125,103,42,4,28.375,29.375,30.375,32.0,True,True,True,False,26.375,25.375,24.375,22.375,False,False,False,False
val_tune,8277866423,5,TN,"[[21.3, 34.5]]",13.2,>=10s,22.2917,True,True,23.333333333333332,True,23.791666666666668,True,24.25,True,22.166666666666668,True,20.875,False,20.041666666666668,False,22.666666666666668,True,21.291666666666668,False,22.416666666666668,True,1.0,20,15,1.0417,111,42,4,23.2917,24.2917,25.2917,27.2917,True,True,True,True,21.2917,20.2917,19.2917,17.2917,False,False,False,False
val_tune,4671452046,12,CW,"[[32.0, 38.4]]",6.4,5-10s,23.023,True,False,23.1231,False,24.024,False,24.6246,False,22.4224,False,22.022,False,21.021,False,23.957266666666666,False,22.655966666666668,False,23.1231,False,0.35,20,36,0.1001,175,72,4,24.023,25.023,26.023,28.023,False,False,False,False,22.023,21.023,20.023,18.023,False,False,False,False
val_tune,6762389913,1,CW,"[[29.9, 38.7]]",8.8,5-10s,20.0534,True,False,20.4204,False,21.054366666666667,False,21.554866666666666,False,19.6196,False,19.052366666666668,False,18.651966666666667,False,21.955266666666667,False,19.152466666666665,False,20.2202,False,0.35,20,47,0.367,183,82,4,21.0534,22.0534,23.0534,25.0534,False,False,False,False,19.0534,18.0534,17.0534,15.0534,False,False,False,False
val_tune,4765717907,2,TN,"[[5.3, 10.3]]",5.0,5-10s,2.002,True,False,2.5025,False,3.003,False,3.4367666666666667,False,1.001,False,,,,,2.6359666666666666,False,0.9342666666666667,False,2.3023,False,0.15,20,61,0.5005,159,63,4,3.002,4.002,5.002,7.002,False,False,False,True,1.002,0.002,0.0,0.0,False,False,False,False
val_tune,2782658657,7,TC,"[[16.3, 22.1]]",5.8,5-10s,18.3183,True,True,18.4184,True,19.019,True,19.5195,True,18.018,True,17.017,True,16.016,False,21.388033333333333,True,16.1161,False,18.4184,True,0.6,20,12,0.1001,106,41,4,19.3183,20.3183,21.3183,23.3183,True,True,True,False,17.3183,16.3183,15.3183,13.3183,True,True,False,False
val_tune,9408800471,7,CW,"[[2.6, 6.0], [7.5, 11.8], [24.5, 27.4]]",10.6,>=10s,1.7017,True,False,2.2689356022689355,False,3.53687020353687,True,4.270937604270937,True,1.0677344010677343,False,,,,,2.235568902235569,False,0.6339673006339673,False,1.768435101768435,False,0.2,20,41,0.5672,124,43,4,2.7017,3.7017,4.7017,6.7017,True,True,True,False,0.7017,0.0,0.0,0.0,False,False,False,False
val_tune,4123915842,3,TN,"[[3.8, 7.9]]",4.1,2-5s,8.008,True,False,9.009,False,9.6096,False,10.01,False,7.007,True,6.5065,True,6.006,True,8.942266666666667,False,6.940266666666667,True,8.1081,False,0.0,20,25,1.001,100,39,4,9.008,10.008,11.008,13.008,False,False,False,False,7.008,6.008,5.008,3.008,True,True,True,False
val_tune,2793806282,4,CH,"[[23.5, 25.7], [48.3, 54.6]]",8.5,5-10s,64.03,True,False,,,,,,,63.997,False,63.63,False,63.063,False,64.23154701718909,False,59.86046511627907,False,64.197,False,0.0,20,0,,259,85,4,64.0,64.0,64.0,64.0,False,False,False,False,63.03,62.03,61.03,59.03,False,False,False,False
val_tune,3804148568,4,CW,"[[0.0, 63.9]]",63.9,>=10s,33.8672,True,True,34.034,True,34.5345,True,35.035,True,33.033,True,32.032,True,31.49813333333333,True,34.501133333333335,True,31.3313,True,34.034,True,0.6,20,95,0.1668,360,151,4,34.8672,35.8672,36.8672,38.8672,True,True,True,True,32.8672,31.8672,30.8672,28.8672,True,True,True,True
val_tune,3445431963,3,CW,"[[6.4, 8.7]]",2.3,2-5s,33.325,True,False,33.70033333333333,False,34.32595833333333,False,34.95158333333333,False,32.94958333333334,False,32.449083333333334,False,31.19783333333333,False,33.5335,False,31.114416666666664,False,33.45008333333333,False,0.0,20,28,0.3754,171,70,4,34.325,35.325,36.325,38.325,False,False,False,False,32.325,31.325,30.325,28.325,False,False,False,False
val_tune,10030609934,10,CH,"[[0.3, 4.0], [13.6, 19.2], [43.1, 49.4]]",15.6,>=10s,35.2352,True,False,36.03603603603604,False,37.23723723723724,False,38.03803803803804,False,35.03503503503504,False,33.90056723390057,False,32.032032032032035,False,35.60226893560227,False,32.0653987320654,False,35.30196863530197,False,0.3,20,24,0.8008,198,65,4,36.2352,37.2352,38.2352,40.2352,False,False,False,False,34.2352,33.2352,32.2352,30.2352,False,False,False,False
val_tune,8241491518,9,CH,"[[22.2, 24.6]]",2.4,2-5s,26.3263,True,False,26.960266666666666,False,27.460766666666668,False,27.89453333333333,False,25.959266666666668,False,25.058366666666668,False,24.5245,True,27.160466666666668,False,22.922900000000002,True,26.659966666666666,False,0.0,20,6,0.634,124,55,4,27.3263,28.3263,29.3263,30.0,False,False,False,False,25.3263,24.3263,23.3263,21.3263,False,True,True,False
val_tune,3376544720,1,CW,"[[23.9, 33.6]]",9.7,5-10s,42.1254,True,False,42.5425,False,43.79375,False,44.29425,False,42.00029166666667,False,41.29125,False,40.70733333333333,False,43.83545833333333,False,40.540499999999994,False,42.5425,False,0.0,20,61,0.4171,288,115,4,43.1254,44.1254,45.1254,47.1254,False,False,False,False,41.1254,40.1254,39.1254,37.1254,False,False,False,False
val_tune,4671452046,2,CW,"[[10.4, 13.8]]",3.4,2-5s,11.011,True,True,11.5115,True,12.012,True,13.013,True,10.01,False,9.009,False,8.5085,False,11.277933333333333,True,9.442766666666667,False,11.3113,True,0.05,20,54,0.5005,175,72,4,12.011,13.011,14.011,16.011,True,True,False,False,10.011,9.011,8.011,6.011,False,False,False,False
val_tune,2793260225,0,TC,"[[0.0, 10.4]]",10.4,>=10s,11.011,True,False,11.845,False,12.512,False,13.013,False,10.643,False,10.01,True,9.442,True,11.578361981799798,False,10.377148634984833,True,11.778,False,0.0,20,10,0.834,77,32,4,12.011,13.011,14.011,16.011,False,False,False,False,10.011,9.011,8.011,6.011,True,True,True,True
val_tune,12682618843,2,TN,"[[1.6, 13.8]]",12.2,>=10s,7.5742,True,True,7.6076,True,9.075733333333334,True,9.6096,True,6.8735333333333335,True,5.538866666666666,True,4.738066666666667,True,8.308300000000001,True,6.940266666666667,True,7.6076,True,0.1,20,61,0.0334,172,70,4,8.5742,9.5742,10.5742,12.5742,True,True,True,True,6.5742,5.5742,4.5742,2.5742,True,True,True,True
val_tune,3026084730,12,CH,"[[69.1, 72.1]]",3.0,2-5s,13.6136,True,False,14.014,False,14.6146,False,15.015,False,13.013,False,12.379033333333334,False,12.012,False,13.646966666666668,False,12.078733333333334,False,14.014,False,0.05,20,98,0.4004,295,122,4,14.6136,15.6136,16.6136,18.6136,False,False,False,False,12.6136,11.6136,10.6136,8.6136,False,False,False,False
val_tune,6762389913,7,TC,"[[35.1, 38.0]]",2.9,2-5s,28.3617,True,False,28.661966666666668,False,29.062366666666666,False,29.69633333333333,False,28.061366666666668,False,27.460766666666668,False,27.060366666666667,False,29.195833333333333,False,27.961266666666667,False,28.561866666666667,False,0.15,20,31,0.3003,183,82,4,29.3617,30.3617,31.3617,33.3617,False,False,False,False,27.3617,26.3617,25.3617,23.3617,False,False,False,False
val_tune,2821788355,6,TN,"[[2.2, 7.0], [14.4, 20.8]]",11.2,>=10s,13.7804,True,False,14.014,False,15.015,True,15.5155,True,13.013,False,12.379033333333334,False,12.012,False,14.781433333333334,True,13.046366666666668,False,14.014,False,0.5,20,17,0.2336,103,37,4,14.7804,15.7804,16.7804,18.7804,True,True,True,True,12.7804,11.7804,10.7804,8.7804,False,False,False,False
val_tune,2977504625,7,TN,"[[3.5, 6.2]]",2.7,2-5s,14.5417,True,False,15.0,False,15.5,False,,,13.75,False,13.25,False,12.5,False,14.583333333333334,False,13.541666666666666,False,14.75,False,0.0,20,2,0.4583,52,21,4,15.5417,16.0,16.0,16.0,False,False,False,False,13.5417,12.5417,11.5417,9.5417,False,False,False,False
val_tune,4219909195,6,CW,"[[0.3, 11.8]]",11.5,>=10s,13.6803,True,False,14.014,False,14.4144,False,15.015,False,13.013,False,12.012,False,11.4114,True,14.547866666666668,False,13.446766666666667,False,14.014,False,0.0,20,33,0.3337,136,53,4,14.6803,15.6803,16.6803,18.6803,False,False,False,False,12.6803,11.6803,10.6803,8.6803,False,True,True,True
val_tune,5429688959,1,CW,"[[0.4, 45.0], [54.9, 82.8]]",72.5,>=10s,57.4908,True,True,58.091366666666666,True,58.59186666666667,True,59.09236666666666,True,57.09036666666667,True,56.08936666666666,True,55.58886666666667,True,57.791066666666666,True,56.92353333333333,True,57.791066666666666,True,1.0,20,44,0.6006,333,143,4,58.4908,59.4908,60.4908,62.4908,True,True,True,True,56.4908,55.4908,54.4908,52.4908,True,True,False,False
val_tune,8024853715,2,CW,"[[2.0, 14.1]]",12.1,>=10s,16.0577,True,False,16.307958333333332,False,16.933583333333335,False,17.559208333333334,False,15.807458333333333,False,15.056708333333333,False,13.805458333333334,True,16.80845833333333,False,15.849166666666665,False,16.182833333333335,False,0.0,20,6,0.2502,66,23,4,17.0577,18.0577,19.0577,20.0,False,False,False,False,15.0577,14.0577,13.0577,11.0577,False,True,True,True
val_tune,9088819598,2,CH,"[[0.1, 8.9]]",8.8,5-10s,1.5015,True,True,2.1688355021688355,True,2.9029029029029028,True,3.5035035035035036,True,0.9009009009009009,True,,,,,2.4357691024357693,True,1.0677344010677345,True,2.1021021021021022,True,0.45,20,26,0.6673,70,28,4,2.5015,3.5015,4.5015,6.5015,True,True,True,True,0.5015,0.0,0.0,0.0,True,False,False,False
val_tune,6037747123,2,CW,"[[19.6, 28.4]]",8.8,5-10s,30.0634,True,False,30.563866666666666,False,,,,,29.062366666666666,False,28.561866666666667,False,28.061366666666668,True,30.663966666666667,False,29.796433333333333,False,30.263566666666666,False,0.0,20,1,0.5005,123,52,4,31.0,31.0,31.0,31.0,False,False,False,False,29.0634,28.0634,27.0634,25.0634,False,True,True,True
val_tune,8211075660,3,CW,"[[45.1, 48.9]]",3.8,2-5s,50.5839,True,False,51.08436666666667,False,52.085366666666665,False,53.08636666666666,False,50.08336666666667,False,49.082366666666665,False,48.68196666666667,True,51.08436666666667,False,50.08336666666667,False,50.68396666666667,False,0.0,20,4,0.5005,217,90,4,51.5839,52.5839,53.5839,54.0,False,False,False,False,49.5839,48.5839,47.5839,45.5839,False,True,True,True
val_tune,4264435046,3,TC,"[[8.9, 18.8]]",9.9,5-10s,13.3133,True,True,13.5135,True,14.014,True,15.015,True,13.013,True,12.5125,True,12.012,True,14.381033333333333,True,13.046366666666668,True,13.5135,True,0.95,20,10,0.2002,76,35,4,14.3133,15.3133,16.3133,18.3133,True,True,True,True,12.3133,11.3133,10.3133,8.3133,True,True,True,False
val_tune,4420239986,6,CH,"[[0.6, 20.1]]",19.5,>=10s,7.007,True,True,7.5075,True,8.008,True,8.4084,True,6.6066,True,6.006,True,5.238566666666666,True,7.6409666666666665,True,6.773433333333333,True,7.3073,True,0.85,20,26,0.5005,90,37,4,8.007,9.007,10.007,12.007,True,True,True,True,6.007,5.007,4.007,2.007,True,True,True,True
val_tune,5133787349,3,CH,"[[0.0, 3.1]]",3.1,2-5s,14.2643,True,False,15.015,False,,,,,13.76375,False,12.5125,False,11.886875,False,14.931583333333332,False,13.680333333333332,False,14.889875,False,0.0,20,1,0.7508,50,21,4,15.0,15.0,15.0,15.0,False,False,False,False,13.2643,12.2643,11.2643,9.2643,False,False,False,False
val_tune,4249756405,6,CW,"[[21.1, 27.8]]",6.7,5-10s,5.2135,True,False,6.25625,False,6.881875,False,7.5075,False,5.005,False,4.25425,False,3.75375,False,8.591916666666666,False,0.0,False,5.338666666666667,False,0.4,20,35,1.0427,104,42,4,6.2135,7.2135,8.2135,10.2135,False,False,False,False,4.2135,3.2135,2.2135,0.2135,False,False,False,False
val_tune,4815534482,0,CW,"[[7.1, 8.8]]",1.7,<2s,73.16,True,False,73.2,False,74.4,False,75.6,False,72.0,False,70.8,False,70.28,False,73.76,False,73.12,False,73.2,False,0.0,20,19,0.04,300,119,4,74.16,75.16,76.16,78.16,False,False,False,False,72.16,71.16,70.16,68.16,False,False,False,False
val_tune,2435100235,9,CW,"[[0.0, 3.8], [8.7, 12.6]]",7.7,5-10s,49.5495,True,False,50.01663333333333,False,50.4504,False,51.017633333333336,False,49.015633333333334,False,48.014633333333336,False,47.01363333333333,False,50.5505,False,49.149100000000004,False,49.616233333333334,False,0.0,20,25,0.4671,256,107,4,50.5495,51.5495,52.5495,54.5495,False,False,False,False,48.5495,47.5495,46.5495,44.5495,False,False,False,False
val_tune,2930782930,9,CW,"[[0.2, 4.5]]",4.3,2-5s,23.023,True,False,24.024,False,25.025,False,26.026,False,22.5225,False,22.022,False,21.6216,False,23.957266666666666,False,22.956266666666668,False,23.7237,False,0.0,20,13,1.001,126,53,4,24.023,25.023,26.023,28.023,False,False,False,False,22.023,21.023,20.023,18.023,False,False,False,False
val_tune,3861485381,3,TC,"[[58.8, 68.2]]",9.4,5-10s,10.01,True,False,11.011,False,12.012,False,12.445766666666668,False,9.6096,False,9.009,False,8.641966666666667,False,14.481133333333334,False,8.041366666666667,False,10.1101,False,0.15,20,124,1.001,359,143,4,11.01,12.01,13.01,15.01,False,False,False,False,9.01,8.01,7.01,5.01,False,False,False,False
val_tune,4925211209,3,CW,"[[0.0, 6.2], [28.3, 31.7]]",9.6,5-10s,27.5,True,False,28.0,False,28.75,True,29.375,True,27.041666666666668,False,26.25,False,25.708333333333332,False,27.541666666666668,False,26.875,False,28.0,False,0.7,20,5,0.5,103,42,4,28.5,29.5,30.5,32.0,True,True,True,False,26.5,25.5,24.5,22.5,False,False,False,False
val_tune,3974684583,5,CW,"[[0.0, 8.7]]",8.7,5-10s,7.4074,True,True,8.008,True,9.009,False,10.01,False,7.007,True,6.006,True,5.6056,True,8.942266666666667,False,4.671333333333333,True,8.008,True,0.0,20,30,0.6006,99,42,4,8.4074,9.4074,10.4074,12.4074,True,False,False,False,6.4074,5.4074,4.4074,2.4074,True,True,True,True
val_tune,3340340268,1,CW,"[[0.3, 15.7]]",15.4,>=10s,20.9209,True,False,21.3213,False,22.022,False,22.5225,False,20.5205,False,20.02,False,19.652966666666668,False,23.089733333333335,False,20.587233333333334,False,20.987633333333335,False,0.0,20,33,0.4004,172,67,4,21.9209,22.9209,23.9209,25.9209,False,False,False,False,19.9209,18.9209,17.9209,15.9209,False,False,False,False
val_tune,3233088823,8,CH,"[[2.4, 5.2], [7.1, 9.3], [11.7, 15]]",8.3,5-10s,15.015,True,False,,,,,,,14.014,True,13.5135,True,13.013,True,15.348666666666666,False,12.946266666666666,True,15.2152,False,0.0,20,0,,63,26,4,15.0,15.0,15.0,15.0,True,True,True,True,14.015,13.015,12.015,10.015,True,True,True,False
val_tune,12682618843,5,TC,"[[2.5, 7.8], [24.0, 26.4]]",7.7,5-10s,18.8522,True,False,19.1191,False,19.6196,False,20.587233333333334,False,17.6176,False,16.583233333333332,False,16.016,False,19.886533333333333,False,18.2182,False,18.985633333333332,False,0.1,20,47,0.2669,172,70,4,19.8522,20.8522,21.8522,23.8522,False,False,False,False,17.8522,16.8522,15.8522,13.8522,False,False,False,False
val_tune,7442562474,1,CH,"[[2.3, 5.1], [8.5, 20.0]]",14.3,>=10s,17.5509,True,True,18.051366666666667,True,19.052366666666668,True,19.452766666666665,True,17.050366666666665,True,16.649966666666668,True,16.049366666666668,True,18.385033333333332,True,16.950266666666668,True,17.751066666666667,True,1.0,20,4,0.5005,80,34,4,18.5509,19.5509,20.0,20.0,True,True,True,True,16.5509,15.5509,14.5509,12.5509,True,True,True,True
val_tune,4603484665,2,CW,"[[26.8, 29.1]]",2.3,2-5s,27.4441,True,True,27.5275,True,27.986291666666666,True,28.77875,True,27.068708333333333,True,26.27625,False,25.025,False,31.69833333333333,False,23.273249999999997,False,27.5275,True,0.2,20,23,0.0834,140,62,4,28.4441,29.4441,30.4441,32.4441,True,False,False,False,26.4441,25.4441,24.4441,22.4441,False,False,False,False
val_tune,3261079025,1,CH,"[[0.1, 6.9]]",6.8,5-10s,4.004,True,True,4.5045,True,5.005,True,6.006,True,3.5035,True,3.003,True,2.002,True,10.9109,False,1.9352666666666667,True,4.5045,True,0.2,20,23,0.5005,75,29,4,5.004,6.004,7.004,9.004,True,True,False,False,3.004,2.004,1.004,0.0,True,True,True,False
val_tune,6727904179,1,CW,"[[4.9, 6.3]]",1.4,<2s,15.4154,True,False,16.049366666666668,False,17.050366666666665,False,17.550866666666668,False,15.048366666666666,False,14.547866666666666,False,14.047366666666667,False,16.082733333333334,False,13.146466666666667,False,15.8158,False,0.0,20,28,0.634,130,53,4,16.4154,17.4154,18.4154,20.4154,False,False,False,False,14.4154,13.4154,12.4154,10.4154,False,False,False,False
val_tune,6898821807,0,CW,"[[0.0, 4.3]]",4.3,2-5s,0.9009,True,True,1.3013,True,1.6683333333333332,True,2.0353666666666665,True,0.13346666666666668,True,,,,,1.8018,True,0.0,True,1.0343666666666667,True,0.2,20,31,0.4004,79,33,4,1.9009,2.9009,3.9009,5.9009,True,True,True,False,0.0,0.0,0.0,0.0,True,True,True,True
val_tune,5498331490,2,CW,"[[18.6, 45.9]]",27.3,>=10s,34.5417,True,True,35.041666666666664,True,36.291666666666664,True,36.791666666666664,True,34.416666666666664,True,33.791666666666664,True,32.541666666666664,True,35.416666666666664,True,33.666666666666664,True,34.791666666666664,True,0.15,20,69,0.5,288,112,4,35.5417,36.5417,37.5417,39.5417,True,True,True,True,33.5417,32.5417,31.5417,29.5417,True,True,True,True
val_tune,3429509208,0,CW,"[[0.1, 9.6]]",9.5,5-10s,8.008,True,True,8.75875,True,9.300958333333334,True,10.01,False,7.5075,True,7.007,True,6.25625,True,10.76075,False,2.5859166666666664,True,8.25825,True,0.15,20,10,0.7508,51,22,4,9.008,10.008,11.008,13.008,True,False,False,False,7.008,6.008,5.008,3.008,True,True,True,True
val_tune,5879651428,2,CW,"[[73.4, 74.8]]",1.4,<2s,67.1004,True,False,68.10136666666666,False,69.10236666666667,False,70.10336666666667,False,66.09936666666667,False,65.09836666666666,False,64.09736666666667,False,68.10136666666666,False,66.63323333333334,False,67.50076666666666,False,0.05,20,28,1.001,360,109,4,68.1004,69.1004,70.1004,72.1004,False,False,False,False,66.1004,65.1004,64.1004,62.1004,False,False,False,False
val_tune,5913180144,7,CH,"[[16.8, 20.8]]",4.0,2-5s,13.9806,True,False,14.047366666666667,False,14.447766666666666,False,15.048366666666666,False,13.046366666666666,False,12.579233333333333,False,12.045366666666666,False,14.8148,False,13.046366666666668,False,14.047366666666667,False,0.1,20,38,0.0667,159,62,4,14.9806,15.9806,16.9806,18.9806,False,False,True,True,12.9806,11.9806,10.9806,8.9806,False,False,False,False
val_tune,4419096437,9,TN,"[[40.4, 49.8]]",9.4,5-10s,6.006,True,False,7.007,False,8.008,False,9.009,False,5.005,False,4.004,False,3.003,False,6.2729333333333335,False,4.037366666666666,False,6.7067,False,0.1,20,74,1.001,212,83,4,7.006,8.006,9.006,11.006,False,False,False,False,5.006,4.006,3.006,1.006,False,False,False,False
val_tune,2712662377,3,TN,"[[24.4, 27.3]]",2.9,2-5s,27.4274,True,False,28.028,False,28.561866666666667,False,29.029,False,27.027,True,26.559866666666668,True,26.026,True,28.461766666666666,False,25.058366666666668,True,27.59423333333333,False,0.0,20,12,0.6006,140,58,4,28.4274,29.4274,30.4274,32.4274,False,False,False,False,26.4274,25.4274,24.4274,22.4274,True,True,True,False
val_tune,4189100053,1,CW,"[[4.2, 7.7]]",3.5,2-5s,0.7341,True,False,1.001,False,1.3680333333333334,False,2.002,False,,,,,,,1.9352666666666667,False,0.3670333333333333,False,0.8008,False,0.0,20,50,0.2669,118,50,4,1.7341,2.7341,3.7341,5.7341,False,False,False,True,0.0,0.0,0.0,0.0,False,False,False,False
val_tune,6329954198,3,CW,"[[0.9, 2.3], [14.5, 16.5]]",3.4,2-5s,1.9353,True,True,2.0353666666666665,True,2.435766666666667,False,3.036366666666667,False,1.5348666666666666,True,1.0343666666666667,True,0.33366666666666667,False,2.9362666666666666,False,0.0,False,2.0353666666666665,True,0.1,20,37,0.1001,94,40,4,2.9353,3.9353,4.9353,6.9353,False,False,False,False,0.9353,0.0,0.0,0.0,True,False,False,False
val_tune,6031805098,6,CW,"[[42.2, 45.7]]",3.5,2-5s,37.037,True,False,37.5375,False,37.9379,False,38.5385,False,36.5365,False,35.5355,False,35.035,False,37.77106666666667,False,34.10073333333333,False,37.5375,False,0.35,20,15,0.5005,185,75,4,38.037,39.037,40.037,42.037,False,False,False,False,36.037,35.037,34.037,32.037,False,False,False,False
val_tune,7364407194,3,TP,"[[9.2, 9.9]]",0.7,<2s,12.5417,True,False,,,,,,,12.041666666666666,False,11.291666666666666,False,10.041666666666666,False,12.583333333333334,False,11.875,False,12.666666666666666,False,0.0,20,0,,43,18,4,13.0,13.0,13.0,13.0,False,False,False,False,11.5417,10.5417,9.5417,7.5417,False,False,True,False
val_tune,3376544720,4,CW,"[[14.2, 17.3]]",3.1,2-5s,89.089,True,False,89.50608333333334,False,,,,,88.83875,False,87.5875,False,86.33625,False,89.13070833333333,False,87.29554166666667,False,89.50608333333334,False,0.0,20,1,0.4171,288,115,4,90.0,90.0,90.0,90.0,False,False,False,False,88.089,87.089,86.089,84.089,False,False,False,False
val_tune,3508459605,9,TN,"[[20.1, 26.0]]",5.9,5-10s,26.9269,True,False,27.027,False,28.028,False,28.461766666666666,False,26.6266,False,26.026,False,25.025,True,27.060366666666667,False,25.458766666666666,True,27.027,False,0.0,20,103,0.1001,348,152,4,27.9269,28.9269,29.9269,31.9269,False,False,False,False,25.9269,24.9269,23.9269,21.9269,True,True,True,True
val_tune,3508459605,10,CH,"[[41.3, 46.0], [50.5, 53.9]]",8.1,5-10s,43.9105,True,True,44.044,True,44.67796666666667,True,45.045,True,43.57686666666667,True,43.043,True,42.57586666666667,True,44.7447,True,43.30993333333333,True,44.044,True,0.1,20,75,0.1335,348,152,4,44.9105,45.9105,46.9105,48.9105,True,True,False,False,42.9105,41.9105,40.9105,38.9105,True,True,False,False
val_tune,6516459343,7,TN,"[[36.5, 40.9]]",4.4,2-5s,34.9349,True,False,35.16846666666667,False,35.5355,False,36.169466666666665,False,34.16746666666667,False,33.166466666666665,False,32.699333333333335,False,37.57086666666667,True,34.16746666666667,False,35.035,False,0.05,20,93,0.2336,362,154,4,35.9349,36.9349,37.9349,39.9349,False,True,True,True,33.9349,32.9349,31.9349,29.9349,False,False,False,False
val_tune,3429509208,11,CW,"[[13.2, 15.6]]",2.4,2-5s,4.8799,True,False,5.005,False,6.25625,False,7.007,False,3.75375,False,3.25325,False,2.5025,False,10.76075,False,2.5859166666666664,False,4.963291666666667,False,0.35,20,15,0.1251,51,22,4,5.8799,6.8799,7.8799,9.8799,False,False,False,False,3.8799,2.8799,1.8799,0.0,False,False,False,False
val_tune,8132842161,5,CW,"[[26.9, 28.5]]",1.6,<2s,27.5609,True,True,28.061366666666668,True,28.461766666666666,True,29.062366666666666,False,27.060366666666667,True,26.059366666666666,False,25.058366666666668,False,28.962266666666668,False,26.659966666666666,False,27.761066666666668,True,0.25,20,15,0.5005,148,60,4,28.5609,29.5609,30.5609,32.5609,False,False,False,False,26.5609,25.5609,24.5609,22.5609,False,False,False,False
val_tune,6898821807,3,CW,"[[8.8, 12.4]]",3.6,2-5s,0.9009,True,False,1.3013,False,1.6683333333333332,False,2.0353666666666665,False,0.13346666666666668,False,,,,,1.8018,False,0.0,False,1.0343666666666667,False,0.25,20,31,0.4004,79,33,4,1.9009,2.9009,3.9009,5.9009,False,False,False,False,0.0,0.0,0.0,0.0,False,False,False,False
val_tune,5504913999,8,CH,"[[7.8, 31.3], [39.1, 46.5]]",30.9,>=10s,26.5599,True,True,26.659966666666666,True,27.060366666666667,True,27.560866666666666,True,26.059366666666666,True,25.458766666666666,True,25.058366666666668,True,26.960266666666666,True,25.959266666666668,True,26.659966666666666,True,0.45,20,39,0.1001,199,71,4,27.5599,28.5599,29.5599,31.5599,True,True,True,False,25.5599,24.5599,23.5599,21.5599,True,True,True,True
val_tune,2932897373,1,CW,"[[4.7, 12.1]]",7.4,5-10s,9.142,True,True,9.809,True,10.477,True,11.011,True,9.009,True,8.441,True,8.008,True,9.843276036400404,True,8.408493427704753,True,9.542,True,0.2,20,17,0.667,77,30,4,10.142,11.142,12.142,14.142,True,True,False,False,8.142,7.142,6.142,4.142,True,True,True,False
val_tune,8064178441,3,CW,"[[26.7, 35.5], [55.6, 58.7], [65.8, 67.7]]",13.8,>=10s,50.0834,True,False,50.583866666666665,False,51.08436666666667,False,51.58486666666667,False,49.58286666666667,False,49.082366666666665,False,48.481766666666665,False,51.08436666666667,False,48.21483333333333,False,50.583866666666665,False,0.1,20,34,0.5005,298,105,4,51.0834,52.0834,53.0834,55.0834,False,False,False,False,49.0834,48.0834,47.0834,45.0834,False,False,False,False
val_tune,8783897632,0,TN,"[[15.6, 23.5]]",7.9,5-10s,10.01,True,False,10.043366666666667,False,10.7107,False,11.1111,False,9.4094,False,8.041366666666667,False,7.6409666666666665,False,11.444766666666666,False,8.742066666666666,False,10.043366666666667,False,0.35,20,36,0.0334,117,51,4,11.01,12.01,13.01,15.01,False,False,False,False,9.01,8.01,7.01,5.01,False,False,False,False
val_tune,3508459605,2,CW,"[[41.3, 46.2]]",4.9,2-5s,51.685,True,False,52.052,False,52.6526,False,53.053,False,51.051,False,50.6506,False,50.05,False,52.085366666666665,False,51.484766666666665,False,51.785066666666665,False,0.0,20,62,0.367,348,152,4,52.685,53.685,54.685,56.685,False,False,False,False,50.685,49.685,48.685,46.685,False,False,False,False
val_tune,2973331780,2,CW,"[[2.0, 6.2]]",4.2,2-5s,3.003,True,True,4.004,True,4.4044,True,5.005,True,2.002,True,1.001,False,0.1001,False,3.5702333333333334,True,2.9362666666666666,True,3.2032,True,0.1,20,48,1.001,136,52,4,4.003,5.003,6.003,8.003,True,True,True,False,2.003,1.003,0.003,0.0,True,False,False,False
val_tune,7088595057,3,CW,"[[18.6, 32.0]]",13.4,>=10s,1.9353,True,False,2.0353666666666665,False,2.435766666666667,False,3.036366666666667,False,1.5348666666666666,False,1.0343666666666667,False,0.33366666666666667,False,2.9362666666666666,False,0.9342666666666667,False,2.0353666666666665,False,0.35,20,57,0.1001,142,60,4,2.9353,3.9353,4.9353,6.9353,False,False,False,False,0.9353,0.0,0.0,0.0,False,False,False,False
val_tune,8318310610,6,TN,"[[1.5, 4.0]]",2.5,2-5s,19.0524,True,False,19.452766666666665,False,20.053366666666665,False,20.453766666666667,False,18.651966666666667,False,18.051366666666667,False,17.050366666666665,False,20.553866666666668,False,18.251566666666665,False,19.252566666666667,False,0.0,20,5,0.4004,90,33,4,20.0524,21.0524,22.0,22.0,False,False,False,False,18.0524,17.0524,16.0524,14.0524,False,False,False,False
val_tune,6244675392,4,CW,"[[45.9, 48.1]]",2.2,2-5s,28.4667,True,False,29.066666666666666,False,30.066666666666666,False,31.333333333333332,False,28.066666666666666,False,26.066666666666666,False,25.066666666666666,False,30.333333333333332,False,27.266666666666666,False,29.066666666666666,False,0.05,20,29,0.6,120,54,4,29.4667,30.4667,31.4667,33.4667,False,False,False,False,27.4667,26.4667,25.4667,23.4667,False,False,False,False
val_tune,3121571439,10,TN,"[[36.6, 40]]",3.4,2-5s,32.3323,True,False,33.033,False,34.034,False,34.4344,False,32.032,False,31.5315,False,31.031,False,32.399033333333335,False,31.564866666666667,False,32.7327,False,0.5,20,13,0.7007,163,65,4,33.3323,34.3323,35.3323,37.3323,False,False,False,True,31.3323,30.3323,29.3323,27.3323,False,False,False,False
val_tune,2596300565,6,TN,"[[34.7, 39.9]]",5.2,5-10s,45.679,True,False,46.046,False,47.047,False,47.647,False,45.045,False,44.31,False,43.61,False,46.81395348837209,False,45.54600606673407,False,45.879,False,0.0,20,56,0.367,325,130,4,46.679,47.679,48.679,50.679,False,False,False,False,44.679,43.679,42.679,40.679,False,False,False,False
val_tune,3960291106,1,CW,"[[17.2, 19.7]]",2.5,2-5s,39.4394,True,False,40.04,False,40.4404,False,41.041,False,39.039,False,38.271566666666665,False,37.8378,False,39.906533333333336,False,38.97226666666667,False,39.6396,False,0.0,20,15,0.6006,191,89,4,40.4394,41.4394,42.4394,44.4394,False,False,False,False,38.4394,37.4394,36.4394,34.4394,False,False,False,False
val_tune,14003541505,10,TC,"[[9.2, 11.5]]",2.3,2-5s,11.3907,True,True,12.058,False,12.5585,False,13.476083333333333,False,10.056,True,8.637916666666667,False,8.054,False,11.469791666666666,True,10.301958333333333,True,11.474083333333333,True,0.1,20,12,0.6673,64,25,4,12.3907,13.3907,14.3907,16.3907,False,False,False,False,10.3907,9.3907,8.3907,6.3907,True,True,False,False
val_tune,5297811305,6,TN,"[[18.1, 21.8]]",3.7,2-5s,23.2232,True,False,23.6236,False,,,,,23.023,False,22.022,False,21.021,True,24.024,False,19.953266666666668,True,23.3233,False,0.0,20,1,0.4004,96,38,4,24.0,24.0,24.0,24.0,False,False,False,False,22.2232,21.2232,20.2232,18.2232,False,True,True,True
val_tune,8253302563,5,TN,"[[3.7, 7.0]]",3.3,2-5s,3.375,True,False,3.7916666666666665,True,4.291666666666667,True,5.041666666666667,True,3.0416666666666665,False,2.5416666666666665,False,2.0416666666666665,False,5.625,True,1.5,False,3.7916666666666665,True,0.1,20,56,0.4167,142,61,4,4.375,5.375,6.375,8.375,True,True,True,False,2.375,1.375,0.375,0.0,False,False,False,False
val_tune,6621511673,8,CH,"[[18.2, 90.0]]",71.8,>=10s,30.4304,True,True,31.06436666666667,True,31.698333333333334,True,32.06536666666667,True,30.063366666666667,True,29.6296,True,29.062366666666666,True,30.964266666666667,True,28.361666666666668,True,30.7307,True,1.0,20,91,0.634,360,138,4,31.4304,32.4304,33.4304,35.4304,True,True,True,True,29.4304,28.4304,27.4304,25.4304,True,True,True,True
val_tune,3846475848,7,TN,"[[24.7, 71]]",46.3,>=10s,9.2092,True,False,10.01,False,10.6106,False,11.011,False,9.009,False,8.008,False,7.5075,False,9.542866666666667,False,8.074733333333333,False,9.3093,False,0.95,20,101,0.8008,287,116,4,10.2092,11.2092,12.2092,14.2092,False,False,False,False,8.2092,7.2092,6.2092,4.2092,False,False,False,False
val_tune,4276006683,4,TN,"[[0.7, 4.3]]",3.6,2-5s,5.3053,True,False,5.472133333333334,False,6.006,False,7.007,False,5.005,False,4.371033333333333,False,4.004,True,6.639966666666667,False,4.4044,False,5.472133333333334,False,0.0,20,33,0.1668,107,42,4,6.3053,7.3053,8.3053,10.3053,False,False,False,False,4.3053,3.3053,2.3053,0.3053,False,True,True,False
val_tune,13919236672,0,CW,"[[0.0, 6.6]]",6.6,5-10s,4.9175,True,True,5.418001334668001,True,6.051968635301969,True,6.419002335669003,True,4.049966633299967,True,3.5828328328328327,True,2.0479646312979645,True,5.105105105105105,True,4.571237904571238,True,5.418001334668001,True,0.0,20,179,0.5005,467,186,4,5.9175,6.9175,7.9175,9.9175,True,False,False,False,3.9175,2.9175,1.9175,0.0,True,True,True,True
val_tune,6233408665,6,CW,"[[31.6, 33.8]]",2.2,2-5s,23.9573,True,False,24.057366666666667,False,25.058366666666668,False,25.458766666666666,False,23.556866666666668,False,23.056366666666666,False,22.455766666666666,False,24.958266666666667,False,22.956266666666668,False,24.057366666666667,False,0.1,20,89,0.1001,300,131,4,24.9573,25.9573,26.9573,28.9573,False,False,False,False,22.9573,21.9573,20.9573,18.9573,False,False,False,False
val_tune,5766018720,7,CW,"[[1.6, 13.2]]",11.6,>=10s,24.0574,True,False,25.058366666666668,False,25.692333333333334,False,26.059366666666666,False,23.556866666666668,False,23.056366666666666,False,22.589233333333333,False,26.159466666666667,False,23.690333333333335,False,24.257566666666666,False,0.0,20,60,1.001,244,99,4,25.0574,26.0574,27.0574,29.0574,False,False,False,False,23.0574,22.0574,21.0574,19.0574,False,False,False,False
val_tune,9408800471,1,CW,"[[2.0, 6.5]]",4.5,2-5s,31.4314,True,False,31.564898231564896,False,32.932932932932935,False,33.5669002335669,False,31.164497831164496,False,30.764097430764096,False,29.562896229562895,False,31.53153153153153,False,30.53053053053053,False,31.564898231564896,False,0.0,20,4,0.1335,124,43,4,32.4314,33.4314,34.4314,35.0,False,False,False,False,30.4314,29.4314,28.4314,26.4314,False,False,False,False
val_tune,3218498932,0,TC,"[[2.7, 29.8]]",27.1,>=10s,14.2476,True,True,15.015,True,15.6156,True,16.016,True,14.014,True,13.380033333333333,True,13.013,True,14.581233333333333,True,10.243566666666666,True,14.347666666666667,True,1.0,20,27,0.7674,120,50,4,15.2476,16.2476,17.2476,19.2476,True,True,True,True,13.2476,12.2476,11.2476,9.2476,True,True,True,True
val_tune,3345608051,9,CW,"[[38.0, 50.5]]",12.5,>=10s,22.48,True,False,22.8,False,24.0,False,25.2,False,21.6,False,20.4,False,19.2,False,23.36,False,22.4,False,22.68,False,0.15,20,84,0.32,300,111,4,23.48,24.48,25.48,27.48,False,False,False,False,21.48,20.48,19.48,17.48,False,False,False,False
val_tune,6356067859,5,TN,"[[13.2, 15.8]]",2.6,2-5s,34.0674,True,False,35.06836666666667,False,35.66896666666667,False,,,33.06636666666667,False,32.06536666666667,False,31.66496666666667,False,35.702333333333335,False,33.06636666666667,False,34.26756666666667,False,0.0,20,2,1.001,143,54,4,35.0674,36.0,36.0,36.0,False,False,False,False,33.0674,32.0674,31.0674,29.0674,False,False,False,False
val_tune,6239210933,6,TN,"[[16.3, 20.3]]",4.0,2-5s,7.0404,True,False,7.6409666666666665,False,8.041366666666667,False,8.541866666666667,False,6.539866666666667,False,6.039366666666667,False,5.438766666666667,False,7.240566666666667,False,6.039366666666667,False,7.6409666666666665,False,0.1,20,47,0.6006,138,60,4,8.0404,9.0404,10.0404,12.0404,False,False,False,False,6.0404,5.0404,4.0404,2.0404,False,False,False,False
val_tune,3263908208,1,CW,"[[0.1, 12]]",11.9,>=10s,10.6667,True,True,11.25,True,12.083333333333334,False,,,10.0,True,9.5,True,8.75,True,11.916666666666666,True,10.041666666666666,True,10.916666666666666,True,0.75,20,2,0.5833,40,17,4,11.6667,12.0,12.0,12.0,True,True,True,True,9.6667,8.6667,7.6667,5.6667,True,True,True,True
val_tune,8495272210,10,CW,"[[13.0, 21]]",8.0,5-10s,11.7451,True,False,12.045366666666666,False,12.645966666666666,False,13.046366666666666,True,11.544866666666667,False,11.044366666666667,False,10.043366666666667,False,16.483133333333335,True,9.943266666666666,False,11.945266666666667,False,0.95,20,16,0.3003,84,35,4,12.7451,13.7451,14.7451,16.7451,False,True,True,True,10.7451,9.7451,8.7451,6.7451,False,False,False,False
val_tune,8627074061,6,TC,"[[58.0, 62.9]]",4.9,2-5s,13.647,True,False,14.047366666666667,False,15.048366666666666,False,16.049366666666668,False,13.046366666666666,False,12.545866666666667,False,12.045366666666666,False,14.047366666666667,False,13.046366666666668,False,13.747066666666667,False,0.1,20,129,0.4004,360,154,4,14.647,15.647,16.647,18.647,False,False,False,False,12.647,11.647,10.647,8.647,False,False,False,False
val_tune,4518113460,8,TN,"[[52.8, 61.9]]",9.1,5-10s,50.05,True,False,51.051,False,52.052,False,53.053,True,49.4494,False,49.049,False,48.5485,False,50.98426666666667,False,49.58286666666667,False,50.2502,False,0.6,20,16,1.001,250,97,4,51.05,52.05,53.05,55.05,False,False,True,True,49.05,48.05,47.05,45.05,False,False,False,False
val_tune,4249756405,3,CW,"[[21.0, 27.8]]",6.8,5-10s,2.3774,True,False,2.5025,False,3.25325,False,3.75375,False,1.25125,False,0.625625,False,,,8.591916666666666,False,0.0,False,2.5025,False,0.15,20,40,0.1251,104,42,4,3.3774,4.3774,5.3774,7.3774,False,False,False,False,1.3774,0.3774,0.0,0.0,False,False,False,False
val_tune,4485498145,2,CW,"[[13.1, 16.3]]",3.2,2-5s,3.2699,True,False,3.4367666666666667,False,4.004,False,5.005,False,3.003,False,2.435766666666667,False,2.002,False,3.5368666666666666,False,0.0,False,3.4367666666666667,False,0.3,20,19,0.1668,67,24,4,4.2699,5.2699,6.2699,8.2699,False,False,False,False,2.2699,1.2699,0.2699,0.0,False,False,False,False
val_tune,3194558043,6,TN,"[[12.0, 23]]",11.0,>=10s,0.1335,True,False,1.001,False,2.002,False,2.469133333333333,False,0.06673333333333334,False,,,,,3.370033333333333,False,0.0,False,0.2002,False,0.6,20,35,0.8675,93,36,4,1.1335,2.1335,3.1335,5.1335,False,False,False,False,0.0,0.0,0.0,0.0,False,False,False,False
val_tune,3821781616,7,TN,"[[0.9, 4.4]]",3.5,2-5s,1.001,True,True,2.002,True,3.003,True,3.6036,True,0.2002,False,,,,,2.435766666666667,True,0.0,False,1.2012,True,0.15,20,36,1.001,100,38,4,2.001,3.001,4.001,6.001,True,True,True,False,0.001,0.0,0.0,0.0,False,False,False,False
val_tune,5504913999,3,TN,"[[40.4, 47.7]]",7.3,5-10s,26.5599,True,False,26.659966666666666,False,27.060366666666667,False,27.560866666666666,False,26.059366666666666,False,25.458766666666666,False,25.058366666666668,False,26.960266666666666,False,25.959266666666668,False,26.659966666666666,False,0.55,20,39,0.1001,199,71,4,27.5599,28.5599,29.5599,31.5599,False,False,False,False,25.5599,24.5599,23.5599,21.5599,False,False,False,False
val_tune,2925298951,3,CW,"[[15.3, 16.6]]",1.3,<2s,5.714,True,False,6.25625,False,7.5075,False,8.299958333333333,False,5.588916666666667,False,5.005,False,4.295958333333333,False,6.172833333333333,False,3.169833333333333,False,6.25625,False,0.25,20,15,0.5422,54,23,4,6.714,7.714,8.714,10.714,False,False,False,False,4.714,3.714,2.714,0.714,False,False,False,False
val_tune,4762946272,9,TN,"[[9.4, 10.7]]",1.3,<2s,12.4124,True,False,13.013,False,14.014,False,14.6146,False,12.012,False,11.5115,False,11.011,False,12.946266666666666,False,11.945266666666667,False,12.5125,False,0.0,20,17,0.6006,87,37,4,13.4124,14.4124,15.4124,17.4124,False,False,False,False,11.4124,10.4124,9.4124,7.4124,False,True,True,False
val_tune,8064178441,4,CW,"[[48.9, 52.2]]",3.3,2-5s,37.4708,True,False,37.57086666666667,False,38.07136666666667,False,38.47176666666667,False,37.070366666666665,False,36.06936666666667,False,35.06836666666667,False,40.073366666666665,False,36.603233333333336,False,37.57086666666667,False,0.05,20,53,0.1001,298,105,4,38.4708,39.4708,40.4708,42.4708,False,False,False,False,36.4708,35.4708,34.4708,32.4708,False,False,False,False
val_tune,11566980553,9,TN,"[[41.5, 47.3]]",5.8,5-10s,56.4565,True,False,56.95695695695696,False,,,,,55.98932265598932,False,55.42208875542209,False,54.95495495495496,False,57.12379045712379,False,56.15615615615616,False,56.95695695695696,False,0.0,20,1,0.5005,228,84,4,57.0,57.0,57.0,57.0,False,False,False,False,55.4565,54.4565,53.4565,51.4565,False,False,False,False
val_tune,7223854838,4,CW,"[[8.4, 9.2]]",0.8,<2s,0.5417,True,False,1.2916666666666667,False,1.7916666666666667,False,2.5416666666666665,False,0.2916666666666667,False,,,,,1.1666666666666667,False,0.0,False,1.2916666666666667,False,0.05,20,22,0.75,56,23,4,1.5417,2.5417,3.5417,5.5417,False,False,False,False,0.0,0.0,0.0,0.0,False,False,False,False
val_tune,5858985747,2,CW,"[[10.1, 11.7]]",1.6,<2s,11.1445,True,True,11.544866666666667,True,,,,,11.044366666666667,True,10.043366666666667,False,9.5095,False,11.177833333333334,True,10.343666666666667,True,11.544866666666667,True,1.0,20,1,0.4004,47,19,4,12.0,12.0,12.0,12.0,False,False,False,False,10.1445,9.1445,8.1445,6.1445,True,False,False,False
val_tune,3846475848,1,CW,"[[18.2, 71]]",52.8,>=10s,37.7043,True,True,38.038,True,39.039,True,39.4394,True,37.504133333333336,True,37.037,True,36.6366,True,38.104733333333336,True,35.46876666666667,True,38.038,True,0.95,20,52,0.3337,287,116,4,38.7043,39.7043,40.7043,42.7043,True,True,True,True,36.7043,35.7043,34.7043,32.7043,True,True,True,True
val_tune,6300775954,7,TC,"[[6.0, 7.7], [10.2, 11.4], [12.6, 15.6], [17.2, 19.5], [22.4, 24.4], [27.1, 30.0], [33.7, 36.9], [41.9, 45.3], [51.3, 55.5]]",23.9,>=10s,56.0894,True,False,57.09036666666667,False,57.69096666666667,False,,,55.58886666666667,False,55.088366666666666,True,54.58786666666666,True,56.523133333333334,False,53.78706666666667,True,56.38966666666666,False,0.0,20,2,1.001,232,94,4,57.0894,58.0,58.0,58.0,False,False,False,False,55.0894,54.0894,53.0894,51.0894,True,True,True,False
val_tune,4336654741,8,TC,"[[84.8, 89.5]]",4.7,2-5s,79.6796,True,False,80.08,False,80.4804,False,81.081,False,79.5795,False,79.079,False,78.078,False,85.45203333333333,True,75.44203333333334,False,80.08,False,0.6,20,18,0.4004,360,141,4,80.6796,81.6796,82.6796,84.6796,False,False,False,False,78.6796,77.6796,76.6796,74.6796,False,False,False,False
val_tune,5406108447,5,TN,"[[11.4, 14.4], [27.8, 31.7], [38.7, 42.4]]",10.6,>=10s,23.9573,True,False,24.057366666666667,False,25.058366666666668,False,26.059366666666666,False,23.056366666666666,False,22.055366666666668,False,21.554866666666666,False,24.457766666666668,False,22.689333333333334,False,24.024,False,0.5,20,27,0.1001,179,64,4,24.9573,25.9573,26.9573,28.9573,False,False,False,True,22.9573,21.9573,20.9573,18.9573,False,False,False,False
val_tune,4889681401,1,TC,"[[8.3, 8.9]]",0.6,<2s,3.4034,True,False,4.004,False,4.6046,False,5.005,False,3.003,False,2.5025,False,2.002,False,10.01,False,0.0,False,3.6036,False,0.0,20,156,0.6006,361,163,4,4.4034,5.4034,6.4034,8.4034,False,False,False,True,2.4034,1.4034,0.4034,0.0,False,False,False,False
val_tune,10607095936,7,CW,"[[17.6, 20.5]]",2.9,2-5s,28.028,True,False,28.962295628962295,False,29.462796129462795,False,30.03003003003003,False,27.027027027027028,False,26.426426426426428,False,26.026026026026027,False,28.061394728061394,False,26.760093426760093,False,28.962295628962295,False,0.0,20,10,0.9343,126,44,4,29.028,30.028,31.028,33.028,False,False,False,False,27.028,26.028,25.028,23.028,False,False,False,False
val_tune,8575881495,2,TN,"[[56.4, 62.4]]",6.0,5-10s,0.1335,True,False,0.23356666666666667,False,1.0343666666666667,False,1.5348666666666666,False,,,,,,,1.3680333333333334,False,0.0,False,0.23356666666666667,False,0.05,20,108,0.1001,267,108,4,1.1335,2.1335,3.1335,5.1335,False,False,False,False,0.0,0.0,0.0,0.0,False,False,False,False
val_tune,3524939594,6,CW,"[[2.3, 5.6]]",3.3,2-5s,3.3784,True,True,3.75375,True,4.379375,True,5.005,True,2.5025,True,1.25125,False,,,11.428083333333333,False,0.0,False,3.4617916666666666,True,0.1,20,19,0.3754,59,21,4,4.3784,5.3784,6.3784,8.3784,True,True,False,False,2.3784,1.3784,0.3784,0.0,True,False,False,False
val_tune,8594314852,11,TC,"[[8.7, 12.6]]",3.9,2-5s,10.3437,True,True,10.643966666666667,True,11.044366666666667,True,11.578233333333333,True,10.043366666666667,True,9.642966666666666,True,9.042366666666666,True,12.479133333333333,True,8.775433333333334,True,10.643966666666667,True,1.0,20,5,0.3003,51,23,4,11.3437,12.3437,13.0,13.0,True,True,False,False,9.3437,8.3437,7.3437,5.3437,True,False,False,False
val_tune,4970148391,0,CW,"[[0.0, 4.9]]",4.9,2-5s,2.7027,True,True,3.003,True,3.5035,True,4.004,True,2.5025,True,2.002,True,1.4014,True,4.371033333333333,True,1.5682333333333334,True,3.003,True,0.05,20,38,0.3003,99,43,4,3.7027,4.7027,5.7027,7.7027,True,True,False,False,1.7027,0.7027,0.0,0.0,True,True,True,True
val_tune,2401167740,3,TP,"[[0.0, 8.8]]",8.8,5-10s,11.711,True,False,12.012,False,,,,,11.611,False,11.011,False,10.543,False,12.045500505561174,False,10.977755308392316,False,11.778,False,0.0,20,1,0.301,53,21,4,12.711,13.0,13.0,13.0,False,False,False,False,10.711,9.711,8.711,6.711,False,False,True,True
val_tune,4465235803,0,TC,"[[1.8, 17.2]]",15.4,>=10s,9.6763,True,True,10.01,True,10.577233333333334,True,11.011,True,9.576233333333333,True,9.009,True,8.008,True,9.9099,True,8.942266666666667,True,10.01,True,0.3,20,42,0.3337,136,56,4,10.6763,11.6763,12.6763,14.6763,True,True,True,True,8.6763,7.6763,6.6763,4.6763,True,True,True,True
val_tune,2599937944,7,TN,"[[4.7, 6.5]]",1.8,<2s,8.008,True,False,9.009,False,10.01,False,11.011,False,7.64,False,7.007,False,6.406,True,8.74216380182002,False,7.240647118301315,False,8.041,False,0.0,20,6,1.001,62,22,4,9.008,10.008,11.008,13.008,False,False,False,False,7.008,6.008,5.008,3.008,False,True,True,False
val_tune,3429509208,10,CW,"[[0.0, 8.7]]",8.7,5-10s,4.9633,True,True,5.005,True,6.25625,True,7.007,True,3.75375,True,3.25325,True,2.5025,True,10.76075,False,2.5859166666666664,True,5.005,True,0.3,20,15,0.0417,51,22,4,5.9633,6.9633,7.9633,9.9633,True,True,True,False,3.9633,2.9633,1.9633,0.0,True,True,True,True
val_tune,8064178441,5,CH,"[[48.7, 52.9]]",4.2,2-5s,22.5559,True,False,22.655966666666668,False,23.056366666666666,False,24.057366666666667,False,22.055366666666668,False,21.054366666666667,False,20.553866666666668,False,25.158466666666666,False,21.054366666666667,False,22.655966666666668,False,0.05,20,73,0.1001,298,105,4,23.5559,24.5559,25.5559,27.5559,False,False,False,False,21.5559,20.5559,19.5559,17.5559,False,False,False,False
val_tune,6188449000,7,CW,"[[0.0, 14.7], [30.6, 33.6], [40.9, 47.0], [64.1, 69.4]]",29.1,>=10s,15.2,True,False,16.066666666666666,False,16.866666666666667,False,18.066666666666666,False,15.066666666666666,False,14.066666666666666,True,12.866666666666667,True,15.8,False,14.466666666666667,True,15.6,False,0.4,20,58,0.8667,188,73,4,16.2,17.2,18.2,20.2,False,False,False,False,14.2,13.2,12.2,10.2,True,True,True,True
val_tune,4882821564,5,TN,"[[20.5, 24.7]]",4.2,2-5s,13.7471,True,False,14.047366666666667,False,14.447766666666666,False,15.048366666666666,False,13.446766666666667,False,13.046366666666666,False,12.045366666666666,False,14.080733333333333,False,12.946266666666666,False,14.047366666666667,False,0.05,20,130,0.3003,360,152,4,14.7471,15.7471,16.7471,18.7471,False,False,False,False,12.7471,11.7471,10.7471,8.7471,False,False,False,False
val_tune,6183104292,4,TC,"[[7.0, 13.1]]",6.1,5-10s,10.7107,True,True,11.2112,True,11.7117,True,12.1121,True,10.2102,True,9.7097,True,9.1091,True,11.611600000000001,True,10.6106,True,11.2112,True,0.2,20,15,0.5005,95,35,4,11.7107,12.7107,13.7107,15.7107,True,True,False,False,9.7107,8.7107,7.7107,5.7107,True,True,True,False
val_tune,4838113006,7,TN,"[[37.6, 39.1]]",1.5,<2s,30.9976,True,False,31.031,False,32.032,False,33.033,False,30.03,False,29.4294,False,29.029,False,33.19983333333333,False,26.659966666666666,False,31.031,False,0.0,20,93,0.0334,360,143,4,31.9976,32.9976,33.9976,35.9976,False,False,False,False,29.9976,28.9976,27.9976,25.9976,False,False,False,False
val_tune,8080432373,6,CH,"[[77.6, 79.3]]",1.7,<2s,74.708,True,False,75.10836666666667,False,75.60886666666667,False,76.10936666666667,False,74.10736666666666,False,73.10636666666667,False,72.10536666666667,False,75.14173333333333,False,74.00726666666667,False,74.90816666666667,False,0.1,20,29,0.4004,360,154,4,75.708,76.708,77.708,79.708,False,False,True,False,73.708,72.708,71.708,69.708,False,False,False,False
val_tune,3655906094,8,CH,"[[6.6, 8.9]]",2.3,2-5s,10.01,True,False,11.011,False,11.4114,False,12.012,False,9.5095,False,9.009,False,8.5085,True,10.944266666666667,False,9.943266666666666,False,10.1101,False,0.0,20,12,1.001,76,32,4,11.01,12.01,13.01,15.01,False,False,False,False,9.01,8.01,7.01,5.01,False,True,True,False
val_tune,4838113006,2,CW,"[[22.9, 27.4]]",4.5,2-5s,15.1151,True,False,16.016,False,16.649966666666668,False,17.017,False,15.015,False,14.5145,False,14.014,False,22.956266666666668,True,12.946266666666666,False,15.2152,False,0.05,20,119,0.9009,360,143,4,16.1151,17.1151,18.1151,20.1151,False,False,False,False,14.1151,13.1151,12.1151,10.1151,False,False,False,False
val_tune,4967810888,5,CW,"[[0.0, 15.6], [49.7, 53.4]]",19.3,>=10s,59.8598,True,False,60.06,False,60.69396666666667,False,61.061,False,59.4594,False,59.059,False,58.42503333333333,False,60.09336666666667,False,58.8588,False,60.06,False,0.0,20,5,0.2002,250,106,4,60.8598,61.8598,62.0,62.0,False,False,False,False,58.8598,57.8598,56.8598,54.8598,False,False,False,False
val_tune,8313365386,0,CW,"[[0.9, 3.1]]",2.2,2-5s,7.0417,True,False,7.541666666666667,False,8.0,False,8.791666666666666,False,6.291666666666667,False,5.666666666666667,False,5.041666666666667,False,7.416666666666667,False,6.791666666666667,False,7.291666666666667,False,0.0,20,8,0.5,43,18,4,8.0417,9.0417,10.0417,12.0417,False,False,False,False,6.0417,5.0417,4.0417,2.0417,False,False,False,True
val_tune,10779838974,4,CW,"[[0.2, 9.8]]",9.6,5-10s,13.4801,True,False,14.014014014014014,False,14.814814814814815,False,16.016016016016017,False,13.279946613279947,False,12.879546212879546,False,12.012012012012011,False,13.847180513847182,False,12.245578912245579,False,14.014014014014014,False,0.0,20,24,0.5339,105,43,4,14.4801,15.4801,16.4801,18.4801,False,False,False,False,12.4801,11.4801,10.4801,8.4801,False,False,False,True
val_tune,13296054183,8,CW,"[[1.0, 3.0]]",2.0,2-5s,9.643,True,False,10.01,False,,,,,8.008,False,7.6409666666666665,False,6.373033333333334,False,10.043366666666667,False,9.175833333333333,False,9.7097,False,0.0,20,1,0.367,37,11,4,10.0,10.0,10.0,10.0,False,False,False,False,8.643,7.643,6.643,4.643,False,False,False,False
val_tune,6188449000,6,TC,"[[21.8, 90.0]]",68.2,>=10s,77.5333,True,True,78.46666666666667,True,79.33333333333333,True,80.26666666666667,True,76.66666666666667,True,75.86666666666666,True,73.73333333333333,True,78.6,True,76.86666666666666,True,77.93333333333334,True,1.0,20,10,0.9333,188,73,4,78.5333,79.5333,80.5333,82.5333,True,True,True,True,76.5333,75.5333,74.5333,72.5333,True,True,True,True
val_tune,7988210561,9,TC,"[[0.0, 2.9]]",2.9,2-5s,0.4338,True,True,1.0343666666666667,True,1.5348666666666666,True,2.0353666666666665,True,0.23356666666666667,True,,,,,0.9342666666666667,True,0.0,True,1.0343666666666667,True,0.3,20,16,0.6006,43,17,4,1.4338,2.4338,3.4338,5.4338,True,True,False,False,0.0,0.0,0.0,0.0,True,True,True,True
val_tune,6097994550,1,TN,"[[9.2, 17.6]]",8.4,5-10s,9.9766,True,True,10.243566666666666,True,11.044366666666667,True,11.544866666666667,True,9.676333333333334,True,9.042366666666666,False,8.6086,False,11.378033333333333,True,9.376033333333334,True,10.043366666666667,True,1.0,20,13,0.2669,71,29,4,10.9766,11.9766,12.9766,14.9766,True,True,True,True,8.9766,7.9766,6.9766,4.9766,False,False,False,False
val_tune,3026084730,8,TN,"[[11.8, 15.7]]",3.9,2-5s,50.3503,True,False,51.051,False,52.052,False,53.053,False,50.05,False,49.6496,False,49.049,False,50.817433333333334,False,50.08336666666667,False,50.4504,False,0.0,20,37,0.7007,295,122,4,51.3503,52.3503,53.3503,55.3503,False,False,False,False,49.3503,48.3503,47.3503,45.3503,False,False,False,False
val_tune,5945172741,9,CW,"[[25.9, 28.7]]",2.8,2-5s,5.92,True,False,6.04,False,7.24,False,8.44,False,4.84,False,3.64,False,2.44,False,7.12,False,4.72,False,6.0,False,0.1,20,74,0.12,214,79,4,6.92,7.92,8.92,10.92,False,False,False,False,4.92,3.92,2.92,0.92,False,False,False,False
val_tune,3655906094,2,CW,"[[4.2, 6.9]]",2.7,2-5s,15.9159,True,False,16.016,False,17.017,False,18.018,False,15.015,False,14.5145,False,14.014,False,18.785433333333334,False,15.348666666666666,False,15.982633333333334,False,0.0,20,4,0.1001,76,32,4,16.9159,17.9159,18.9159,19.0,False,False,False,False,14.9159,13.9159,12.9159,10.9159,False,False,False,False
val_tune,5679866364,8,CW,"[[10.0, 19.3]]",9.3,5-10s,7.7411,True,False,8.041366666666667,False,8.441766666666666,False,9.042366666666666,False,7.440766666666667,False,7.040366666666666,False,6.439766666666666,False,9.042366666666666,False,7.040366666666666,False,8.041366666666667,False,0.7,20,31,0.3003,100,43,4,8.7411,9.7411,10.7411,12.7411,False,False,True,True,6.7411,5.7411,4.7411,2.7411,False,False,False,False
val_tune,11871253306,7,CW,"[[2.7, 5.4]]",2.7,2-5s,3.4034,True,True,4.004,True,5.038366666666667,True,5.572233333333333,False,3.003,True,2.002,False,1.001,False,4.5045,True,3.036366666666667,True,4.004,True,0.0,20,71,0.6006,173,74,4,4.4034,5.4034,6.4034,8.4034,True,False,False,False,2.4034,1.4034,0.4034,0.0,False,False,False,False
val_tune,8225502382,7,TN,"[[4.4, 6.0]]",1.6,<2s,30.2636,True,False,31.06436666666667,False,31.564866666666667,False,32.06536666666667,False,30.063366666666667,False,29.662966666666666,False,29.062366666666666,False,31.06436666666667,False,29.963266666666666,False,30.864166666666666,False,0.0,20,31,0.8008,196,81,4,31.2636,32.2636,33.2636,35.2636,False,False,False,False,29.2636,28.2636,27.2636,25.2636,False,False,False,False
val_tune,8513603944,2,TC,"[[0.0, 9.0]]",9.0,5-10s,7.0404,True,True,7.6076,True,8.041366666666667,True,8.541866666666667,True,6.039366666666667,True,5.538866666666666,True,5.038366666666667,True,9.342666666666666,False,5.939266666666667,True,7.5075,True,0.0,20,42,0.5672,123,54,4,8.0404,9.0404,10.0404,12.0404,True,False,False,False,6.0404,5.0404,4.0404,2.0404,True,True,True,True
val_tune,4825843801,3,TN,"[[10.1, 24.3]]",14.2,>=10s,18.7688,True,True,19.5195,True,20.02,True,20.645625,True,18.059708333333333,True,17.5175,True,16.850166666666667,True,19.102416666666667,True,17.600916666666667,True,18.935583333333334,True,0.45,20,14,0.7508,95,40,4,19.7688,20.7688,21.7688,23.7688,True,True,True,True,17.7688,16.7688,15.7688,13.7688,True,True,True,True
val_tune,8189958994,7,TC,"[[1.0, 4.6]]",3.6,2-5s,50.9509,True,False,51.08436666666667,False,51.5515,False,52.085366666666665,False,50.48376666666667,False,50.08336666666667,False,49.682966666666665,False,55.321933333333334,False,45.311933333333336,False,51.051,False,0.0,20,20,0.1335,250,104,4,51.9509,52.9509,53.9509,55.9509,False,False,False,False,49.9509,48.9509,47.9509,45.9509,False,False,False,False
val_tune,4276006683,2,CW,"[[0.2, 26.1]]",25.9,>=10s,4.004,True,True,4.371033333333333,True,5.005,True,5.472133333333334,True,3.003,True,2.5358666666666667,True,2.002,True,4.4044,True,3.7370666666666668,True,4.371033333333333,True,1.0,20,35,0.367,107,42,4,5.004,6.004,7.004,9.004,True,True,True,True,3.004,2.004,1.004,0.0,True,True,True,False
val_tune,11541421563,9,CW,"[[86.2, 95.6]]",9.4,5-10s,11.3447,True,False,12.012,False,12.595916666666668,False,13.5135,False,10.01,False,9.342666666666666,False,8.008,False,15.807458333333333,False,10.635625,False,12.012,False,0.15,20,104,0.6673,303,117,4,12.3447,13.3447,14.3447,16.3447,False,False,False,False,10.3447,9.3447,8.3447,6.3447,False,False,False,False
val_tune,4485707628,1,CW,"[[0.3, 10.2]]",9.9,5-10s,5.4388,True,True,5.9726333333333335,True,6.973633333333333,True,7.974633333333333,True,5.338666666666667,True,4.7047,True,4.037366666666666,True,6.673333333333334,True,3.937266666666667,True,5.9726333333333335,True,0.05,20,91,0.5339,259,100,4,6.4388,7.4388,8.4388,10.4388,True,True,True,False,4.4388,3.4388,2.4388,0.4388,True,True,True,True
val_tune,3359075894,5,TN,"[[10.7, 13.8]]",3.1,2-5s,12.12,True,True,12.72,True,13.2,True,14.4,False,12.0,True,11.52,True,10.8,True,13.12,True,11.92,True,12.6,True,0.3,20,5,0.6,56,21,4,13.12,14.12,15.12,17.0,True,False,False,False,11.12,10.12,9.12,7.12,True,False,False,False
val_tune,6806999702,7,TN,"[[16.0, 18.9]]",2.9,2-5s,43.043,True,False,43.076366666666665,False,43.57686666666667,False,44.07736666666667,False,42.67596666666667,False,42.07536666666667,False,41.07436666666667,False,43.510133333333336,False,42.07536666666667,False,43.076366666666665,False,0.0,20,70,0.0334,360,135,4,44.043,45.043,46.043,48.043,False,False,False,False,42.043,41.043,40.043,38.043,False,False,False,False
val_tune,11681746823,8,TC,"[[0.0, 6.5], [7.6, 12.4]]",11.3,>=10s,9.5095,True,True,10.01001001001001,True,11.077744411077745,True,11.578244911578246,True,9.075742409075742,True,8.675342008675342,True,8.008008008008009,True,10.577243910577245,True,7.907907907907909,True,9.642976309642977,True,0.25,20,15,0.5005,72,29,4,10.5095,11.5095,12.5095,14.5095,True,True,False,False,8.5095,7.5095,6.5095,4.5095,True,False,False,True
val_tune,4272084125,1,CW,"[[0.1, 4.0]]",3.9,2-5s,7.3073,True,False,7.4074,False,8.008,False,9.009,False,7.007,False,6.006,False,5.572233333333333,False,9.175833333333333,False,5.071733333333333,False,7.4074,False,0.0,20,26,0.1001,99,36,4,8.3073,9.3073,10.3073,12.3073,False,False,False,False,6.3073,5.3073,4.3073,2.3073,False,False,False,True
val_tune,2696280239,6,TN,"[[0.8, 2.4]]",1.6,<2s,9.7431,True,False,10.6106,False,10.977633333333333,False,11.344666666666667,False,9.676333333333334,False,8.9089,False,8.441766666666666,False,9.9099,False,7.7077,False,9.976633333333334,False,0.0,20,6,0.8675,54,24,4,10.7431,11.7431,12.7431,13.0,False,False,False,False,8.7431,7.7431,6.7431,4.7431,False,False,False,False
val_tune,3158022797,6,CW,"[[0.0, 4.2]]",4.2,2-5s,18.9856,True,False,19.019,False,19.552866666666667,False,20.02,False,18.1181,False,17.751066666666667,False,17.017,False,19.586233333333332,False,16.616600000000002,False,19.019,False,0.0,20,117,0.0334,360,146,4,19.9856,20.9856,21.9856,23.9856,False,False,False,False,17.9856,16.9856,15.9856,13.9856,False,False,False,False
val_tune,4164771889,4,CH,"[[3.9, 8.6]]",4.7,2-5s,5.8058,True,True,6.006,True,7.007,True,7.4074,True,5.005,True,4.6046,True,4.004,True,8.942266666666667,False,5.572233333333333,True,5.9059,True,0.35,20,17,0.2002,68,25,4,6.8058,7.8058,8.8058,10.8058,True,True,False,False,4.8058,3.8058,2.8058,0.8058,True,False,False,False
val_tune,7771650716,3,CW,"[[16.3, 18.2]]",1.9,<2s,19.019,True,False,19.052366666666668,False,19.6196,False,20.053366666666665,False,18.651966666666667,False,18.051366666666667,True,17.550866666666668,True,19.252566666666667,False,18.485133333333334,False,19.052366666666668,False,0.0,20,58,0.0334,247,90,4,20.019,21.019,22.019,24.019,False,False,False,False,18.019,17.019,16.019,14.019,True,True,False,False
val_tune,6806999702,9,TN,"[[78.2, 84.7]]",6.5,5-10s,85.5188,True,False,85.61886666666666,False,86.11936666666666,False,87.12036666666667,False,85.11836666666666,False,84.51776666666666,True,84.11736666666667,True,86.45303333333334,False,83.11636666666666,True,85.61886666666666,False,0.0,20,8,0.1001,360,135,4,86.5188,87.5188,88.5188,90.0,False,False,False,False,84.5188,83.5188,82.5188,80.5188,True,True,True,True
val_tune,7059877301,1,CW,"[[6.7, 8.0]]",1.3,<2s,26.8602,True,False,27.060366666666667,False,27.6276,False,28.061366666666668,False,26.059366666666666,False,25.058366666666668,False,24.057366666666667,False,29.963266666666666,False,26.693333333333335,False,26.99363333333333,False,0.0,20,8,0.2002,123,50,4,27.8602,28.8602,29.8602,31.0,False,False,False,False,25.8602,24.8602,23.8602,21.8602,False,False,False,False
val_tune,3846475848,5,TN,"[[17.5, 24.3]]",6.8,5-10s,9.2092,True,False,10.01,False,10.6106,False,11.011,False,9.009,False,8.008,False,7.5075,False,9.542866666666667,False,8.074733333333333,False,9.3093,False,0.1,20,101,0.8008,287,116,4,10.2092,11.2092,12.2092,14.2092,False,False,False,False,8.2092,7.2092,6.2092,4.2092,False,False,False,False
val_tune,3902997424,0,CW,"[[0.2, 2.6]]",2.4,2-5s,9.9766,True,False,10.01,False,10.4104,False,11.1111,False,9.009,False,8.4084,False,8.008,False,11.5115,False,8.875533333333333,False,10.01,False,0.0,20,25,0.0334,104,41,4,10.9766,11.9766,12.9766,14.9766,False,False,False,False,8.9766,7.9766,6.9766,4.9766,False,False,False,False
val_tune,12682618843,4,CW,"[[19.6, 22.6]]",3.0,2-5s,24.4911,True,False,24.858166666666666,False,25.4254,False,26.39303333333333,False,24.057366666666667,False,23.6236,False,23.089733333333335,False,26.693333333333335,False,22.255566666666667,True,24.591233333333335,False,0.0,20,37,0.367,172,70,4,25.4911,26.4911,27.4911,29.4911,False,False,False,False,23.4911,22.4911,21.4911,19.4911,False,True,True,False
val_tune,6621511673,9,CW,"[[29.9, 33.1], [46.6, 47.6], [53.1, 55.5], [61.0, 66.0], [66.7, 68.1], [71.1, 72.9], [75.0, 76.9], [79.0, 80.9], [81.4, 82.4], [83.0, 86.1], [87.1, 88.6]]",24.2,>=10s,41.3747,True,False,41.574866666666665,False,42.07536666666667,False,42.67596666666667,False,41.07436666666667,False,40.073366666666665,False,39.57286666666667,False,42.10873333333333,False,40.373666666666665,False,41.574866666666665,False,0.4,20,75,0.2002,360,138,4,42.3747,43.3747,44.3747,46.3747,False,False,False,False,40.3747,39.3747,38.3747,36.3747,False,False,False,False
val_tune,4978714491,0,CW,"[[0.0, 10.8]]",10.8,>=10s,29.9633,True,False,30.03,False,31.031,False,31.898533333333333,False,29.496133333333333,False,29.029,False,28.561866666666667,False,35.96926666666667,False,28.1281,False,30.03,False,0.0,20,17,0.0667,160,66,4,30.9633,31.9633,32.9633,34.9633,False,False,False,False,28.9633,27.9633,26.9633,24.9633,False,False,False,False
val_tune,8080432373,3,CW,"[[76.4, 79.2]]",2.8,2-5s,71.071,True,False,71.10436666666666,False,72.10536666666667,False,73.10636666666667,False,70.10336666666667,False,69.60286666666667,False,69.10236666666667,False,72.20546666666667,False,70.80406666666667,False,71.10436666666666,False,0.0,20,34,0.0334,360,154,4,72.071,73.071,74.071,76.071,False,False,False,False,70.071,69.071,68.071,66.071,False,False,False,False
val_tune,5205081904,2,CW,"[[4.7, 7.0]]",2.3,2-5s,12.8128,True,False,13.013,False,13.6136,False,14.014,False,12.5125,False,12.012,False,11.4114,False,14.047366666666667,False,12.045366666666666,False,13.013,False,0.0,20,14,0.2002,84,38,4,13.8128,14.8128,15.8128,17.8128,False,False,False,False,11.8128,10.8128,9.8128,7.8128,False,False,False,False
val_tune,9217939684,2,CW,"[[13.7, 19.4]]",5.7,5-10s,57.75,True,False,58.375,False,59.458333333333336,False,60.291666666666664,False,57.375,False,56.5,False,55.666666666666664,False,58.625,False,57.208333333333336,False,58.208333333333336,False,0.0,20,11,0.625,175,67,4,58.75,59.75,60.75,62.75,False,False,False,False,56.75,55.75,54.75,52.75,False,False,False,False
val_tune,7536230796,6,CH,"[[72.5, 73.9]]",1.4,<2s,67.9583,True,False,68.95833333333333,False,69.70833333333333,False,70.20833333333333,False,67.70833333333333,False,66.45833333333333,False,65.20833333333333,False,69.45833333333333,False,67.54166666666667,False,68.58333333333333,False,0.4,20,8,1.0,240,89,4,68.9583,69.9583,70.9583,72.9583,False,False,False,True,66.9583,65.9583,64.9583,62.9583,False,False,False,False
val_tune,2604394962,2,CW,"[[9.0, 12.0]]",3.0,2-5s,22.5225,True,False,23.023,False,23.656966666666666,False,24.024,False,22.4224,False,22.022,False,21.4214,False,22.555866666666667,False,21.788433333333334,False,22.789433333333335,False,0.0,20,25,0.5005,144,68,4,23.5225,24.5225,25.5225,27.5225,False,False,False,False,21.5225,20.5225,19.5225,17.5225,False,False,False,False
val_tune,6806999702,2,CW,"[[6.9, 11.4]]",4.5,2-5s,1.0344,True,False,2.0353666666666665,False,2.5358666666666667,False,3.036366666666667,False,0.23356666666666667,False,,,,,1.8685333333333334,False,0.0,False,1.8351666666666666,False,0.0,20,133,1.001,360,135,4,2.0344,3.0344,4.0344,6.0344,False,False,False,False,0.0344,0.0,0.0,0.0,False,False,False,False
val_tune,2877270840,1,CW,"[[0.0, 13.7]]",13.7,>=10s,20.02,True,False,21.021,False,21.6216,False,22.022,False,19.4194,False,19.019,False,18.018,False,20.754066666666667,False,18.952266666666667,False,20.2202,False,0.0,20,7,1.001,104,38,4,21.02,22.02,23.02,25.02,False,False,False,False,19.02,18.02,17.02,15.02,False,False,False,False
val_tune,8797589693,2,CW,"[[5.1, 7.2]]",2.1,2-5s,38.8055,True,False,39.43943943943944,False,39.90657323990657,False,42.54254254254254,False,37.77110443777111,False,36.90357023690357,False,36.2696029362696,False,40.44044044044044,False,37.87120453787121,False,38.90557223890557,False,0.0,20,62,0.634,289,104,4,39.8055,40.8055,41.8055,43.8055,False,False,False,False,37.8055,36.8055,35.8055,33.8055,False,False,False,False
val_tune,9531760182,4,TN,"[[73.2, 77.4]]",4.2,2-5s,61.72,True,False,62.32,False,63.04,False,63.64,False,61.64,False,61.12,False,59.64,False,62.12,False,61.28,False,61.84,False,0.3,20,28,0.6,257,104,4,62.72,63.72,64.72,66.72,False,False,False,False,60.72,59.72,58.72,56.72,False,False,False,False
val_tune,3388598772,8,TN,"[[3.6, 6.5]]",2.9,2-5s,4.004,True,True,4.371033333333333,True,5.005,True,6.006,True,3.4701333333333335,False,3.003,False,2.469133333333333,False,4.7047,True,3.7037,True,4.371033333333333,True,0.25,20,10,0.367,46,18,4,5.004,6.004,7.004,9.004,True,True,False,False,3.004,2.004,1.004,0.0,False,False,False,False
val_tune,2599937944,6,TN,"[[5.3, 7.1]]",1.8,<2s,2.769,True,False,3.003,False,3.436,False,4.004,False,2.002,False,1.468,False,1.001,False,3.5369059656218402,False,2.5692618806875633,False,3.003,False,0.05,20,17,0.234,62,22,4,3.769,4.769,5.769,7.769,False,False,True,False,1.769,0.769,0.0,0.0,False,False,False,False
val_tune,4942054721,3,CW,"[[19.7, 21.3]]",1.6,<2s,3.5035,True,False,4.004,False,4.5045,False,5.005,False,3.4034,False,3.003,False,2.435766666666667,False,3.9039,False,2.9029000000000003,False,3.8038,False,0.05,20,28,0.5005,87,34,4,4.5035,5.5035,6.5035,8.5035,False,False,False,False,2.5035,1.5035,0.5035,0.0,False,False,False,False
val_tune,2495861393,7,TC,"[[13.5, 16.2], [21.4, 25.0]]",6.3,5-10s,15.281,True,True,16.016,True,16.549,False,17.017,False,15.015,True,14.547,True,14.014,True,17.217391304347828,False,14.848331648129424,True,15.749,True,0.1,20,62,0.735,201,91,4,16.281,17.281,18.281,20.281,False,False,False,False,14.281,13.281,12.281,10.281,True,False,False,False
val_tune,2599937944,2,CW,"[[0.0, 7.5]]",7.5,5-10s,2.736,True,True,3.003,True,3.436,True,4.004,True,2.002,True,1.468,True,1.001,True,3.5369059656218402,True,2.5692618806875633,True,2.769,True,0.35,20,17,0.267,62,22,4,3.736,4.736,5.736,7.736,True,True,True,False,1.736,0.736,0.0,0.0,True,True,True,True
val_tune,2834146886,3,CW,"[[29.1, 40.3]]",11.2,>=10s,26.6266,True,False,27.027,False,27.6276,False,28.028,False,26.2262,False,25.692333333333334,False,25.291933333333333,False,26.960266666666666,False,26.292933333333334,False,26.8268,False,0.45,20,58,0.4004,251,101,4,27.6266,28.6266,29.6266,31.6266,False,False,True,True,25.6266,24.6266,23.6266,21.6266,False,False,False,False
val_tune,6592821115,9,TN,"[[16.9, 21.1]]",4.2,2-5s,15.125,True,False,15.458333333333334,False,15.916666666666666,False,16.541666666666668,False,14.208333333333334,False,13.625,False,12.958333333333334,False,16.916666666666668,True,11.583333333333334,False,15.291666666666666,False,0.0,20,79,0.3333,253,99,4,16.125,17.125,18.125,20.125,False,True,True,True,14.125,13.125,12.125,10.125,False,False,False,False
val_tune,4688219212,2,CH,"[[1.4, 6.8]]",5.4,5-10s,28.9956,True,False,29.496133333333333,False,29.99663333333333,False,30.397033333333333,False,28.395033333333334,False,27.994633333333333,False,27.160466666666668,False,29.062366666666666,False,27.861166666666666,False,29.496133333333333,False,0.0,20,6,0.5005,128,55,4,29.9956,30.9956,31.9956,32.0,False,False,False,False,27.9956,26.9956,25.9956,23.9956,False,False,False,False
val_tune,4674481985,6,CH,"[[5.2, 9.4]]",4.2,2-5s,20.9209,True,False,21.021,False,22.022,False,22.655966666666668,False,20.6206,False,20.02,False,19.019,False,21.855166666666666,False,11.845166666666668,False,21.021,False,0.0,20,6,0.1001,99,41,4,21.9209,22.9209,23.9209,24.0,False,False,False,False,19.9209,18.9209,17.9209,15.9209,False,False,False,False
val_tune,4765564263,6,CW,"[[0.0, 4.2]]",4.2,2-5s,1.9686,True,True,2.002,True,2.5025,True,3.003,True,1.001,True,,,,,3.036366666666667,True,1.1344666666666667,True,2.002,True,0.05,20,19,0.0334,56,20,4,2.9686,3.9686,4.9686,6.9686,True,True,False,False,0.9686,0.0,0.0,0.0,True,True,True,True
val_tune,5116088152,9,TN,"[[34.7, 38.5]]",3.8,2-5s,17.8178,True,False,18.018,False,18.4184,False,19.019,False,17.017,False,16.016,False,15.015,False,21.087733333333333,False,16.950266666666668,False,17.9179,False,0.15,20,39,0.2002,162,66,4,18.8178,19.8178,20.8178,22.8178,False,False,False,False,16.8178,15.8178,14.8178,12.8178,False,False,False,False
val_tune,4006608424,1,CH,"[[0.0, 22.7], [42.8, 62.8]]",42.7,>=10s,21.9553,True,True,22.022,True,22.4224,True,23.023,False,21.6216,True,21.021,True,20.4204,True,22.555866666666667,True,21.254566666666665,True,22.022,True,0.35,20,114,0.0667,360,149,4,22.9553,23.9553,24.9553,26.9553,False,False,False,False,20.9553,19.9553,18.9553,16.9553,True,True,True,True
val_tune,4444192938,2,CW,"[[3.1, 6.0]]",2.9,2-5s,4.1041,True,True,5.005,True,5.5055,True,6.006,False,3.7037,True,3.003,False,2.002,False,5.939266666666667,True,2.9362666666666666,False,4.3043,True,0.1,20,36,0.9009,116,43,4,5.1041,6.1041,7.1041,9.1041,True,False,False,False,3.1041,2.1041,1.1041,0.0,True,False,False,False
val_tune,9408800471,5,CW,"[[23.5, 26.8]]",3.3,2-5s,31.0978,True,False,31.164497831164496,False,31.564898231564896,False,32.932932932932935,False,30.764097430764096,False,29.562896229562895,False,28.595261928595264,False,31.53153153153153,False,30.53053053053053,False,31.164497831164496,False,0.0,20,5,0.0667,124,43,4,32.0978,33.0978,34.0978,35.0,False,False,False,False,30.0978,29.0978,28.0978,26.0978,False,False,False,True
val_tune,5445581571,3,TP,"[[11.3, 18.1]]",6.8,5-10s,26.9603,True,False,27.060366666666667,False,27.560866666666666,False,28.061366666666668,False,26.659966666666666,False,26.059366666666666,False,25.058366666666668,False,27.060366666666667,False,21.488133333333334,False,27.060366666666667,False,0.0,20,9,0.1001,130,49,4,27.9603,28.9603,29.9603,31.9603,False,False,False,False,25.9603,24.9603,23.9603,21.9603,False,False,False,False
val_tune,10030609934,9,TP,"[[1.9, 5.5]]",3.6,2-5s,35.2352,True,False,36.03603603603604,False,37.23723723723724,False,38.03803803803804,False,35.03503503503504,False,33.90056723390057,False,32.032032032032035,False,35.60226893560227,False,32.0653987320654,False,35.30196863530197,False,0.0,20,24,0.8008,198,65,4,36.2352,37.2352,38.2352,40.2352,False,False,False,False,34.2352,33.2352,32.2352,30.2352,False,False,False,False
val_tune,6244675392,2,CW,"[[7.4, 46.1]]",38.7,>=10s,57.8,True,False,58.06666666666667,False,58.86666666666667,False,,,57.2,False,56.06666666666667,False,55.266666666666666,False,59.266666666666666,False,54.53333333333333,False,58.0,False,0.0,20,2,0.2667,120,54,4,58.8,59.8,60.0,60.0,False,False,False,False,56.8,55.8,54.8,52.8,False,False,False,False
val_tune,4765717907,6,TN,"[[21.7, 33.9]]",12.2,>=10s,26.026,True,True,26.5265,True,27.027,True,28.028,True,25.558866666666667,True,25.025,True,24.024,True,27.460766666666668,True,25.959266666666668,True,26.3263,True,0.6,20,22,0.5005,159,63,4,27.026,28.026,29.026,31.026,True,True,True,True,25.026,24.026,23.026,21.026,True,True,True,False
val_tune,13569831214,7,CW,"[[45.8, 48.9]]",3.1,2-5s,51.1845,True,False,51.251251251251254,False,51.651651651651655,False,53.08641975308642,False,50.517183850517185,False,49.616282949616284,False,49.249249249249246,False,52.252252252252255,False,50.717384050717385,False,51.251251251251254,False,0.0,20,7,0.0667,199,88,4,52.1845,53.1845,54.1845,56.0,False,False,False,False,50.1845,49.1845,48.1845,46.1845,False,False,True,True
val_tune,5133787349,2,CW,"[[6.6, 8.6]]",2.0,2-5s,11.8869,True,False,12.5125,False,13.76375,False,14.26425,False,11.26125,False,10.635625,False,10.01,False,12.429083333333333,False,11.177833333333332,False,12.26225,False,0.0,20,4,0.6256,50,21,4,12.8869,13.8869,14.8869,15.0,False,False,False,False,10.8869,9.8869,8.8869,6.8869,False,False,False,True
val_tune,5919180502,6,TC,"[[24.2, 27.1], [31.7, 34.3], [42.3, 46.0]]",9.2,5-10s,10.0434,True,False,11.044366666666667,False,11.544866666666667,False,12.045366666666666,False,9.542866666666667,False,9.042366666666666,False,8.641966666666667,False,10.944266666666667,False,9.275933333333333,False,10.243566666666666,False,0.25,20,57,1.001,200,72,4,11.0434,12.0434,13.0434,15.0434,False,False,False,False,9.0434,8.0434,7.0434,5.0434,False,False,False,False
val_tune,2809330695,1,CW,"[[28.4, 32.1]]",3.7,2-5s,20.6456,True,False,21.27125,False,22.5225,False,23.27325,False,20.5205,False,20.02,False,19.26925,False,21.813458333333333,False,19.686333333333334,False,21.27125,False,0.1,20,96,0.6256,289,126,4,21.6456,22.6456,23.6456,25.6456,False,False,False,False,19.6456,18.6456,17.6456,15.6456,False,False,False,False
val_tune,4564478328,1,CW,"[[25.0, 30.9]]",5.9,5-10s,33.9673,True,False,34.034,False,34.56786666666667,False,35.035,False,33.033,False,32.4324,False,32.032,False,40.87416666666667,False,31.96526666666667,False,34.034,False,0.0,20,23,0.0667,188,82,4,34.9673,35.9673,36.9673,38.9673,False,False,False,False,32.9673,31.9673,30.9673,28.9673,False,False,False,True
val_tune,5945172741,4,TN,"[[41.7, 63.8]]",22.1,>=10s,60.04,True,True,60.64,True,61.24,True,61.84,True,59.8,True,58.48,True,57.6,True,61.12,True,59.92,True,60.64,True,1.0,20,6,0.6,214,79,4,61.04,62.04,63.04,64.0,True,True,True,False,59.04,58.04,57.04,55.04,True,True,True,True
val_tune,11871253306,9,TN,"[[4.9, 6.3]]",1.4,<2s,14.6813,True,False,15.015,False,16.016,False,17.017,False,14.447766666666666,False,14.014,False,13.5135,False,15.248566666666667,False,14.1141,False,15.015,False,0.0,20,53,0.3337,173,74,4,15.6813,16.6813,17.6813,19.6813,False,False,False,False,13.6813,12.6813,11.6813,9.6813,False,False,False,False
val_tune,4444192938,0,CH,"[[20.3, 25.8]]",5.5,5-10s,17.017,True,False,18.018,False,18.451766666666668,False,19.019,False,16.5165,False,16.016,False,15.015,False,17.484133333333332,False,16.282933333333332,False,17.083733333333335,False,0.5,20,16,1.001,116,43,4,18.017,19.017,20.017,22.017,False,False,False,True,16.017,15.017,14.017,12.017,False,False,False,False
val_tune,8225502382,8,TN,"[[10.2, 12.5]]",2.3,2-5s,20.2202,True,False,21.054366666666667,False,22.055366666666668,False,22.8228,False,20.053366666666665,False,19.452766666666665,False,19.052366666666668,False,20.754066666666667,False,19.919900000000002,False,20.887533333333334,False,0.0,20,48,0.8342,196,81,4,21.2202,22.2202,23.2202,25.2202,False,False,False,False,19.2202,18.2202,17.2202,15.2202,False,False,False,False
val_tune,4151403382,6,TN,"[[28.8, 32.5]]",3.7,2-5s,31.5315,True,True,31.6316,True,32.032,True,32.5325,False,31.031,True,30.5305,True,30.03,True,31.96526666666667,True,30.964266666666667,True,31.6316,True,0.05,20,54,0.1001,252,107,4,32.5315,33.5315,34.5315,36.5315,False,False,False,False,30.5315,29.5315,28.5315,26.5315,True,True,False,False
val_tune,4075791856,4,CH,"[[10.3, 14.5], [28.5, 35.4]]",11.1,>=10s,19.2,True,False,20.4,False,21.0,False,21.6,False,18.48,False,18.0,False,17.52,False,20.32,False,19.12,False,19.32,False,0.15,20,102,1.2,300,132,4,20.2,21.2,22.2,24.2,False,False,False,False,18.2,17.2,16.2,14.2,False,False,False,True
val_tune,2503404966,5,TN,"[[22.0, 23.6], [24.7, 28.0]]",4.9,2-5s,5.9059,True,False,6.006,False,6.5065,False,7.007,False,5.4054,False,5.005,False,4.5045,False,8.475133333333334,False,5.171833333333334,False,6.006,False,0.4,20,37,0.1001,112,47,4,6.9059,7.9059,8.9059,10.9059,False,False,False,False,4.9059,3.9059,2.9059,0.9059,False,False,False,False
val_tune,10001787725,3,CW,"[[12.1, 17.1], [20.0, 23.5], [29.7, 33.2]]",12.0,>=10s,14.5812,True,True,14.914914914914915,True,16.316316316316318,True,16.916916916916918,True,14.381047714381047,True,12.912912912912914,True,12.045378712045379,False,15.648982315648983,True,13.646980313646981,True,14.914914914914915,True,0.55,20,24,0.3337,121,41,4,15.5812,16.5812,17.5812,19.5812,True,True,False,False,13.5812,12.5812,11.5812,9.5812,True,True,False,False
val_tune,9612838272,4,CW,"[[7.3, 11.2]]",3.9,2-5s,1.2012,True,False,2.1021021021021022,False,2.4691358024691357,False,3.53687020353687,False,0.8008008008008008,False,,,,,1.7684351017684352,False,0.1001001001001001,False,1.334668001334668,False,0.35,20,22,0.9009,54,24,4,2.2012,3.2012,4.2012,6.2012,False,False,False,False,0.2012,0.0,0.0,0.0,False,False,False,False
val_tune,8064178441,9,TN,"[[66.2, 70.8]]",4.6,2-5s,47.0804,True,False,48.08136666666667,False,48.481766666666665,False,49.082366666666665,False,46.079366666666665,False,45.07836666666667,False,44.67796666666667,False,48.21483333333333,False,44.97826666666667,False,47.78106666666667,False,0.15,20,39,1.001,298,105,4,48.0804,49.0804,50.0804,52.0804,False,False,False,False,46.0804,45.0804,44.0804,42.0804,False,False,False,False
val_tune,4132599924,4,TN,"[[5.7, 11.5]]",5.8,5-10s,10.377,True,True,11.011,True,12.012,False,12.579233333333333,False,10.01,True,9.576233333333333,True,9.009,True,10.9109,True,9.442766666666667,True,10.777433333333333,True,0.0,20,24,0.634,105,44,4,11.377,12.377,13.377,15.377,True,False,False,False,9.377,8.377,7.377,5.377,True,True,True,False
val_tune,6025238212,4,TN,"[[10.1, 22.6]]",12.5,>=10s,24.0574,True,False,24.591233333333335,False,25.258566666666667,False,,,23.456766666666667,False,23.056366666666666,False,22.655966666666668,False,25.291933333333333,False,22.088733333333334,True,24.157466666666668,False,0.0,20,2,0.5339,102,41,4,25.0,25.0,25.0,25.0,False,False,False,False,23.0574,22.0574,21.0574,19.0574,False,True,True,True
val_tune,5662041273,10,CW,"[[0.5, 5.6], [15.3, 33.9], [68.4, 90.0]]",45.3,>=10s,46.68,True,False,47.08036666666667,False,48.08136666666667,False,49.082366666666665,False,46.079366666666665,False,45.67896666666667,False,45.07836666666667,False,47.18046666666667,False,45.21183333333333,False,47.08036666666667,False,0.6,20,65,0.4004,361,141,4,47.68,48.68,49.68,51.68,False,False,False,False,45.68,44.68,43.68,41.68,False,False,False,False
val_tune,8189958994,0,CW,"[[47.8, 49.5]]",1.7,<2s,10.9443,True,False,11.044366666666667,False,12.045366666666666,False,12.545866666666667,False,10.043366666666667,False,9.642966666666666,False,9.042366666666666,False,11.478133333333334,False,9.943266666666666,False,11.011,False,0.0,20,88,0.1001,250,104,4,11.9443,12.9443,13.9443,15.9443,False,False,False,False,9.9443,8.9443,7.9443,5.9443,False,False,False,False
val_tune,4859057828,9,TC,"[[2.6, 6.1]]",3.5,2-5s,1.001,True,False,2.002,False,2.5025,False,3.003,True,0.2002,False,,,,,1.7684333333333333,False,0.3003,False,1.1011,False,0.15,20,36,1.001,87,38,4,2.001,3.001,4.001,6.001,False,True,True,True,0.001,0.0,0.0,0.0,False,False,False,False
val_tune,4915733559,0,CW,"[[10.4, 15.4]]",5.0,5-10s,34.034,True,False,35.035,False,35.60223333333333,False,,,33.466766666666665,False,33.033,False,32.032,False,35.50213333333333,False,29.9299,False,34.1341,False,0.0,20,2,1.001,143,59,4,35.034,36.0,36.0,36.0,False,False,False,False,33.034,32.034,31.034,29.034,False,False,False,False
val_tune,7001078933,3,CW,"[[15.1, 16.6]]",1.5,<2s,20.8875,True,False,,,,,,,20.854166666666668,False,20.053366666666665,False,19.052366666666668,False,21.121100000000002,False,20.253566666666668,False,21.021,False,0.0,20,0,,86,37,4,21.0,21.0,21.0,21.0,False,False,False,False,19.8875,18.8875,17.8875,15.8875,False,False,False,True
val_tune,9917882506,5,TN,"[[12.1, 16.1]]",4.0,2-5s,24.024,True,False,25.025025025025027,False,25.458792125458793,False,26.026026026026027,False,23.590256923590257,False,23.089756423089757,False,22.389055722389056,False,26.926926926926928,False,20.787454120787455,False,24.824824824824823,False,0.0,20,11,1.001,115,50,4,25.024,26.024,27.024,29.024,False,False,False,False,23.024,22.024,21.024,19.024,False,False,False,False
val_tune,3340340268,3,TN,"[[29.9, 41.7]]",11.8,>=10s,17.384,True,False,18.018,False,18.585233333333335,False,19.019,False,17.017,False,16.5165,False,16.016,False,17.7177,False,7.7077,False,17.484133333333332,False,0.45,20,39,0.634,172,67,4,18.384,19.384,20.384,22.384,False,False,False,False,16.384,15.384,14.384,12.384,False,False,False,False
val_tune,5907839036,5,CW,"[[32.5, 40.9]]",8.4,5-10s,32.5659,True,True,33.06636666666667,True,33.466766666666665,True,34.067366666666665,True,32.06536666666667,False,31.464766666666666,False,31.06436666666667,False,32.96626666666667,True,31.865166666666667,False,32.96626666666667,True,0.1,20,101,0.5005,360,153,4,33.5659,34.5659,35.5659,37.5659,True,True,True,True,31.5659,30.5659,29.5659,27.5659,False,False,False,False
val_tune,6188449000,2,CW,"[[6.3, 12.5]]",6.2,5-10s,59.8667,True,False,60.06666666666667,False,61.06666666666667,False,62.06666666666667,False,58.06666666666667,False,56.06666666666667,False,55.06666666666667,False,60.13333333333333,False,58.733333333333334,False,60.06666666666667,False,0.0,20,23,0.2,188,73,4,60.8667,61.8667,62.8667,64.8667,False,False,False,False,58.8667,57.8667,56.8667,54.8667,False,False,False,False
val_tune,7001078933,8,CW,"[[10.7, 12.7], [19.8, 21]]",3.2,2-5s,17.7844,True,False,18.051366666666667,False,18.551866666666665,False,19.052366666666668,False,17.684333333333335,False,17.050366666666665,False,16.549866666666667,False,19.185833333333335,False,17.217200000000002,False,17.884533333333334,False,0.35,20,5,0.2669,86,37,4,18.7844,19.7844,20.7844,21.0,False,False,True,True,16.7844,15.7844,14.7844,12.7844,False,False,False,False
val_tune,4485707628,6,TN,"[[21.1, 25.5]]",4.4,2-5s,28.9956,True,False,29.99663333333333,False,30.997633333333333,False,31.464766666666666,False,28.49513333333333,False,28.094733333333334,False,26.99363333333333,False,31.8318,False,21.8218,True,29.295933333333334,False,0.0,20,53,1.001,259,100,4,29.9956,30.9956,31.9956,33.9956,False,False,False,False,27.9956,26.9956,25.9956,23.9956,False,False,False,True
val_tune,6896884547,9,CH,"[[46.1, 47.5]]",1.4,<2s,38.9723,True,False,39.27256666666667,False,40.073366666666665,False,40.47376666666667,False,38.77206666666667,False,38.07136666666667,False,37.070366666666665,False,39.50613333333333,False,38.50513333333333,False,39.07236666666667,False,0.0,20,16,0.3003,192,75,4,39.9723,40.9723,41.9723,43.9723,False,False,False,False,37.9723,36.9723,35.9723,33.9723,False,False,False,False
val_tune,4774302357,1,CW,"[[10.2, 15.0]]",4.8,2-5s,11.011,True,True,11.6116,True,12.012,True,12.5125,True,10.5105,True,10.01,False,9.5095,False,11.745066666666666,True,10.076733333333333,False,11.1111,True,1.0,20,8,0.6006,60,27,4,12.011,13.011,14.011,15.0,True,True,True,True,10.011,9.011,8.011,6.011,False,False,False,False
val_tune,2614918961,3,CW,"[[37.4, 42.1]]",4.7,2-5s,43.7103,True,False,,,,,,,43.5435,False,43.043,False,42.5425,False,43.743700000000004,False,40.974266666666665,True,,,,0,0,,175,76,4,44.0,44.0,44.0,44.0,False,False,False,False,42.7103,41.7103,40.7103,38.7103,False,True,True,True
val_tune,4838113006,4,CW,"[[23.1, 24.4]]",1.3,<2s,28.1281,True,False,28.6286,False,29.029,False,29.4294,False,28.028,False,27.2272,False,26.8268,False,33.19983333333333,False,26.659966666666666,False,28.5285,False,0.0,20,97,0.5005,360,143,4,29.1281,30.1281,31.1281,33.1281,False,False,False,False,27.1281,26.1281,25.1281,23.1281,False,False,False,True
val_tune,6188449000,0,CW,"[[0.0, 4.9], [8.7, 12.2]]",8.4,5-10s,66.0667,True,False,68.06666666666666,False,69.73333333333333,False,72.4,False,65.06666666666666,False,64.06666666666666,False,62.06666666666667,False,66.93333333333334,False,63.46666666666667,False,66.26666666666667,False,0.0,20,17,2.0,188,73,4,67.0667,68.0667,69.0667,71.0667,False,False,False,False,65.0667,64.0667,63.0667,61.0667,False,False,False,False
val_tune,5875242364,3,TN,"[[8.1, 12.9]]",4.8,2-5s,10.0434,True,True,10.443766666666667,True,11.044366666666667,True,11.544866666666667,True,9.042366666666666,True,8.441766666666666,True,8.041366666666667,False,11.745066666666666,True,9.542866666666667,True,10.443766666666667,True,0.7,20,7,0.4004,59,26,4,11.0434,12.0434,13.0434,14.0,True,True,False,False,9.0434,8.0434,7.0434,5.0434,True,False,False,False
val_tune,14003541505,8,CH,"[[3.4, 6.5]]",3.1,2-5s,12.2248,True,False,12.5585,False,13.476083333333333,False,14.06,False,12.058,False,11.390666666666666,False,10.056,False,12.971291666666666,False,11.469791666666666,False,12.475083333333334,False,0.0,20,11,0.3337,64,25,4,13.2248,14.2248,15.2248,17.2248,False,False,False,False,11.2248,10.2248,9.2248,7.2248,False,False,False,False
val_tune,8189958994,3,CW,"[[47.6, 58.2]]",10.6,>=10s,51.3847,True,True,51.5515,True,52.085366666666665,True,53.08636666666666,True,51.08436666666667,True,50.48376666666667,True,50.08336666666667,True,55.321933333333334,True,45.311933333333336,False,51.5515,True,0.45,20,19,0.1668,250,104,4,52.3847,53.3847,54.3847,56.3847,True,True,True,True,50.3847,49.3847,48.3847,46.3847,True,True,True,False
val_tune,7331927796,0,CW,"[[0.0, 8.2]]",8.2,5-10s,1.2346,True,True,1.4347666666666667,True,2.0353666666666665,True,3.036366666666667,True,1.0343666666666667,True,0.4337666666666667,True,,,6.940266666666667,True,1.0677333333333334,True,1.4347666666666667,True,0.5,20,27,0.2002,70,29,4,2.2346,3.2346,4.2346,6.2346,True,True,True,True,0.2346,0.0,0.0,0.0,True,True,True,True
val_tune,4970148391,3,CW,"[[18.4, 19.9]]",1.5,<2s,13.013,True,False,13.6136,False,14.014,False,14.5145,False,12.4124,False,12.012,False,11.5115,False,14.047366666666667,False,12.946266666666666,False,13.3133,False,0.15,20,19,0.6006,99,43,4,14.013,15.013,16.013,18.013,False,False,False,False,12.013,11.013,10.013,8.013,False,False,False,False
val_tune,8531675050,6,TP,"[[1.7, 4.4]]",2.7,2-5s,0.4671,True,False,1.0343666666666667,False,1.5015,False,2.0353666666666665,True,,,,,,,1.8018,True,0.0,False,1.0343666666666667,False,0.05,20,89,0.5672,216,90,4,1.4671,2.4671,3.4671,5.4671,False,True,True,False,0.0,0.0,0.0,0.0,False,False,False,False
val_tune,8188651630,3,CW,"[[1.3, 28.0]]",26.7,>=10s,5.4667,True,True,6.066666666666666,True,7.066666666666666,True,8.066666666666666,True,4.066666666666666,True,3.066666666666667,True,2.066666666666667,True,7.266666666666667,True,4.866666666666666,True,5.666666666666667,True,0.75,20,32,0.6,77,36,4,6.4667,7.4667,8.4667,10.4667,True,True,True,True,4.4667,3.4667,2.4667,0.4667,True,True,True,False
val_tune,2782307049,6,TC,"[[11.9, 14.6]]",2.7,2-5s,7.5742,True,False,8.008,False,8.5085,False,9.009,False,7.007,False,6.373033333333334,False,6.006,False,8.775433333333334,False,4.137466666666667,False,7.874533333333333,False,0.35,20,14,0.4338,62,27,4,8.5742,9.5742,10.5742,12.5742,False,False,False,True,6.5742,5.5742,4.5742,2.5742,False,False,False,False
val_tune,8531675050,8,CW,"[[29.2, 32.3]]",3.1,2-5s,32.8662,True,False,33.06636666666667,False,33.50013333333333,False,34.067366666666665,False,32.66596666666667,False,32.06536666666667,True,31.6316,True,34.200833333333335,False,32.265566666666665,True,33.06636666666667,False,0.0,20,36,0.2002,216,90,4,33.8662,34.8662,35.8662,37.8662,False,False,False,False,31.8662,30.8662,29.8662,27.8662,True,True,True,False
val_tune,3429509208,9,CH,"[[10.2, 13.1]]",2.9,2-5s,4.9633,True,False,5.005,False,6.25625,False,7.007,False,3.75375,False,3.25325,False,2.5025,False,10.76075,True,2.5859166666666664,False,5.005,False,0.3,20,15,0.0417,51,22,4,5.9633,6.9633,7.9633,9.9633,False,False,False,False,3.9633,2.9633,1.9633,0.0,False,False,False,False
val_tune,4935987905,0,TC,"[[0.0, 14.8]]",14.8,>=10s,13.013,True,True,13.6136,True,14.014,True,15.015,False,12.4124,True,12.012,True,11.6116,True,13.279933333333334,True,10.543866666666666,True,13.5135,True,0.1,20,20,0.6006,108,41,4,14.013,15.013,16.013,18.013,True,False,False,False,12.013,11.013,10.013,8.013,True,True,True,True
val_tune,8253302563,6,TN,"[[28.5, 36.6]]",8.1,5-10s,17.5417,True,False,18.291666666666668,False,18.791666666666668,False,20.041666666666668,False,17.041666666666668,False,16.291666666666668,False,15.625,False,21.916666666666668,False,17.083333333333332,False,17.791666666666668,False,0.25,20,35,0.75,142,61,4,18.5417,19.5417,20.5417,22.5417,False,False,False,False,16.5417,15.5417,14.5417,12.5417,False,False,False,False
val_tune,4671452046,10,TN,"[[24.1, 27.2]]",3.1,2-5s,23.1231,True,False,24.024,False,24.6246,True,25.025,True,22.4224,False,22.022,False,21.021,False,23.957266666666666,False,22.655966666666668,False,23.6236,False,0.1,20,35,0.9009,175,72,4,24.1231,25.1231,26.1231,28.1231,True,True,True,False,22.1231,21.1231,20.1231,18.1231,False,False,False,False
val_tune,10127533784,5,CW,"[[16.6, 20.0]]",3.4,2-5s,13.6136,True,False,14.014014014014014,False,15.015015015015015,False,15.548882215548883,False,13.079746413079747,False,12.012012012012011,False,11.478144811478145,False,14.647981314647982,False,13.313313313313314,False,13.680347013680347,False,0.5,20,8,0.4004,70,26,4,14.6136,15.6136,16.6136,18.6136,False,False,True,True,12.6136,11.6136,10.6136,8.6136,False,False,False,False
val_tune,8811725760,0,CW,"[[0.1, 16.5]]",16.4,>=10s,18.6854,True,False,19.41941941941942,False,20.053386720053386,False,,,17.91791791791792,False,16.68335001668335,False,16.116116116116117,True,19.01901901901902,False,18.01801801801802,False,18.752085418752085,False,0.0,20,2,0.7341,66,23,4,19.6854,20.6854,21.0,21.0,False,False,False,False,17.6854,16.6854,15.6854,13.6854,False,False,True,True
val_tune,8171216955,4,CW,"[[16.8, 18]]",1.2,<2s,4.3377,True,False,4.537866666666667,False,5.038366666666667,False,6.039366666666667,False,4.037366666666666,False,3.5368666666666666,False,3.036366666666667,False,5.038366666666667,False,4.037366666666666,False,4.537866666666667,False,0.2,20,25,0.2002,75,33,4,5.3377,6.3377,7.3377,9.3377,False,False,False,False,3.3377,2.3377,1.3377,0.0,False,False,False,False
val_tune,5297811305,7,TC,"[[19.6, 23.8]]",4.2,2-5s,23.2232,True,True,23.6236,True,,,,,23.023,True,22.022,True,21.021,True,24.024,False,19.953266666666668,True,23.3233,True,1.0,20,1,0.4004,96,38,4,24.0,24.0,24.0,24.0,False,False,False,False,22.2232,21.2232,20.2232,18.2232,True,True,True,False
val_tune,3218498932,1,CW,"[[14.2, 16.8]]",2.6,2-5s,16.3163,True,True,16.449766666666665,True,17.017,False,17.384033333333335,False,16.016,True,15.6156,True,15.015,True,18.151466666666668,False,15.882533333333333,True,16.449766666666665,True,0.0,20,24,0.1335,120,50,4,17.3163,18.3163,19.3163,21.3163,False,False,False,False,15.3163,14.3163,13.3163,11.3163,True,True,False,False
val_tune,4626085492,8,CW,"[[18.0, 21.0]]",3.0,2-5s,14.3143,True,False,14.647966666666667,False,15.015,False,15.382033333333334,False,14.014,False,13.5135,False,13.013,False,15.548866666666667,False,13.747066666666667,False,14.381033333333333,False,0.5,20,10,0.3337,86,35,4,15.3143,16.3143,17.3143,19.3143,False,False,False,True,13.3143,12.3143,11.3143,9.3143,False,False,False,False
val_tune,3375218204,11,TN,"[[67.5, 70.9]]",3.4,2-5s,70.7707,True,True,71.071,False,72.072,False,73.073,False,70.07,True,69.6696,True,69.069,True,71.10436666666666,False,70.43703333333333,True,70.93753333333333,False,0.0,20,6,0.3003,299,118,4,71.7707,72.7707,73.7707,75.0,False,False,False,False,69.7707,68.7707,67.7707,65.7707,True,True,True,False
val_tune,4151403382,7,TN,"[[39.8, 43.8]]",4.0,2-5s,55.055,True,False,55.5555,False,56.056,False,56.6566,False,54.4544,False,54.054,False,53.5535,False,56.122733333333336,False,54.98826666666667,False,55.5555,False,0.0,20,13,0.5005,252,107,4,56.055,57.055,58.055,60.055,False,False,False,False,54.055,53.055,52.055,50.055,False,False,False,False
val_tune,3897746373,6,CW,"[[3.2, 7.4]]",4.2,2-5s,12.012,True,False,12.379033333333334,False,13.013,False,,,11.011,False,10.543866666666666,False,10.01,False,13.179833333333333,False,10.710700000000001,False,12.379033333333334,False,0.0,20,2,0.367,54,21,4,13.0,13.0,13.0,13.0,False,False,False,False,11.012,10.012,9.012,7.012,False,False,False,True
val_tune,2871995580,9,CH,"[[65.8, 69.3], [80.8, 82.5]]",5.2,5-10s,57.624,True,False,58.058,False,59.059,False,59.426,False,57.057,False,56.589,False,56.056,False,61.12841253791709,False,56.924165824064715,False,57.891,False,0.15,20,42,0.434,361,131,4,58.624,59.624,60.624,62.624,False,False,False,False,56.624,55.624,54.624,52.624,False,False,False,False
val_tune,4949582792,7,CW,"[[70.6, 78.8]]",8.2,5-10s,9.009,True,False,9.6096,False,10.01,False,10.6106,False,8.008,False,7.6076,False,7.007,False,9.743066666666667,False,7.574233333333334,False,9.2092,False,0.15,20,132,0.6006,353,148,4,10.009,11.009,12.009,14.009,False,False,False,False,8.009,7.009,6.009,4.009,False,False,False,False
val_tune,3164519967,6,TN,"[[17.9, 24.0]]",6.1,5-10s,32.032,True,False,33.033,False,33.5335,False,34.034,False,31.031,False,30.4304,False,30.03,False,32.49913333333333,False,31.898533333333333,False,32.3323,False,0.0,20,6,1.001,146,57,4,33.032,34.032,35.032,36.0,False,False,False,False,31.032,30.032,29.032,27.032,False,False,False,False
val_tune,8330342965,4,CW,"[[9.2, 11.2], [19.4, 21.2], [24.6, 26.7], [30.9, 32.6]]",7.6,5-10s,23.9906,True,False,24.057366666666667,False,24.7247,True,25.458766666666666,True,23.5235,False,23.056366666666666,False,22.055366666666668,False,26.059366666666666,True,21.254566666666665,False,24.057366666666667,False,0.1,20,30,0.0667,176,69,4,24.9906,25.9906,26.9906,28.9906,True,True,False,False,22.9906,21.9906,20.9906,18.9906,False,False,True,False
val_tune,3741143820,1,CW,"[[8.3, 11]]",2.7,2-5s,0.5005,True,False,1.001,False,1.6016,False,2.002,False,0.1001,False,,,,,0.9342666666666667,False,0.0,False,1.001,False,0.05,20,14,0.5005,46,16,4,1.5005,2.5005,3.5005,5.5005,False,False,False,False,0.0,0.0,0.0,0.0,False,False,False,False
val_tune,3526597179,9,TC,"[[23.9, 26.9]]",3.0,2-5s,23.1231,True,False,24.024,True,24.6246,True,25.025,True,23.023,False,22.4224,False,22.022,False,24.157466666666668,True,22.689333333333334,False,23.2232,False,0.85,20,7,0.9009,108,44,4,24.1231,25.1231,26.1231,27.0,True,True,True,False,22.1231,21.1231,20.1231,18.1231,False,False,False,False
val_tune,4968805923,6,TP,"[[2.8, 5.6]]",2.8,2-5s,4.004,True,True,5.005,True,6.006,False,6.6066,False,3.6036,True,3.003,True,2.002,False,6.940266666666667,False,3.937266666666667,True,4.7047,True,0.2,20,9,1.001,43,15,4,5.004,6.004,7.004,9.004,True,False,False,False,3.004,2.004,1.004,0.0,True,False,False,False
val_tune,5498331490,0,TP,"[[0.4, 18.5]]",18.1,>=10s,81.2917,True,False,82.08333333333333,False,82.54166666666667,False,83.5,False,80.04166666666667,False,78.79166666666667,False,78.04166666666667,False,83.25,False,80.54166666666667,False,81.54166666666667,False,0.0,20,12,0.7917,288,112,4,82.2917,83.2917,84.2917,86.2917,False,False,False,False,80.2917,79.2917,78.2917,76.2917,False,False,False,False
val_tune,5833145209,3,CH,"[[10.2, 11.8]]",1.6,<2s,11.3447,True,True,11.644966666666667,True,12.045366666666666,False,12.645966666666666,False,11.044366666666667,True,10.543866666666666,True,10.043366666666667,False,11.945266666666667,False,9.876533333333333,False,11.644966666666667,True,0.05,20,10,0.3003,68,30,4,12.3447,13.3447,14.3447,16.3447,False,False,False,False,10.3447,9.3447,8.3447,6.3447,True,False,False,False
val_tune,2584172238,4,TN,"[[6.0, 10.5]]",4.5,2-5s,9.7598,True,True,10.01,True,11.26125,False,12.012,False,8.75875,True,8.25825,True,7.5075,True,15.598916666666666,False,9.426083333333333,True,9.884875,True,0.05,20,29,0.2502,96,42,4,10.7598,11.7598,12.7598,14.7598,False,False,False,False,8.7598,7.7598,6.7598,4.7598,True,True,True,False
val_tune,4671452046,9,TC,"[[28.2, 31.3]]",3.1,2-5s,30.8308,True,True,31.031,True,31.6316,False,32.032,False,30.4304,True,30.03,True,29.029,True,31.06436666666667,True,29.162466666666667,True,31.031,True,0.0,20,24,0.2002,175,72,4,31.8308,32.8308,33.8308,35.8308,False,False,False,False,29.8308,28.8308,27.8308,25.8308,True,True,False,False
val_tune,5256928210,3,TN,"[[17.1, 20]]",2.9,2-5s,4.004,True,False,5.005,False,5.4054,False,6.006,False,3.6036,False,3.003,False,2.6026,False,5.6723333333333334,False,2.6693333333333333,False,4.2042,False,0.15,20,24,1.001,82,32,4,5.004,6.004,7.004,9.004,False,False,False,False,3.004,2.004,1.004,0.0,False,False,False,False
val_tune,6621511673,7,CW,"[[18.2, 90.0]]",71.8,>=10s,29.8298,True,True,30.063366666666667,True,30.4304,True,31.06436666666667,True,29.6296,True,29.062366666666666,True,28.061366666666668,True,30.964266666666667,True,28.361666666666668,True,30.063366666666667,True,1.0,20,93,0.2336,360,138,4,30.8298,31.8298,32.8298,34.8298,True,True,True,True,28.8298,27.8298,26.8298,24.8298,True,True,True,True
val_tune,5070310138,4,TN,"[[29.6, 32.7]]",3.1,2-5s,32.8328,True,False,33.033,False,34.034,False,34.6346,False,32.4324,True,32.032,True,31.6316,True,33.96726666666667,False,31.96526666666667,True,33.033,False,0.0,20,39,0.2002,216,89,4,33.8328,34.8328,35.8328,37.8328,False,False,False,False,31.8328,30.8328,29.8328,27.8328,True,True,True,False
val_tune,3830567237,5,CH,"[[14.9, 18.4]]",3.5,2-5s,12.012,True,False,13.013,False,13.6136,False,14.014,False,11.011,False,10.6106,False,10.01,False,12.345666666666666,False,10.944266666666667,False,12.2122,False,0.4,20,19,1.001,96,38,4,13.012,14.012,15.012,17.012,False,False,True,True,11.012,10.012,9.012,7.012,False,False,False,False
val_tune,3303565503,4,CW,"[[6.1, 15.3]]",9.2,5-10s,22.5225,True,False,22.6226,False,23.023,False,24.024,False,22.022,False,21.6216,False,21.021,False,22.956266666666668,False,20.954266666666665,False,22.6226,False,0.0,20,24,0.1001,150,60,4,23.5225,24.5225,25.5225,27.5225,False,False,False,False,21.5225,20.5225,19.5225,17.5225,False,False,False,False
val_tune,3121571439,2,CW,"[[38.4, 39.5]]",1.1,<2s,38.8388,True,True,39.039,True,40.04,False,,,38.6386,True,38.038,False,37.6376,False,40.440400000000004,False,37.90453333333333,False,38.9389,True,0.45,20,2,0.2002,163,65,4,39.8388,40.0,40.0,40.0,False,False,False,False,37.8388,36.8388,35.8388,33.8388,False,False,False,False
val_tune,4825843801,4,TN,"[[17.1, 18.4]]",1.3,<2s,18.7688,True,False,19.5195,False,20.02,False,20.645625,False,18.059708333333333,True,17.5175,True,16.850166666666667,False,19.102416666666667,False,17.600916666666667,True,18.935583333333334,False,0.0,20,14,0.7508,95,40,4,19.7688,20.7688,21.7688,23.7688,False,False,False,False,17.7688,16.7688,15.7688,13.7688,True,False,False,False
val_tune,4949582792,6,TC,"[[33.6, 44.5]]",10.9,>=10s,73.8738,True,False,74.074,False,75.075,False,75.5755,False,73.073,False,72.4724,False,72.072,False,74.40766666666667,False,73.10636666666667,False,74.074,False,0.0,20,27,0.2002,353,148,4,74.8738,75.8738,76.8738,78.8738,False,False,False,False,72.8738,71.8738,70.8738,68.8738,False,False,False,False
val_tune,2726497009,5,CW,"[[22.8, 26.1]]",3.3,2-5s,50.05,True,False,50.517133333333334,False,51.051,False,51.58486666666667,False,49.48276666666667,False,49.049,False,48.048,False,50.4504,False,48.81543333333333,False,50.517133333333334,False,0.0,20,5,0.4671,211,88,4,51.05,52.05,53.0,53.0,False,False,False,False,49.05,48.05,47.05,45.05,False,False,False,False
val_tune,5521781780,4,TN,"[[65.2, 70.0]]",4.8,2-5s,54.688,True,False,55.088366666666666,False,55.5555,False,56.08936666666666,False,54.08736666666667,False,53.08636666666666,False,52.519133333333336,False,56.92353333333333,False,53.98726666666667,False,54.82143333333333,False,0.2,20,56,0.4004,361,138,4,55.688,56.688,57.688,59.688,False,False,False,False,53.688,52.688,51.688,49.688,False,False,False,False
val_tune,2400171624,7,TN,"[[13.7, 14.7], [21.3, 22.5]]",2.2,2-5s,17.017,True,False,18.018,False,19.019,False,19.552,False,16.549,False,16.016,False,15.548,False,17.250758341759354,False,16.183013144590497,False,17.117,False,0.0,20,23,1.001,135,50,4,18.017,19.017,20.017,22.017,False,False,False,True,16.017,15.017,14.017,12.017,False,False,True,False
val_tune,8388104887,3,TN,"[[10.6, 16.3], [29.1, 33.6]]",10.2,>=10s,0.5672,True,False,1.0343666666666667,False,1.4347666666666667,False,2.0353666666666665,False,0.23356666666666667,False,,,,,6.439766666666666,False,0.0,False,1.0343666666666667,False,0.25,20,65,0.4671,178,66,4,1.5672,2.5672,3.5672,5.5672,False,False,False,False,0.0,0.0,0.0,0.0,False,False,False,False
val_tune,5879651428,0,CW,"[[0.0, 1.5]]",1.5,<2s,3.003,True,False,3.036366666666667,False,3.4367666666666667,False,4.037366666666666,False,2.6359666666666666,False,2.0353666666666665,False,1.0343666666666667,True,4.637966666666666,False,2.8695333333333335,False,3.036366666666667,False,0.0,20,105,0.0334,360,109,4,4.003,5.003,6.003,8.003,False,False,False,False,2.003,1.003,0.003,0.0,False,True,True,True
val_tune,5145526755,8,TN,"[[8.7, 16.9]]",8.2,5-10s,36.6366,True,False,37.037,False,37.6376,False,38.038,False,36.036,False,35.5355,False,35.035,False,36.97026666666667,False,36.20283333333333,False,36.903533333333336,False,0.0,20,36,0.4004,224,96,4,37.6366,38.6366,39.6366,41.6366,False,False,False,False,35.6366,34.6366,33.6366,31.6366,False,False,False,False
val_tune,2442307875,5,TC,"[[49.1, 51.0]]",1.9,<2s,5.1,True,False,6.0,False,7.3,False,9.0,False,3.0,False,1.3,False,,,5.8,False,4.3,False,5.4,False,0.0,20,28,0.9,70,30,4,6.1,7.1,8.1,10.1,False,False,False,False,4.1,3.1,2.1,0.1,False,False,False,False
val_tune,4419096437,3,TN,"[[6.2, 13.7]]",7.5,5-10s,22.3223,True,False,22.5225,False,23.023,False,23.490133333333333,False,22.022,False,21.5215,False,21.021,False,22.689333333333334,False,21.588233333333335,False,22.4224,False,0.0,20,51,0.2002,212,83,4,23.3223,24.3223,25.3223,27.3223,False,False,False,False,21.3223,20.3223,19.3223,17.3223,False,False,False,False
val_tune,9498159305,2,CW,"[[9.1, 14.6]]",5.5,5-10s,0.9343,True,False,1.001001001001001,False,1.5348682015348682,False,2.9029029029029028,False,0.6006006006006006,False,0.0667334000667334,False,,,1.4681348014681348,False,0.26693360026693363,False,1.001001001001001,False,0.0,20,56,0.0667,152,58,4,1.9343,2.9343,3.9343,5.9343,False,False,False,False,0.0,0.0,0.0,0.0,False,False,False,False
val_tune,6642268693,1,CW,"[[13.3, 18.0]]",4.7,2-5s,25.6,True,False,25.72,False,26.68,False,27.28,False,24.76,False,24.28,False,23.56,False,25.84,False,24.64,False,25.72,False,0.0,20,24,0.12,154,54,4,26.6,27.6,28.6,30.6,False,False,False,False,24.6,23.6,22.6,20.6,False,False,False,False
val_tune,3383804222,1,CW,"[[21.8, 25.9]]",4.1,2-5s,13.7637,True,False,14.5145,False,15.015,False,15.598916666666666,False,13.096416666666666,False,12.5125,False,11.720041666666667,False,15.432083333333333,False,12.345666666666666,False,13.888875,False,0.15,20,38,0.7508,134,57,4,14.7637,15.7637,16.7638,18.7638,False,False,False,False,12.7637,11.7637,10.7637,8.7637,False,False,False,False
val_tune,3340340268,0,TC,"[[0.3, 8.0]]",7.7,5-10s,21.2212,True,False,21.3213,False,22.022,False,22.5225,False,20.5205,False,20.02,False,19.652966666666668,False,23.089733333333335,False,20.587233333333334,False,21.3213,False,0.0,20,33,0.1001,172,67,4,22.2212,23.2212,24.2212,26.2212,False,False,False,False,20.2212,19.2212,18.2212,16.2212,False,False,False,False
val_tune,5235909148,6,CW,"[[9.7, 11.8]]",2.1,2-5s,0.4671,True,False,1.001,False,2.002,False,3.003,False,,,,,,,1.0343666666666667,False,0.0,False,0.6673333333333333,False,0.2,20,19,0.5339,48,20,4,1.4671,2.4671,3.4671,5.4671,False,False,False,False,0.0,0.0,0.0,0.0,False,False,False,False
val_tune,6244675392,7,TC,"[[8.5, 15.6], [19.1, 23.2], [25.2, 27.2], [29.2, 30.9], [33.4, 37.7], [38.9, 47.7]]",28.0,>=10s,47.4667,True,True,48.06666666666667,False,48.86666666666667,False,50.06666666666667,False,47.06666666666667,True,46.06666666666667,True,45.266666666666666,True,47.53333333333333,True,46.666666666666664,True,48.06666666666667,False,0.0,20,12,0.6,120,54,4,48.4667,49.4667,50.4667,52.4667,False,False,False,False,46.4667,45.4667,44.4667,42.4667,True,True,True,True
val_tune,6413546609,4,TC,"[[8.7, 9.8]]",1.1,<2s,29.029,True,False,29.062366666666666,False,29.5295,False,30.063366666666667,False,28.061366666666668,False,27.060366666666667,False,26.559866666666668,False,29.062366666666666,False,27.961266666666667,False,29.062366666666666,False,0.0,20,31,0.0334,190,72,4,30.029,31.029,32.029,34.029,False,False,False,False,28.029,27.029,26.029,24.029,False,False,False,False
val_tune,5433090067,4,CH,"[[5.1, 12.8]]",7.7,5-10s,0.8342,True,False,1.0343666666666667,False,1.6349666666666667,False,2.0353666666666665,False,0.23356666666666667,False,,,,,1.0343666666666667,False,0.0,False,0.9342666666666667,False,0.25,20,31,0.2002,90,32,4,1.8342,2.8342,3.8342,5.8342,False,False,False,True,0.0,0.0,0.0,0.0,False,False,False,False
val_tune,5229476012,0,CW,"[[0.4, 4.1]]",3.7,2-5s,10.644,True,False,11.011,False,12.012,False,13.013,False,10.577233333333334,False,9.776433333333333,False,9.2092,False,11.244566666666667,False,10.6106,False,10.944266666666667,False,0.0,20,21,0.367,108,37,4,11.644,12.644,13.644,15.644,False,False,False,False,9.644,8.644,7.644,5.644,False,False,False,False
val_tune,7416295940,11,CW,"[[32.3, 35.3]]",3.0,2-5s,30.2636,True,False,30.363666666666667,False,30.7307,False,31.7317,False,29.7297,False,29.3293,False,28.7287,False,30.6306,False,29.996633333333335,False,30.363666666666667,False,0.05,20,76,0.1001,351,122,4,31.2636,32.2636,33.2636,35.2636,False,False,True,True,29.2636,28.2636,27.2636,25.2636,False,False,False,False
val_tune,5296635780,4,TN,"[[0.6, 5.0]]",4.4,2-5s,11.7117,True,False,12.012,False,12.6126,False,13.013,False,11.5115,False,11.011,False,10.5105,False,12.946266666666666,False,9.442766666666667,False,12.012,False,0.0,20,18,0.3003,88,35,4,12.7117,13.7117,14.7117,16.7117,False,False,False,False,10.7117,9.7117,8.7117,6.7117,False,False,False,False
val_tune,5679866364,4,TN,"[[3.4, 8.2]]",4.8,2-5s,8.0414,True,True,8.441766666666666,False,9.042366666666666,False,9.6096,False,7.440766666666667,True,7.040366666666666,True,6.439766666666666,True,9.042366666666666,False,7.040366666666666,True,8.441766666666666,False,0.0,20,30,0.4004,100,43,4,9.0414,10.0414,11.0414,13.0414,False,False,False,False,7.0414,6.0414,5.0414,3.0414,True,True,True,False
val_tune,4603484665,6,CH,"[[29.0, 42.3]]",13.3,>=10s,33.4918,True,True,33.78375,True,34.5345,True,35.035,True,33.033,True,32.5325,True,32.032,True,36.61991666666666,True,32.449083333333334,True,33.575208333333336,True,0.8,20,14,0.292,140,62,4,34.4918,35.4918,36.4918,38.4918,True,True,True,True,32.4918,31.4918,30.4918,28.4918,True,True,True,False
val_tune,5498331490,7,TC,"[[63.9, 89.8]]",25.9,>=10s,67.9167,True,True,68.79166666666667,True,70.04166666666667,True,70.66666666666667,True,67.54166666666667,True,66.29166666666667,True,65.54166666666667,True,69.04166666666667,True,67.41666666666667,True,68.66666666666667,True,1.0,20,27,0.875,288,112,4,68.9167,69.9167,70.9167,72.9167,True,True,True,True,66.9167,65.9167,64.9167,62.9167,True,True,True,False
val_tune,8811725760,9,CW,"[[12.4, 17.9]]",5.5,5-10s,12.7794,True,True,13.179846513179847,True,13.74708041374708,True,14.180847514180847,True,12.679346012679346,True,12.178845512178846,False,8.341675008341674,False,14.68134801468135,True,11.144477811144478,False,12.879546212879546,True,0.65,20,12,0.4004,66,23,4,13.7794,14.7794,15.7794,17.7794,True,True,True,True,11.7794,10.7794,9.7794,7.7794,False,False,False,False
val_tune,3851913128,1,CW,"[[50.7, 58.9]]",8.2,5-10s,16.1161,True,False,17.017,False,18.018,False,19.019,False,16.016,False,15.015,False,14.014,False,17.250566666666668,False,14.948266666666667,False,16.7167,False,0.05,20,70,0.9009,299,96,4,17.1161,18.1161,19.1161,21.1161,False,False,False,False,15.1161,14.1161,13.1161,11.1161,False,False,False,False
val_tune,5987365500,2,CW,"[[18.8, 23.8]]",5.0,5-10s,21.3547,True,True,21.554866666666666,True,22.055366666666668,True,22.555866666666667,True,21.054366666666667,True,20.553866666666668,True,20.053366666666665,True,23.056366666666666,True,19.953266666666668,True,21.554866666666666,True,1.0,20,5,0.2002,96,44,4,22.3547,23.3547,24.0,24.0,True,True,False,False,20.3547,19.3547,18.3547,16.3547,True,True,False,False
val_tune,2726497009,7,CH,"[[37.8, 50.4]]",12.6,>=10s,20.6873,True,False,21.021,False,21.588233333333335,False,22.022,False,20.02,False,19.019,False,18.651966666666667,False,20.854166666666668,False,19.953266666666668,False,20.787433333333333,False,0.3,20,53,0.3337,211,88,4,21.6873,22.6873,23.6873,25.6873,False,False,False,False,19.6873,18.6873,17.6873,15.6873,False,False,False,False
val_tune,7786283208,8,TN,"[[4.0, 6.4]]",2.4,2-5s,14.648,True,False,15.048366666666666,False,16.049366666666668,False,16.549866666666667,False,14.047366666666667,False,13.446766666666667,False,13.046366666666666,False,15.048366666666666,False,14.080733333333333,False,14.848166666666666,False,0.0,20,10,0.4004,86,31,4,15.648,16.648,17.648,19.648,False,False,False,False,13.648,12.648,11.648,9.648,False,False,False,False
val_tune,3711681535,2,CW,"[[13.0, 15.1]]",2.1,2-5s,4.004,True,False,4.6046,False,5.005,False,6.006,False,3.6036,False,3.003,False,2.5025,False,5.038366666666667,False,1.9352666666666667,False,4.6046,False,0.05,20,50,0.6006,144,58,4,5.004,6.004,7.004,9.004,False,False,False,False,3.004,2.004,1.004,0.0,False,False,False,False
val_tune,5854324479,4,CW,"[[16.8, 21.7]]",4.9,2-5s,9.8015,True,False,10.051708333333334,False,10.552208333333333,False,11.302958333333333,False,8.800458333333333,False,8.174833333333334,False,7.5492083333333335,False,10.176833333333333,False,9.426083333333333,False,9.926583333333333,False,0.5,20,14,0.2503,70,26,4,10.8015,11.8015,12.8015,14.8015,False,False,False,False,8.8015,7.8015,6.8015,4.8015,False,False,False,False
val_tune,7288107396,6,CW,"[[6.7, 10.3]]",3.6,2-5s,12.9296,True,False,13.304958333333333,False,14.055708333333333,False,14.681333333333333,False,12.554208333333333,False,11.803458333333333,False,11.302958333333333,False,17.726041666666667,False,12.387374999999999,False,13.054708333333334,False,0.0,20,11,0.3754,68,28,4,13.9296,14.9296,15.9296,17.9296,False,False,False,False,11.9296,10.9296,9.9296,7.9296,False,False,True,True
val_tune,4199369046,3,CW,"[[23.8, 57]]",33.2,>=10s,41.041,True,True,41.4414,True,42.042,True,43.043,True,40.6406,True,40.04,True,39.5395,True,41.67496666666667,True,40.673966666666665,True,41.2412,True,1.0,20,24,0.4004,230,96,4,42.041,43.041,44.041,46.041,True,True,True,True,40.041,39.041,38.041,36.041,True,True,True,True
val_tune,3508459605,3,CW,"[[60.4, 63.6]]",3.2,2-5s,21.6883,True,False,22.022,False,22.6226,False,23.023,False,21.554866666666666,False,21.021,False,20.02,False,22.922900000000002,False,20.820800000000002,False,22.022,False,0.1,20,112,0.3337,348,152,4,22.6883,23.6883,24.6883,26.6883,False,False,False,False,20.6883,19.6883,18.6883,16.6883,False,False,False,False
val_tune,8224492254,9,TN,"[[12.9, 15.0], [28.1, 29.5]]",3.5,2-5s,18.04,True,False,18.52,False,19.24,False,20.44,False,16.84,False,16.12,False,15.64,False,19.12,False,17.92,False,18.52,False,0.05,20,26,0.48,131,49,4,19.04,20.04,21.04,23.04,False,False,False,False,17.04,16.04,15.04,13.04,False,False,False,True
val_tune,3303565503,9,TC,"[[19.5, 28.7]]",9.2,5-10s,36.036,True,False,37.037,False,,,,,35.5355,False,35.035,False,34.4344,False,36.56986666666667,False,34.968266666666665,False,36.2362,False,0.0,20,1,1.001,150,60,4,37.0,37.0,37.0,37.0,False,False,False,False,35.036,34.036,33.036,31.036,False,False,False,False
val_tune,7149153537,8,TC,"[[18.1, 25.2]]",7.1,5-10s,27.0604,True,False,28.061366666666668,False,29.062366666666666,False,30.063366666666667,False,26.659966666666666,False,26.059366666666666,False,25.658966666666668,False,27.394033333333333,False,26.493133333333333,False,27.160466666666668,False,0.0,20,27,1.001,186,72,4,28.0604,29.0604,30.0604,32.0604,False,False,False,False,26.0604,25.0604,24.0604,22.0604,False,True,True,True
val_tune,3821781616,3,CW,"[[17.4, 21.8]]",4.4,2-5s,9.9099,True,False,10.01,False,11.011,False,11.4114,False,9.009,False,8.008,False,7.4074,False,10.710700000000001,False,9.442766666666667,False,9.976633333333334,False,0.4,20,24,0.1001,100,38,4,10.9099,11.9099,12.9099,14.9099,False,False,False,False,8.9099,7.9099,6.9099,4.9099,False,False,False,False
val_tune,2435100235,4,CW,"[[37.0, 44.2]]",7.2,5-10s,34.401,True,False,35.00163333333333,False,35.50213333333333,False,36.002633333333335,False,34.00063333333333,False,33.40003333333333,False,32.999633333333335,False,35.268566666666665,False,33.466766666666665,False,35.00163333333333,False,0.1,20,50,0.6006,256,107,4,35.401,36.401,37.401,39.401,False,False,True,True,33.401,32.401,31.401,29.401,False,False,False,False
val_tune,6239210933,4,CH,"[[28.8, 32.5]]",3.7,2-5s,9.4428,True,False,10.043366666666667,False,10.643966666666667,False,11.044366666666667,False,9.042366666666666,False,8.541866666666667,False,8.041366666666667,False,10.076733333333333,False,8.942266666666667,False,9.843166666666667,False,0.15,20,42,0.6006,138,60,4,10.4428,11.4428,12.4428,14.4428,False,False,False,False,8.4428,7.4428,6.4428,4.4428,False,False,False,False
val_tune,5406108447,6,TN,"[[4.1, 7.7], [11.2, 14.3], [18.2, 21.7], [27.1, 31.8], [37.9, 42.1]]",19.1,>=10s,21.5549,True,True,22.055366666666668,False,23.056366666666666,False,24.057366666666667,False,21.054366666666667,True,20.053366666666665,True,19.452766666666665,True,22.689333333333334,False,20.387033333333335,True,21.654966666666667,True,0.4,20,29,0.5005,179,64,4,22.5549,23.5549,24.5549,26.5549,False,False,False,False,20.5549,19.5549,18.5549,16.5549,True,True,True,False
val_tune,6143391925,2,CW,"[[26.6, 28.9]]",2.3,2-5s,15.3153,True,False,15.582233333333333,False,16.049366666666668,False,17.050366666666665,False,15.048366666666666,False,14.447766666666666,False,14.047366666666667,False,15.9159,False,14.881533333333334,False,15.582233333333333,False,0.05,20,37,0.2669,162,59,4,16.3153,17.3153,18.3153,20.3153,False,False,False,False,14.3153,13.3153,12.3153,10.3153,False,False,False,False
val_tune,6690256857,1,CW,"[[0.6, 5.9]]",5.3,5-10s,5.0384,True,True,6.039366666666667,False,7.040366666666666,False,7.440766666666667,False,4.037366666666666,True,3.036366666666667,True,2.0353666666666665,True,6.2729333333333335,False,4.037366666666666,True,5.338666666666667,True,0.0,20,10,1.001,47,16,4,6.0384,7.0384,8.0384,10.0384,False,False,False,False,4.0384,3.0384,2.0384,0.0384,True,True,True,False
val_tune,4978714491,4,CH,"[[31.0, 33.8]]",2.8,2-5s,30.03,True,False,31.031,True,31.898533333333333,True,32.29893333333333,True,29.496133333333333,False,29.029,False,28.561866666666667,False,35.96926666666667,False,28.1281,False,30.196833333333334,False,0.4,20,16,1.001,160,66,4,31.03,32.03,33.03,35.03,True,True,True,False,29.03,28.03,27.03,25.03,False,False,False,False
val_tune,3218498932,2,CW,"[[2.9, 12.2]]",9.3,5-10s,17.7844,True,False,18.018,False,19.019,False,19.486133333333335,False,17.384033333333335,False,17.017,False,16.449766666666665,False,18.151466666666668,False,15.882533333333333,False,17.984633333333335,False,0.0,20,21,0.2336,120,50,4,18.7844,19.7844,20.7844,22.7844,False,False,False,False,16.7844,15.7844,14.7844,12.7844,False,False,False,False
val_tune,5173770364,5,TC,"[[21.8, 28.1]]",6.3,5-10s,41.6416,True,False,42.042,False,43.043,False,43.6436,False,41.041,False,40.4404,False,40.04,False,43.71033333333333,False,40.507133333333336,False,42.042,False,0.0,20,62,0.4004,320,127,4,42.6416,43.6416,44.6416,46.6416,False,False,False,False,40.6416,39.6416,38.6416,36.6416,False,False,False,False
val_tune,12392885583,0,CW,"[[0.0, 6.3]]",6.3,5-10s,14.1475,True,False,14.781433333333334,False,15.181833333333334,False,15.582233333333333,False,13.580233333333334,False,13.1131,False,12.178833333333333,False,14.681333333333333,False,13.780433333333333,False,14.581233333333333,False,0.0,20,25,0.634,110,43,4,15.1475,16.1475,17.1475,19.1475,False,False,False,False,13.1475,12.1475,11.1475,9.1475,False,False,False,False
val_tune,7114553643,4,TN,"[[30.6, 49.2]]",18.6,>=10s,44.9449,True,True,45.07836666666667,True,45.478766666666665,True,46.079366666666665,True,44.07736666666667,True,43.076366666666665,True,42.57586666666667,True,45.478766666666665,True,43.977266666666665,True,45.045,True,0.1,20,37,0.1335,264,117,4,45.9449,46.9449,47.9449,49.9449,True,True,True,False,43.9449,42.9449,41.9449,39.9449,True,True,True,True
val_tune,7308042410,1,CW,"[[11.6, 23.9]]",12.3,>=10s,13.013,True,True,13.046366666666666,True,13.646966666666666,True,14.047366666666667,True,12.045366666666666,True,11.644966666666667,True,11.044366666666667,False,16.883533333333332,True,10.944266666666667,False,13.046366666666666,True,0.4,20,32,0.0334,137,47,4,14.013,15.013,16.013,18.013,True,True,True,True,12.013,11.013,10.013,8.013,True,False,False,False
val_tune,6233408665,3,CW,"[[67.7, 68.9]]",1.2,<2s,13.7137,True,False,14.047366666666667,False,14.447766666666666,False,15.048366666666666,False,13.4134,False,13.046366666666666,False,12.445766666666668,False,14.948266666666667,False,11.945266666666667,False,14.047366666666667,False,0.0,20,106,0.3337,300,131,4,14.7137,15.7137,16.7137,18.7137,False,False,False,False,12.7137,11.7137,10.7137,8.7137,False,False,False,False
val_tune,4485498145,6,TN,"[[14.7, 16.6]]",1.9,<2s,1.9686,True,False,2.002,False,2.435766666666667,False,3.003,False,1.001,False,0.4337666666666667,False,,,3.5368666666666666,False,0.0,False,2.002,False,0.2,20,22,0.0334,67,24,4,2.9686,3.9686,4.9686,6.9686,False,False,False,False,0.9686,0.0,0.0,0.0,False,False,False,False
val_tune,3121571439,5,TC,"[[1.9, 3.6]]",1.7,<2s,26.9269,True,False,27.027,False,28.028,False,28.6286,False,26.026,False,25.6256,False,25.025,False,26.960266666666666,False,25.792433333333335,False,27.027,False,0.0,20,23,0.1001,163,65,4,27.9269,28.9269,29.9269,31.9269,False,False,False,False,25.9269,24.9269,23.9269,21.9269,False,False,False,False
val_tune,6300775954,8,TN,"[[0.0, 3.2]]",3.2,2-5s,25.0584,True,False,25.558866666666667,False,26.059366666666666,False,26.459766666666667,False,24.457766666666668,False,24.057366666666667,False,23.456766666666667,False,25.592233333333333,False,24.491133333333334,False,25.558866666666667,False,0.0,20,56,0.5005,232,94,4,26.0584,27.0584,28.0584,30.0584,False,False,False,False,24.0584,23.0584,22.0584,20.0584,False,False,False,False
val_tune,7223854838,8,CW,"[[4.3, 9.0]]",4.7,2-5s,14.4583,True,False,15.041666666666666,False,15.666666666666666,False,16.291666666666668,False,14.333333333333334,False,13.791666666666666,False,12.541666666666666,False,15.041666666666666,False,14.0,False,14.583333333333334,False,0.0,20,3,0.5833,56,23,4,15.4583,16.4583,17.0,17.0,False,False,False,False,13.4583,12.4583,11.4583,9.4583,False,False,False,False
val_tune,8330342965,6,TC,"[[0.2, 4.8]]",4.6,2-5s,25.3587,True,False,25.458766666666666,False,26.059366666666666,False,27.060366666666667,False,24.7247,False,24.057366666666667,False,23.5235,False,26.059366666666666,False,21.254566666666665,False,25.458766666666666,False,0.0,20,28,0.1001,176,69,4,26.3587,27.3587,28.3587,30.3587,False,False,False,False,24.3587,23.3587,22.3587,20.3587,False,False,False,False
val_tune,7786283208,4,TN,"[[18.9, 21]]",2.1,2-5s,4.0374,True,False,5.038366666666667,False,5.438766666666667,False,6.039366666666667,False,3.036366666666667,False,2.0353666666666665,False,1.0343666666666667,False,4.070733333333333,False,3.036366666666667,False,4.337666666666666,False,0.1,20,26,1.001,86,31,4,5.0374,6.0374,7.0374,9.0374,False,False,False,False,3.0374,2.0374,1.0374,0.0,False,False,False,False
val_tune,2599937944,1,CW,"[[0.0, 8.3]]",8.3,5-10s,2.769,True,True,3.003,True,3.436,True,4.004,True,2.002,True,1.468,True,1.001,True,3.5369059656218402,True,2.5692618806875633,True,3.003,True,0.5,20,17,0.234,62,22,4,3.769,4.769,5.769,7.769,True,True,True,True,1.769,0.769,0.0,0.0,True,True,True,True
val_tune,4217422838,8,TN,"[[28.4, 41.6]]",13.2,>=10s,3.003,True,False,3.75375,False,4.379375,False,5.005,False,2.5025,False,2.002,False,1.25125,False,4.921583333333333,False,2.419083333333333,False,3.5035,False,0.3,20,68,0.7508,169,72,4,4.003,5.003,6.003,8.003,False,False,False,False,2.003,1.003,0.003,0.0,False,False,False,False
val_tune,5875242364,0,TC,"[[0.2, 7.3]]",7.1,5-10s,4.0374,True,True,4.537866666666667,True,5.038366666666667,True,5.438766666666667,True,3.5368666666666666,True,3.036366666666667,True,2.6359666666666666,True,4.671333333333333,True,3.370033333333333,True,4.137466666666667,True,0.25,20,17,0.5005,59,26,4,5.0374,6.0374,7.0374,9.0374,True,True,True,False,3.0374,2.0374,1.0374,0.0,True,True,True,False
val_tune,4333544549,4,CH,"[[18.2, 21.6]]",3.4,2-5s,3.7037,True,False,4.004,False,5.005,False,6.006,False,3.5035,False,3.003,False,2.5025,False,4.437766666666667,False,2.9362666666666666,False,4.004,False,0.1,20,58,0.3003,143,66,4,4.7037,5.7037,6.7037,8.7037,False,False,False,False,2.7037,1.7037,0.7037,0.0,False,False,False,False
val_tune,3164519967,0,CW,"[[19.6, 24.1]]",4.5,2-5s,17.2172,True,False,18.018,False,18.4184,False,19.019,False,17.017,False,16.6166,False,16.016,False,17.384033333333335,False,16.783433333333335,False,17.8178,False,0.2,20,28,0.8008,146,57,4,18.2172,19.2172,20.2172,22.2172,False,False,True,True,16.2172,15.2172,14.2172,12.2172,False,False,False,False
val_tune,5205081904,7,TN,"[[4.6, 7.1]]",2.5,2-5s,5.9059,True,True,6.006,True,6.5065,True,7.007,True,5.4054,True,5.005,True,4.5045,False,6.039366666666667,True,5.038366666666667,True,6.006,True,0.1,20,27,0.1001,84,38,4,6.9059,7.9059,8.9059,10.9059,True,False,False,False,4.9059,3.9059,2.9059,0.9059,True,False,False,False
val_tune,4674481985,9,TC,"[[7.2, 13.0]]",5.8,5-10s,19.7197,True,False,20.02,False,20.6206,False,21.021,False,19.019,False,18.4184,False,18.018,False,21.855166666666666,False,11.845166666666668,True,19.9199,False,0.0,20,8,0.3003,99,41,4,20.7197,21.7197,22.7197,24.0,False,False,False,False,18.7197,17.7197,16.7197,14.7197,False,False,False,False
val_tune,5623068492,1,CW,"[[0.2, 4.6], [7.0, 11.1], [13.0, 21.3], [22.8, 26.9], [27.6, 37.1], [39.4, 50.5]]",41.5,>=10s,37.0704,True,True,38.07136666666667,False,39.07236666666667,False,39.57286666666667,True,36.66996666666667,True,36.06936666666667,True,35.568866666666665,True,38.47176666666667,False,36.169466666666665,True,37.77106666666667,False,0.3,20,71,1.001,319,137,4,38.0704,39.0704,40.0704,42.0704,False,False,True,True,36.0704,35.0704,34.0704,32.0704,True,True,True,True
val_tune,5681946487,7,CH,"[[21.6, 26.2]]",4.6,2-5s,0.7341,True,False,1.0343666666666667,False,2.0353666666666665,False,2.4024,False,0.5338666666666667,False,,,,,0.9342666666666667,False,0.0,False,1.0343666666666667,False,0.1,20,46,0.3003,114,47,4,1.7341,2.7341,3.7341,5.7341,False,False,False,False,0.0,0.0,0.0,0.0,False,False,False,False
val_tune,4388652400,0,CW,"[[16.4, 22.1]]",5.7,5-10s,4.2042,True,False,5.005,False,6.006,False,6.840166666666667,False,4.004,False,3.4034,False,3.003,False,4.237566666666667,False,1.6683333333333334,False,4.3043,False,0.0,20,83,0.8008,239,89,4,5.2042,6.2042,7.2042,9.2042,False,False,False,False,3.2042,2.2042,1.2042,0.0,False,False,False,False
val_tune,2623954636,3,CW,"[[4.3, 8.1], [17.6, 21.4], [25.8, 29.6]]",11.4,>=10s,13.279,True,False,13.48,False,14.014,False,14.547,False,13.013,False,12.545,False,12.012,False,14.447927199191103,False,13.179979777553084,False,13.48,False,0.35,20,33,0.201,127,56,4,14.279,15.279,16.279,18.279,False,False,False,True,12.279,11.279,10.279,8.279,False,False,False,False
val_tune,6762389913,0,CW,"[[0.0, 19.8]]",19.8,>=10s,7.4408,True,True,8.041366666666667,True,9.042366666666666,True,9.642966666666666,True,7.040366666666666,True,6.639966666666667,True,6.039366666666667,True,8.475133333333334,True,6.940266666666667,True,7.540866666666667,True,0.45,20,68,0.6006,183,82,4,8.4408,9.4408,10.4408,12.4408,True,True,True,True,6.4408,5.4408,4.4408,2.4408,True,True,True,True
val_tune,5349969207,7,CH,"[[0.2, 13.9], [16.1, 24.7], [25.9, 31.9], [38.6, 39.8]]",29.5,>=10s,5.005,True,True,5.4054,True,6.006,True,6.5065,True,4.5045,True,4.004,True,3.5035,True,6.172833333333333,True,3.937266666666667,True,5.4054,True,0.9,20,64,0.4004,160,74,4,6.005,7.005,8.005,10.005,True,True,True,True,4.005,3.005,2.005,0.005,True,True,True,False
val_tune,9612838272,6,TN,"[[5.2, 10.7]]",5.5,5-10s,2.002,True,False,2.1021021021021022,False,2.4691358024691357,False,3.53687020353687,False,1.2012012012012012,False,0.8008008008008008,False,,,2.7027027027027026,False,1.7684351017684352,False,2.1021021021021022,False,0.5,20,22,0.1001,54,24,4,3.002,4.002,5.002,7.002,False,False,False,True,1.002,0.002,0.0,0.0,False,False,False,False
val_tune,3814690167,8,TC,"[[1.2, 15]]",13.8,>=10s,1.4014,True,True,1.5015,True,2.002,True,2.4024,True,1.001,False,0.2002,False,,,2.5025,True,0.0,False,1.5015,True,0.95,20,26,0.1001,62,28,4,2.4014,3.4014,4.4014,6.4014,True,True,True,True,0.4014,0.0,0.0,0.0,False,False,False,False
val_tune,4249756405,8,CH,"[[20.8, 27.5]]",6.7,5-10s,4.8799,True,False,5.005,False,6.25625,False,6.881875,False,4.25425,False,3.75375,False,3.25325,False,8.591916666666666,False,0.0,False,4.921583333333333,False,0.35,20,36,0.1251,104,42,4,5.8799,6.8799,7.8799,9.8799,False,False,False,False,3.8799,2.8799,1.8799,0.0,False,False,False,False
val_tune,5858985747,6,TN,"[[8.4, 10.4]]",2.0,2-5s,3.1365,True,False,3.6036,False,4.037366666666666,False,4.6046,False,3.036366666666667,False,2.135466666666667,False,1.7350666666666668,False,3.7370666666666668,False,2.435766666666667,False,3.4367666666666667,False,0.2,20,14,0.4671,47,19,4,4.1365,5.1365,6.1365,8.1365,False,False,False,False,2.1365,1.1365,0.1365,0.0,False,False,False,False
val_tune,3830567237,3,CW,"[[6.0, 17.2]]",11.2,>=10s,12.012,True,True,13.013,True,13.6136,True,14.014,True,11.011,True,10.6106,True,10.01,True,12.345666666666666,True,10.944266666666667,True,12.2122,True,0.5,20,19,1.001,96,38,4,13.012,14.012,15.012,17.012,True,True,True,True,11.012,10.012,9.012,7.012,True,True,True,True
val_tune,11966080214,7,CW,"[[7.0, 11.7]]",4.7,2-5s,46.9803,True,False,47.280566666666665,False,48.21483333333333,False,48.715333333333334,False,45.7457,False,45.2452,False,44.6446,False,48.848800000000004,False,46.27956666666667,False,47.18046666666667,False,0.0,20,7,0.3003,198,71,4,47.9803,48.9803,49.9803,51.0,False,False,False,False,45.9803,44.9803,43.9803,41.9803,False,False,False,False
val_tune,3063380173,7,TC,"[[10.8, 12.3]]",1.5,<2s,15.415,True,False,16.016,False,16.583,False,16.95,False,15.015,False,14.481,False,14.014,False,15.916076845298281,False,15.11526794742164,False,15.682,False,0.0,20,3,0.601,71,29,4,16.415,17.0,17.0,17.0,False,False,False,False,14.415,13.415,12.415,10.415,False,False,False,False
val_tune,6896884547,0,CW,"[[0.0, 44.0]]",44.0,>=10s,20.3537,True,True,20.553866666666668,True,21.054366666666667,True,21.454766666666668,True,20.053366666666665,True,19.052366666666668,True,18.051366666666667,True,22.355666666666668,True,18.852166666666665,True,20.553866666666668,True,0.7,20,44,0.2002,192,75,4,21.3537,22.3537,23.3537,25.3537,True,True,True,True,19.3537,18.3537,17.3537,15.3537,True,True,True,True
val_tune,4707679105,10,TN,"[[28.5, 29.6]]",1.1,<2s,30.03,True,False,31.031,False,31.6316,False,32.032,False,29.029,True,28.028,False,27.027,False,30.163466666666668,False,29.462766666666667,True,30.3303,False,0.0,20,3,1.001,130,47,4,31.03,32.0,32.0,32.0,False,False,False,False,29.03,28.03,27.03,25.03,True,False,False,False
val_tune,3429509208,1,CW,"[[0.1, 8.7]]",8.6,5-10s,9.6763,True,False,10.01,False,10.719041666666667,False,11.26125,False,9.300958333333334,False,8.75875,False,8.008,True,10.76075,False,2.5859166666666664,True,9.801458333333333,False,0.0,20,8,0.3337,51,22,4,10.6763,11.6763,12.6763,14.6763,False,False,False,False,8.6763,7.6763,6.6763,4.6763,True,True,True,True
val_tune,5521781780,6,TC,"[[59.1, 63.6]]",4.5,2-5s,62.5625,True,True,63.09636666666667,True,63.59686666666666,True,64.09736666666667,False,62.09536666666666,True,61.6616,True,61.094366666666666,True,62.72933333333334,True,60.82743333333333,True,62.72933333333334,True,0.0,20,42,0.5339,361,138,4,63.5625,64.5625,65.5625,67.5625,True,False,False,False,61.5625,60.5625,59.5625,57.5625,True,True,True,False
val_tune,4970148391,4,TC,"[[16.4, 17.3]]",0.9,<2s,19.019,True,False,19.5195,False,20.02,False,20.5205,False,18.6186,False,18.018,False,17.017,True,20.053366666666665,False,17.550866666666668,False,19.3193,False,0.0,20,9,0.5005,99,43,4,20.019,21.019,22.019,24.0,False,False,False,False,18.019,17.019,16.019,14.019,False,True,False,False
val_tune,6727904179,6,TN,"[[22.6, 24.6]]",2.0,2-5s,14.0474,True,False,14.547866666666666,False,15.048366666666666,False,15.4154,False,13.5135,False,13.046366666666666,False,12.045366666666666,False,16.082733333333334,False,13.146466666666667,False,14.547866666666666,False,0.05,20,31,0.5005,130,53,4,15.0474,16.0474,17.0474,19.0474,False,False,False,False,13.0474,12.0474,11.0474,9.0474,False,False,False,False
val_tune,4419096437,0,CW,"[[5.9, 13.6]]",7.7,5-10s,39.5395,True,False,39.6396,False,40.04,False,40.5405,False,39.039,False,38.405033333333336,False,38.038,False,41.574866666666665,False,38.07136666666667,False,39.6396,False,0.0,20,21,0.1001,212,83,4,40.5395,41.5395,42.5395,44.5395,False,False,False,False,38.5395,37.5395,36.5395,34.5395,False,False,False,False
val_tune,9217939684,7,TC,"[[13.4, 16.6]]",3.2,2-5s,19.1667,True,False,20.0,False,21.541666666666668,False,24.208333333333332,False,18.666666666666668,False,18.166666666666668,False,17.708333333333332,False,19.875,False,16.25,True,19.25,False,0.0,20,47,0.8333,175,67,4,20.1667,21.1667,22.1667,24.1667,False,False,False,False,18.1667,17.1667,16.1667,14.1667,False,False,True,True
val_tune,7987845241,6,TC,"[[32.0, 34.4]]",2.4,2-5s,5.0384,True,False,5.538866666666666,False,6.039366666666667,False,7.040366666666666,False,4.037366666666666,False,3.4367666666666667,False,3.036366666666667,False,6.139466666666666,False,4.571233333333334,False,5.438766666666667,False,0.0,20,74,0.5005,202,83,4,6.0384,7.0384,8.0384,10.0384,False,False,False,False,4.0384,3.0384,2.0384,0.0384,False,False,False,False
val_tune,2735019707,4,CW,"[[13.0, 19]]",6.0,5-10s,0.9343,True,False,1.001,False,2.002,False,3.003,False,0.5672333333333334,False,,,,,1.4014,False,0.06673333333333334,False,1.001,False,0.35,20,28,0.0667,79,29,4,1.9343,2.9343,3.9343,5.9343,False,False,False,False,0.0,0.0,0.0,0.0,False,False,False,False
val_tune,8604794910,0,TN,"[[3.7, 8.9], [9.8, 13.5]]",8.9,5-10s,4.4378,True,True,5.038366666666667,True,6.039366666666667,True,7.040366666666666,True,4.037366666666666,True,3.5368666666666666,False,3.036366666666667,False,5.372033333333333,True,3.937266666666667,True,4.537866666666667,True,1.0,20,13,0.6006,55,22,4,5.4378,6.4378,7.4378,9.4378,True,True,True,False,3.4378,2.4378,1.4378,0.0,False,False,False,False
val_tune,3524939594,3,CW,"[[3.7, 7.1]]",3.4,2-5s,7.007,True,True,7.5075,False,7.966291666666667,False,9.134125,False,6.881875,True,6.25625,True,5.588916666666667,True,11.428083333333333,False,0.0,False,7.5075,False,0.0,20,13,0.5005,59,21,4,8.007,9.007,10.007,12.007,False,False,False,False,6.007,5.007,4.007,2.007,True,True,True,False
val_tune,5504913999,4,CH,"[[7.7, 29.6]]",21.9,>=10s,26.5599,True,True,26.659966666666666,True,27.060366666666667,True,27.560866666666666,True,26.059366666666666,True,25.458766666666666,True,25.058366666666668,True,26.960266666666666,True,25.959266666666668,True,26.659966666666666,True,0.1,20,39,0.1001,199,71,4,27.5599,28.5599,29.5599,31.5599,True,True,True,False,25.5599,24.5599,23.5599,21.5599,True,True,True,True
val_tune,10082798964,7,TN,"[[4.3, 10.7]]",6.4,5-10s,10.72,True,False,10.8,False,12.0,False,12.56,False,10.0,True,9.16,True,8.56,True,11.48,False,9.84,True,10.8,False,0.0,20,4,0.08,42,15,4,11.72,12.72,13.72,14.0,False,False,False,False,9.72,8.72,7.72,5.72,True,True,True,True
val_tune,2782658657,5,TN,"[[20.0, 22.0]]",2.0,2-5s,7.2072,True,False,8.008,False,8.641966666666667,False,9.009,False,7.007,False,5.939266666666667,False,5.005,False,8.308300000000001,False,6.8735333333333335,False,7.3073,False,0.2,20,29,0.8008,106,41,4,8.2072,9.2072,10.2072,12.2072,False,False,False,False,6.2072,5.2072,4.2072,2.2072,False,False,False,False
val_tune,4127497265,7,TN,"[[11.7, 19.7]]",8.0,5-10s,2.2022,True,False,3.003,False,4.004,False,4.6046,False,2.002,False,1.5682333333333334,False,1.001,False,2.9362666666666666,False,0.0,False,2.3023,False,0.3,20,46,0.8008,120,49,4,3.2022,4.2022,5.2022,7.2022,False,False,False,False,1.2022,0.2022,0.0,0.0,False,False,False,False
val_tune,8428551576,3,CW,"[[0.0, 15.0]]",15.0,>=10s,6.1395,True,True,6.639966666666667,True,7.040366666666666,True,7.440766666666667,True,6.039366666666667,True,5.638966666666667,True,5.038366666666667,True,6.439766666666666,True,4.9049000000000005,True,6.239566666666667,True,0.25,20,146,0.5005,359,157,4,7.1395,8.1395,9.1395,11.1395,True,True,True,True,5.1395,4.1395,3.1395,1.1395,True,True,True,True
val_tune,8493226484,2,CW,"[[3.6, 6.3], [17.2, 20.0], [28.4, 30.9]]",8.0,5-10s,31.8985,True,False,,,,,,,31.79843333333333,False,30.997633333333333,False,30.3303,True,32.29893333333333,False,31.798433333333335,False,31.998633333333334,False,0.0,20,0,,134,55,4,32.0,32.0,32.0,32.0,False,False,False,False,30.8985,29.8985,28.8985,26.8985,True,True,True,False
val_tune,4103088549,3,CW,"[[0.0, 3.9]]",3.9,2-5s,0.0,True,True,1.001,True,2.002,True,2.4024,True,,,,,,,0.06673333333333334,True,,,0.7007,True,0.3,20,26,1.001,67,26,4,1.0,2.0,3.0,5.0,True,True,True,False,0.0,0.0,0.0,0.0,True,True,True,True
val_tune,5549243726,0,CW,"[[2.0, 4.9]]",2.9,2-5s,5.0384,True,False,5.638966666666667,False,6.039366666666667,False,7.040366666666666,False,4.037366666666666,True,3.036366666666667,True,2.0353666666666665,True,6.172833333333333,False,4.371033333333333,True,5.238566666666666,False,0.0,20,20,0.6006,71,27,4,6.0384,7.0384,8.0384,10.0384,False,False,False,False,4.0384,3.0384,2.0384,0.0384,True,True,True,False
val_tune,4942054721,4,TC,"[[5.2, 11.3]]",6.1,5-10s,9.009,True,True,9.376033333333334,True,10.01,True,10.377033333333333,True,8.008,True,7.007,True,6.5065,True,9.042366666666666,True,7.9412666666666665,True,9.376033333333334,True,0.15,20,19,0.367,87,34,4,10.009,11.009,12.009,14.009,True,True,False,False,8.009,7.009,6.009,4.009,True,True,True,False
val_tune,3303565503,5,CW,"[[17.9, 28.3]]",10.4,>=10s,25.3253,True,True,26.026,True,26.6266,True,27.027,True,25.025,True,24.024,True,23.023,True,26.960266666666666,True,23.957266666666666,True,26.026,True,0.2,20,20,0.7007,150,60,4,26.3253,27.3253,28.3253,30.3253,True,True,False,False,24.3253,23.3253,22.3253,20.3253,True,True,True,True
val_tune,2697261300,2,CW,"[[20.1, 25.3]]",5.2,5-10s,19.0857,True,False,20.02,False,20.553866666666668,True,21.021,True,19.019,False,18.651966666666667,False,18.018,False,19.619600000000002,False,18.251566666666665,False,19.1191,False,0.15,20,43,0.9343,187,73,4,20.0857,21.0857,22.0857,24.0857,False,True,True,True,18.0857,17.0857,16.0857,14.0857,False,False,False,False
val_tune,8387356484,1,TC,"[[0.0, 20.5]]",20.5,>=10s,39.9167,True,False,40.041666666666664,False,41.291666666666664,False,,,38.791666666666664,False,37.541666666666664,False,36.291666666666664,False,40.458333333333336,False,39.291666666666664,False,40.041666666666664,False,0.0,20,2,0.125,138,44,4,40.9167,41.9167,42.9167,43.0,False,False,False,False,38.9167,37.9167,36.9167,34.9167,False,False,False,False
val_tune,4138579400,3,CH,"[[0.0, 20.6]]",20.6,>=10s,3.1281,True,True,3.75375,True,5.005,True,5.75575,True,2.5025,True,1.75175,True,1.25125,True,3.169833333333333,True,2.043708333333333,True,3.75375,True,0.8,20,26,0.6256,81,31,4,4.1281,5.1281,6.1281,8.1281,True,True,True,True,2.1281,1.1281,0.1281,0.0,True,True,True,True
val_tune,5940941487,4,TN,"[[22.0, 24.1]]",2.1,2-5s,29.0,True,False,29.72,False,30.2,False,30.8,False,27.8,False,27.2,False,26.6,False,30.8,False,28.88,False,29.24,False,0.0,20,7,0.72,115,47,4,30.0,31.0,32.0,34.0,False,False,False,False,28.0,27.0,26.0,24.0,False,False,False,True
val_tune,4092992100,6,CH,"[[2.9, 8.8]]",5.9,5-10s,3.003,True,True,3.4034,True,4.004,True,5.005,True,2.002,False,1.4681333333333333,False,1.001,False,3.8705333333333334,True,2.5692333333333335,False,3.4034,True,0.3,20,16,0.4004,62,21,4,4.003,5.003,6.003,8.003,True,True,True,True,2.003,1.003,0.003,0.0,False,False,False,False
val_tune,4420239986,2,CW,"[[2.5, 6.7]]",4.2,2-5s,21.021,True,False,21.287933333333335,False,22.022,False,,,20.8208,False,20.4204,False,20.02,False,21.054366666666667,False,17.650966666666665,False,21.187833333333334,False,0.0,20,2,0.2669,90,37,4,22.0,22.0,22.0,22.0,False,False,False,False,20.021,19.021,18.021,16.021,False,False,False,False
val_tune,6037747123,3,TC,"[[19.6, 30.7]]",11.1,>=10s,20.0534,True,True,20.453766666666667,True,21.054366666666667,True,21.454766666666668,True,19.552866666666667,False,19.052366666666668,False,18.685333333333332,False,21.054366666666667,True,19.085733333333334,False,20.453766666666667,True,1.0,20,19,0.4004,123,52,4,21.0534,22.0534,23.0534,25.0534,True,True,True,True,19.0534,18.0534,17.0534,15.0534,False,False,False,False
val_tune,11244289523,3,CW,"[[18.4, 23.0]]",4.6,2-5s,22.5833,True,True,22.75,True,,,,,22.0,True,21.0,True,20.0,True,23.0,True,21.166666666666668,True,22.75,True,1.0,20,1,0.1667,70,26,4,23.0,23.0,23.0,23.0,True,True,True,True,21.5833,20.5833,19.5833,17.5833,True,True,True,False
val_tune,5133787349,5,TC,"[[1.2, 4.1]]",2.9,2-5s,1.1261,True,False,1.25125,True,1.876875,True,2.5025,True,0.5005,False,,,,,3.920583333333333,True,1.0844166666666666,False,1.25125,True,0.15,20,20,0.1251,50,21,4,2.1261,3.1261,4.1261,6.1261,True,True,False,False,0.1261,0.0,0.0,0.0,False,False,False,False
val_tune,7331927796,4,CW,"[[13.6, 14.8]]",1.2,<2s,15.9159,True,False,16.049366666666668,False,16.649966666666668,False,17.050366666666665,False,15.648966666666666,False,15.048366666666666,False,14.047366666666667,True,16.950266666666668,False,11.878533333333333,False,16.016,False,0.0,20,3,0.1335,70,29,4,16.9159,17.0,17.0,17.0,False,False,False,False,14.9159,13.9159,12.9159,10.9159,False,True,False,False
val_tune,5913180144,5,TC,"[[11.6, 16.7], [21.4, 33.6]]",17.3,>=10s,33.8338,True,False,34.067366666666665,False,35.06836666666667,False,35.60223333333333,False,33.06636666666667,True,32.06536666666667,True,31.06436666666667,True,35.06836666666667,False,33.66696666666667,False,33.9339,False,0.0,20,10,0.2336,159,62,4,34.8338,35.8338,36.8338,38.8338,False,False,False,False,32.8338,31.8338,30.8338,28.8338,True,True,True,True
val_tune,4584426085,8,TP,"[[59.5, 70.2]]",10.7,>=10s,82.8828,True,False,83.083,False,83.5835,False,84.084,False,82.082,False,81.5815,False,81.081,False,84.51776666666667,False,82.01526666666666,False,82.9829,False,0.0,20,12,0.2002,360,141,4,83.8828,84.8828,85.8828,87.8828,False,False,False,False,81.8828,80.8828,79.8828,77.8828,False,False,False,False
val_tune,8811725760,1,CH,"[[0.0, 6.7]]",6.7,5-10s,18.6854,True,False,19.41941941941942,False,20.053386720053386,False,,,17.91791791791792,False,16.68335001668335,False,16.116116116116117,False,19.01901901901902,False,18.01801801801802,False,18.752085418752085,False,0.0,20,2,0.7341,66,23,4,19.6854,20.6854,21.0,21.0,False,False,False,False,17.6854,16.6854,15.6854,13.6854,False,False,False,False
val_tune,2877270840,4,CW,"[[7.0, 13.6], [21.2, 24.6]]",10.0,>=10s,9.2092,True,True,9.4094,True,10.01,True,10.6106,True,9.009,True,8.008,True,7.6076,True,9.943266666666666,True,7.9412666666666665,True,9.4094,True,0.3,20,24,0.2002,104,38,4,10.2092,11.2092,12.2092,14.2092,True,True,True,False,8.2092,7.2092,6.2092,4.2092,True,True,False,False
val_tune,6988748711,0,CW,"[[0.0, 2.9]]",2.9,2-5s,7.5409,True,False,8.041366666666667,False,9.042366666666666,False,9.642966666666666,False,7.040366666666666,False,6.039366666666667,False,5.638966666666667,False,9.342666666666666,False,5.839166666666666,False,7.6409666666666665,False,0.0,20,70,0.5005,203,83,4,8.5409,9.5409,10.5409,12.5409,False,False,False,False,6.5409,5.5409,4.5409,2.5409,False,False,False,True
val_tune,5662041273,1,CW,"[[39.4, 50.6]]",11.2,>=10s,46.3797,True,True,46.679966666666665,True,47.08036666666667,True,48.08136666666667,True,46.079366666666665,True,45.67896666666667,True,45.07836666666667,True,47.18046666666667,True,45.21183333333333,True,46.47976666666667,True,0.3,20,66,0.3003,361,141,4,47.3797,48.3797,49.3797,51.3797,True,True,True,False,45.3797,44.3797,43.3797,41.3797,True,True,True,True
val_tune,2454242177,2,CH,"[[14.5, 52.6]]",38.1,>=10s,32.7994,True,True,33.033,True,33.50013333333333,True,34.034,True,32.032,True,31.031,True,30.03,True,39.4394,True,31.164466666666666,True,32.89953333333333,True,1.0,20,32,0.2336,212,81,4,33.7994,34.7994,35.7994,37.7994,True,True,True,True,31.7994,30.7994,29.7994,27.7994,True,True,True,True
val_tune,6297019062,6,TC,"[[0.0, 6.7], [10.2, 23.1], [27.3, 35.5], [40.0, 48.2], [51.5, 58]]",42.5,>=10s,22.9563,True,True,23.256566666666668,False,24.057366666666667,False,25.058366666666668,False,22.856166666666667,True,22.055366666666668,True,21.654966666666667,True,23.590233333333334,False,21.855166666666666,True,23.056366666666666,True,0.85,20,54,0.3003,234,91,4,23.9563,24.9563,25.9563,27.9563,False,False,False,True,21.9563,20.9563,19.9563,17.9563,True,True,True,True
val_tune,8428551576,7,CH,"[[17.7, 21.4]]",3.7,2-5s,6.1395,True,False,6.639966666666667,False,7.040366666666666,False,7.440766666666667,False,6.039366666666667,False,5.638966666666667,False,5.038366666666667,False,6.439766666666666,False,4.9049000000000005,False,6.239566666666667,False,0.1,20,146,0.5005,359,157,4,7.1395,8.1395,9.1395,11.1395,False,False,False,False,5.1395,4.1395,3.1395,1.1395,False,False,False,False
val_tune,4949582792,2,CW,"[[7.9, 10.0]]",2.1,2-5s,63.3633,True,False,64.064,False,64.6646,False,65.065,False,63.063,False,62.4624,False,62.062,False,63.99726666666667,False,62.69596666666667,False,63.9639,False,0.0,20,44,0.7007,353,148,4,64.3633,65.3633,66.3633,68.3633,False,False,False,False,62.3633,61.3633,60.3633,58.3633,False,False,False,False
val_tune,3261079025,0,CW,"[[0.0, 6.8]]",6.8,5-10s,2.7027,True,True,3.003,True,3.5035,True,4.004,True,2.002,True,1.001,True,0.2002,True,10.9109,False,1.9352666666666667,True,2.8028,True,0.25,20,26,0.3003,75,29,4,3.7027,4.7027,5.7027,7.7027,True,True,True,False,1.7027,0.7027,0.0,0.0,True,True,True,True
val_tune,6097994550,2,CW,"[[0.5, 1.7]]",1.2,<2s,5.5389,True,False,6.039366666666667,False,7.040366666666666,False,7.540866666666667,False,5.038366666666667,False,4.037366666666666,False,3.4367666666666667,False,5.939266666666667,False,3.036366666666667,False,5.739066666666667,False,0.0,20,20,0.5005,71,29,4,6.5389,7.5389,8.5389,10.5389,False,False,False,False,4.5389,3.5389,2.5389,0.5389,False,False,False,True
val_tune,8107573462,6,CW,"[[5.5, 7.2]]",1.7,<2s,6.2396,True,True,6.6066,True,7.040366666666666,True,7.440766666666667,False,6.039366666666667,True,5.038366666666667,False,4.437766666666667,False,7.9412666666666665,False,4.070733333333333,False,6.6066,True,0.0,20,12,0.367,55,23,4,7.2396,8.2396,9.2396,11.2396,False,False,False,False,5.2396,4.2396,3.2396,1.2396,False,False,False,False
val_tune,8388104887,2,TN,"[[7.9, 10.6], [26.0, 29.1]]",5.8,5-10s,0.5672,True,False,1.0343666666666667,False,1.4347666666666667,False,2.0353666666666665,False,0.23356666666666667,False,,,,,6.439766666666666,False,0.0,False,1.0343666666666667,False,0.05,20,65,0.4671,178,66,4,1.5672,2.5672,3.5672,5.5672,False,False,False,False,0.0,0.0,0.0,0.0,False,False,False,False
val_tune,6168716346,7,TN,"[[0.3, 8.6]]",8.3,5-10s,6.0394,True,True,7.040366666666666,True,8.041366666666667,True,8.641966666666667,False,5.438766666666667,True,5.038366666666667,True,4.537866666666667,True,6.439766666666666,True,5.839166666666666,True,6.339666666666667,True,0.15,20,44,1.001,127,54,4,7.0394,8.0394,9.0394,11.0394,True,True,False,False,5.0394,4.0394,3.0394,1.0394,True,True,True,True
val_tune,8107573462,5,CW,"[[5.9, 6.8]]",0.9,<2s,6.2396,True,True,6.6066,True,7.040366666666666,False,7.440766666666667,False,6.039366666666667,True,5.038366666666667,False,4.437766666666667,False,7.9412666666666665,False,4.070733333333333,False,6.6066,True,0.05,20,12,0.367,55,23,4,7.2396,8.2396,9.2396,11.2396,False,False,False,False,5.2396,4.2396,3.2396,1.2396,False,False,False,False
val_tune,8330342965,1,CW,"[[0.1, 10.4], [14.2, 20.5], [22.9, 25.6], [28.6, 31.9]]",22.6,>=10s,25.3587,True,True,25.458766666666666,True,26.059366666666666,False,27.060366666666667,False,24.7247,True,24.057366666666667,True,23.5235,True,26.059366666666666,False,21.254566666666665,False,25.458766666666666,True,0.15,20,28,0.1001,176,69,4,26.3587,27.3587,28.3587,30.3587,False,False,False,True,24.3587,23.3587,22.3587,20.3587,True,True,False,True
val_tune,4272084125,9,CW,"[[12.9, 18.2]]",5.3,5-10s,3.9706,True,False,4.270933333333334,False,5.2052,False,5.572233333333333,False,3.5035,False,3.003,False,2.002,False,5.071733333333333,False,1.1678333333333333,False,4.004,False,0.35,20,31,0.3003,99,36,4,4.9706,5.9706,6.9706,8.9706,False,False,False,False,2.9706,1.9706,0.9706,0.0,False,False,False,False
val_tune,6143391925,10,CH,"[[11.2, 16.4], [24.6, 33.4]]",14.0,>=10s,6.0394,True,False,7.040366666666666,False,8.041366666666667,False,8.541866666666667,False,5.038366666666667,False,4.5045,False,4.037366666666666,False,6.072733333333334,False,3.8705333333333334,False,6.139466666666666,False,0.45,20,49,1.001,162,59,4,7.0394,8.0394,9.0394,11.0394,False,False,False,False,5.0394,4.0394,3.0394,1.0394,False,False,False,False
val_tune,7453733046,3,TN,"[[6.2, 8.1]]",1.9,<2s,9.0424,True,False,9.642966666666666,False,10.043366666666667,False,10.443766666666667,False,8.541866666666667,False,8.041366666666667,True,7.040366666666666,True,9.943266666666666,False,8.041366666666667,True,9.542866666666667,False,0.0,20,40,0.6006,134,55,4,10.0424,11.0424,12.0424,14.0424,False,False,False,False,8.0424,7.0424,6.0424,4.0424,True,True,False,False
val_tune,7533369046,2,TN,"[[22.9, 24.6]]",1.7,<2s,24.5417,True,True,25.041666666666668,False,26.291666666666668,False,27.541666666666668,False,23.791666666666668,True,23.041666666666668,True,22.541666666666668,False,26.416666666666668,False,23.791666666666668,True,24.916666666666668,False,0.0,20,9,0.5,108,40,4,25.5417,26.5417,27.5417,29.5417,False,False,False,False,23.5417,22.5417,21.5417,19.5417,True,False,False,False
val_tune,3943634344,3,TN,"[[17.8, 20.4]]",2.6,2-5s,20.6206,True,False,20.8208,False,,,,,20.02,True,19.019,True,18.018,True,20.9209,False,18.051366666666667,True,20.8208,False,0.0,20,1,0.2002,84,37,4,21.0,21.0,21.0,21.0,False,False,False,False,19.6206,18.6206,17.6206,15.6206,True,True,False,False
val_tune,4612723694,7,CH,"[[4.8, 13.1]]",8.3,5-10s,17.6176,True,False,18.018,False,18.651966666666667,False,19.019,False,17.450766666666667,False,17.017,False,16.016,False,17.784433333333332,False,15.482133333333334,False,17.8178,False,0.0,20,62,0.4004,225,93,4,18.6176,19.6176,20.6176,22.6176,False,False,False,False,16.6176,15.6176,14.6176,12.6176,False,False,False,True
val_tune,3046900922,7,TN,"[[12.5, 17.4]]",4.9,2-5s,15.015,True,True,15.382033333333334,True,16.016,True,17.017,True,14.014,True,13.580233333333334,True,13.013,True,15.882533333333333,True,14.647966666666667,True,15.382033333333334,True,0.8,20,4,0.367,72,30,4,16.015,17.015,18.0,18.0,True,True,False,False,14.015,13.015,12.015,10.015,True,True,False,False
val_tune,4516967897,4,TP,"[[0.2, 12.7]]",12.5,>=10s,3.2699,True,True,3.4701333333333335,True,4.004,True,5.005,True,3.003,True,2.002,True,1.5015,True,6.172833333333333,True,0.33366666666666667,True,3.4701333333333335,True,0.0,20,102,0.2002,272,107,4,4.2699,5.2699,6.2699,8.2699,True,True,True,True,2.2699,1.2699,0.2699,0.0,True,True,True,False
val_tune,5533380417,3,TN,"[[10.1, 13]]",2.9,2-5s,0.5339,True,False,1.0343666666666667,False,2.0353666666666665,False,3.036366666666667,False,0.4337666666666667,False,,,,,0.6339666666666667,False,0.0,False,1.0343666666666667,False,0.35,20,19,0.5005,56,20,4,1.5339,2.5339,3.5339,5.5339,False,False,False,False,0.0,0.0,0.0,0.0,False,False,False,False
val_tune,5561024834,7,TN,"[[7.3, 14.6]]",7.3,5-10s,23.0417,True,False,23.791666666666668,False,25.041666666666668,False,25.541666666666668,False,22.541666666666668,False,21.291666666666668,False,20.041666666666668,False,24.333333333333332,False,20.625,False,23.791666666666668,False,0.0,20,18,0.75,127,45,4,24.0417,25.0417,26.0417,28.0417,False,False,False,False,22.0417,21.0417,20.0417,18.0417,False,False,False,False
val_tune,7492398760,7,CW,"[[0.0, 9.6]]",9.6,5-10s,36.0694,True,False,36.469766666666665,False,37.070366666666665,False,38.07136666666667,False,35.568866666666665,False,35.06836666666667,False,34.067366666666665,False,37.070366666666665,False,35.702333333333335,False,36.26956666666667,False,0.0,20,74,0.4004,361,123,4,37.0694,38.0694,39.0694,41.0694,False,False,False,False,35.0694,34.0694,33.0694,31.0694,False,False,False,False
val_tune,6168716346,9,TN,"[[23.8, 27.4]]",3.6,2-5s,26.0594,True,True,26.659966666666666,True,27.060366666666667,True,27.460766666666668,False,25.458766666666666,True,25.058366666666668,True,24.557866666666666,True,27.093733333333333,True,25.091733333333334,True,26.659966666666666,True,0.1,20,11,0.6006,127,54,4,27.0594,28.0594,29.0594,31.0594,True,False,False,False,25.0594,24.0594,23.0594,21.0594,True,True,False,False
val_tune,6168295272,10,TC,"[[14.2, 16.6]]",2.4,2-5s,11.1778,True,False,11.302958333333333,False,12.554208333333333,False,13.179833333333333,False,10.051708333333334,False,8.800458333333333,False,8.174833333333334,False,13.847166666666666,False,11.177833333333332,False,11.26125,False,0.4,20,10,0.1251,60,22,4,12.1778,13.1778,14.1778,16.1778,False,False,False,True,10.1778,9.1778,8.1778,6.1778,False,False,False,False
val_tune,2793260225,7,CH,"[[2.8, 7.0]]",4.2,2-5s,1.401,True,False,2.002,False,2.602,False,3.003,True,1.001,False,0.6,False,,,2.235591506572295,False,0.6339737108190091,False,1.534,False,0.3,20,29,0.601,77,32,4,2.401,3.401,4.401,6.401,False,True,True,True,0.401,0.0,0.0,0.0,False,False,False,False
val_tune,6233408665,4,TC,"[[33.8, 63.0]]",29.2,>=10s,9.1425,True,False,10.043366666666667,False,10.443766666666667,False,11.044366666666667,False,9.042366666666666,False,8.641966666666667,False,8.041366666666667,False,9.943266666666666,False,8.8088,False,9.342666666666666,False,0.25,20,114,0.9009,300,131,4,10.1425,11.1425,12.1425,14.1425,False,False,False,False,8.1425,7.1425,6.1425,4.1425,False,False,False,False
val_tune,4688219212,8,TN,"[[27.3, 31.6]]",4.3,2-5s,6.7734,True,False,7.007,False,7.5075,False,8.008,False,6.5065,False,6.006,False,5.005,False,7.6409666666666665,False,2.9362666666666666,False,6.840166666666667,False,0.1,20,43,0.2336,128,55,4,7.7734,8.7734,9.7734,11.7734,False,False,False,False,5.7734,4.7734,3.7734,1.7734,False,False,False,False
val_tune,2604394962,3,CW,"[[18.8, 22.0]]",3.2,2-5s,15.4488,True,False,16.016,False,16.483133333333335,False,17.017,False,15.015,False,14.4144,False,14.014,False,16.049366666666668,False,13.947266666666668,False,15.749066666666666,False,0.15,20,38,0.5672,144,68,4,16.4488,17.4488,18.4488,20.4488,False,False,False,True,14.4488,13.4488,12.4488,10.4488,False,False,False,False
val_tune,4146348376,3,TN,"[[30.7, 38.0]]",7.3,5-10s,3.003,True,False,3.4701333333333335,False,4.004,False,5.005,False,2.002,False,1.4681333333333333,False,1.001,False,5.538866666666666,False,2.9029000000000003,False,3.1698333333333335,False,0.25,20,87,0.4671,212,92,4,4.003,5.003,6.003,8.003,False,False,False,False,2.003,1.003,0.003,0.0,False,False,False,False
val_tune,8313365386,1,TN,"[[4.8, 9.3]]",4.5,2-5s,1.2917,True,False,2.0416666666666665,False,2.5416666666666665,False,3.0416666666666665,False,0.4166666666666667,False,,,,,1.5416666666666667,False,0.9583333333333334,False,1.5416666666666667,False,0.3,20,16,0.75,43,18,4,2.2917,3.2917,4.2917,6.2917,False,False,False,True,0.2917,0.0,0.0,0.0,False,False,False,False
val_tune,9917882506,3,TP,"[[9.6, 13.1]]",3.5,2-5s,24.8248,True,False,25.025025025025027,False,25.458792125458793,False,26.026026026026027,False,24.024024024024023,False,23.590256923590257,False,23.089756423089757,False,26.926926926926928,False,20.787454120787455,False,25.025025025025027,False,0.0,20,11,0.2002,115,50,4,25.8248,26.8248,27.8248,29.8248,False,False,False,False,23.8248,22.8248,21.8248,19.8248,False,False,False,False
val_tune,8224492254,2,CW,"[[10.2, 14.7], [20.7, 29.5]]",13.3,>=10s,19.0,True,False,19.24,False,20.44,False,20.92,True,18.52,False,18.04,False,16.84,False,19.12,False,17.92,False,19.12,False,0.5,20,25,0.24,131,49,4,20.0,21.0,22.0,24.0,False,True,True,True,18.0,17.0,16.0,14.0,False,False,False,True
val_tune,3026084730,5,CW,"[[69.6, 73.6]]",4.0,2-5s,14.5145,True,False,14.6146,False,15.015,False,15.4154,False,14.014,False,13.6136,False,13.013,False,14.948266666666667,False,13.646966666666668,False,14.6146,False,0.05,20,97,0.1001,295,122,4,15.5145,16.5145,17.5145,19.5145,False,False,False,False,13.5145,12.5145,11.5145,9.5145,False,False,False,False
val_tune,2717347132,1,TC,"[[13.8, 18.9]]",5.1,5-10s,4.004,True,False,5.005,False,6.006,False,6.6066,False,3.003,False,2.002,False,1.001,False,5.138466666666667,False,3.4367666666666667,False,4.2042,False,0.25,20,40,1.001,110,45,4,5.004,6.004,7.004,9.004,False,False,False,False,3.004,2.004,1.004,0.0,False,False,False,False
val_tune,2584172238,3,TN,"[[2.9, 11.7]]",8.8,5-10s,10.01,True,True,11.26125,True,12.012,False,12.5125,False,8.75875,True,8.25825,True,7.5075,True,15.598916666666666,False,9.426083333333333,True,10.135125,True,0.05,20,28,1.2513,96,42,4,11.01,12.01,13.01,15.01,True,False,False,False,9.01,8.01,7.01,5.01,True,True,True,True
val_tune,4518113460,0,CW,"[[15.1, 25.7]]",10.6,>=10s,40.407,True,False,41.041,False,41.6416,False,42.042,False,40.04,False,39.039,False,38.038,False,40.974266666666665,False,36.97026666666667,False,40.77406666666667,False,0.0,20,33,0.634,250,97,4,41.407,42.407,43.407,45.407,False,False,False,False,39.407,38.407,37.407,35.407,False,False,False,False
val_tune,3943634344,7,CH,"[[0.6, 2.7]]",2.1,2-5s,19.3193,True,False,20.02,False,20.8208,False,,,19.019,False,18.018,False,17.6176,False,20.9209,False,18.051366666666667,False,19.4194,False,0.0,20,2,0.7007,84,37,4,20.3193,21.0,21.0,21.0,False,False,False,False,18.3193,17.3193,16.3193,14.3193,False,False,False,False
val_tune,6239210933,3,CW,"[[26.4, 34]]",7.6,5-10s,17.1505,True,False,17.450766666666667,False,18.051366666666667,False,19.052366666666668,False,17.050366666666665,False,16.049366666666668,False,15.448766666666666,False,17.951266666666665,False,15.949266666666666,False,17.250566666666668,False,0.3,20,29,0.3003,138,60,4,18.1505,19.1505,20.1505,22.1505,False,False,False,False,16.1505,15.1505,14.1505,12.1505,False,False,False,False
val_tune,4707679105,4,TN,"[[21.1, 24.7]]",3.6,2-5s,21.9219,True,True,22.022,True,23.023,True,23.5235,True,21.6216,True,21.021,False,20.5205,False,22.088733333333334,True,21.054366666666667,False,22.022,True,0.25,20,14,0.1001,130,47,4,22.9219,23.9219,24.9219,26.9219,True,True,False,False,20.9219,19.9219,18.9219,16.9219,False,False,False,False
val_tune,4970148391,5,TN,"[[16.7, 17.6]]",0.9,<2s,17.017,True,True,18.018,False,18.6186,False,19.019,False,16.016,False,15.4154,False,15.015,False,17.550866666666668,True,15.949266666666666,False,17.2172,True,0.05,20,12,1.001,99,43,4,18.017,19.017,20.017,22.017,False,False,False,False,16.017,15.017,14.017,12.017,False,False,False,False
val_tune,2726497009,0,CW,"[[0.0, 7.7]]",7.7,5-10s,23.023,True,False,23.390033333333335,False,24.024,False,24.491133333333334,False,22.022,False,21.588233333333335,False,21.021,False,31.4314,False,22.155466666666666,False,23.390033333333335,False,0.0,20,49,0.367,211,88,4,24.023,25.023,26.023,28.023,False,False,False,False,22.023,21.023,20.023,18.023,False,False,False,False
val_tune,10042935613,5,TN,"[[21.2, 24.7]]",3.5,2-5s,25.9259,True,False,26.026026026026027,False,26.626626626626628,False,27.49416082749416,False,25.392058725392058,False,24.024024024024023,True,23.490156823490157,True,26.526526526526528,False,23.790457123790457,True,25.99265932599266,False,0.0,20,43,0.1001,200,75,4,26.9259,27.9259,28.9259,30.9259,False,False,False,False,24.9259,23.9259,22.9259,20.9259,False,True,True,False
val_tune,4189100053,7,CH,"[[2.5, 7.7]]",5.2,5-10s,4.5045,True,True,5.005,True,5.5055,True,6.006,True,4.004,True,3.003,True,2.5025,True,4.771433333333333,True,3.937266666666667,True,4.6046,True,0.1,20,43,0.5005,118,50,4,5.5045,6.5045,7.5045,9.5045,True,True,True,False,3.5045,2.5045,1.5045,0.0,True,True,False,False
val_tune,2454242177,3,TN,"[[1.3, 14.9]]",13.6,>=10s,7.007,True,True,8.008,True,9.009,True,10.01,True,6.6066,True,6.006,True,5.6056,True,7.574233333333334,True,5.872533333333333,True,7.2072,True,0.05,20,69,1.001,212,81,4,8.007,9.007,10.007,12.007,True,True,True,True,6.007,5.007,4.007,2.007,True,True,True,True
val_tune,5833145209,1,CW,"[[0.2, 10.9]]",10.7,>=10s,0.5005,True,True,1.0343666666666667,True,2.0353666666666665,True,2.469133333333333,True,0.23356666666666667,True,,,,,1.3346666666666667,True,0.0,False,1.0343666666666667,True,0.45,20,29,0.5339,68,30,4,1.5005,2.5005,3.5005,5.5005,True,True,True,True,0.0,0.0,0.0,0.0,False,False,False,False
val_tune,4955723618,7,CW,"[[18.0, 20.4]]",2.4,2-5s,14.5145,True,False,15.015,False,15.5155,False,16.016,False,14.014,False,13.480133333333333,False,13.013,False,15.048366666666666,False,12.078733333333334,False,15.015,False,0.0,20,78,0.5005,245,106,4,15.5145,16.5145,17.5145,19.5145,False,False,False,True,13.5145,12.5145,11.5145,9.5145,False,False,False,False
val_tune,2495861393,8,TN,"[[13.3, 16.1]]",2.8,2-5s,25.025,True,False,25.558,False,26.026,False,26.559,False,24.557,False,24.024,False,23.556,False,25.325581395348838,False,24.324570273003033,False,25.291,False,0.0,20,43,0.533,201,91,4,26.025,27.025,28.025,30.025,False,False,False,False,24.025,23.025,22.025,20.025,False,False,False,False
val_tune,3233088823,3,CH,"[[1.0, 13.0]]",12.0,>=10s,11.011,True,True,11.4114,True,12.012,True,12.6126,True,10.4104,True,10.01,True,9.5095,True,12.145466666666668,True,10.143466666666667,True,11.1111,True,0.25,20,7,0.4004,63,26,4,12.011,13.011,14.011,15.0,True,False,False,False,10.011,9.011,8.011,6.011,True,True,True,True
val_tune,6291413193,7,TN,"[[25.5, 29.9]]",4.4,2-5s,43.8438,True,False,44.07736666666667,False,45.07836666666667,False,46.079366666666665,False,43.076366666666665,False,42.5425,False,42.07536666666667,False,44.5445,False,43.376666666666665,False,43.9439,False,0.0,20,32,0.2336,264,101,4,44.8438,45.8438,46.8438,48.8438,False,False,False,False,42.8438,41.8438,40.8438,38.8438,False,False,False,False
val_tune,2854886555,6,CH,"[[1.8, 3.4]]",1.6,<2s,5.2052,True,False,5.6056,False,6.006,False,6.4064,False,5.005,False,4.4044,False,4.004,False,5.238566666666666,False,4.537866666666667,False,5.5055,False,0.0,20,20,0.4004,64,30,4,6.2052,7.2052,8.2052,10.2052,False,False,False,False,4.2052,3.2052,2.2052,0.2052,False,True,True,False
val_tune,3456030972,8,CH,"[[21.8, 24.9]]",3.1,2-5s,13.7137,True,False,14.014,False,15.015,False,15.5155,False,13.013,False,12.012,False,11.011,False,13.747066666666667,False,10.243566666666666,False,14.014,False,0.2,20,20,0.3003,102,39,4,14.7137,15.7137,16.7137,18.7137,False,False,False,False,12.7137,11.7137,10.7137,8.7137,False,False,False,False
val_tune,2567843468,10,CW,"[[17.6, 19]]",1.4,<2s,6.006,True,False,6.4064,False,7.007,False,7.5075,False,5.005,False,4.004,False,3.003,False,6.940266666666667,False,5.472133333333334,False,6.4064,False,0.2,20,16,0.4004,78,24,4,7.006,8.006,9.006,11.006,False,False,False,False,5.006,4.006,3.006,1.006,False,False,False,False
val_tune,3155382178,10,TN,"[[2.8, 6.8]]",4.0,2-5s,3.003,True,True,3.4367666666666667,True,4.004,True,5.005,True,2.5025,False,2.002,False,1.001,False,4.270933333333334,True,2.8695333333333335,True,3.3366666666666664,True,0.05,20,37,0.4338,115,41,4,4.003,5.003,6.003,8.003,True,True,True,False,2.003,1.003,0.003,0.0,False,False,False,False
val_tune,4219909195,12,TN,"[[28.5, 33]]",4.5,2-5s,4.1708,True,False,5.005,False,6.006,False,6.6066,False,4.004,False,3.003,False,2.002,False,4.437766666666667,False,3.336666666666667,False,4.270933333333334,False,0.1,20,47,0.8342,136,53,4,5.1708,6.1708,7.1708,9.1708,False,False,False,False,3.1708,2.1708,1.1708,0.0,False,False,False,False
val_tune,4765717907,3,CW,"[[16.1, 21.5]]",5.4,5-10s,16.9503,True,True,17.017,True,17.584233333333334,True,18.018,True,16.483133333333335,True,16.016,False,15.015,False,19.252566666666667,True,15.949266666666666,False,17.017,True,0.25,20,37,0.0667,159,63,4,17.9503,18.9503,19.9503,21.9503,True,True,True,False,15.9503,14.9503,13.9503,11.9503,False,False,False,False
val_tune,3830567237,0,CW,"[[0.0, 4.0]]",4.0,2-5s,21.9219,True,False,22.022,False,23.023,False,23.690333333333335,False,21.6216,False,21.021,False,20.5205,False,23.757066666666667,False,17.951266666666665,False,22.022,False,0.0,20,3,0.1001,96,38,4,22.9219,23.9219,24.0,24.0,False,False,False,False,20.9219,19.9219,18.9219,16.9219,False,False,False,False
val_tune,9082180631,6,TC,"[[7.9, 13.6]]",5.7,5-10s,6.006,True,False,7.040373707040374,False,7.474140807474141,False,8.341675008341674,True,5.038371705038371,False,4.371037704371037,False,2.9362696029362696,False,6.139472806139473,False,4.270937604270938,False,6.106106106106106,False,0.5,20,8,1.0344,43,13,4,7.006,8.006,9.006,11.006,False,True,True,True,5.006,4.006,3.006,1.006,False,False,False,False
val_tune,4010069381,3,CW,"[[2.3, 10.5]]",8.2,5-10s,9.6096,True,True,10.01,True,11.011,False,11.6116,False,9.4094,True,9.009,True,8.008,True,10.243566666666666,True,7.9412666666666665,True,9.7097,True,0.45,20,4,0.4004,50,16,4,10.6096,11.6096,12.0,12.0,False,False,False,False,8.6096,7.6096,6.6096,4.6096,True,True,True,True
val_tune,7988210561,7,CW,"[[6.8, 10.6]]",3.8,2-5s,9.009,True,True,9.042366666666666,True,10.043366666666667,True,,,8.041366666666667,True,7.440766666666667,True,7.040366666666666,True,9.376033333333334,True,8.675333333333333,True,9.042366666666666,True,0.85,20,2,0.0334,43,17,4,10.009,11.0,11.0,11.0,True,False,False,False,8.009,7.009,6.009,4.009,True,True,False,False
val_tune,5623068492,3,CW,"[[5.6, 10.0]]",4.4,2-5s,6.006,True,True,6.039366666666667,True,6.639966666666667,True,7.040366666666666,True,5.438766666666667,False,5.038366666666667,False,4.437766666666667,False,7.374033333333333,True,5.472133333333334,False,6.039366666666667,True,0.15,20,127,0.0334,319,137,4,7.006,8.006,9.006,11.006,True,True,True,False,5.006,4.006,3.006,1.006,False,False,False,False
val_tune,3078294001,1,CW,"[[4.6, 11]]",6.4,5-10s,0.4004,True,False,0.5005,False,1.001,False,1.6016,False,,,,,,,1.1678333333333333,False,0.16683333333333333,False,0.5005,False,0.55,20,21,0.1001,46,21,4,1.4004,2.4004,3.4004,5.4004,False,False,False,True,0.0,0.0,0.0,0.0,False,False,False,False
val_tune,4130504920,6,CW,"[[0.0, 11.7]]",11.7,>=10s,4.9049,True,True,5.005,True,5.4054,True,6.006,True,4.004,True,3.4034,True,3.003,True,5.939266666666667,True,4.437766666666667,True,4.971633333333333,True,0.75,20,17,0.1001,58,25,4,5.9049,6.9049,7.9049,9.9049,True,True,True,True,3.9049,2.9049,1.9049,0.0,True,True,True,True
val_tune,5561024834,3,CW,"[[26.6, 36.7]]",10.1,>=10s,29.7917,True,True,30.041666666666668,True,31.291666666666668,True,32.041666666666664,True,28.791666666666668,True,27.541666666666668,True,26.291666666666668,False,30.958333333333332,True,29.708333333333332,True,29.916666666666668,True,0.8,20,12,0.25,127,45,4,30.7917,31.7917,32.7917,34.7917,True,True,True,True,28.7917,27.7917,26.7917,24.7917,True,True,True,False
val_tune,9408800471,4,CW,"[[11.9, 19.0], [26.3, 31.8]]",12.6,>=10s,1.7017,True,False,2.2689356022689355,False,3.53687020353687,False,4.270937604270937,False,1.0677344010677343,False,,,,,2.235568902235569,False,0.6339673006339673,False,1.768435101768435,False,0.4,20,41,0.5672,124,43,4,2.7017,3.7017,4.7017,6.7017,False,False,False,False,0.7017,0.0,0.0,0.0,False,False,False,False
val_tune,4955723618,1,TN,"[[16.1, 17.8]]",1.7,<2s,11.1111,True,False,11.5115,False,12.012,False,12.6126,False,11.011,False,10.5105,False,10.01,False,12.078733333333334,False,10.877533333333334,False,11.5115,False,0.05,20,85,0.4004,245,106,4,12.1111,13.1111,14.1111,16.1111,False,False,False,True,10.1111,9.1111,8.1111,6.1111,False,False,False,False
val_tune,4036955771,2,TC,"[[5.2, 18.1]]",12.9,>=10s,56.1561,True,False,57.057,False,57.4574,False,58.058,False,56.056,False,55.5555,False,55.055,False,56.99026666666667,False,55.989266666666666,False,56.723333333333336,False,0.0,20,62,0.9009,360,164,4,57.1561,58.1561,59.1561,61.1561,False,False,False,False,55.1561,54.1561,53.1561,51.1561,False,False,False,False
val_tune,4485707628,3,CW,"[[20.6, 25.4]]",4.8,2-5s,29.2959,True,False,29.99663333333333,False,30.997633333333333,False,31.464766666666666,False,28.995633333333334,False,28.49513333333333,False,28.094733333333334,False,31.8318,False,21.8218,True,29.39603333333333,False,0.0,20,53,0.7007,259,100,4,30.2959,31.2959,32.2959,34.2959,False,False,False,False,28.2959,27.2959,26.2959,24.2959,False,False,False,True
val_tune,7728559968,6,CH,"[[21.1, 35.7]]",14.6,>=10s,44.3777,True,False,45.37866666666667,False,46.379666666666665,False,46.78006666666667,False,43.376666666666665,False,42.4424,False,42.07536666666667,False,45.11173333333333,False,43.27656666666667,False,45.07836666666667,False,0.0,20,7,1.001,200,70,4,45.3777,46.3777,47.3777,49.0,False,False,False,False,43.3777,42.3777,41.3777,39.3777,False,False,False,False
val_tune,4244817395,9,TC,"[[4.0, 51.5]]",47.5,>=10s,30.72,True,True,31.2,True,31.8,True,32.4,True,30.0,True,29.4,True,28.8,True,31.04,True,29.92,True,30.88,True,0.7,20,54,0.48,226,96,4,31.72,32.72,33.72,35.72,True,True,True,True,29.72,28.72,27.72,25.72,True,True,True,True
val_tune,6713120511,2,TC,"[[8.8, 14.8]]",6.0,5-10s,14.8815,True,False,15.048366666666666,False,15.849166666666667,False,16.249566666666666,False,14.247566666666666,True,13.4134,True,13.046366666666666,True,15.648966666666666,False,13.246566666666666,True,15.048366666666666,False,0.0,20,61,0.1668,223,83,4,15.8815,16.8815,17.8815,19.8815,False,False,False,False,13.8815,12.8815,11.8815,9.8815,True,True,True,True
val_tune,8253302563,7,TN,"[[38.4, 40.2]]",1.8,<2s,20.0417,True,False,21.291666666666668,False,22.541666666666668,False,23.166666666666668,False,18.791666666666668,False,18.291666666666668,False,17.541666666666668,False,21.916666666666668,False,17.083333333333332,False,20.416666666666668,False,0.05,20,32,1.25,142,61,4,21.0417,22.0417,23.0417,25.0417,False,False,False,False,19.0417,18.0417,17.0417,15.0417,False,False,False,False
val_tune,4485498145,3,CW,"[[6.9, 10.1]]",3.2,2-5s,2.5025,True,False,3.003,False,3.4367666666666667,False,4.004,False,2.435766666666667,False,2.002,False,1.001,False,3.5368666666666666,False,0.0,False,3.003,False,0.15,20,20,0.5005,67,24,4,3.5025,4.5025,5.5025,7.5025,False,False,False,True,1.5025,0.5025,0.0,0.0,False,False,False,False
val_tune,4857781123,6,TN,"[[29.4, 36.8]]",7.4,5-10s,5.005,True,False,6.006,False,7.007,False,8.008,False,4.5045,False,4.004,False,3.003,False,5.472133333333334,False,4.838166666666667,False,5.2052,False,0.35,20,46,1.001,147,55,4,6.005,7.005,8.005,10.005,False,False,False,False,4.005,3.005,2.005,0.005,False,False,False,False
val_tune,2871995580,2,CW,"[[13.6, 17.6]]",4.0,2-5s,8.274,True,False,8.608,False,9.009,False,9.542,False,8.008,False,7.007,False,6.539,False,8.64206268958544,False,7.841253791708797,False,8.341,False,0.15,20,118,0.334,361,131,4,9.274,10.274,11.274,13.274,False,False,False,False,7.274,6.274,5.274,3.274,False,False,False,False
val_tune,4244817395,6,CW,"[[51.3, 61.3]]",10.0,>=10s,67.2,True,False,,,,,,,67.16,False,66.12,False,65.64,False,67.32,False,66.44,False,67.28,False,0.0,20,0,,226,96,4,67.0,67.0,67.0,67.0,False,False,False,False,66.2,65.2,64.2,62.2,False,False,False,False
val_tune,4444192938,6,TC,"[[17.9, 20.9]]",3.0,2-5s,18.5185,True,True,19.019,True,19.5195,True,20.02,True,18.451766666666668,True,18.018,True,17.017,False,18.952266666666667,True,18.151466666666668,True,19.019,True,0.2,20,14,0.5005,116,43,4,19.5185,20.5185,21.5185,23.5185,True,True,False,False,17.5185,16.5185,15.5185,13.5185,False,False,False,False
val_tune,2669452260,4,TN,"[[4.2, 5.9]]",1.7,<2s,1.001,True,False,1.6016,False,2.002,False,3.003,False,0.6006,False,,,,,1.7350666666666668,False,0.16683333333333333,False,1.6016,False,0.1,20,19,0.6006,62,21,4,2.001,3.001,4.001,6.001,False,False,False,False,0.001,0.0,0.0,0.0,False,False,False,False
val_tune,2782658657,4,TC,"[[19.3, 22.1]]",2.8,2-5s,18.3183,True,False,18.4184,False,19.019,False,19.5195,True,18.018,False,17.017,False,16.016,False,21.388033333333333,True,16.1161,False,18.4184,False,0.35,20,12,0.1001,106,41,4,19.3183,20.3183,21.3183,23.3183,True,True,True,False,17.3183,16.3183,15.3183,13.3183,False,False,False,False
val_tune,2679130168,1,CW,"[[7.5, 9.0], [13.6, 19.4]]",7.3,5-10s,37.7878,True,False,38.78875,False,39.24754166666666,False,40.04,False,37.5375,False,36.78675,False,36.28625,False,37.996291666666664,False,36.95358333333333,False,37.912875,False,0.0,20,34,1.001,202,79,4,38.7878,39.7878,40.7878,42.7878,False,False,False,False,36.7878,35.7878,34.7878,32.7878,False,False,False,False
val_tune,5940941487,3,CH,"[[5.5, 7.3], [11.2, 12.7], [16.2, 17.8], [19.5, 21.4], [24.2, 25.0], [27.5, 28.5], [31.3, 32.7]]",10.0,>=10s,29.0,True,False,29.72,False,30.2,False,30.8,False,27.8,True,27.2,False,26.6,False,30.8,False,28.88,False,29.24,False,0.4,20,7,0.72,115,47,4,30.0,31.0,32.0,34.0,False,False,True,False,28.0,27.0,26.0,24.0,True,False,False,False
val_tune,8455160795,0,TN,"[[3.4, 5.7]]",2.3,2-5s,3.8372,True,True,4.037366666666666,True,4.537866666666667,True,5.038366666666667,True,3.5368666666666666,True,3.036366666666667,False,2.5358666666666667,False,4.037366666666666,True,3.036366666666667,False,4.037366666666666,True,0.15,20,27,0.2002,80,35,4,4.8372,5.8372,6.8372,8.8372,True,False,False,False,2.8372,1.8372,0.8372,0.0,False,False,False,False
val_tune,3375218204,9,TN,"[[41.0, 53.9]]",12.9,>=10s,43.1431,True,True,44.044,True,44.6446,True,45.045,True,43.043,True,42.6426,True,42.042,True,43.376666666666665,True,41.107733333333336,True,43.2432,True,0.4,20,48,0.9009,299,118,4,44.1431,45.1431,46.1431,48.1431,True,True,True,True,42.1431,41.1431,40.1431,38.1431,True,True,False,False
val_tune,8188651630,4,CH,"[[33.9, 38]]",4.1,2-5s,5.4667,True,False,6.066666666666666,False,7.066666666666666,False,8.066666666666666,False,4.066666666666666,False,3.066666666666667,False,2.066666666666667,False,7.266666666666667,False,4.866666666666666,False,5.666666666666667,False,0.15,20,32,0.6,77,36,4,6.4667,7.4667,8.4667,10.4667,False,False,False,False,4.4667,3.4667,2.4667,0.4667,False,False,False,False
val_tune,3218498932,4,TN,"[[2.0, 3.8]]",1.8,<2s,9.009,True,False,10.01,False,11.011,False,11.6116,False,8.008,False,7.374033333333333,False,7.007,False,10.243566666666666,False,8.041366666666667,False,9.776433333333333,False,0.0,20,35,1.001,120,50,4,10.009,11.009,12.009,14.009,False,False,False,False,8.009,7.009,6.009,4.009,False,False,False,False
val_tune,12392885583,3,CW,"[[12.4, 16.1]]",3.7,2-5s,16.0827,True,True,16.7167,False,17.584233333333334,False,18.351666666666667,False,15.582233333333333,True,15.181833333333334,True,14.781433333333334,True,16.4164,False,14.681333333333333,True,16.182833333333335,False,0.0,20,21,0.634,110,43,4,17.0827,18.0827,19.0827,21.0827,False,False,False,False,15.0827,14.0827,13.0827,11.0827,True,True,True,False
val_tune,4688219212,4,TN,"[[5.0, 11.1]]",6.1,5-10s,29.7964,True,False,29.99663333333333,False,30.397033333333333,False,30.997633333333333,False,29.496133333333333,False,28.995633333333334,False,28.395033333333334,False,29.9299,False,29.062366666666666,False,29.896533333333334,False,0.0,20,5,0.2002,128,55,4,30.7964,31.7964,32.0,32.0,False,False,False,False,28.7964,27.7964,26.7964,24.7964,False,False,False,False
val_tune,6244382586,1,TC,"[[0.0, 0.8], [1.7, 5.2]]",4.3,2-5s,7.0404,True,False,8.041366666666667,False,8.441766666666666,False,9.042366666666666,False,6.639966666666667,False,6.039366666666667,False,5.038366666666667,True,7.6409666666666665,False,5.9059,False,7.140466666666667,False,0.0,20,23,1.001,83,34,4,8.0404,9.0404,10.0404,12.0404,False,False,False,False,6.0404,5.0404,4.0404,2.0404,False,True,True,True
val_tune,7571121368,4,CW,"[[5.8, 28.8]]",23.0,>=10s,32.7661,True,False,33.06636666666667,False,34.067366666666665,False,34.667966666666665,False,32.06536666666667,False,31.06436666666667,False,30.663966666666667,False,35.16846666666667,False,30.964266666666667,False,32.866166666666665,False,0.0,20,41,0.3003,226,93,4,33.7661,34.7661,35.7661,37.7661,False,False,False,False,31.7661,30.7661,29.7661,27.7661,False,False,False,True
val_tune,4251505427,6,TN,"[[0.0, 4.5]]",4.5,2-5s,14.4811,True,False,15.015,False,15.5155,False,16.016,False,14.4144,False,14.014,False,13.4134,False,15.148466666666668,False,14.047366666666667,False,15.015,False,0.0,20,102,0.5339,306,128,4,15.4811,16.4811,17.4811,19.4811,False,False,False,False,13.4811,12.4811,11.4811,9.4811,False,False,False,False
val_tune,5349969207,2,CW,"[[32.2, 35.7]]",3.5,2-5s,25.8925,True,False,26.026,False,26.6266,False,27.027,False,25.3253,False,24.7247,False,24.024,False,26.259566666666668,False,24.157466666666668,False,26.026,False,0.25,20,26,0.1335,160,74,4,26.8925,27.8925,28.8925,30.8925,False,False,False,False,24.8925,23.8925,22.8925,20.8925,False,False,False,False
val_tune,5061117640,4,TN,"[[10.7, 14.0]]",3.3,2-5s,4.7047,True,False,5.005,False,6.006,False,6.373033333333334,False,4.004,False,3.6036,False,3.003,False,5.038366666666667,False,3.937266666666667,False,4.971633333333333,False,0.1,20,79,0.3003,213,85,4,5.7047,6.7047,7.7047,9.7047,False,False,False,False,3.7047,2.7047,1.7047,0.0,False,False,False,False
val_tune,4984417707,0,CW,"[[10.1, 14.4]]",4.3,2-5s,9.8765,True,False,10.01,False,11.011,True,12.012,True,9.009,False,8.008,False,7.5075,False,10.5105,True,9.042366666666666,False,9.943266666666666,False,0.9,20,7,0.1335,59,23,4,10.8765,11.8765,12.8765,14.8765,True,True,True,False,8.8765,7.8765,6.8765,4.8765,False,False,False,False
val_tune,4765564263,2,CH,"[[0.0, 10.5]]",10.5,>=10s,10.9109,True,False,11.011,False,11.4114,False,12.012,False,10.4104,True,10.01,True,9.009,True,11.745066666666666,False,10.677333333333333,False,11.011,False,0.0,20,6,0.1001,56,20,4,11.9109,12.9109,13.9109,14.0,False,False,False,False,9.9109,8.9109,7.9109,5.9109,True,True,True,True
val_tune,6621511673,6,TN,"[[10.1, 17.5], [30.7, 37.3]]",14.0,>=10s,87.4207,True,False,87.52076666666666,False,88.12136666666666,False,89.12236666666666,False,87.12036666666667,False,86.11936666666666,False,85.71896666666666,False,89.12236666666666,False,87.15373333333334,False,87.52076666666666,False,0.0,20,5,0.1001,360,138,4,88.4207,89.4207,90.0,90.0,False,False,False,False,86.4207,85.4207,84.4207,82.4207,False,False,False,False
val_tune,2930782930,6,CW,"[[1.9, 3.2]]",1.3,<2s,25.7257,True,False,26.026,False,26.6266,False,27.027,False,25.025,False,24.024,False,23.023,False,25.959266666666668,False,24.958266666666667,False,26.026,False,0.0,20,11,0.3003,126,53,4,26.7257,27.7257,28.7257,30.7257,False,False,False,False,24.7257,23.7257,22.7257,20.7257,False,False,False,False
val_tune,3192668394,2,TC,"[[21.9, 46.3]]",24.4,>=10s,40.04,True,True,41.041,True,42.042,True,42.4424,True,39.039,True,38.038,True,37.60423333333333,True,43.30993333333333,True,35.66896666666667,True,40.1401,True,0.5,20,43,1.001,278,114,4,41.04,42.04,43.04,45.04,True,True,True,True,39.04,38.04,37.04,35.04,True,True,True,True
val_tune,5907839036,2,CW,"[[19.0, 30.4]]",11.4,>=10s,32.5659,True,False,33.06636666666667,False,33.466766666666665,False,34.067366666666665,False,32.06536666666667,False,31.464766666666666,False,31.06436666666667,False,32.96626666666667,False,31.865166666666667,False,32.96626666666667,False,0.0,20,101,0.5005,360,153,4,33.5659,34.5659,35.5659,37.5659,False,False,False,False,31.5659,30.5659,29.5659,27.5659,False,False,True,True
val_tune,3198533789,4,CW,"[[8.5, 10.8]]",2.3,2-5s,4.9049,True,False,5.005,False,5.5055,False,6.006,False,4.004,False,3.4034,False,3.003,False,5.939266666666667,False,4.371033333333333,False,4.971633333333333,False,0.1,20,30,0.1001,92,37,4,5.9049,6.9049,7.9049,9.9049,False,False,False,True,3.9049,2.9049,1.9049,0.0,False,False,False,False
val_tune,8428551576,6,CW,"[[69.1, 71.3], [72.9, 75.3]]",4.6,2-5s,6.1395,True,False,6.639966666666667,False,7.040366666666666,False,7.440766666666667,False,6.039366666666667,False,5.638966666666667,False,5.038366666666667,False,6.439766666666666,False,4.9049000000000005,False,6.239566666666667,False,0.0,20,146,0.5005,359,157,4,7.1395,8.1395,9.1395,11.1395,False,False,False,False,5.1395,4.1395,3.1395,1.1395,False,False,False,False
val_tune,9612838272,1,CH,"[[6.9, 11.9]]",5.0,5-10s,2.002,True,False,2.1021021021021022,False,2.4691358024691357,False,3.53687020353687,False,1.2012012012012012,False,0.8008008008008008,False,,,2.7027027027027026,False,1.7684351017684352,False,2.1021021021021022,False,0.5,20,22,0.1001,54,24,4,3.002,4.002,5.002,7.002,False,False,False,True,1.002,0.002,0.0,0.0,False,False,False,False
val_tune,2434859163,6,CH,"[[0.0, 1.8], [5.0, 9.6], [16.8, 19.6]]",9.2,5-10s,19.285,True,True,19.753,False,20.153,False,,,19.019,True,18.618,True,18.018,True,20.053589484327603,False,18.65217391304348,True,19.552,True,0.25,20,2,0.468,85,32,4,20.285,21.0,21.0,21.0,False,False,False,False,18.285,17.285,16.285,14.285,True,True,False,False
val_tune,4688219212,5,CH,"[[15.2, 17.4]]",2.2,2-5s,6.7734,True,False,7.007,False,7.5075,False,8.008,False,6.5065,False,6.006,False,5.005,False,7.6409666666666665,False,2.9362666666666666,False,6.840166666666667,False,0.05,20,43,0.2336,128,55,4,7.7734,8.7734,9.7734,11.7734,False,False,False,False,5.7734,4.7734,3.7734,1.7734,False,False,False,False
val_tune,8330342965,0,CW,"[[0.2, 6.8]]",6.6,5-10s,8.5419,True,False,9.042366666666666,False,10.043366666666667,False,11.044366666666667,False,8.041366666666667,False,7.540866666666667,False,7.040366666666666,False,9.9099,False,6.639966666666667,True,9.042366666666666,False,0.0,20,53,0.5005,176,69,4,9.5419,10.5419,11.5419,13.5419,False,False,False,False,7.5419,6.5419,5.5419,3.5419,False,True,True,True
val_tune,4674481985,5,CW,"[[5.2, 9.4]]",4.2,2-5s,20.9209,True,False,21.021,False,22.022,False,22.655966666666668,False,20.6206,False,20.02,False,19.019,False,21.855166666666666,False,11.845166666666668,False,21.021,False,0.0,20,6,0.1001,99,41,4,21.9209,22.9209,23.9209,24.0,False,False,False,False,19.9209,18.9209,17.9209,15.9209,False,False,False,False
val_tune,8575881495,6,TN,"[[44.0, 47.8]]",3.8,2-5s,14.1808,True,False,15.048366666666666,False,15.4154,False,16.049366666666668,False,14.047366666666667,False,13.646966666666666,False,13.046366666666666,False,16.383033333333334,False,12.946266666666666,False,14.280933333333333,False,0.1,20,86,0.8675,267,108,4,15.1808,16.1808,17.1808,19.1808,False,False,False,False,13.1808,12.1808,11.1808,9.1808,False,False,False,False
val_tune,3063380173,6,TC,"[[13.0, 17]]",4.0,2-5s,15.415,True,True,16.016,True,16.583,True,16.95,True,15.015,True,14.481,True,14.014,True,15.916076845298281,True,15.11526794742164,True,15.682,True,0.9,20,3,0.601,71,29,4,16.415,17.0,17.0,17.0,True,True,True,True,14.415,13.415,12.415,10.415,True,True,False,False
val_tune,3322503255,0,CW,"[[0.8, 24.7]]",23.9,>=10s,9.009,True,True,9.6096,True,10.01,True,10.5105,True,8.4084,True,8.008,True,7.5075,True,9.142466666666667,True,8.141466666666666,True,9.2092,True,0.6,20,57,0.6006,166,73,4,10.009,11.009,12.009,14.009,True,True,True,True,8.009,7.009,6.009,4.009,True,True,True,True
val_tune,11566930393,5,TN,"[[18.7, 29]]",10.3,>=10s,14.8815,True,False,15.281948615281948,False,15.682349015682348,False,16.449783116449783,False,14.214214214214214,False,13.213213213213214,False,12.345679012345679,False,15.448782115448783,False,14.447781114447782,False,14.948281614948282,False,0.5,20,22,0.4004,114,44,4,15.8815,16.8815,17.8815,19.8815,False,False,False,True,13.8815,12.8815,11.8815,9.8815,False,False,False,False
val_tune,2877270840,6,TN,"[[21.2, 24.5]]",3.3,2-5s,20.02,True,False,21.021,False,21.6216,True,22.022,True,19.4194,False,19.019,False,18.018,False,20.754066666666667,False,18.952266666666667,False,20.2202,False,0.55,20,7,1.001,104,38,4,21.02,22.02,23.02,25.02,False,True,True,False,19.02,18.02,17.02,15.02,False,False,False,False
val_tune,4103088549,2,CW,"[[4.3, 15.2]]",10.9,>=10s,2.4024,True,False,3.003,False,3.5035,False,4.004,False,2.002,False,1.001,False,,,2.5358666666666667,False,1.9352666666666667,False,2.5025,False,0.8,20,23,0.6006,67,26,4,3.4024,4.4024,5.4024,7.4024,False,True,True,True,1.4024,0.4024,0.0,0.0,False,False,False,False
val_tune,7987845241,5,TN,"[[34.2, 37.0]]",2.8,2-5s,3.0364,True,False,3.4367666666666667,False,4.037366666666666,False,5.038366666666667,False,2.6359666666666666,False,2.0353666666666665,False,1.6349666666666667,False,3.6703333333333332,False,2.435766666666667,False,3.4367666666666667,False,0.05,20,77,0.4004,202,83,4,4.0364,5.0364,6.0364,8.0364,False,False,False,False,2.0364,1.0364,0.0364,0.0,False,False,False,False
val_tune,2871995580,0,CW,"[[3.6, 6.5]]",2.9,2-5s,74.374,True,False,75.075,False,76.076,False,77.077,False,74.074,False,73.073,False,72.072,False,76.11021233569262,False,72.37310414560162,False,74.741,False,0.0,20,17,0.701,361,131,4,75.374,76.374,77.374,79.374,False,False,False,False,73.374,72.374,71.374,69.374,False,False,False,False
val_tune,8080432373,5,CH,"[[17.7, 22.1]]",4.4,2-5s,42.676,True,False,43.076366666666665,False,44.07736666666667,False,44.47776666666667,False,42.475766666666665,False,42.07536666666667,False,41.47476666666667,False,42.776066666666665,False,42.20883333333333,False,43.076366666666665,False,0.0,20,84,0.4004,360,154,4,43.676,44.676,45.676,47.676,False,False,False,False,41.676,40.676,39.676,37.676,False,False,False,False
val_tune,4671452046,3,CW,"[[1.7, 13.7]]",12.0,>=10s,19.8532,True,False,20.02,False,20.487133333333333,False,21.021,False,19.486133333333335,False,19.019,False,18.018,False,20.854166666666668,False,17.784433333333332,False,20.02,False,0.0,20,41,0.1668,175,72,4,20.8532,21.8532,22.8532,24.8532,False,False,False,False,18.8532,17.8532,16.8532,14.8532,False,False,False,False
val_tune,6168716346,3,CW,"[[30.2, 31.7]]",1.5,<2s,26.66,True,False,27.060366666666667,False,27.460766666666668,False,28.061366666666668,False,26.059366666666666,False,25.458766666666666,False,25.058366666666668,False,27.093733333333333,False,26.059366666666666,False,26.760066666666667,False,0.3,20,10,0.4004,127,54,4,27.66,28.66,29.66,31.66,False,False,False,True,25.66,24.66,23.66,21.66,False,False,False,False
val_tune,4244817395,7,TP,"[[20.4, 24.8]]",4.4,2-5s,59.92,True,False,60.0,False,60.72,False,61.2,False,59.56,False,58.8,False,58.2,False,64.72,False,59.84,False,60.0,False,0.0,20,11,0.08,226,96,4,60.92,61.92,62.92,64.92,False,False,False,False,58.92,57.92,56.92,54.92,False,False,False,False
val_tune,4626085492,4,CW,"[[6.8, 10.0]]",3.2,2-5s,4.6046,True,False,5.005,False,5.572233333333333,False,6.006,False,4.004,False,3.6036,False,3.003,False,5.338666666666667,False,4.3043000000000005,False,4.8048,False,0.2,20,25,0.4004,86,35,4,5.6046,6.6046,7.6046,9.6046,False,False,True,True,3.6046,2.6046,1.6046,0.0,False,False,False,False
val_tune,3383804222,0,CW,"[[21.8, 25.4]]",3.6,2-5s,10.9693,True,False,11.26125,False,11.720041666666667,False,12.5125,False,10.01,False,8.75875,False,8.133125,False,12.345666666666666,False,7.841166666666666,False,11.177833333333334,False,0.1,20,43,0.292,134,57,4,11.9693,12.9693,13.9693,15.9693,False,False,False,False,9.9693,8.9693,7.9693,5.9693,False,False,False,False
val_tune,3508407941,1,CW,"[[10.3, 19.7]]",9.4,5-10s,16.7667,True,True,17.017,True,17.5175,True,18.76875,True,16.26625,True,15.015,True,14.389375,True,17.434083333333334,True,15.432083333333333,True,17.017,True,0.5,20,7,0.2503,70,28,4,17.7667,18.7667,19.7667,21.0,True,True,False,False,15.7667,14.7667,13.7667,11.7667,True,True,True,True
val_tune,6291413193,2,CW,"[[41.3, 46.1]]",4.8,2-5s,43.8438,True,True,44.07736666666667,True,45.07836666666667,True,46.079366666666665,True,43.076366666666665,True,42.5425,True,42.07536666666667,True,44.5445,True,43.376666666666665,True,43.9439,True,0.05,20,32,0.2336,264,101,4,44.8438,45.8438,46.8438,48.8438,True,True,False,False,42.8438,41.8438,40.8438,38.8438,True,True,False,False
val_tune,4896969617,8,CW,"[[8.6, 11.2]]",2.6,2-5s,5.3053,True,False,6.006,False,7.007,False,7.5075,False,5.005,False,4.5045,False,4.004,False,5.638966666666667,False,4.938266666666666,False,5.9059,False,0.45,20,10,0.7007,47,20,4,6.3053,7.3053,8.3053,10.3053,False,False,False,True,4.3053,3.3053,2.3053,0.3053,False,False,False,False
val_tune,3372023610,4,CW,"[[27.6, 30.1]]",2.5,2-5s,6.8068,True,False,7.007,False,7.4741333333333335,False,8.008,False,6.006,False,5.5055,False,5.005,False,7.140466666666667,False,5.939266666666667,False,6.9069,False,0.15,20,44,0.2002,136,55,4,7.8068,8.8068,9.8068,11.8068,False,False,False,False,5.8068,4.8068,3.8068,1.8068,False,False,False,False
val_tune,5919180502,5,TC,"[[7.4, 14.1], [15.2, 15.6], [28.3, 36.3], [38.9, 41.6]]",17.8,>=10s,29.4961,True,True,29.796433333333333,True,30.797433333333334,True,31.79843333333333,True,29.295933333333334,True,28.79543333333333,True,28.061366666666668,False,29.8298,True,29.229200000000002,True,29.796433333333333,True,0.5,20,25,0.3003,200,72,4,30.4961,31.4961,32.4961,34.4961,True,True,True,True,28.4961,27.4961,26.4961,24.4961,True,False,False,False
val_tune,4674481985,2,TN,"[[12.2, 24]]",11.8,>=10s,20.9209,True,True,21.021,True,22.022,True,22.655966666666668,True,20.6206,True,20.02,True,19.019,True,21.855166666666666,True,11.845166666666668,False,21.021,True,0.7,20,6,0.1001,99,41,4,21.9209,22.9209,23.9209,24.0,True,True,True,True,19.9209,18.9209,17.9209,15.9209,True,True,True,True
val_tune,9088819598,6,CW,"[[16.6, 21.4]]",4.8,2-5s,1.5015,True,False,2.1688355021688355,False,2.9029029029029028,False,3.5035035035035036,False,0.9009009009009009,False,,,,,2.4357691024357693,False,1.0677344010677345,False,2.1021021021021022,False,0.45,20,26,0.6673,70,28,4,2.5015,3.5015,4.5015,6.5015,False,False,False,False,0.5015,0.0,0.0,0.0,False,False,False,False
val_tune,3462517143,4,TC,"[[14.2, 18.6]]",4.4,2-5s,1.8018,True,False,2.002,False,2.5025,False,3.003,False,1.001,False,,,,,1.8351666666666666,False,1.1678333333333333,False,1.9686333333333332,False,0.2,20,38,0.2002,98,39,4,2.8018,3.8018,4.8018,6.8018,False,False,False,False,0.8018,0.0,0.0,0.0,False,False,False,False
val_tune,2623954636,9,TN,"[[28.5, 31]]",2.5,2-5s,9.542,True,False,10.01,False,10.543,False,11.011,False,9.009,False,8.541,False,8.008,False,10.51061678463094,False,8.608695652173914,False,9.743,False,0.05,20,40,0.468,127,56,4,10.542,11.542,12.542,14.542,False,False,False,False,8.542,7.542,6.542,4.542,False,False,False,False
val_tune,3218498932,5,TN,"[[0.3, 2.6]]",2.3,2-5s,0.7007,True,True,1.001,True,1.6016,True,2.002,True,,,,,,,0.9342666666666667,True,0.0,False,0.8008,True,0.1,20,50,0.3003,120,50,4,1.7007,2.7007,3.7007,5.7007,True,False,False,False,0.0,0.0,0.0,0.0,False,False,False,False
val_tune,3131380536,0,CW,"[[0.1, 25.8]]",25.7,>=10s,5.1051,True,True,5.4054,True,6.006,True,6.6066,True,5.005,True,4.4044,True,4.004,True,5.572233333333333,True,4.371033333333333,True,5.4054,True,0.45,20,99,0.3003,268,108,4,6.1051,7.1051,8.1051,10.1051,True,True,True,True,4.1051,3.1051,2.1051,0.1051,True,True,True,True
val_tune,3263908208,3,CH,"[[0.1, 12]]",11.9,>=10s,10.6667,True,True,11.25,True,12.083333333333334,False,,,10.0,True,9.5,True,8.75,True,11.916666666666666,True,10.041666666666666,True,10.916666666666666,True,0.8,20,2,0.5833,40,17,4,11.6667,12.0,12.0,12.0,True,True,True,True,9.6667,8.6667,7.6667,5.6667,True,True,True,True
val_tune,8627074061,4,TN,"[[64.8, 68.8]]",4.0,2-5s,15.9493,True,False,16.049366666666668,False,17.050366666666665,False,17.550866666666668,False,15.048366666666666,False,14.047366666666667,False,13.646966666666666,False,16.249566666666666,False,15.048366666666666,False,16.049366666666668,False,0.15,20,127,0.1001,360,154,4,16.9493,17.9493,18.9493,20.9493,False,False,False,False,14.9493,13.9493,12.9493,10.9493,False,False,False,False
val_tune,2834146886,7,CH,"[[30.8, 34.9]]",4.1,2-5s,38.7387,True,False,39.27256666666667,False,39.67296666666667,False,40.04,False,38.038,False,37.6376,False,37.037,False,41.7417,False,37.70433333333333,False,38.8388,False,0.0,20,37,0.5339,251,101,4,39.7387,40.7387,41.7387,43.7387,False,False,False,False,37.7387,36.7387,35.7387,33.7387,False,False,False,True
val_tune,6618792571,9,CW,"[[60.7, 68.0]]",7.3,5-10s,58.9923,True,False,59.09236666666666,False,60.09336666666667,False,61.094366666666666,True,58.49176666666666,False,58.091366666666666,False,57.59086666666666,False,60.52713333333333,False,58.625233333333334,False,59.059,False,0.3,20,40,0.1001,336,135,4,59.9923,60.9923,61.9923,63.9923,False,True,True,True,57.9923,56.9923,55.9923,53.9923,False,False,False,False
val_tune,4333544549,7,CH,"[[1.0, 26.7], [32.1, 35.6]]",29.2,>=10s,2.9029,True,True,3.003,True,3.5035,True,4.004,True,2.5025,True,2.002,True,1.5015,True,2.9362666666666666,True,1.9352666666666667,True,3.003,True,0.85,20,60,0.1001,143,66,4,3.9029,4.9029,5.9029,7.9029,True,True,True,True,1.9029,0.9029,0.0,0.0,True,False,False,False
val_tune,7164729910,4,CW,"[[10.0, 17.5]]",7.5,5-10s,16.0833,True,True,16.625,True,17.541666666666668,False,18.041666666666668,False,15.041666666666666,True,14.541666666666666,True,13.791666666666666,True,17.25,True,14.708333333333334,True,16.291666666666668,True,0.2,20,16,0.5417,88,39,4,17.0833,18.0833,19.0833,21.0833,True,False,False,False,15.0833,14.0833,13.0833,11.0833,True,True,True,True
val_tune,2824317018,6,CW,"[[44.5, 49.7]]",5.2,5-10s,39.639,True,False,40.04,False,40.44,False,41.041,False,39.439,False,39.039,False,38.038,False,40.20728008088979,False,37.2376137512639,False,39.806,False,0.35,20,24,0.401,217,85,4,40.639,41.639,42.639,44.639,False,False,False,True,38.639,37.639,36.639,34.639,False,False,False,False
val_tune,6618792571,4,CW,"[[30.9, 38.5]]",7.6,5-10s,35.669,True,True,36.06936666666667,True,36.66996666666667,True,37.070366666666665,True,35.06836666666667,True,34.56786666666667,True,34.067366666666665,True,36.87016666666667,True,34.968266666666665,True,35.96926666666667,True,0.0,20,79,0.4004,336,135,4,36.669,37.669,38.669,40.669,True,True,False,False,34.669,33.669,32.669,30.669,True,True,True,False
val_tune,5945172741,6,CW,"[[8.7, 14.3]]",5.6,5-10s,5.92,True,False,6.04,False,7.24,False,8.44,False,4.84,False,3.64,False,2.44,False,7.12,False,4.72,False,6.0,False,0.0,20,74,0.12,214,79,4,6.92,7.92,8.92,10.92,False,False,True,True,4.92,3.92,2.92,0.92,False,False,False,False
val_tune,6806999702,5,TC,"[[0.0, 5.0]]",5.0,5-10s,75.2085,True,False,76.20946666666667,False,77.11036666666666,False,77.71096666666666,False,75.10836666666667,False,74.70796666666666,False,74.1741,False,75.44203333333334,False,72.10536666666667,False,75.9759,False,0.0,20,24,1.001,360,135,4,76.2085,77.2085,78.2085,80.2085,False,False,False,False,74.2085,73.2085,72.2085,70.2085,False,False,False,False
val_tune,5521781780,1,CW,"[[19.0, 23.4]]",4.4,2-5s,22.4224,True,True,23.056366666666666,True,23.556866666666668,False,24.057366666666667,False,22.055366666666668,True,21.054366666666667,True,20.653966666666665,True,23.189833333333333,True,22.155466666666666,True,22.689333333333334,True,0.0,20,107,0.634,361,138,4,23.4224,24.4224,25.4224,27.4224,False,False,False,False,21.4224,20.4224,19.4224,17.4224,True,True,True,False
val_tune,6988748711,1,CW,"[[6.6, 7.6]]",1.0,<2s,9.009,True,False,9.042366666666666,False,9.642966666666666,False,10.043366666666667,False,8.041366666666667,False,7.540866666666667,True,7.040366666666666,True,9.342666666666666,False,5.839166666666666,False,9.042366666666666,False,0.0,20,69,0.0334,203,83,4,10.009,11.009,12.009,14.009,False,False,False,False,8.009,7.009,6.009,4.009,False,True,False,False
val_tune,10607095936,4,CW,"[[31.1, 35.1]]",4.0,2-5s,8.6086,True,False,8.742075408742075,False,10.01001001001001,False,11.478144811478145,False,8.008008008008009,False,7.540874207540874,False,6.006006006006006,False,10.744077410744078,False,6.106106106106107,False,8.675342008675342,False,0.15,20,34,0.1335,126,44,4,9.6086,10.6086,11.6086,13.6086,False,False,False,False,7.6086,6.6086,5.6086,3.6086,False,False,False,False
val_tune,10042935613,6,TC,"[[21.6, 28.6]]",7.0,5-10s,4.7381,True,False,5.605605605605605,False,6.006006006006006,False,6.9402736069402735,False,4.604604604604605,False,4.004004004004004,False,3.6036036036036037,False,5.238571905238572,False,4.170837504170838,False,4.804804804804805,False,0.05,20,68,0.8675,200,75,4,5.7381,6.7381,7.7381,9.7381,False,False,False,False,3.7381,2.7381,1.7381,0.0,False,False,False,False
val_tune,2930782930,2,TN,"[[26.8, 31]]",4.2,2-5s,26.3263,True,False,26.6266,False,27.027,True,27.5275,True,26.026,False,25.025,False,24.024,False,26.659966666666666,False,25.959266666666668,False,26.6266,False,0.85,20,10,0.3003,126,53,4,27.3263,28.3263,29.3263,31.0,True,True,True,True,25.3263,24.3263,23.3263,21.3263,False,False,False,False
val_tune,2495861393,9,TN,"[[41.1, 49.9]]",8.8,5-10s,15.281,True,False,16.016,False,16.549,False,17.017,False,15.015,False,14.547,False,14.014,False,17.217391304347828,False,14.848331648129424,False,15.749,False,0.35,20,62,0.735,201,91,4,16.281,17.281,18.281,20.281,False,False,False,False,14.281,13.281,12.281,10.281,False,False,False,False
val_tune,4465235803,1,CW,"[[1.8, 13.2], [18.5, 23.3]]",16.2,>=10s,22.1221,True,True,22.489133333333335,True,23.023,True,23.5235,False,22.022,True,21.588233333333335,True,21.021,True,23.356666666666666,False,18.952266666666667,True,22.288933333333333,True,0.05,20,20,0.367,136,56,4,23.1221,24.1221,25.1221,27.1221,True,False,False,False,21.1221,20.1221,19.1221,17.1221,True,True,True,False
val_tune,8318310610,5,TN,"[[0.0, 4.2]]",4.2,2-5s,21.0544,True,False,22.055366666666668,False,,,,,20.453766666666667,False,20.053366666666665,False,19.452766666666665,False,21.454766666666668,False,20.553866666666668,False,21.154466666666668,False,0.0,20,1,1.001,90,33,4,22.0,22.0,22.0,22.0,False,False,False,False,20.0544,19.0544,18.0544,16.0544,False,False,False,False
val_tune,3105728894,8,TN,"[[40.1, 46.0]]",5.9,5-10s,25.6256,True,False,26.026,False,26.4264,False,27.027,False,25.025,False,24.5245,False,24.024,False,26.459766666666667,False,24.958266666666667,False,25.9259,False,0.35,20,45,0.4004,203,87,4,26.6256,27.6256,28.6256,30.6256,False,False,False,False,24.6256,23.6256,22.6256,20.6256,False,False,False,False
val_tune,5858985747,5,TN,"[[1.4, 3.9]]",2.5,2-5s,3.1365,True,True,3.6036,True,4.037366666666666,False,4.6046,False,3.036366666666667,True,2.135466666666667,True,1.7350666666666668,True,3.7370666666666668,True,2.435766666666667,True,3.4367666666666667,True,0.05,20,14,0.4671,47,19,4,4.1365,5.1365,6.1365,8.1365,False,False,False,False,2.1365,1.1365,0.1365,0.0,True,False,False,False
val_tune,7536230796,4,TN,"[[10.4, 14.7]]",4.3,2-5s,10.0417,True,False,10.208333333333334,False,10.958333333333334,True,11.458333333333334,True,9.541666666666666,False,8.958333333333334,False,8.416666666666666,False,11.333333333333334,True,2.5416666666666665,False,10.208333333333334,False,0.1,20,76,0.1667,240,89,4,11.0417,12.0417,13.0417,15.0417,True,True,True,False,9.0417,8.0417,7.0417,5.0417,False,False,False,False
val_tune,3821781616,0,TN,"[[1.6, 4.3]]",2.7,2-5s,10.01,True,False,11.011,False,11.4114,False,12.012,False,9.009,False,8.008,False,7.4074,False,10.710700000000001,False,9.442766666666667,False,10.1101,False,0.0,20,23,1.001,100,38,4,11.01,12.01,13.01,15.01,False,False,False,False,9.01,8.01,7.01,5.01,False,False,False,False
val_tune,3375218204,8,TN,"[[34.3, 40.8]]",6.5,5-10s,60.5605,True,False,61.061,False,61.628233333333334,False,62.062,False,60.06,False,59.059,False,58.058,False,68.00126666666667,False,57.99126666666667,False,60.9609,False,0.0,20,23,0.5005,299,118,4,61.5605,62.5605,63.5605,65.5605,False,False,False,False,59.5605,58.5605,57.5605,55.5605,False,False,False,False
val_tune,5064681723,2,CH,"[[18.7, 19.9]]",1.2,<2s,20.02,True,False,,,,,,,19.486133333333335,True,18.785433333333334,True,17.784433333333332,False,20.086733333333335,False,17.484133333333332,False,20.053366666666665,False,0.0,20,0,,82,36,4,20.0,20.0,20.0,20.0,False,False,False,False,19.02,18.02,17.02,15.02,True,False,False,False
val_tune,2535384528,1,CW,"[[3.0, 5.4]]",2.4,2-5s,14.52,True,False,,,,,,,13.8,False,13.2,False,12.0,False,15.04,False,11.92,False,14.76,False,0.0,20,0,,51,20,4,15.0,15.0,15.0,15.0,False,False,False,False,13.52,12.52,11.52,9.52,False,False,False,False
val_tune,7605329840,0,TC,"[[8.4, 11.0]]",2.6,2-5s,10.644,True,True,11.044366666666667,False,12.045366666666666,False,12.545866666666667,False,10.043366666666667,True,9.442766666666667,True,9.042366666666666,True,11.378033333333333,False,9.542866666666667,True,10.944266666666667,True,0.05,20,14,0.4004,86,31,4,11.644,12.644,13.644,15.644,False,False,False,False,9.644,8.644,7.644,5.644,True,True,False,False
val_tune,5875535585,1,TC,"[[0.8, 74.8]]",74.0,>=10s,54.8882,True,True,55.088366666666666,True,56.08936666666666,True,56.68996666666666,True,54.08736666666667,True,53.48676666666667,True,53.08636666666666,True,55.388666666666666,True,53.98726666666667,True,54.9549,True,0.9,20,36,0.2002,306,128,4,55.8882,56.8882,57.8882,59.8882,True,True,True,True,53.8882,52.8882,51.8882,49.8882,True,True,True,True
val_tune,4094488636,2,CH,"[[4.5, 9.6]]",5.1,5-10s,7.9746,True,True,8.008,True,8.475133333333334,True,9.009,True,7.5075,True,7.007,True,6.4064,True,8.742066666666666,True,7.374033333333333,True,8.008,True,0.05,20,37,0.0334,108,50,4,8.9746,9.9746,10.9746,12.9746,True,False,False,False,6.9746,5.9746,4.9746,2.9746,True,True,True,False
val_tune,6642268693,6,CW,"[[4.8, 6.4]]",1.6,<2s,18.4,True,False,18.72,False,19.48,False,19.96,False,17.56,False,16.0,False,15.16,False,18.64,False,17.44,False,18.64,False,0.0,20,33,0.32,154,54,4,19.4,20.4,21.4,23.4,False,False,False,False,17.4,16.4,15.4,13.4,False,False,False,False
val_tune,6806999702,0,CW,"[[2.7, 13.2]]",10.5,>=10s,43.043,True,False,43.076366666666665,False,43.57686666666667,False,44.07736666666667,False,42.67596666666667,False,42.07536666666667,False,41.07436666666667,False,43.510133333333336,False,42.07536666666667,False,43.076366666666665,False,0.0,20,70,0.0334,360,135,4,44.043,45.043,46.043,48.043,False,False,False,False,42.043,41.043,40.043,38.043,False,False,False,False
val_tune,4485498145,4,TN,"[[3.0, 5.3]]",2.3,2-5s,3.003,True,True,3.4367666666666667,True,4.004,True,5.005,True,2.435766666666667,False,2.002,False,1.001,False,3.5368666666666666,True,0.0,False,3.069733333333333,True,0.2,20,19,0.4338,67,24,4,4.003,5.003,6.003,8.003,True,True,False,False,2.003,1.003,0.003,0.0,False,False,False,False
val_tune,5623068492,7,TN,"[[38.5, 50.5]]",12.0,>=10s,38.0714,True,False,39.07236666666667,True,39.57286666666667,True,40.073366666666665,True,37.070366666666665,False,36.66996666666667,False,36.06936666666667,False,38.47176666666667,False,36.169466666666665,False,38.17146666666667,False,0.2,20,70,1.001,319,137,4,39.0714,40.0714,41.0714,43.0714,True,True,True,True,37.0714,36.0714,35.0714,33.0714,False,False,False,False
val_tune,4970148391,8,CH,"[[8.8, 12.2]]",3.4,2-5s,2.7027,True,False,3.003,False,3.5035,False,4.004,False,2.5025,False,2.002,False,1.4014,False,4.371033333333333,False,1.5682333333333334,False,3.003,False,0.15,20,38,0.3003,99,43,4,3.7027,4.7027,5.7027,7.7027,False,False,False,False,1.7027,0.7027,0.0,0.0,False,False,False,False
val_tune,5328004991,5,TC,"[[0.2, 21.9]]",21.7,>=10s,7.007,True,True,8.008,True,8.6086,True,9.009,True,6.006,True,5.005,True,4.4044,True,7.9412666666666665,True,6.940266666666667,True,7.3073,True,0.9,20,33,1.001,106,43,4,8.007,9.007,10.007,12.007,True,True,True,True,6.007,5.007,4.007,2.007,True,True,True,True
val_tune,6168295272,2,TC,"[[12.2, 15.7]]",3.5,2-5s,4.1708,True,False,5.046708333333333,False,6.297958333333334,False,7.048708333333333,False,3.7954583333333334,False,3.1698333333333335,False,2.544208333333333,False,6.172833333333333,False,2.544208333333333,False,4.295958333333333,False,0.4,20,17,0.8759,60,22,4,5.1708,6.1708,7.1708,9.1708,False,False,False,False,3.1708,2.1708,1.1708,0.0,False,False,False,False
val_tune,5635265624,8,TC,"[[9.2, 14.9]]",5.7,5-10s,4.8382,True,False,5.038366666666667,False,6.039366666666667,False,6.639966666666667,False,4.037366666666666,False,3.6369666666666665,False,3.036366666666667,False,5.171833333333334,False,4.471133333333333,False,4.938266666666666,False,0.2,20,23,0.2002,79,30,4,5.8382,6.8382,7.8382,9.8382,False,False,False,True,3.8382,2.8382,1.8382,0.0,False,False,False,False
val_tune,8253302563,3,CW,"[[31.5, 39.2]]",7.7,5-10s,39.2083,True,False,40.041666666666664,False,40.791666666666664,False,41.291666666666664,False,38.791666666666664,True,38.291666666666664,True,37.541666666666664,True,44.0,False,38.708333333333336,True,39.833333333333336,False,0.0,20,7,0.8333,142,61,4,40.2083,41.2083,42.2083,44.0,False,False,False,False,38.2083,37.2083,36.2083,34.2083,True,True,True,True
val_tune,3380344744,2,CW,"[[12.6, 33.9]]",21.3,>=10s,10.4104,True,False,11.011,False,11.5115,False,12.012,False,10.01,False,9.009,False,8.008,False,10.944266666666667,False,8.942266666666667,False,10.7107,False,0.5,20,66,0.6006,199,82,4,11.4104,12.4104,13.4104,15.4104,False,False,True,True,9.4104,8.4104,7.4104,5.4104,False,False,False,False
val_tune,8225502382,2,CW,"[[24.0, 27.8]]",3.8,2-5s,43.0096,True,False,43.076366666666665,False,43.57686666666667,False,44.07736666666667,False,42.609233333333336,False,42.07536666666667,False,41.67496666666667,False,43.17646666666667,False,41.8418,False,43.076366666666665,False,0.0,20,12,0.0667,196,81,4,44.0096,45.0096,46.0096,48.0096,False,False,False,False,42.0096,41.0096,40.0096,38.0096,False,False,False,False
val_tune,6277800530,1,CW,"[[0.0, 20.9]]",20.9,>=10s,18.0847,True,True,18.451766666666668,True,19.085733333333334,True,19.5195,True,17.684333333333335,True,17.083733333333335,True,16.483133333333335,True,21.721700000000002,False,17.1171,True,18.451766666666668,True,0.15,20,18,0.367,119,45,4,19.0847,20.0847,21.0847,23.0847,True,True,False,False,17.0847,16.0847,15.0847,13.0847,True,True,True,True
val_tune,3131380536,2,CW,"[[24.0, 44.4]]",20.4,>=10s,32.3323,True,True,32.5325,True,33.033,True,33.5335,True,32.032,True,31.031,True,30.663966666666667,True,33.56686666666667,True,31.164466666666666,True,32.5325,True,0.2,20,57,0.2002,268,108,4,33.3323,34.3323,35.3323,37.3323,True,True,True,True,31.3323,30.3323,29.3323,27.3323,True,True,True,True
val_tune,7059877301,8,CW,"[[1.0, 4.1]]",3.1,2-5s,12.9129,True,False,13.046366666666666,False,13.4134,False,14.047366666666667,False,12.045366666666666,False,11.644966666666667,False,11.044366666666667,False,13.6136,False,11.945266666666667,False,13.013,False,0.0,20,28,0.1335,123,50,4,13.9129,14.9129,15.9129,17.9129,False,False,False,False,11.9129,10.9129,9.9129,7.9129,False,False,False,False
val_tune,5138093706,4,CW,"[[29.3, 30.8]]",1.5,<2s,9.5095,True,False,9.6096,False,10.01,False,10.4104,False,9.009,False,8.008,False,7.5075,False,9.943266666666666,False,8.942266666666667,False,9.6096,False,0.15,20,38,0.1001,125,52,4,10.5095,11.5095,12.5095,14.5095,False,False,False,False,8.5095,7.5095,6.5095,4.5095,False,False,False,False
val_tune,5328616848,3,CW,"[[9.5, 13.0]]",3.5,2-5s,9.6096,True,True,10.01,True,10.5105,True,11.011,True,9.4094,False,9.009,False,8.4084,False,11.277933333333333,True,8.942266666666667,False,9.843166666666667,True,0.75,20,10,0.4004,60,27,4,10.6096,11.6096,12.6096,14.6096,True,True,True,False,8.6096,7.6096,6.6096,4.6096,False,False,False,False
val_tune,4444192938,4,CW,"[[5.0, 6.9]]",1.9,<2s,1.9019,True,False,2.002,False,3.003,False,3.7037,False,1.4014,False,1.001,False,0.2002,False,2.9362666666666666,False,0.0,False,2.002,False,0.05,20,40,0.1001,116,43,4,2.9019,3.9019,4.9019,6.9019,False,False,False,False,0.9019,0.0,0.0,0.0,False,False,False,False
val_tune,3763643225,1,CH,"[[16.2, 21.3]]",5.1,5-10s,12.3123,True,False,12.4124,False,13.013,False,13.5135,False,12.012,False,11.6116,False,11.011,False,14.848166666666668,False,11.945266666666667,False,12.4124,False,0.25,20,38,0.1001,144,58,4,13.3123,14.3123,15.3123,17.3123,False,False,False,True,11.3123,10.3123,9.3123,7.3123,False,False,False,False
val_tune,4092992100,7,TN,"[[3.1, 8.8]]",5.7,5-10s,15.015,True,False,,,,,,,14.5145,False,14.014,False,13.013,False,15.382033333333334,False,14.681333333333333,False,15.1151,False,0.0,20,0,,62,21,4,15.0,15.0,15.0,15.0,False,False,False,False,14.015,13.015,12.015,10.015,False,False,False,False
val_tune,6786501294,3,CW,"[[17.5, 19.2]]",1.7,<2s,32.1321,True,False,32.16546666666667,False,32.59923333333333,False,33.09973333333333,False,31.598233333333333,False,30.59723333333333,False,30.196833333333334,False,32.59923333333333,False,31.498133333333335,False,32.16546666666667,False,0.0,20,51,0.0334,242,106,4,33.1321,34.1321,35.1321,37.1321,False,False,False,False,31.1321,30.1321,29.1321,27.1321,False,False,False,False
val_tune,4949582792,3,TN,"[[30.5, 32.4]]",1.9,<2s,63.3633,True,False,64.064,False,64.6646,False,65.065,False,63.063,False,62.4624,False,62.062,False,63.99726666666667,False,62.69596666666667,False,63.9639,False,0.0,20,44,0.7007,353,148,4,64.3633,65.3633,66.3633,68.3633,False,False,False,False,62.3633,61.3633,60.3633,58.3633,False,False,False,False
val_tune,7088595057,7,CW,"[[17.9, 21.1]]",3.2,2-5s,30.7641,True,False,31.06436666666667,False,31.464766666666666,False,32.06536666666667,False,30.663966666666667,False,30.063366666666667,False,29.462766666666667,False,31.798433333333335,False,29.963266666666666,False,31.06436666666667,False,0.0,20,7,0.3003,142,60,4,31.7641,32.7641,33.7641,35.0,False,False,False,False,29.7641,28.7641,27.7641,25.7641,False,False,False,False
val_tune,6239210933,2,CW,"[[16.3, 20.3]]",4.0,2-5s,17.1505,True,True,17.450766666666667,True,18.051366666666667,True,19.052366666666668,True,17.050366666666665,True,16.049366666666668,False,15.448766666666666,False,17.951266666666665,True,15.949266666666666,False,17.250566666666668,True,0.05,20,29,0.3003,138,60,4,18.1505,19.1505,20.1505,22.1505,True,True,True,False,16.1505,15.1505,14.1505,12.1505,False,False,False,False
val_tune,7001078933,0,TP,"[[0.5, 3.4]]",2.9,2-5s,17.7844,True,False,18.051366666666667,False,18.551866666666665,False,19.052366666666668,False,17.684333333333335,False,17.050366666666665,False,16.549866666666667,False,19.185833333333335,False,17.217200000000002,False,17.884533333333334,False,0.0,20,5,0.2669,86,37,4,18.7844,19.7844,20.7844,21.0,False,False,False,False,16.7844,15.7844,14.7844,12.7844,False,False,False,False
val_tune,4516967897,2,TC,"[[65.2, 68.0]]",2.8,2-5s,5.3053,True,False,5.4054,False,6.006,False,7.007,False,5.005,False,4.004,False,3.4701333333333335,False,6.172833333333333,False,0.33366666666666667,False,5.4054,False,0.0,20,99,0.1001,272,107,4,6.3053,7.3053,8.3053,10.3053,False,False,False,False,4.3053,3.3053,2.3053,0.3053,False,False,False,False
val_tune,6898821807,8,TC,"[[6.4, 11.0]]",4.6,2-5s,17.1505,True,False,17.650966666666665,False,18.051366666666667,False,18.551866666666665,False,17.050366666666665,False,16.4164,False,16.049366666666668,False,17.951266666666665,False,16.249566666666666,False,17.250566666666668,False,0.0,20,4,0.5005,79,33,4,18.1505,19.1505,20.0,20.0,False,False,False,False,16.1505,15.1505,14.1505,12.1505,False,False,False,False
val_tune,6078524411,0,TN,"[[37.2, 40.2], [58.4, 64.9]]",9.5,5-10s,53.7871,True,False,54.08736666666667,False,54.487766666666666,False,55.088366666666666,False,53.08636666666666,False,52.085366666666665,False,51.08436666666667,False,54.08736666666667,False,53.31993333333333,False,53.887166666666666,False,0.35,20,44,0.3003,336,121,4,54.7871,55.7871,56.7871,58.7871,False,False,False,True,52.7871,51.7871,50.7871,48.7871,False,False,False,False
val_tune,3851913128,5,TN,"[[23.2, 35.7]]",12.5,>=10s,30.9309,True,True,31.031,True,32.032,True,33.033,True,30.4304,True,30.03,True,29.5295,True,30.964266666666667,True,29.963266666666666,True,31.031,True,0.0,20,53,0.1001,299,96,4,31.9309,32.9309,33.9309,35.9309,True,True,True,False,29.9309,28.9309,27.9309,25.9309,True,True,True,True
val_tune,2736413196,2,TN,"[[33.7, 45.7]]",12.0,>=10s,30.03,True,False,31.031,False,32.032,False,33.033,False,29.562,False,29.029,False,28.028,False,30.130434782608695,False,29.062689585439838,False,30.096,False,0.6,20,28,1.001,217,69,4,31.03,32.03,33.03,35.03,False,False,False,True,29.03,28.03,27.03,25.03,False,False,False,False
val_tune,10607095936,8,CH,"[[18.7, 23.9]]",5.2,5-10s,8.6753,True,False,8.742075408742075,False,10.01001001001001,False,11.478144811478145,False,8.008008008008009,False,7.540874207540874,False,6.006006006006006,False,10.744077410744078,False,6.106106106106107,False,8.742075408742075,False,0.2,20,34,0.0667,126,44,4,9.6753,10.6753,11.6753,13.6753,False,False,False,False,7.6753,6.6753,5.6753,3.6753,False,False,False,False
val_tune,8740703217,0,CW,"[[0.1, 12.6]]",12.5,>=10s,1.7351,True,True,2.0353666666666665,True,2.6359666666666666,True,3.036366666666667,True,1.0343666666666667,True,0.33366666666666667,True,,,3.036366666666667,True,0.0,False,1.9352666666666667,True,0.55,20,36,0.3003,82,38,4,2.7351,3.7351,4.7351,6.7351,True,True,True,True,0.7351,0.0,0.0,0.0,True,False,False,False
val_tune,8575881495,1,TN,"[[4.2, 13.1]]",8.9,5-10s,44.0774,True,False,45.07836666666667,False,46.079366666666665,False,46.71333333333333,False,43.47676666666667,False,43.076366666666665,False,42.07536666666667,False,44.878166666666665,False,43.676966666666665,False,44.17746666666667,False,0.0,20,36,1.001,267,108,4,45.0774,46.0774,47.0774,49.0774,False,False,False,False,43.0774,42.0774,41.0774,39.0774,False,False,False,False
val_tune,3155382178,4,TN,"[[2.3, 7.0]]",4.7,2-5s,2.5025,True,True,3.003,True,3.4367666666666667,True,4.004,True,2.002,False,1.001,False,,,2.8695333333333335,True,0.8008000000000001,False,2.7027,True,0.15,20,38,0.5005,115,41,4,3.5025,4.5025,5.5025,7.5025,True,True,True,False,1.5025,0.5025,0.0,0.0,False,False,False,False
val_tune,3164519967,5,TN,"[[13.4, 16.9]]",3.5,2-5s,17.2172,True,False,18.018,False,18.4184,False,19.019,False,17.017,False,16.6166,True,16.016,True,17.384033333333335,False,16.783433333333335,True,17.8178,False,0.0,20,28,0.8008,146,57,4,18.2172,19.2172,20.2172,22.2172,False,False,False,False,16.2172,15.2172,14.2172,12.2172,True,True,True,False
val_tune,8575881495,8,TN,"[[62.3, 66.8]]",4.5,2-5s,60.3937,True,False,60.69396666666667,False,61.094366666666666,False,61.59486666666667,False,60.09336666666667,False,59.49276666666667,False,59.09236666666666,False,61.995266666666666,False,59.62623333333333,False,60.69396666666667,False,0.75,20,11,0.3003,267,108,4,61.3937,62.3937,63.3937,65.3937,False,True,True,True,59.3937,58.3937,57.3937,55.3937,False,False,False,False
val_tune,2461993294,0,CW,"[[2.8, 7.0], [8.0, 12.4], [23.6, 35.7], [51.6, 66.7]]",35.8,>=10s,12.8462,True,False,13.013,False,14.014,False,14.481133333333334,False,12.479133333333333,False,12.012,True,11.4114,True,13.346666666666668,False,11.911900000000001,True,13.013,False,0.4,20,98,0.1668,267,120,4,13.8462,14.8462,15.8462,17.8462,False,False,False,False,11.8462,10.8462,9.8462,7.8462,True,True,True,False
val_tune,8313365386,2,TN,"[[2.6, 9.5]]",6.9,5-10s,12.9167,True,False,13.166666666666666,False,,,,,12.541666666666666,False,11.291666666666666,False,10.041666666666666,False,13.166666666666666,False,11.791666666666666,False,13.166666666666666,False,0.0,20,1,0.25,43,18,4,13.0,13.0,13.0,13.0,False,False,False,False,11.9167,10.9167,9.9167,7.9167,False,False,False,True
val_tune,4838113006,5,TN,"[[0.0, 1.4]]",1.4,<2s,30.9976,True,False,31.031,False,32.032,False,33.033,False,30.03,False,29.4294,False,29.029,False,33.19983333333333,False,26.659966666666666,False,31.031,False,0.0,20,93,0.0334,360,143,4,31.9976,32.9976,33.9976,35.9976,False,False,False,False,29.9976,28.9976,27.9976,25.9976,False,False,False,False
val_tune,4488066715,2,CW,"[[64.0, 68.1]]",4.1,2-5s,0.5005,True,False,1.001,False,2.002,False,2.6026,False,,,,,,,0.9342666666666667,False,0.13346666666666668,False,0.8008,False,0.1,20,154,0.5005,352,155,4,1.5005,2.5005,3.5005,5.5005,False,False,False,False,0.0,0.0,0.0,0.0,False,False,False,False
val_tune,4838145161,4,CW,"[[53.5, 54.1]]",0.6,<2s,63.063,True,False,63.797066666666666,False,,,,,62.062,False,61.061,False,60.4604,False,64.09736666666667,False,61.42803333333333,False,63.797066666666666,False,0.0,20,1,0.7341,257,99,4,64.0,64.0,64.0,64.0,False,False,False,False,62.063,61.063,60.063,58.063,False,False,False,False
val_tune,5875242364,8,TN,"[[7.5, 12.7]]",5.2,5-10s,8.0414,True,True,8.441766666666666,True,9.042366666666666,True,10.043366666666667,True,7.540866666666667,True,7.040366666666666,False,6.039366666666667,False,8.575233333333333,True,6.940266666666667,False,8.241566666666667,True,0.7,20,10,0.4004,59,26,4,9.0414,10.0414,11.0414,13.0414,True,True,True,False,7.0414,6.0414,5.0414,3.0414,False,False,False,False
val_tune,4412508597,6,CW,"[[0.4, 2.9]]",2.5,2-5s,3.2699,True,False,3.4701333333333335,False,4.004,False,4.571233333333334,False,3.003,False,2.6026,True,2.002,True,4.237566666666667,False,2.9362666666666666,False,3.4701333333333335,False,0.0,20,13,0.2002,48,18,4,4.2699,5.2699,6.2699,8.2699,False,False,False,False,2.2699,1.2699,0.2699,0.0,True,True,False,False
val_tune,7728559968,4,CW,"[[36.5, 41.3]]",4.8,2-5s,43.4768,True,False,44.37766666666667,False,45.37866666666667,False,46.379666666666665,False,43.376666666666665,False,42.4424,False,42.07536666666667,False,45.11173333333333,False,43.27656666666667,False,44.07736666666667,False,0.0,20,8,0.9009,200,70,4,44.4768,45.4768,46.4768,48.4768,False,False,False,False,42.4768,41.4768,40.4768,38.4768,False,False,True,True
val_tune,7492398760,13,TC,"[[80.1, 83.0]]",2.9,2-5s,79.9132,True,False,80.11336666666666,True,81.11436666666667,True,81.71496666666667,True,79.11236666666667,False,78.6786,False,78.11136666666667,False,81.21446666666667,True,79.11236666666667,False,80.01326666666667,False,0.25,20,13,0.2002,361,123,4,80.9132,81.9132,82.9132,84.9132,True,True,True,False,78.9132,77.9132,76.9132,74.9132,False,False,False,False
val_tune,3046900922,0,CW,"[[0.0, 12.8]]",12.8,>=10s,14.014,True,False,15.015,False,15.382033333333334,False,16.016,False,13.580233333333334,False,13.013,False,12.012,True,14.647966666666667,False,13.9139,False,14.180833333333334,False,0.0,20,5,1.001,72,30,4,15.014,16.014,17.014,18.0,False,False,False,False,13.014,12.014,11.014,9.014,False,True,True,True
val_tune,4859057828,4,CW,"[[20.1, 21.1]]",1.0,<2s,20.8542,True,True,21.021,True,,,,,20.6206,True,20.02,False,19.019,False,21.354666666666667,False,20.520500000000002,True,21.021,True,0.25,20,1,0.1668,87,38,4,21.8542,22.0,22.0,22.0,False,False,False,False,19.8542,18.8542,17.8542,15.8542,False,False,False,False
val_tune,3972259774,4,CW,"[[40.0, 43.3]]",3.3,2-5s,4.296,True,False,4.5045,False,5.005,False,6.25625,False,3.75375,False,3.2115416666666667,False,2.5025,False,5.839166666666666,False,2.168833333333333,False,4.5045,False,0.0,20,52,0.2085,143,57,4,5.296,6.296,7.296,9.296,False,False,False,False,3.296,2.296,1.296,0.0,False,False,False,False
val_tune,7786283208,1,CW,"[[17.6, 20.5]]",2.9,2-5s,6.64,True,False,7.040366666666666,False,7.440766666666667,False,8.041366666666667,False,6.439766666666666,False,6.039366666666667,False,5.438766666666667,False,7.7744333333333335,False,5.271933333333333,False,7.007,False,0.15,20,22,0.4004,86,31,4,7.64,8.64,9.64,11.64,False,False,False,False,5.64,4.64,3.64,1.64,False,False,False,False
val_tune,7999756100,1,CW,"[[10.5, 13.7]]",3.2,2-5s,3.0364,True,False,3.5035,False,4.037366666666666,False,4.637966666666666,False,2.435766666666667,False,2.0353666666666665,False,1.0343666666666667,False,4.070733333333333,False,1.0343666666666667,False,3.5035,False,0.05,20,29,0.4671,83,34,4,4.0364,5.0364,6.0364,8.0364,False,False,False,False,2.0364,1.0364,0.0364,0.0,False,False,False,False
val_tune,8132842161,4,CW,"[[11.6, 15.2], [20.2, 27.4], [29.4, 36.9]]",18.3,>=10s,23.0564,True,True,24.057366666666667,True,24.657966666666667,True,25.058366666666668,True,22.055366666666668,True,21.654966666666667,True,21.054366666666667,True,23.089733333333335,True,21.788433333333334,True,23.757066666666667,True,0.8,20,21,1.001,148,60,4,24.0564,25.0564,26.0564,28.0564,True,True,True,False,22.0564,21.0564,20.0564,18.0564,True,True,False,False
val_tune,5138093706,0,CH,"[[0.1, 5.1]]",5.0,5-10s,13.6803,True,False,14.014,False,14.5145,False,15.015,False,13.580233333333334,False,13.013,False,12.379033333333334,False,14.047366666666667,False,9.943266666666666,False,14.014,False,0.0,20,29,0.3337,125,52,4,14.6803,15.6803,16.6803,18.6803,False,False,False,False,12.6803,11.6803,10.6803,8.6803,False,False,False,False
val_tune,11566980553,5,CW,"[[2.6, 4.0]]",1.4,<2s,26.7601,True,False,26.79346012679346,False,27.227227227227228,False,27.69436102769436,False,26.359693026359693,False,25.99265932599266,False,25.392058725392058,False,28.561895228561895,False,26.393059726393062,False,26.79346012679346,False,0.0,20,44,0.0334,228,84,4,27.7601,28.7601,29.7601,31.7601,False,False,False,False,25.7601,24.7601,23.7601,21.7601,False,False,False,False
val_tune,5549243726,7,TN,"[[3.8, 12.4]]",8.6,5-10s,5.639,True,True,6.039366666666667,True,7.040366666666666,True,8.041366666666667,True,5.038366666666667,True,4.037366666666666,True,3.036366666666667,False,6.172833333333333,True,4.371033333333333,True,5.839166666666666,True,0.4,20,19,0.4004,71,27,4,6.639,7.639,8.639,10.639,True,True,True,True,4.639,3.639,2.639,0.639,True,False,False,False
val_tune,4674481985,7,CW,"[[3.9, 10.2]]",6.3,5-10s,20.9209,True,False,21.021,False,22.022,False,22.655966666666668,False,20.6206,False,20.02,False,19.019,False,21.855166666666666,False,11.845166666666668,False,21.021,False,0.0,20,6,0.1001,99,41,4,21.9209,22.9209,23.9209,24.0,False,False,False,False,19.9209,18.9209,17.9209,15.9209,False,False,False,False
val_tune,2868183184,5,TN,"[[0.1, 9.3]]",9.2,5-10s,8.008,True,True,8.541,True,9.009,True,10.01,False,7.54,True,7.007,True,6.006,True,8.208291203235591,True,7.607684529828109,True,8.141,True,0.0,20,68,0.533,209,80,4,9.008,10.008,11.008,13.008,True,False,False,False,7.008,6.008,5.008,3.008,True,True,True,True
val_tune,5662041273,7,TN,"[[38.8, 51.1]]",12.3,>=10s,8.4418,True,False,9.042366666666666,False,10.043366666666667,False,10.543866666666666,False,8.041366666666667,False,7.4074,False,7.040366666666666,False,9.9099,False,7.9079,False,8.742066666666666,False,0.15,20,125,0.6006,361,141,4,9.4418,10.4418,11.4418,13.4418,False,False,False,False,7.4418,6.4418,5.4418,3.4418,False,False,False,False
val_tune,8171216955,0,CW,"[[0.5, 18]]",17.5,>=10s,1.3347,True,True,1.6349666666666667,True,2.0353666666666665,True,2.6359666666666666,True,1.0343666666666667,True,0.33366666666666667,False,,,2.0353666666666665,True,1.0343666666666667,True,1.6349666666666667,True,1.0,20,31,0.3003,75,33,4,2.3347,3.3347,4.3347,6.3347,True,True,True,True,0.3347,0.0,0.0,0.0,False,False,False,False
val_tune,4838145161,7,TN,"[[7.1, 7.5]]",0.4,<2s,49.7163,True,False,50.05,False,51.051,False,52.052,False,49.516133333333336,False,49.049,False,48.5485,False,50.216833333333334,False,47.38066666666667,False,50.05,False,0.0,20,20,0.3337,257,99,4,50.7163,51.7163,52.7163,54.7163,False,False,False,False,48.7163,47.7163,46.7163,44.7163,False,False,False,False
val_tune,5498331490,6,TN,"[[18.5, 89.4]]",70.9,>=10s,78.7917,True,True,80.04166666666667,True,81.29166666666667,True,82.08333333333333,True,78.04166666666667,True,77.54166666666667,True,76.29166666666667,True,79.54166666666667,True,78.54166666666667,True,79.16666666666667,True,1.0,20,14,1.25,288,112,4,79.7917,80.7917,81.7917,83.7917,True,True,True,True,77.7917,76.7917,75.7917,73.7917,True,True,True,True
val_tune,6031805098,3,CW,"[[7.7, 31.2]]",23.5,>=10s,43.6436,True,False,43.91053333333333,False,44.5445,False,45.5455,False,43.5435,False,42.5425,False,42.042,False,44.577866666666665,False,42.542500000000004,False,43.7437,False,0.0,20,3,0.2669,185,75,4,44.6436,45.6436,46.0,46.0,False,False,False,False,42.6436,41.6436,40.6436,38.6436,False,False,False,False
val_tune,3455926688,5,TC,"[[2.9, 20.3]]",17.4,>=10s,9.84,True,True,10.8,True,11.28,True,12.0,True,8.88,True,8.4,True,7.2,True,10.4,True,9.4,True,9.96,True,0.85,20,18,0.96,74,32,4,10.84,11.84,12.84,14.84,True,True,True,True,8.84,7.84,6.84,4.84,True,True,True,True
val_tune,2824317018,7,TC,"[[47.1, 50.5]]",3.4,2-5s,39.639,True,False,40.04,False,40.44,False,41.041,False,39.439,False,39.039,False,38.038,False,40.20728008088979,False,37.2376137512639,False,39.806,False,0.25,20,24,0.401,217,85,4,40.639,41.639,42.639,44.639,False,False,False,False,38.639,37.639,36.639,34.639,False,False,False,False
val_tune,5801184682,7,CW,"[[37.7, 65.6]]",27.9,>=10s,35.48,True,False,36.44,False,36.88,False,37.72,True,35.44,False,34.12,False,33.68,False,36.92,False,34.88,False,35.68,False,0.9,20,42,0.96,301,85,4,36.48,37.48,38.48,40.48,False,False,True,True,34.48,33.48,32.48,30.48,False,False,False,False
val_tune,6988748711,2,CW,"[[19.0, 20.2]]",1.2,<2s,7.5409,True,False,8.041366666666667,False,9.042366666666666,False,9.642966666666666,False,7.040366666666666,False,6.039366666666667,False,5.638966666666667,False,9.342666666666666,False,5.839166666666666,False,7.6409666666666665,False,0.05,20,70,0.5005,203,83,4,8.5409,9.5409,10.5409,12.5409,False,False,False,False,6.5409,5.5409,4.5409,2.5409,False,False,False,False
val_tune,5445581571,6,TN,"[[5.3, 11.0]]",5.7,5-10s,26.9603,True,False,27.060366666666667,False,27.560866666666666,False,28.061366666666668,False,26.659966666666666,False,26.059366666666666,False,25.058366666666668,False,27.060366666666667,False,21.488133333333334,False,27.060366666666667,False,0.0,20,9,0.1001,130,49,4,27.9603,28.9603,29.9603,31.9603,False,False,False,False,25.9603,24.9603,23.9603,21.9603,False,False,False,False
val_tune,6443512089,4,TC,"[[51.9, 60.4], [64.5, 72.9], [76.0, 81]]",21.9,>=10s,80.9142,True,True,81.11436666666667,False,,,,,80.11336666666666,True,79.71296666666667,True,79.11236666666667,True,81.01426666666667,False,80.34693333333334,True,81.01426666666667,False,0.0,20,1,0.2002,326,132,4,81.0,81.0,81.0,81.0,True,True,True,True,79.9142,78.9142,77.9142,75.9142,True,True,True,False
val_tune,3581585756,4,CH,"[[2.3, 5.1]]",2.8,2-5s,9.9099,True,False,10.01,False,10.377033333333333,False,11.011,False,9.009,False,8.008,False,7.007,False,10.844166666666666,False,8.942266666666667,False,9.976633333333334,False,0.0,20,25,0.1001,95,39,4,10.9099,11.9099,12.9099,14.9099,False,False,False,False,8.9099,7.9099,6.9099,4.9099,False,False,False,True
val_tune,9612838272,7,CH,"[[0.2, 6.9]]",6.7,5-10s,2.002,True,True,2.1021021021021022,True,2.4691358024691357,True,3.53687020353687,True,1.2012012012012012,True,0.8008008008008008,True,,,2.7027027027027026,True,1.7684351017684352,True,2.1021021021021022,True,0.25,20,22,0.1001,54,24,4,3.002,4.002,5.002,7.002,True,True,True,False,1.002,0.002,0.0,0.0,True,False,False,False
val_tune,2793806282,3,CW,"[[29.4, 34.1]]",4.7,2-5s,17.283,True,False,18.018,False,18.551,False,19.019,False,17.017,False,16.549,False,16.016,False,17.78463094034378,False,17.1840242669363,False,17.684,False,0.05,20,58,0.735,259,85,4,18.283,19.283,20.283,22.283,False,False,False,False,16.283,15.283,14.283,12.283,False,False,False,False
val_tune,5445581571,4,TN,"[[23.7, 26.9]]",3.2,2-5s,23.8572,True,True,24.057366666666667,True,25.058366666666668,True,26.059366666666666,True,23.056366666666666,False,22.055366666666668,False,21.054366666666667,False,27.060366666666667,False,21.488133333333334,False,23.957266666666666,True,0.25,20,13,0.2002,130,49,4,24.8572,25.8572,26.8572,28.8572,True,True,True,False,22.8572,21.8572,20.8572,18.8572,False,False,False,False
val_tune,3581585756,0,CW,"[[0.1, 4.7]]",4.6,2-5s,18.018,True,False,18.485133333333334,False,19.019,False,19.4194,False,17.650966666666665,False,17.017,False,16.4164,False,19.953266666666668,False,17.050366666666665,False,18.385033333333332,False,0.0,20,9,0.4671,95,39,4,19.018,20.018,21.018,23.0,False,False,False,False,17.018,16.018,15.018,13.018,False,False,False,False
val_tune,6806999702,1,CW,"[[2.7, 6.4]]",3.7,2-5s,41.7751,True,False,42.07536666666667,False,42.67596666666667,False,43.076366666666665,False,41.07436666666667,False,40.073366666666665,False,39.07236666666667,False,42.07536666666667,False,41.107733333333336,False,42.042,False,0.0,20,72,0.3003,360,135,4,42.7751,43.7751,44.7751,46.7751,False,False,False,False,40.7751,39.7751,38.7751,36.7751,False,False,False,False
val_tune,7453733046,1,CW,"[[19.7, 21.5]]",1.8,<2s,32.7661,True,False,33.06636666666667,False,,,,,32.46576666666667,False,32.06536666666667,False,31.06436666666667,False,33.09973333333333,False,32.49913333333333,False,32.96626666666667,False,0.0,20,1,0.3003,134,55,4,33.0,33.0,33.0,33.0,False,False,False,False,31.7661,30.7661,29.7661,27.7661,False,False,False,False
val_tune,3462517143,3,TN,"[[4.6, 13.5]]",8.9,5-10s,5.6723,True,True,6.006,True,6.539866666666667,True,7.007,True,5.572233333333333,True,5.005,True,4.571233333333334,False,6.9069,True,4.838166666666667,True,5.872533333333333,True,0.6,20,30,0.3337,98,39,4,6.6723,7.6723,8.6723,10.6723,True,True,True,True,4.6723,3.6723,2.6723,0.6723,True,False,False,False
val_tune,4967810888,0,CW,"[[3.3, 4.2]]",0.9,<2s,0.1001,True,False,0.3003,False,1.001,False,1.4014,False,,,,,,,1.0343666666666667,False,0.0,False,0.3003,False,0.0,20,106,0.2002,250,106,4,1.1001,2.1001,3.1001,5.1001,False,False,False,False,0.0,0.0,0.0,0.0,False,False,False,False
val_tune,2793806282,8,TN,"[[34.1, 38.6]]",4.5,2-5s,64.03,True,False,,,,,,,63.997,False,63.63,False,63.063,False,64.23154701718909,False,59.86046511627907,False,64.197,False,0.0,20,0,,259,85,4,64.0,64.0,64.0,64.0,False,False,False,False,63.03,62.03,61.03,59.03,False,False,False,False
val_tune,2868183184,4,CW,"[[17.9, 26.5]]",8.6,5-10s,23.39,True,True,24.024,True,24.491,True,25.025,True,23.023,True,22.022,True,21.421,True,24.79170879676441,True,23.35692618806876,True,23.656,True,0.0,20,41,0.634,209,80,4,24.39,25.39,26.39,28.39,True,True,True,False,22.39,21.39,20.39,18.39,True,True,True,True
val_tune,4765717907,5,TC,"[[19.5, 20.5]]",1.0,<2s,9.1091,True,False,9.4094,False,10.01,False,10.643966666666667,False,9.009,False,8.008,False,7.574233333333333,False,9.242566666666667,False,8.375033333333333,False,9.4094,False,0.05,20,49,0.3003,159,63,4,10.1091,11.1091,12.1091,14.1091,False,False,False,False,8.1091,7.1091,6.1091,4.1091,False,False,False,False
val_tune,4260763967,6,CH,"[[2.4, 7.2], [15.0, 17.6]]",7.4,5-10s,26.1261,True,False,26.5265,False,27.027,False,27.6276,False,26.026,False,25.5255,False,25.025,False,27.160466666666668,False,23.656966666666666,False,26.2262,False,0.0,20,14,0.4004,136,58,4,27.1261,28.1261,29.1261,31.1261,False,False,False,False,25.1261,24.1261,23.1261,21.1261,False,False,False,False
val_tune,4138579400,5,CW,"[[19.4, 21.9]]",2.5,2-5s,1.5015,True,False,1.75175,False,2.5025,False,3.128125,False,1.25125,False,0.75075,False,,,2.043708333333333,False,0.5839166666666666,False,1.626625,False,0.2,20,29,0.2502,81,31,4,2.5015,3.5015,4.5015,6.5015,False,False,False,False,0.5015,0.0,0.0,0.0,False,False,False,False
val_tune,2405940242,5,TN,"[[10.4, 13.9]]",3.5,2-5s,9.009,True,False,9.442,False,10.01,False,11.011,True,8.008,False,7.007,False,6.473,False,9.37613751263903,False,4.704752275025278,False,9.175,False,0.75,20,6,0.433,57,21,4,10.009,11.009,12.009,14.0,False,True,True,False,8.009,7.009,6.009,4.009,False,False,False,False
val_tune,4774302357,3,CW,"[[0.0, 3.8]]",3.8,2-5s,14.014,True,False,14.5145,False,14.9149,False,,,13.6136,False,13.013,False,12.5125,False,14.948266666666667,False,13.346666666666668,False,14.5145,False,0.0,20,2,0.5005,60,27,4,15.0,15.0,15.0,15.0,False,False,False,False,13.014,12.014,11.014,9.014,False,False,False,False
val_tune,5406108447,3,CH,"[[11.6, 14.4], [28.2, 31.6], [39.0, 42.2]]",9.4,5-10s,23.9573,True,False,24.057366666666667,False,25.058366666666668,False,26.059366666666666,False,23.056366666666666,False,22.055366666666668,False,21.554866666666666,False,24.457766666666668,False,22.689333333333334,False,24.024,False,0.25,20,27,0.1001,179,64,4,24.9573,25.9573,26.9573,28.9573,False,False,False,True,22.9573,21.9573,20.9573,18.9573,False,False,False,False
val_tune,8783897632,6,CW,"[[18.9, 26.9]]",8.0,5-10s,32.0654,True,False,32.46576666666667,False,,,,,31.564866666666667,False,31.164466666666666,False,30.563866666666666,False,32.399033333333335,False,31.498133333333335,False,32.265566666666665,False,0.0,20,1,0.4004,117,51,4,32.0,32.0,32.0,32.0,False,False,False,False,31.0654,30.0654,29.0654,27.0654,False,False,False,False
val_tune,4103088549,4,CH,"[[0.0, 4.9]]",4.9,2-5s,9.8098,True,False,10.01,False,10.4104,False,11.011,False,9.5095,False,9.009,False,8.008,False,9.943266666666666,False,8.942266666666667,False,10.01,False,0.0,20,12,0.2002,67,26,4,10.8098,11.8098,12.8098,14.8098,False,False,False,False,8.8098,7.8098,6.8098,4.8098,False,False,False,True
val_tune,8552680285,4,CH,"[[2.3, 3.9]]",1.6,<2s,3.37,True,True,4.037366666666666,False,4.471133333333333,False,5.038366666666667,False,3.036366666666667,True,2.6359666666666666,True,2.0353666666666665,False,3.5035000000000003,True,1.8018,False,3.4701333333333335,True,0.0,20,17,0.6673,73,23,4,4.37,5.37,6.37,8.37,False,False,False,False,2.37,1.37,0.37,0.0,True,False,False,False
val_tune,7442562474,6,CW,"[[14.5, 17.4]]",2.9,2-5s,8.5419,True,False,9.042366666666666,False,9.642966666666666,False,10.043366666666667,False,8.041366666666667,False,7.6409666666666665,False,7.040366666666666,False,8.942266666666667,False,8.041366666666667,False,8.742066666666666,False,0.3,20,19,0.5005,80,34,4,9.5419,10.5419,11.5419,13.5419,False,False,False,False,7.5419,6.5419,5.5419,3.5419,False,False,False,False
val_tune,2623954636,4,TN,"[[1.6, 5.4]]",3.8,2-5s,21.554,True,False,22.022,False,22.555,False,23.023,False,21.021,False,20.487,False,20.02,False,22.255813953488374,False,20.9211324570273,False,21.755,False,0.0,20,17,0.468,127,56,4,22.554,23.554,24.554,26.554,False,False,False,False,20.554,19.554,18.554,16.554,False,False,False,False
val_tune,3359075894,1,TC,"[[10.2, 13.3]]",3.1,2-5s,7.68,True,False,8.4,False,9.6,False,10.08,False,7.2,False,6.72,False,6.0,False,8.32,False,7.12,False,8.28,False,0.4,20,11,0.72,56,21,4,8.68,9.68,10.68,12.68,False,False,True,True,6.68,5.68,4.68,2.68,False,False,False,False
val_tune,7331927796,10,TC,"[[0.0, 7.7]]",7.7,5-10s,11.0444,True,False,11.644966666666667,False,12.045366666666666,False,12.645966666666666,False,10.043366666666667,False,9.042366666666666,False,8.041366666666667,False,11.077733333333333,False,6.940266666666667,True,11.644966666666667,False,0.0,20,11,0.6006,70,29,4,12.0444,13.0444,14.0444,16.0444,False,False,False,False,10.0444,9.0444,8.0444,6.0444,False,False,False,True
val_tune,3830567237,9,CW,"[[0.0, 2.4]]",2.4,2-5s,21.021,True,False,21.6216,False,22.022,False,23.023,False,20.5205,False,20.02,False,19.5195,False,23.757066666666667,False,17.951266666666665,False,21.6216,False,0.0,20,4,0.6006,96,38,4,22.021,23.021,24.0,24.0,False,False,False,False,20.021,19.021,18.021,16.021,False,False,False,False
val_tune,4485498145,5,TN,"[[11.2, 13.6]]",2.4,2-5s,3.003,True,False,3.4367666666666667,False,4.004,False,5.005,False,2.435766666666667,False,2.002,False,1.001,False,3.5368666666666666,False,0.0,False,3.069733333333333,False,0.15,20,19,0.4338,67,24,4,4.003,5.003,6.003,8.003,False,False,False,False,2.003,1.003,0.003,0.0,False,False,False,False
val_tune,4798585428,11,CW,"[[59.2, 60.5]]",1.3,<2s,7.3073,True,False,8.008,False,8.5085,False,9.009,False,7.007,False,6.006,False,5.005,False,7.574233333333334,False,6.072733333333334,False,7.374033333333333,False,0.0,20,126,0.7007,360,135,4,8.3073,9.3073,10.3073,12.3073,False,False,False,False,6.3073,5.3073,4.3073,2.3073,False,False,False,False
val_tune,8224492254,0,CW,"[[0.1, 3.2]]",3.1,2-5s,21.64,True,False,22.12,False,22.84,False,23.56,False,20.92,False,20.44,False,19.24,False,22.72,False,21.52,False,21.76,False,0.0,20,21,0.48,131,49,4,22.64,23.64,24.64,26.64,False,False,False,False,20.64,19.64,18.64,16.64,False,False,False,False
val_tune,3121571439,1,CW,"[[19.0, 21.3]]",2.3,2-5s,6.8402,True,False,7.007,False,8.008,False,9.009,False,6.4064,False,6.006,False,5.005,False,7.9412666666666665,False,4.637966666666666,False,6.940266666666667,False,0.15,20,56,0.1668,163,65,4,7.8402,8.8402,9.8402,11.8402,False,False,False,False,5.8402,4.8402,3.8402,1.8402,False,False,False,False
val_tune,3155382178,5,TN,"[[6.8, 9.9]]",3.1,2-5s,8.008,True,True,9.009,True,10.01,False,11.011,False,7.6076,True,7.007,True,6.5065,False,9.943266666666666,False,7.073733333333333,True,8.2082,True,0.0,20,29,1.001,115,41,4,9.008,10.008,11.008,13.008,True,False,False,False,7.008,6.008,5.008,3.008,True,False,False,False
val_tune,5623068492,2,CW,"[[39.1, 69.9]]",30.8,>=10s,21.4548,True,False,22.055366666666668,False,22.655966666666668,False,23.056366666666666,False,21.054366666666667,False,20.453766666666667,False,20.053366666666665,False,21.588233333333335,False,20.186833333333333,False,22.055366666666668,False,0.4,20,100,0.6006,319,137,4,22.4548,23.4548,24.4548,26.4548,False,False,False,False,20.4548,19.4548,18.4548,16.4548,False,False,False,False
val_tune,3263908208,0,CW,"[[0.1, 12]]",11.9,>=10s,7.5,True,True,8.25,True,8.75,True,9.5,True,6.875,True,6.25,True,5.0,True,8.666666666666666,True,6.166666666666667,True,7.75,True,0.9,20,7,0.75,40,17,4,8.5,9.5,10.5,12.0,True,True,True,True,6.5,5.5,4.5,2.5,True,True,True,True
val_tune,10042935613,7,TC,"[[21.1, 26.7]]",5.6,5-10s,25.1919,True,True,25.392058725392058,True,26.026026026026027,True,26.626626626626628,True,24.024024024024023,True,23.490156823490157,True,22.489155822489156,True,26.526526526526528,True,23.790457123790457,True,25.392058725392058,True,0.15,20,44,0.2002,200,75,4,26.1919,27.1919,28.1919,30.1919,True,False,False,False,24.1919,23.1919,22.1919,20.1919,True,True,True,False
val_tune,3711681535,4,CW,"[[31.9, 35.7]]",3.8,2-5s,13.7137,True,False,14.014,False,15.015,False,15.548866666666667,False,13.4134,False,13.013,False,12.4124,False,14.147466666666666,False,13.380033333333333,False,13.9139,False,0.25,20,34,0.3003,144,58,4,14.7137,15.7137,16.7137,18.7137,False,False,False,False,12.7137,11.7137,10.7137,8.7137,False,False,False,False
val_tune,4984417707,3,TN,"[[13.5, 14.5]]",1.0,<2s,0.1001,True,False,1.001,False,1.4014,False,2.002,False,,,,,,,0.8341666666666667,False,0.0,False,0.3003,False,0.1,20,22,0.9009,59,23,4,1.1001,2.1001,3.1001,5.1001,False,False,False,False,0.0,0.0,0.0,0.0,False,False,False,False
val_tune,2782307049,3,TN,"[[12.6, 15]]",2.4,2-5s,1.5015,True,False,2.002,False,2.469133333333333,False,3.003,False,1.001,False,0.4004,False,,,2.135466666666667,False,1.3346666666666667,False,1.8351666666666666,False,0.2,20,24,0.5005,62,27,4,2.5015,3.5015,4.5015,6.5015,False,False,False,False,0.5015,0.0,0.0,0.0,False,False,False,False
val_tune,2833209794,6,CW,"[[0.0, 2.3]]",2.3,2-5s,2.8362,True,False,3.5035035035035036,False,4.237570904237571,False,4.671338004671338,False,2.7694361027694363,False,2.4024024024024024,False,1.7350684017350684,True,3.803803803803804,False,2.4357691024357693,False,2.9029029029029028,False,0.0,20,10,0.6673,45,16,4,3.8362,4.8362,5.8362,7.8362,False,False,False,False,1.8362,0.8362,0.0,0.0,True,True,True,True
val_tune,3026084730,11,TN,"[[69.6, 73.6]]",4.0,2-5s,50.3503,True,False,51.051,False,52.052,False,53.053,False,50.05,False,49.6496,False,49.049,False,50.817433333333334,False,50.08336666666667,False,50.4504,False,0.1,20,37,0.7007,295,122,4,51.3503,52.3503,53.3503,55.3503,False,False,False,False,49.3503,48.3503,47.3503,45.3503,False,False,False,False
val_tune,2573424030,11,CW,"[[41.6, 43.1]]",1.5,<2s,5.271,True,False,5.805,False,6.539,False,7.007,False,5.005,False,4.004,False,3.003,False,6.87360970677452,False,4.170879676440849,False,5.538,False,0.0,20,74,0.534,197,81,4,6.271,7.271,8.271,10.271,False,False,False,False,4.271,3.271,2.271,0.271,False,False,False,False
val_tune,3263908208,2,CW,"[[0.1, 12]]",11.9,>=10s,8.625,True,True,8.75,True,9.5,True,10.0,True,8.25,True,7.5,True,6.875,True,8.666666666666666,True,6.166666666666667,True,8.75,True,0.9,20,6,0.125,40,17,4,9.625,10.625,11.625,12.0,True,True,True,True,7.625,6.625,5.625,3.625,True,True,True,True
val_tune,2535384528,5,TN,"[[4.0, 10.0]]",6.0,5-10s,13.68,True,False,13.8,False,14.52,False,,,13.2,False,12.0,False,11.4,False,15.04,False,11.92,False,13.8,False,0.0,20,2,0.12,51,20,4,14.68,15.0,15.0,15.0,False,False,False,False,12.68,11.68,10.68,8.68,False,False,False,True
val_tune,5427285434,6,CW,"[[3.5, 5.4]]",1.9,<2s,1.001,True,False,1.0343666666666667,False,1.5348666666666666,False,2.0353666666666665,False,0.5338666666666667,False,,,,,2.9362666666666666,False,0.6673333333333333,False,1.0343666666666667,False,0.05,20,34,0.0334,83,35,4,2.001,3.001,4.001,6.001,False,False,True,False,0.001,0.0,0.0,0.0,False,False,False,False
val_tune,3375218204,10,TN,"[[64.8, 68.4]]",3.6,2-5s,71.0376,True,False,71.071,False,72.072,False,73.073,False,70.07,False,69.6696,False,69.069,False,71.10436666666666,False,70.43703333333333,False,71.071,False,0.0,20,6,0.0334,299,118,4,72.0376,73.0376,74.0376,75.0,False,False,False,False,70.0376,69.0376,68.0376,66.0376,False,False,True,True
val_tune,2696280239,2,CW,"[[0.0, 2.2]]",2.2,2-5s,2.8362,True,False,3.003,False,3.5368666666666666,False,4.004,False,2.5025,False,2.002,True,1.6016,True,3.2699333333333334,False,1.9019,True,3.003,False,0.0,20,19,0.1668,54,24,4,3.8362,4.8362,5.8362,7.8362,False,False,False,False,1.8362,0.8362,0.0,0.0,True,True,True,True
val_tune,3943634344,1,TC,"[[1.8, 18.2]]",16.4,>=10s,20.6206,True,False,20.8208,False,,,,,20.02,False,19.019,False,18.018,True,20.9209,False,18.051366666666667,True,20.8208,False,0.0,20,1,0.2002,84,37,4,21.0,21.0,21.0,21.0,False,False,False,False,19.6206,18.6206,17.6206,15.6206,False,False,True,True
val_tune,4006608424,5,CW,"[[62.8, 73.8]]",11.0,>=10s,65.2652,True,True,65.53213333333333,True,66.066,True,66.63323333333334,True,65.065,True,64.064,True,63.063,True,65.83243333333334,True,64.99826666666667,True,65.43203333333334,True,0.35,20,42,0.2669,360,149,4,66.2652,67.2652,68.2652,70.2652,True,True,True,True,64.2652,63.2652,62.2652,60.2652,True,True,False,False
val_tune,4006608424,7,TN,"[[77.8, 90.0]]",12.2,>=10s,11.7117,True,False,12.012,False,12.579233333333333,False,13.013,False,11.011,False,10.643966666666667,False,10.01,False,14.9149,False,11.311300000000001,False,11.8118,False,0.15,20,132,0.3003,360,149,4,12.7117,13.7117,14.7117,16.7117,False,False,False,False,10.7117,9.7117,8.7117,6.7117,False,False,False,False
val_tune,4650556666,5,CH,"[[0.0, 1.1]]",1.1,<2s,4.44,True,False,4.8,False,5.4,False,6.0,False,3.6,False,2.4,False,1.68,False,4.72,False,3.52,False,4.56,False,0.0,20,25,0.36,76,31,4,5.44,6.44,7.44,9.44,False,False,False,False,3.44,2.44,1.44,0.0,False,False,False,True
val_tune,5429688959,0,CH,"[[0.1, 44.9], [54.9, 82.8]]",72.7,>=10s,22.9563,True,True,23.056366666666666,True,23.456766666666667,True,24.057366666666667,True,22.055366666666668,True,21.054366666666667,True,20.653966666666665,True,23.289933333333334,True,21.955266666666667,True,23.056366666666666,True,1.0,20,105,0.1001,333,143,4,23.9563,24.9563,25.9563,27.9563,True,True,True,True,21.9563,20.9563,19.9563,17.9563,True,True,True,True
val_tune,4688219212,7,TN,"[[27.3, 31.6]]",4.3,2-5s,4.9049,True,False,5.005,False,6.006,False,6.5065,False,4.5045,False,4.004,False,3.4034,False,7.6409666666666665,False,2.9362666666666666,False,5.005,False,0.0,20,46,0.1001,128,55,4,5.9049,6.9049,7.9049,9.9049,False,False,False,False,3.9049,2.9049,1.9049,0.0,False,False,False,False
val_tune,2567843468,2,CW,"[[0.0, 1.6], [7.8, 9.2], [12.6, 13.8]]",4.2,2-5s,18.9189,True,False,19.019,False,,,,,18.018,False,17.017,False,16.016,False,18.952266666666667,False,17.050366666666665,False,19.019,False,0.0,20,1,0.1001,78,24,4,19.0,19.0,19.0,19.0,False,False,False,False,17.9189,16.9189,15.9189,13.9189,False,False,False,False
val_tune,4626085492,0,CH,"[[18.0, 20.9]]",2.9,2-5s,18.9856,True,True,19.019,True,20.02,True,20.387033333333335,True,18.018,True,17.017,False,16.016,False,19.4194,True,17.884533333333334,False,19.019,True,0.95,20,4,0.0334,86,35,4,19.9856,20.9856,21.0,21.0,True,False,False,False,17.9856,16.9856,15.9856,13.9856,False,False,False,False
val_tune,6239210933,7,TN,"[[2.1, 4.2]]",2.1,2-5s,27.3607,True,False,27.560866666666666,False,28.061366666666668,False,29.062366666666666,False,27.060366666666667,False,26.059366666666666,False,25.558866666666667,False,28.962266666666668,False,26.960266666666666,False,27.460766666666668,False,0.0,20,12,0.2002,138,60,4,28.3607,29.3607,30.3607,32.3607,False,False,False,False,26.3607,25.3607,24.3607,22.3607,False,False,False,False
val_tune,4889681401,3,TN,"[[8.3, 9.5]]",1.2,<2s,2.8028,True,False,3.003,False,3.4034,False,4.004,False,2.5025,False,2.002,False,1.6016,False,10.01,False,0.0,False,3.003,False,0.0,20,158,0.2002,361,163,4,3.8028,4.8028,5.8028,7.8028,False,False,False,False,1.8028,0.8028,0.0,0.0,False,False,False,False
val_tune,2435100235,0,TN,"[[13.0, 17.6]]",4.6,2-5s,32.9996,True,False,33.40003333333333,False,34.00063333333333,False,34.40103333333333,False,32.565866666666665,False,31.998633333333334,False,31.398033333333334,False,33.466766666666665,False,32.332300000000004,False,33.40003333333333,False,0.0,20,53,0.4004,256,107,4,33.9996,34.9996,35.9996,37.9996,False,False,False,False,31.9996,30.9996,29.9996,27.9996,False,False,False,False
val_tune,3846475848,8,CH,"[[39.6, 41.8]]",2.2,2-5s,5.7057,True,False,6.006,False,7.007,False,7.5075,False,5.4054,False,5.005,False,4.4044,False,6.940266666666667,False,3.937266666666667,False,6.006,False,0.05,20,106,0.3003,287,116,4,6.7057,7.7057,8.7057,10.7057,False,False,False,False,4.7057,3.7057,2.7057,0.7057,False,False,False,False
val_tune,5913180144,8,TN,"[[32.9, 39.8]]",6.9,5-10s,37.8712,True,True,38.07136666666667,True,38.4384,True,39.07236666666667,True,37.4374,True,37.070366666666665,True,36.06936666666667,True,39.67296666666667,True,37.5375,True,38.038,True,1.0,20,4,0.2002,159,62,4,38.8712,39.8712,40.0,40.0,True,False,False,False,36.8712,35.8712,34.8712,32.8712,True,True,True,False
val_tune,2871995580,4,TN,"[[0.1, 3.3]]",3.2,2-5s,0.266,True,True,0.533,True,1.001,True,2.002,True,,,,,,,1.3013144590495451,True,0.0,False,0.533,True,0.05,20,131,0.267,361,131,4,1.266,2.266,3.266,5.266,True,True,True,False,0.0,0.0,0.0,0.0,False,False,False,False
val_tune,6244675392,1,CW,"[[7.4, 46.1]]",38.7,>=10s,7.2667,True,False,7.466666666666667,True,8.533333333333333,True,10.066666666666666,True,6.066666666666666,False,5.066666666666666,False,4.066666666666666,False,10.133333333333333,True,6.133333333333334,False,7.466666666666667,True,0.65,20,48,0.2,120,54,4,8.2667,9.2667,10.2667,12.2667,True,True,True,True,6.2667,5.2667,4.2667,2.2667,False,False,False,False
val_tune,8552680285,3,CH,"[[0.0, 0.9]]",0.9,<2s,3.37,True,False,4.037366666666666,False,4.471133333333333,False,5.038366666666667,False,3.036366666666667,False,2.6359666666666666,False,2.0353666666666665,False,3.5035000000000003,False,1.8018,False,3.4701333333333335,False,0.0,20,17,0.6673,73,23,4,4.37,5.37,6.37,8.37,False,False,False,False,2.37,1.37,0.37,0.0,False,False,True,True
val_tune,2679130168,6,CW,"[[31.7, 35.5], [37.2, 40.5]]",7.1,5-10s,15.7658,True,False,16.26625,False,16.933583333333335,False,17.5175,False,15.015,False,14.472791666666666,False,13.76375,False,16.307958333333332,False,14.931583333333332,False,16.26625,False,0.2,20,61,0.5005,202,79,4,16.7658,17.7658,18.7658,20.7658,False,False,False,False,14.7658,13.7658,12.7658,10.7658,False,False,False,False
val_tune,4147398280,7,TN,"[[30.3, 35.3]]",5.0,2-5s,17.9179,True,False,18.018,False,18.6186,False,19.019,False,17.017,False,16.6166,False,16.016,False,18.051366666666667,False,17.050366666666665,False,18.018,False,0.15,20,70,0.1001,230,103,4,18.9179,19.9179,20.9179,22.9179,False,False,False,False,16.9179,15.9179,14.9179,12.9179,False,False,False,False
val_tune,9498159305,7,TN,"[[6.0, 11.1]]",5.1,5-10s,0.0667,True,False,0.6006006006006006,False,1.001001001001001,False,1.5348682015348682,False,,,,,,,0.26693360026693363,False,0.0,False,0.1001001001001001,False,0.1,20,57,0.5339,152,58,4,1.0667,2.0667,3.0667,5.0667,False,False,False,False,0.0,0.0,0.0,0.0,False,False,False,False
val_tune,8024853715,7,TC,"[[4.2, 17.1]]",12.9,>=10s,13.8055,True,True,15.056708333333333,True,15.807458333333333,True,16.307958333333332,True,12.554208333333333,True,11.928583333333334,True,11.302958333333333,True,14.097416666666666,True,12.429083333333333,True,14.681333333333333,True,0.35,20,8,1.2512,66,23,4,14.8055,15.8055,16.8055,18.8055,True,True,True,False,12.8055,11.8055,10.8055,8.8055,True,True,True,True
val_tune,2868183184,8,CH,"[[0.0, 5.9]]",5.9,5-10s,41.041,True,False,42.042,False,42.575,False,43.043,False,40.64,False,40.04,False,39.039,False,41.47522750252781,False,39.439838220424676,False,41.141,False,0.0,20,15,1.001,209,80,4,42.041,43.041,44.041,46.041,False,False,False,False,40.041,39.041,38.041,36.041,False,False,False,False
val_tune,8211075660,4,CH,"[[44.0, 46.5]]",2.5,2-5s,31.8652,True,False,32.06536666666667,False,32.66596666666667,False,33.06636666666667,False,31.66496666666667,False,31.06436666666667,False,30.663966666666667,False,32.06536666666667,False,31.06436666666667,False,32.06536666666667,False,0.05,20,34,0.2002,217,90,4,32.8652,33.8652,34.8652,36.8652,False,False,False,False,30.8652,29.8652,28.8652,26.8652,False,False,False,False
val_tune,4774302357,0,CH,"[[0.0, 4.7]]",4.7,2-5s,7.4741,True,False,8.008,False,8.5085,False,9.009,False,7.374033333333333,False,7.007,False,6.006,False,9.242566666666667,False,7.040366666666666,False,8.008,False,0.0,20,15,0.5339,60,27,4,8.4741,9.4741,10.4741,12.4741,False,False,False,False,6.4741,5.4741,4.4741,2.4741,False,False,True,True
val_tune,6621511673,2,CW,"[[18.2, 90.0]]",71.8,>=10s,79.4127,True,True,80.11336666666666,True,80.71396666666666,True,81.11436666666667,True,79.11236666666667,True,78.61186666666667,True,78.11136666666667,True,80.01326666666667,True,79.01226666666666,True,79.71296666666667,True,1.0,20,17,0.7007,360,138,4,80.4127,81.4127,82.4127,84.4127,True,True,True,True,78.4127,77.4127,76.4127,74.4127,True,True,True,True
val_tune,3145698830,1,TN,"[[15.2, 18.7]]",3.5,2-5s,5.005,True,False,5.6056,False,6.006,False,6.4064,False,4.6046,False,4.004,False,3.5035,False,7.9412666666666665,False,4.938266666666666,False,5.6056,False,0.0,20,88,0.6006,236,98,4,6.005,7.005,8.005,10.005,False,False,False,False,4.005,3.005,2.005,0.005,False,False,False,False
val_tune,2559262403,0,CW,"[[0.0, 7.6], [22.4, 29.6]]",14.8,>=10s,29.029,True,True,29.5295,True,30.03,False,30.78075,False,28.77875,True,28.27825,True,27.5275,True,30.82245833333333,False,27.694333333333333,True,29.5295,True,0.0,20,78,0.5005,288,119,4,30.029,31.029,32.029,34.029,False,False,False,False,28.029,27.029,26.029,24.029,True,True,True,True
val_tune,3322503255,3,CW,"[[24.1, 35.5]]",11.4,>=10s,0.0,True,False,0.2002,False,1.001,False,1.4014,False,,,,,,,1.0677333333333334,False,,,0.2002,False,0.2,20,73,0.2002,166,73,4,1.0,2.0,3.0,5.0,False,False,False,False,0.0,0.0,0.0,0.0,False,False,False,False
val_tune,8080432373,0,CW,"[[1.8, 4.9]]",3.1,2-5s,72.072,True,False,72.10536666666667,False,73.10636666666667,False,74.10736666666666,False,71.10436666666666,False,70.10336666666667,False,69.60286666666667,False,72.20546666666667,False,70.80406666666667,False,72.10536666666667,False,0.0,20,33,0.0334,360,154,4,73.072,74.072,75.072,77.072,False,False,False,False,71.072,70.072,69.072,67.072,False,False,False,False
val_tune,4024008346,1,CW,"[[4.1, 8.8]]",4.7,2-5s,0.6006,True,False,1.001,False,2.002,False,3.003,False,,,,,,,1.4681333333333333,False,0.33366666666666667,False,0.8008,False,0.2,20,32,0.4004,79,33,4,1.6006,2.6006,3.6006,5.6006,False,False,False,True,0.0,0.0,0.0,0.0,False,False,False,False
val_tune,5933003028,0,CW,"[[1.4, 4.1], [7.9, 8.4], [9.5, 9.7], [10.4, 21.2], [22.6, 23.2], [28.0, 30.6], [33.6, 36.9]]",20.7,>=10s,1.5417,True,True,2.0416666666666665,True,2.5416666666666665,True,3.0416666666666665,True,1.2916666666666667,False,0.5416666666666666,False,,,2.2083333333333335,True,1.1666666666666667,False,1.6666666666666667,True,0.55,20,52,0.5,125,54,4,2.5417,3.5417,4.5417,6.5417,True,True,False,False,0.5417,0.0,0.0,0.0,False,False,False,False
val_tune,4650556666,3,TN,"[[19.6, 22.7]]",3.1,2-5s,12.36,True,False,12.6,False,13.2,False,14.4,False,12.0,False,11.4,False,10.8,False,12.8,False,11.92,False,12.6,False,0.2,20,13,0.24,76,31,4,13.36,14.36,15.36,17.36,False,False,False,False,11.36,10.36,9.36,7.36,False,False,False,False
val_tune,4443526735,2,CW,"[[0.5, 19.4]]",18.9,>=10s,11.2613,True,True,12.5125,True,13.138125,True,13.76375,True,10.5105,True,10.01,True,8.75875,True,12.721041666666666,True,9.592916666666666,True,12.137125,True,1.0,20,12,1.2512,64,28,4,12.2613,13.2613,14.2613,16.2613,True,True,True,True,10.2613,9.2613,8.2613,6.2613,True,True,True,True
val_tune,2771402761,8,TN,"[[11.8, 16.4]]",4.6,2-5s,4.004,True,False,5.005,False,5.538866666666666,False,6.006,False,3.5035,False,3.003,False,2.5025,False,8.141466666666666,False,1.9352666666666667,False,4.2042,False,0.0,20,66,1.001,195,73,4,5.004,6.004,7.004,9.004,False,False,False,False,3.004,2.004,1.004,0.0,False,False,False,False
val_tune,5328004991,8,TN,"[[9.0, 21.8]]",12.8,>=10s,12.8128,True,True,13.013,True,13.6136,True,14.014,True,12.012,True,11.011,True,10.01,True,13.346666666666668,True,11.945266666666667,True,13.013,True,0.7,20,26,0.2002,106,43,4,13.8128,14.8128,15.8128,17.8128,True,True,True,True,11.8128,10.8128,9.8128,7.8128,True,True,True,False
val_tune,11566980553,3,CW,"[[30.1, 43.5]]",13.4,>=10s,22.8228,True,False,23.790457123790457,False,25.025025025025027,False,25.392058725392058,False,22.62262262262262,False,22.188855522188856,False,21.654988321654987,False,25.759092425759093,False,22.35568902235569,False,22.889556222889556,False,0.45,20,49,0.9676,228,84,4,23.8228,24.8228,25.8228,27.8228,False,False,False,False,21.8228,20.8228,19.8228,17.8228,False,False,False,False
val_tune,5429688959,5,CW,"[[0.4, 45.0], [55.1, 83]]",72.5,>=10s,57.7911,True,True,58.091366666666666,True,58.59186666666667,True,59.09236666666666,True,57.490766666666666,True,57.09036666666667,True,56.08936666666666,True,59.426033333333336,True,56.92353333333333,True,57.89116666666666,True,1.0,20,44,0.3003,333,143,4,58.7911,59.7911,60.7911,62.7911,True,True,True,True,56.7911,55.7911,54.7911,52.7911,True,True,False,False
val_tune,3427674558,4,TN,"[[9.9, 13.3]]",3.4,2-5s,12.012,True,True,12.5125,True,13.013,True,13.546866666666666,False,11.011,True,10.477133333333333,True,10.01,True,12.479133333333333,True,10.844166666666666,True,12.178833333333333,True,0.1,20,29,0.5005,116,51,4,13.012,14.012,15.012,17.012,True,False,False,False,11.012,10.012,9.012,7.012,True,True,False,False
val_tune,8387356484,8,TC,"[[17.8, 21.7]]",3.9,2-5s,27.5417,True,False,28.791666666666668,False,30.041666666666668,False,30.666666666666668,False,26.291666666666668,False,25.041666666666668,False,23.791666666666668,False,28.208333333333332,False,27.333333333333332,False,27.666666666666668,False,0.0,20,14,1.25,138,44,4,28.5417,29.5417,30.5417,32.5417,False,False,False,False,26.5417,25.5417,24.5417,22.5417,False,False,False,False
val_tune,4006608424,8,TN,"[[30.0, 41.9]]",11.9,>=10s,14.648,True,False,15.015,False,16.016,False,16.6166,False,14.014,False,13.546866666666666,False,13.013,False,14.9149,False,11.311300000000001,False,15.015,False,0.15,20,126,0.367,360,149,4,15.648,16.648,17.648,19.648,False,False,False,False,13.648,12.648,11.648,9.648,False,False,False,False
val_tune,7059877301,3,CH,"[[3.9, 6.7], [7.1, 14.9], [18.9, 21.9]]",13.6,>=10s,23.5569,True,False,24.057366666666667,False,25.058366666666668,False,26.059366666666666,False,23.456766666666667,False,23.056366666666666,False,22.055366666666668,False,23.790433333333333,False,22.856166666666667,False,23.957266666666666,False,0.0,20,11,0.5005,123,50,4,24.5569,25.5569,26.5569,28.5569,False,False,False,False,22.5569,21.5569,20.5569,18.5569,False,True,True,False
val_tune,3902997424,3,CW,"[[10.3, 12.5]]",2.2,2-5s,11.0444,True,True,11.1111,True,12.012,True,12.5125,False,10.4104,True,10.01,False,9.009,False,11.5115,True,8.875533333333333,False,11.1111,True,0.0,20,23,0.0667,104,41,4,12.0444,13.0444,14.0444,16.0444,True,False,False,False,10.0444,9.0444,8.0444,6.0444,False,False,False,False
val_tune,4674481985,1,CH,"[[7.3, 12.7]]",5.4,5-10s,13.5135,True,False,14.014,False,14.581233333333333,False,15.015,False,13.013,False,12.6126,True,12.012,True,21.855166666666666,False,11.845166666666668,True,13.9139,False,0.0,20,17,0.5005,99,41,4,14.5135,15.5135,16.5135,18.5135,False,False,False,False,12.5135,11.5135,10.5135,8.5135,True,True,True,True
val_tune,4127497265,5,CW,"[[0.0, 2.9]]",2.9,2-5s,2.2022,True,True,3.003,False,4.004,False,4.6046,False,2.002,True,1.5682333333333334,True,1.001,True,2.9362666666666666,False,0.0,True,2.3023,True,0.0,20,46,0.8008,120,49,4,3.2022,4.2022,5.2022,7.2022,False,False,False,False,1.2022,0.2022,0.0,0.0,True,True,True,True
val_tune,4584426085,0,TC,"[[64.1, 79.7]]",15.6,>=10s,82.8828,True,False,83.083,False,83.5835,False,84.084,False,82.082,False,81.5815,False,81.081,False,84.51776666666667,False,82.01526666666666,False,82.9829,False,0.0,20,12,0.2002,360,141,4,83.8828,84.8828,85.8828,87.8828,False,False,False,False,81.8828,80.8828,79.8828,77.8828,False,False,False,True
val_tune,3158022797,5,TC,"[[42.3, 45.3]]",3.0,2-5s,18.9856,True,False,19.019,False,19.552866666666667,False,20.02,False,18.1181,False,17.751066666666667,False,17.017,False,19.586233333333332,False,16.616600000000002,False,19.019,False,0.1,20,117,0.0334,360,146,4,19.9856,20.9856,21.9856,23.9856,False,False,False,False,17.9856,16.9856,15.9856,13.9856,False,False,False,False
val_tune,9293415110,0,CW,"[[0.4, 5.4], [78.8, 84.9]]",11.1,>=10s,9.25,True,False,9.5,False,10.416666666666666,False,11.0,False,9.0,False,8.5,False,7.708333333333333,False,11.666666666666666,False,6.333333333333333,False,9.333333333333334,False,0.15,20,56,0.25,227,61,4,10.25,11.25,12.25,14.25,False,False,False,False,8.25,7.25,6.25,4.25,False,False,False,True
val_tune,4698622422,5,CW,"[[12.5, 17.3], [22.4, 30.2], [36.8, 39.0]]",14.8,>=10s,19.7864,True,False,20.02,False,21.021,False,21.454766666666668,False,19.019,False,17.951266666666665,False,16.950266666666668,True,20.820800000000002,False,19.319300000000002,False,19.8198,False,0.6,20,34,0.2336,169,62,4,20.7864,21.7864,22.7864,24.7864,False,False,True,True,18.7864,17.7864,16.7864,14.7864,False,False,True,True
val_tune,2567843468,9,CH,"[[0.0, 1.6], [7.8, 9.2], [12.6, 13.8]]",4.2,2-5s,6.006,True,False,6.4064,False,7.007,False,7.5075,False,5.005,False,4.004,False,3.003,False,6.940266666666667,False,5.472133333333334,False,6.4064,False,0.05,20,16,0.4004,78,24,4,7.006,8.006,9.006,11.006,False,True,True,False,5.006,4.006,3.006,1.006,False,False,False,True
val_tune,8107573462,10,TC,"[[6.8, 13.6]]",6.8,5-10s,6.6066,True,False,7.040366666666666,True,7.440766666666667,True,8.041366666666667,True,6.039366666666667,False,5.038366666666667,False,4.437766666666667,False,7.9412666666666665,True,4.070733333333333,False,7.040366666666666,True,1.0,20,11,0.4338,55,23,4,7.6066,8.6066,9.6066,11.6066,True,True,True,True,5.6066,4.6066,3.6066,1.6066,False,False,False,False
val_tune,3869005094,4,TC,"[[3.9, 7.0]]",3.1,2-5s,1.001,True,False,1.6016,False,2.002,False,3.003,False,0.5005,False,,,,,2.168833333333333,False,0.8341666666666667,False,1.6016,False,0.3,20,13,0.6006,40,15,4,2.001,3.001,4.001,6.001,False,False,True,True,0.001,0.0,0.0,0.0,False,False,False,False
val_tune,4896969617,5,CH,"[[9.7, 11.4]]",1.7,<2s,0.2002,True,False,1.001,False,1.6016,False,2.002,False,,,,,,,2.135466666666667,False,0.0,False,0.3003,False,0.25,20,19,0.8008,47,20,4,1.2002,2.2002,3.2002,5.2002,False,False,False,False,0.0,0.0,0.0,0.0,False,False,False,False
val_tune,2834146886,6,TN,"[[53.8, 55.0]]",1.2,<2s,55.2218,True,False,55.42203333333333,False,56.056,False,57.057,False,55.055,False,54.487766666666666,True,53.887166666666666,True,56.99026666666667,False,54.721333333333334,True,55.321933333333334,False,0.0,20,12,0.2002,251,101,4,56.2218,57.2218,58.2218,60.2218,False,False,False,False,54.2218,53.2218,52.2218,50.2218,True,False,False,False
val_tune,3581585756,9,TN,"[[9.6, 13.4]]",3.8,2-5s,22.022,True,False,22.489133333333335,False,23.023,False,,,21.021,False,20.6206,False,20.02,False,23.4234,False,21.588233333333335,False,22.489133333333335,False,0.0,20,2,0.4671,95,39,4,23.0,23.0,23.0,23.0,False,False,False,False,21.022,20.022,19.022,17.022,False,False,False,False
val_tune,5735711594,3,CW,"[[0.2, 5.4]]",5.2,5-10s,12.7461,True,False,13.046366666666666,False,14.047366666666667,False,14.447766666666666,False,12.645966666666666,False,12.045366666666666,False,11.444766666666666,False,12.879533333333333,False,12.345666666666666,False,13.046366666666666,False,0.0,20,11,0.3003,79,34,4,13.7461,14.7461,15.7461,17.7461,False,False,False,False,11.7461,10.7461,9.7461,7.7461,False,False,False,False
val_tune,7088595057,8,TC,"[[0.0, 16.4]]",16.4,>=10s,0.0334,True,True,0.33366666666666667,True,1.0343666666666667,True,1.5348666666666666,True,,,,,,,0.9342666666666667,True,0.0,True,0.33366666666666667,True,0.55,20,60,0.3003,142,60,4,1.0334,2.0334,3.0334,5.0334,True,True,True,True,0.0,0.0,0.0,0.0,True,True,True,True
val_tune,4244817395,8,TN,"[[0.0, 14.3]]",14.3,>=10s,8.28,True,True,8.4,True,8.88,True,9.6,True,7.8,True,7.2,True,6.6,True,8.32,True,7.12,True,8.36,True,0.15,20,85,0.12,226,96,4,9.28,10.28,11.28,13.28,True,True,True,True,7.28,6.28,5.28,3.28,True,True,True,True
val_tune,5235909148,0,CH,"[[9.7, 11.8]]",2.1,2-5s,10.9109,True,True,11.011,True,11.544866666666667,True,,,9.9099,True,9.4094,False,9.009,False,11.8118,False,7.040366666666666,False,11.011,True,1.0,20,2,0.1001,48,20,4,11.9109,12.0,12.0,12.0,False,False,False,False,9.9109,8.9109,7.9109,5.9109,True,False,False,False
val_tune,5427285434,0,TN,"[[2.9, 9.8]]",6.9,5-10s,2.0354,True,False,3.036366666666667,True,3.5368666666666666,True,4.037366666666666,True,1.5348666666666666,False,1.0343666666666667,False,0.5338666666666667,False,2.9362666666666666,True,0.6673333333333333,False,2.8361666666666667,False,0.5,20,31,1.001,83,35,4,3.0354,4.0354,5.0354,7.0354,True,True,True,True,1.0354,0.0354,0.0,0.0,False,False,False,False
val_tune,5328616848,0,CW,"[[0.3, 9.3]]",9.0,5-10s,2.002,True,True,2.4024,True,3.003,True,3.5035,True,1.4014,True,1.001,True,0.5005,True,2.8361666666666667,True,1.9352666666666667,True,2.2022,True,0.55,20,23,0.4004,60,27,4,3.002,4.002,5.002,7.002,True,True,True,True,1.002,0.002,0.0,0.0,True,False,False,False
val_tune,4882821564,2,CW,"[[64.3, 77.6]]",13.3,>=10s,13.7471,True,False,14.047366666666667,False,14.447766666666666,False,15.048366666666666,False,13.446766666666667,False,13.046366666666666,False,12.045366666666666,False,14.080733333333333,False,12.946266666666666,False,14.047366666666667,False,0.2,20,130,0.3003,360,152,4,14.7471,15.7471,16.7471,18.7471,False,False,False,False,12.7471,11.7471,10.7471,8.7471,False,False,False,False
val_tune,4276006683,5,TN,"[[1.1, 9.4]]",8.3,5-10s,4.004,True,True,4.371033333333333,True,5.005,True,5.472133333333334,True,3.003,True,2.5358666666666667,True,2.002,True,4.4044,True,3.7370666666666668,True,4.371033333333333,True,0.3,20,35,0.367,107,42,4,5.004,6.004,7.004,9.004,True,True,True,True,3.004,2.004,1.004,0.0,True,True,False,False
val_tune,6188449000,3,CW,"[[12.4, 22.7]]",10.3,>=10s,69.7333,True,False,72.4,False,73.73333333333333,False,75.86666666666666,False,68.06666666666666,False,66.06666666666666,False,65.06666666666666,False,70.46666666666667,False,68.73333333333333,False,70.06666666666666,False,0.0,20,15,2.6667,188,73,4,70.7333,71.7333,72.7333,74.7333,False,False,False,False,68.7333,67.7333,66.7333,64.7333,False,False,False,False
val_tune,5907839036,6,TN,"[[19.0, 30.4]]",11.4,>=10s,82.6826,True,False,83.11636666666666,False,83.51676666666667,False,84.11736666666667,False,82.11536666666667,False,81.11436666666667,False,80.61386666666667,False,85.11836666666667,False,81.14773333333333,False,82.7827,False,0.0,20,14,0.4338,360,153,4,83.6826,84.6826,85.6826,87.6826,False,False,False,False,81.6826,80.6826,79.6826,77.6826,False,False,False,False
val_tune,5858985747,4,CW,"[[2.8, 5.5]]",2.7,2-5s,2.3357,True,False,3.036366666666667,True,3.6036,True,4.037366666666666,True,2.135466666666667,False,1.7350666666666668,False,1.2345666666666666,False,2.435766666666667,False,0.0,False,3.036366666666667,True,0.2,20,15,0.7007,47,19,4,3.3357,4.3357,5.3357,7.3357,True,True,True,False,1.3357,0.3357,0.0,0.0,False,False,False,False
val_tune,9531760182,1,CH,"[[0.1, 4.8]]",4.7,2-5s,9.64,True,False,11.24,False,11.8,False,12.52,False,9.24,False,8.8,False,8.32,False,10.28,False,8.84,False,11.08,False,0.0,20,90,1.6,257,104,4,10.64,11.64,12.64,14.64,False,False,False,False,8.64,7.64,6.64,4.64,False,False,False,True
val_tune,2567843468,8,TC,"[[5.5, 6.9], [10.7, 13.9]]",4.6,2-5s,6.006,True,True,6.4064,True,7.007,False,7.5075,False,5.005,False,4.004,False,3.003,False,6.940266666666667,False,5.472133333333334,False,6.4064,True,0.2,20,16,0.4004,78,24,4,7.006,8.006,9.006,11.006,False,False,False,True,5.006,4.006,3.006,1.006,False,False,False,False
val_tune,5498331490,3,CW,"[[41.4, 64.7]]",23.3,>=10s,24.9167,True,False,25.041666666666668,False,25.541666666666668,False,26.291666666666668,False,24.291666666666668,False,23.791666666666668,False,23.291666666666668,False,26.291666666666668,False,24.083333333333332,False,25.041666666666668,False,0.4,20,82,0.125,288,112,4,25.9167,26.9167,27.9167,29.9167,False,False,False,False,23.9167,22.9167,21.9167,19.9167,False,False,False,False
val_tune,4603484665,3,CW,"[[29.0, 42.2]]",13.2,>=10s,41.2912,True,True,42.042,True,42.5425,False,43.043,False,40.04,True,38.78875,True,38.28825,True,42.95958333333333,False,38.70533333333333,True,41.416375,True,0.35,20,3,0.7508,140,62,4,42.2912,43.2912,44.0,44.0,False,False,False,False,40.2912,39.2912,38.2912,36.2912,True,True,True,True
val_tune,4132599924,1,CW,"[[16.1, 20.8], [22.2, 26]]",8.5,5-10s,20.9543,True,False,21.021,False,22.022,False,22.5225,True,20.487133333333333,True,20.02,True,19.019,True,21.187833333333334,False,19.753066666666665,True,21.021,False,0.65,20,9,0.0667,105,44,4,21.9543,22.9543,23.9543,25.9543,False,True,True,True,19.9543,18.9543,17.9543,15.9543,True,True,True,False
val_tune,5349969207,4,TN,"[[35.4, 37.7]]",2.3,2-5s,34.8682,True,False,35.035,False,36.036,True,36.5365,True,34.034,False,33.4334,False,33.033,False,34.9349,False,34.16746666666667,False,35.035,False,0.4,20,9,0.1668,160,74,4,35.8682,36.8682,37.8682,39.8682,True,True,False,False,33.8682,32.8682,31.8682,29.8682,False,False,False,False
val_tune,5854324479,0,CW,"[[16.2, 21.5]]",5.3,5-10s,9.8015,True,False,10.051708333333334,False,10.552208333333333,False,11.302958333333333,False,8.800458333333333,False,8.174833333333334,False,7.5492083333333335,False,10.176833333333333,False,9.426083333333333,False,9.926583333333333,False,0.5,20,14,0.2503,70,26,4,10.8015,11.8015,12.8015,14.8015,False,False,False,False,8.8015,7.8015,6.8015,4.8015,False,False,False,False
val_tune,4190655097,5,TC,"[[32.3, 34.6]]",2.3,2-5s,43.0013,True,False,43.126416666666664,False,43.79375,False,44.5445,False,42.5425,False,41.29125,False,40.70733333333333,False,44.878166666666665,False,39.78975,False,43.126416666666664,False,0.0,20,17,0.1251,172,71,4,44.0013,45.0013,46.0013,48.0013,False,False,False,False,42.0013,41.0013,40.0013,38.0013,False,False,False,False
val_tune,4190655097,0,TC,"[[9.0, 20.7]]",11.7,>=10s,11.2613,True,True,11.886875,True,12.5125,True,13.76375,True,10.635625,True,10.01,True,8.75875,False,11.928583333333332,True,10.927583333333333,True,11.636625,True,0.25,20,55,0.6256,172,71,4,12.2613,13.2613,14.2613,16.2613,True,True,True,True,10.2613,9.2613,8.2613,6.2613,True,True,False,False
val_tune,6713120511,5,TN,"[[43.7, 51.4]]",7.7,5-10s,26.5599,True,False,27.060366666666667,False,28.061366666666668,False,28.561866666666667,False,26.059366666666666,False,25.692333333333334,False,25.058366666666668,False,27.260566666666666,False,26.059366666666666,False,26.659966666666666,False,0.35,20,42,0.5005,223,83,4,27.5599,28.5599,29.5599,31.5599,False,False,False,False,25.5599,24.5599,23.5599,21.5599,False,False,False,False
val_tune,7308042410,8,CH,"[[25.6, 31.4]]",5.8,5-10s,4.0374,True,False,5.038366666666667,False,5.438766666666667,False,6.039366666666667,False,3.036366666666667,False,2.0353666666666665,False,1.0343666666666667,False,5.171833333333334,False,3.937266666666667,False,4.337666666666666,False,0.25,20,42,1.001,137,47,4,5.0374,6.0374,7.0374,9.0374,False,False,False,False,3.0374,2.0374,1.0374,0.0,False,False,False,False
val_tune,9565310990,0,CW,"[[0.3, 8.0]]",7.7,5-10s,7.007,True,True,8.008008008008009,False,8.942275608942275,False,9.30930930930931,False,6.006006006006006,True,5.405405405405405,True,4.804804804804805,True,7.240573907240575,True,2.9362696029362696,True,7.07374040707374,True,0.0,20,40,1.001,125,50,4,8.007,9.007,10.007,12.007,False,False,False,False,6.007,5.007,4.007,2.007,True,True,True,True
val_tune,8575881495,3,TC,"[[20.4, 30.3]]",9.9,5-10s,7.3407,True,False,8.041366666666667,False,9.042366666666666,False,10.043366666666667,False,7.040366666666666,False,6.039366666666667,False,5.438766666666667,False,8.541866666666667,False,1.3680333333333334,False,7.741066666666667,False,0.25,20,97,0.7007,267,108,4,8.3407,9.3407,10.3407,12.3407,False,False,False,False,6.3407,5.3407,4.3407,2.3407,False,False,False,False
val_tune,5133787349,8,TC,"[[9.9, 15]]",5.1,5-10s,1.8769,True,False,2.5025,False,3.0864166666666666,False,4.045708333333334,False,1.25125,False,0.5005,False,,,3.920583333333333,False,1.0844166666666666,False,2.5025,False,0.4,20,18,0.6256,50,21,4,2.8769,3.8769,4.8769,6.8769,False,False,False,False,0.8769,0.0,0.0,0.0,False,False,False,False
val_tune,2559262403,5,TN,"[[28.6, 29.7], [30.6, 33.0]]",3.5,2-5s,27.1521,True,False,27.5275,False,28.27825,False,28.77875,True,26.77675,False,26.27625,False,25.650625,False,27.694333333333333,False,26.735041666666664,False,27.5275,False,0.0,20,81,0.3754,288,119,4,28.1521,29.1521,30.1521,32.1521,False,True,False,True,26.1521,25.1521,24.1521,22.1521,False,False,False,False
val_tune,7572859950,5,TN,"[[8.9, 16.6]]",7.7,5-10s,6.0394,True,False,7.040366666666666,False,7.540866666666667,False,8.041366666666667,False,5.038366666666667,False,4.537866666666667,False,4.037366666666666,False,7.9412666666666665,False,3.370033333333333,False,6.740066666666666,False,0.8,20,19,1.001,67,29,4,7.0394,8.0394,9.0394,11.0394,False,False,True,True,5.0394,4.0394,3.0394,1.0394,False,False,False,False
val_tune,5875535585,3,CW,"[[23.0, 26.6]]",3.6,2-5s,40.2736,True,False,41.07436666666667,False,41.8418,False,42.308933333333336,False,40.17346666666667,False,39.70633333333333,False,39.07236666666667,False,40.57386666666667,False,39.906533333333336,False,40.373666666666665,False,0.0,20,60,0.8008,306,128,4,41.2736,42.2736,43.2736,45.2736,False,False,False,False,39.2736,38.2736,37.2736,35.2736,False,False,False,False
val_tune,3192668394,8,CW,"[[56.6, 64.9]]",8.3,5-10s,1.1011,True,False,1.4014,False,2.002,False,2.3690333333333333,False,1.001,False,0.6006,False,,,3.036366666666667,False,0.13346666666666668,False,1.2012,False,0.25,20,112,0.3003,278,114,4,2.1011,3.1011,4.1011,6.1011,False,False,False,False,0.1011,0.0,0.0,0.0,False,False,False,False
val_tune,5919180502,1,TN,"[[42.3, 44.2]]",1.9,<2s,45.7457,True,False,,,,,,,45.6456,False,45.2452,False,44.2442,False,45.9459,False,45.1451,False,45.9459,False,0.0,20,0,,200,72,4,46.0,46.0,46.0,46.0,False,False,False,False,44.7457,43.7457,42.7457,40.7457,False,True,True,False
val_tune,4984417707,7,CW,"[[11.0, 14.7]]",3.7,2-5s,10.1101,True,False,11.011,True,12.012,True,13.013,True,10.01,False,9.009,False,8.008,False,10.5105,False,9.042366666666666,False,10.877533333333334,False,0.85,20,6,0.9009,59,23,4,11.1101,12.1101,13.1101,15.0,True,True,True,False,9.1101,8.1101,7.1101,5.1101,False,False,False,False
val_tune,3107742409,5,TN,"[[8.5, 10.7]]",2.2,2-5s,41.041,True,False,42.042,False,42.6426,False,43.043,False,40.6406,False,40.04,False,39.6396,False,41.67496666666667,False,40.974266666666665,False,41.2412,False,0.0,20,20,1.001,215,83,4,42.041,43.041,44.041,46.041,False,False,False,False,40.041,39.041,38.041,36.041,False,False,False,False
val_tune,4166942239,7,TC,"[[5.0, 13.5]]",8.5,5-10s,2.7027,True,False,3.003,False,4.004,False,5.005,True,2.4024,False,2.002,False,1.001,False,3.937266666666667,False,2.0353666666666665,False,3.003,False,0.4,20,26,0.3003,79,30,4,3.7027,4.7027,5.7027,7.7027,False,False,True,True,1.7027,0.7027,0.0,0.0,False,False,False,False
val_tune,2503404966,3,CW,"[[24.8, 27.1]]",2.3,2-5s,12.8128,True,False,13.013,False,13.6136,False,14.014,False,12.012,False,11.578233333333333,False,11.011,False,13.780433333333333,False,12.245566666666667,False,12.879533333333333,False,0.15,20,25,0.2002,112,47,4,13.8128,14.8128,15.8128,17.8128,False,False,False,False,11.8128,10.8128,9.8128,7.8128,False,False,False,False
val_tune,8277866423,1,TC,"[[1.8, 6.1], [6.1, 34.6]]",32.8,>=10s,0.0417,True,False,0.2916666666666667,False,0.8333333333333334,False,1.2916666666666667,False,,,,,,,1.6666666666666667,False,0.0,False,0.2916666666666667,False,1.0,20,42,0.25,111,42,4,1.0417,2.0417,3.0417,5.0417,False,True,True,True,0.0,0.0,0.0,0.0,False,False,False,False
val_tune,3171006258,1,CW,"[[26.5, 33.5]]",7.0,5-10s,35.035,True,False,36.036,False,,,,,34.4344,False,34.034,False,33.5335,False,36.50313333333333,False,33.166466666666665,True,35.3353,False,0.0,20,1,1.001,147,53,4,36.035,37.0,37.0,37.0,False,False,False,False,34.035,33.035,32.035,30.035,False,True,True,True
val_tune,11566930393,2,CH,"[[12.2, 17.9]]",5.7,5-10s,2.1355,True,False,2.7360694027360695,False,3.4034034034034035,False,4.004004004004004,False,2.002002002002002,False,1.3680347013680347,False,0.7007007007007007,False,2.1688355021688355,False,0.8675342008675342,False,2.7360694027360695,False,0.1,20,41,0.6006,114,44,4,3.1355,4.1355,5.1355,7.1355,False,False,False,False,1.1355,0.1355,0.0,0.0,False,False,False,False
val_tune,5205081904,3,TN,"[[14.4, 17.1]]",2.7,2-5s,5.9059,True,False,6.006,False,6.5065,False,7.007,False,5.4054,False,5.005,False,4.5045,False,6.039366666666667,False,5.038366666666667,False,6.006,False,0.15,20,27,0.1001,84,38,4,6.9059,7.9059,8.9059,10.9059,False,False,False,False,4.9059,3.9059,2.9059,0.9059,False,False,False,False
val_tune,8171216955,6,CH,"[[0.0, 16.8]]",16.8,>=10s,6.0394,True,True,6.639966666666667,True,7.040366666666666,True,7.6409666666666665,True,5.038366666666667,True,4.537866666666667,True,4.037366666666666,True,7.040366666666666,True,5.038366666666667,True,6.439766666666666,True,0.85,20,22,0.6006,75,33,4,7.0394,8.0394,9.0394,11.0394,True,True,True,True,5.0394,4.0394,3.0394,1.0394,True,True,True,True
val_tune,4092992100,5,CW,"[[0.0, 3.2]]",3.2,2-5s,6.006,True,False,6.439766666666666,False,7.007,False,7.7077,False,5.005,False,4.004,False,3.4034,False,6.473133333333333,False,4.471133333333333,False,6.373033333333334,False,0.0,20,12,0.4338,62,21,4,7.006,8.006,9.006,11.006,False,False,False,False,5.006,4.006,3.006,1.006,False,False,True,True
val_tune,7114553643,6,CW,"[[35.8, 46.4]]",10.6,>=10s,44.9449,True,True,45.07836666666667,True,45.478766666666665,True,46.079366666666665,True,44.07736666666667,True,43.076366666666665,True,42.57586666666667,True,45.478766666666665,True,43.977266666666665,True,45.045,True,0.0,20,37,0.1335,264,117,4,45.9449,46.9449,47.9449,49.9449,True,False,False,False,43.9449,42.9449,41.9449,39.9449,True,True,True,True
val_tune,5433090067,0,CW,"[[0.8, 5.5]]",4.7,2-5s,19.019,True,False,19.5195,False,19.886533333333333,False,,,18.985633333333332,False,18.3183,False,17.6176,False,20.086733333333335,False,18.485133333333334,False,19.5195,False,0.0,20,2,0.5005,90,32,4,20.0,20.0,20.0,20.0,False,False,False,False,18.019,17.019,16.019,14.019,False,False,False,False
val_tune,4838113006,1,CW,"[[52.8, 89.7]]",36.9,>=10s,63.3633,True,True,64.064,True,64.4644,True,65.065,True,63.063,True,62.062,True,61.061,True,64.69796666666667,True,62.896166666666666,True,63.9639,True,0.95,20,40,0.7007,360,143,4,64.3633,65.3633,66.3633,68.3633,True,True,True,True,62.3633,61.3633,60.3633,58.3633,True,True,True,True
val_tune,4612723694,2,CW,"[[0.0, 12.1]]",12.1,>=10s,8.5085,True,True,9.009,True,9.6096,True,10.01,True,8.4084,True,8.008,True,7.6076,True,8.942266666666667,True,7.9412666666666665,True,8.6086,True,0.05,20,77,0.5005,225,93,4,9.5085,10.5085,11.5085,13.5085,True,True,True,False,7.5085,6.5085,5.5085,3.5085,True,True,True,True
val_tune,7442562474,9,CH,"[[2.4, 3.0], [3.4, 4.9]]",2.1,2-5s,7.5409,True,False,7.6409666666666665,False,8.041366666666667,False,8.541866666666667,False,7.040366666666666,False,6.439766666666666,False,6.039366666666667,False,8.041366666666667,False,6.940266666666667,False,7.6409666666666665,False,0.0,20,22,0.1001,80,34,4,8.5409,9.5409,10.5409,12.5409,False,False,False,False,6.5409,5.5409,4.5409,2.5409,False,False,True,True
val_tune,4465235803,4,TC,"[[13.1, 17.0]]",3.9,2-5s,17.2172,True,False,17.6176,False,18.018,False,18.5185,False,17.017,False,16.5165,True,16.016,True,17.951266666666665,False,16.950266666666668,True,17.6176,False,0.0,20,29,0.4004,136,56,4,18.2172,19.2172,20.2172,22.2172,False,False,False,False,16.2172,15.2172,14.2172,12.2172,True,True,True,False
val_tune,11871253306,5,CH,"[[6.4, 7.9]]",1.5,<2s,40.04,True,False,40.60723333333333,False,41.041,False,42.042,False,39.07236666666667,False,38.67196666666667,False,38.038,False,40.57386666666667,False,37.77106666666667,False,40.40703333333333,False,0.0,20,14,0.5672,173,74,4,41.04,42.04,43.04,45.04,False,False,False,False,39.04,38.04,37.04,35.04,False,False,False,False
val_tune,2796821016,9,TC,"[[51.6, 57.4]]",5.8,5-10s,0.4,True,False,1.001,False,2.002,False,2.535,False,0.133,False,,,,,2.0353892821031345,False,0.0,False,1.001,False,0.05,20,96,0.601,249,97,4,1.4,2.4,3.4,5.4,False,False,False,False,0.0,0.0,0.0,0.0,False,False,False,False
val_tune,3530231811,8,TN,"[[29.6, 33.3]]",3.7,2-5s,23.7237,True,False,24.024,False,25.025,False,25.5255,False,23.4234,False,23.023,False,22.022,False,24.958266666666667,False,21.755066666666668,False,24.024,False,0.0,20,119,0.3003,361,158,4,24.7237,25.7237,26.7237,28.7237,False,False,False,False,22.7237,21.7237,20.7237,18.7237,False,False,False,False
val_tune,5064681723,3,CH,"[[19.2, 20.0]]",0.8,<2s,20.02,True,False,,,,,,,19.486133333333335,True,18.785433333333334,False,17.784433333333332,False,20.086733333333335,False,17.484133333333332,False,20.053366666666665,False,0.0,20,0,,82,36,4,20.0,20.0,20.0,20.0,True,True,True,True,19.02,18.02,17.02,15.02,False,False,False,False
val_tune,9576671750,8,CH,"[[22.4, 25.8]]",3.4,2-5s,27.2272,True,False,27.260593927260594,False,,,,,25.558892225558893,True,25.025025025025027,True,24.591257924591257,True,27.52752752752753,False,26.459793126459793,False,27.260593927260594,False,0.0,20,1,0.0334,97,43,4,28.0,28.0,28.0,28.0,False,False,False,False,26.2272,25.2272,24.2272,22.2272,False,True,True,False
val_tune,3846475848,0,CW,"[[0.0, 19.2]]",19.2,>=10s,9.2092,True,True,10.01,True,10.6106,True,11.011,True,9.009,True,8.008,True,7.5075,True,9.542866666666667,True,8.074733333333333,True,9.3093,True,0.15,20,101,0.8008,287,116,4,10.2092,11.2092,12.2092,14.2092,True,True,True,True,8.2092,7.2092,6.2092,4.2092,True,True,True,True
val_tune,4882821564,0,CW,"[[9.7, 11.3]]",1.6,<2s,86.453,True,False,87.12036666666667,False,87.65423333333334,False,88.12136666666666,False,86.11936666666666,False,85.4854,False,85.11836666666666,False,88.42166666666667,False,83.01626666666667,False,86.51976666666667,False,0.0,20,5,0.6673,360,152,4,87.453,88.453,89.453,90.0,False,False,False,False,85.453,84.453,83.453,81.453,False,False,False,False
val_tune,8594314852,10,TN,"[[6.5, 10.0]]",3.5,2-5s,10.0434,True,False,10.643966666666667,False,11.044366666666667,False,11.578233333333333,False,9.642966666666666,True,9.042366666666666,True,8.541866666666667,True,12.479133333333333,False,8.775433333333334,True,10.343666666666667,False,0.0,20,5,0.6006,51,23,4,11.0434,12.0434,13.0,13.0,False,False,False,False,9.0434,8.0434,7.0434,5.0434,True,True,True,False
val_tune,4412508597,4,TC,"[[5.9, 11.5]]",5.6,5-10s,3.2699,True,False,3.4701333333333335,False,4.004,False,4.571233333333334,False,3.003,False,2.6026,False,2.002,False,4.237566666666667,False,2.9362666666666666,False,3.4701333333333335,False,0.8,20,13,0.2002,48,18,4,4.2699,5.2699,6.2699,8.2699,False,False,True,True,2.2699,1.2699,0.2699,0.0,False,False,False,False
val_tune,4123915842,8,CW,"[[15.1, 25]]",9.9,5-10s,22.7227,True,True,23.023,True,24.024,True,24.891533333333335,True,22.022,True,21.021,True,20.02,True,22.956266666666668,True,22.355666666666668,True,22.8228,True,1.0,20,3,0.3003,100,39,4,23.7227,24.7227,25.0,25.0,True,True,True,True,21.7227,20.7227,19.7227,17.7227,True,True,True,True
val_tune,9473479950,9,CH,"[[0.1, 7.2]]",7.1,5-10s,12.012,True,False,12.979646312979646,False,14.014014014014014,False,14.681348014681348,False,11.21121121121121,False,10.477143810477143,False,10.01001001001001,False,12.045378712045379,False,11.044377711044378,False,12.979646312979646,False,0.0,20,10,0.9676,72,26,4,13.012,14.012,15.012,17.012,False,False,False,False,11.012,10.012,9.012,7.012,False,False,False,True
val_tune,6078524411,4,TN,"[[64.7, 72.1]]",7.4,5-10s,58.9589,True,False,59.09236666666666,False,60.09336666666667,False,61.094366666666666,False,58.59186666666667,False,58.091366666666666,False,57.6576,False,61.394666666666666,False,57.09036666666667,False,59.059,False,0.35,20,34,0.1335,336,121,4,59.9589,60.9589,61.9589,63.9589,False,False,False,False,57.9589,56.9589,55.9589,53.9589,False,False,False,False
val_tune,4846820256,2,CW,"[[17.6, 19.9]]",2.3,2-5s,21.7217,True,False,22.022,False,,,,,21.6216,False,21.021,False,19.7197,True,22.255566666666667,False,20.186833333333333,False,22.022,False,0.0,20,1,0.3003,90,35,4,22.0,22.0,22.0,22.0,False,False,False,False,20.7217,19.7217,18.7217,16.7217,False,True,True,False
val_tune,4707679105,6,TN,"[[29.2, 32]]",2.8,2-5s,3.003,True,False,3.4034,False,4.004,False,4.5045,False,2.002,False,1.6016,False,1.001,False,4.337666666666666,False,2.435766666666667,False,3.1031,False,0.05,20,42,0.4004,130,47,4,4.003,5.003,6.003,8.003,False,False,False,False,2.003,1.003,0.003,0.0,False,False,False,False
val_tune,13919236672,3,CW,"[[81.2, 86.0]]",4.8,2-5s,121.9012,True,False,122.33491825158492,False,122.70195195195195,False,124.06998665331999,False,121.76768435101768,False,121.00025025025025,False,120.06598264931598,False,123.89055722389057,False,120.08675342008675,False,122.00125125125125,False,0.0,20,14,0.4338,467,186,4,122.9012,123.9012,124.9012,126.9012,False,False,False,False,120.9012,119.9012,118.9012,116.9012,False,False,False,False
val_tune,5061117640,6,TN,"[[22.7, 28.1]]",5.4,5-10s,8.2749,True,False,9.009,False,10.01,False,10.5105,False,8.008,False,7.007,False,6.373033333333334,False,8.341666666666667,False,6.2062,False,8.675333333333333,False,0.25,20,74,0.7341,213,85,4,9.2749,10.2749,11.2749,13.2749,False,False,False,False,7.2749,6.2749,5.2749,3.2749,False,False,False,False
val_tune,5662041273,9,TN,"[[47.8, 54.0]]",6.2,5-10s,67.6009,True,False,68.10136666666666,False,68.60186666666667,False,69.20246666666667,False,67.10036666666667,False,66.69996666666667,False,66.09936666666667,False,68.26820000000001,False,59.292566666666666,False,67.73433333333334,False,0.0,20,35,0.5005,361,141,4,68.6009,69.6009,70.6009,72.6009,False,False,False,False,66.6009,65.6009,64.6009,62.6009,False,False,False,False
val_tune,3960291106,5,CH,"[[36.1, 47.7]]",11.6,>=10s,38.2716,True,True,39.039,True,39.4394,True,40.04,True,37.8378,True,37.4374,True,37.037,True,38.97226666666667,True,37.971266666666665,True,38.30493333333333,True,1.0,20,17,0.7674,191,89,4,39.2716,40.2716,41.2716,43.2716,True,True,True,True,37.2716,36.2716,35.2716,33.2716,True,True,False,False
val_tune,6233408665,8,TN,"[[64.7, 67.9]]",3.2,2-5s,13.0464,True,False,13.4134,False,14.047366666666667,False,14.447766666666666,False,12.445766666666668,False,12.045366666666666,False,11.644966666666667,False,14.948266666666667,False,11.945266666666667,False,13.146466666666667,False,0.05,20,107,0.367,300,131,4,14.0464,15.0464,16.0464,18.0464,False,False,False,False,12.0464,11.0464,10.0464,8.0464,False,False,False,False
