split,video,qid,type,gold_spans,gold_duration_s,duration_bucket,anchor_t,used_clip_anchor,anchor_in_gold,fwd_peak1_t,fwd_peak1_in_gold,fwd_peak2_t,fwd_peak2_in_gold,fwd_peak3_t,fwd_peak3_in_gold,bwd_peak1_t,bwd_peak1_in_gold,bwd_peak2_t,bwd_peak2_in_gold,bwd_peak3_t,bwd_peak3_in_gold,fwd_scene_t,fwd_scene_in_gold,bwd_scene_t,bwd_scene_in_gold,c3_next_survivor_t,c3_next_survivor_in_gold,c2_random_survivor_mean_in_gold,c2_n_draws,n_forward_peaks,dist_to_next_peak_s,n_survivors,n_peaks_in_video,n_retrieved,c1_fwd_1s_t,c1_fwd_2s_t,c1_fwd_3s_t,c1_fwd_5s_t,c1_fwd_1s_in_gold,c1_fwd_2s_in_gold,c1_fwd_3s_in_gold,c1_fwd_5s_in_gold,c1_bwd_1s_t,c1_bwd_2s_t,c1_bwd_3s_t,c1_bwd_5s_t,c1_bwd_1s_in_gold,c1_bwd_2s_in_gold,c1_bwd_3s_in_gold,c1_bwd_5s_in_gold
val_confirm,9873067604,4,CW,"[[25.3, 31.2]]",5.9,5-10s,13.7221,True,False,14.63963963963964,False,16.057724391057725,False,16.64164164164164,False,12.637637637637638,False,11.80347013680347,False,10.635635635635635,False,15.68234901568235,False,12.762762762762764,False,13.805472138805472,False,0.25,20,27,0.9176,118,42,4,14.7221,15.7221,16.7221,18.7221,False,False,False,False,12.7221,11.7221,10.7221,8.7221,False,False,False,False
val_confirm,7508439506,1,CW,"[[0.0, 2.4]]",2.4,2-5s,5.9393,True,False,6.039366666666667,False,6.439766666666666,False,7.040366666666666,False,5.638966666666667,False,5.038366666666667,False,4.637966666666666,False,6.8735333333333335,False,5.238566666666666,False,6.039366666666667,False,0.0,20,30,0.1001,103,39,4,6.9393,7.9393,8.9393,10.9393,False,False,False,False,4.9393,3.9393,2.9393,0.9393,False,False,False,True
val_confirm,6136926089,8,TN,"[[9.9, 13.0]]",3.1,2-5s,8.7421,True,False,9.042366666666666,False,9.542866666666667,False,9.943266666666666,True,8.541866666666667,False,8.041366666666667,False,7.4074,False,9.042366666666666,False,8.274933333333333,False,9.042366666666666,False,0.1,20,65,0.3003,237,80,4,9.7421,10.7421,11.7421,13.7421,False,True,True,False,7.7421,6.7421,5.7421,3.7421,False,False,False,False
val_confirm,6793786769,5,TC,"[[7.7, 22.0], [28.0, 35.4], [43.0, 48]]",26.7,>=10s,47.5,True,True,47.541666666666664,True,,,,,46.791666666666664,True,46.291666666666664,True,45.041666666666664,True,48.25,False,47.083333333333336,True,47.541666666666664,True,1.0,20,1,0.0417,155,55,4,48.0,48.0,48.0,48.0,True,True,True,True,46.5,45.5,44.5,42.5,True,True,True,False
val_confirm,3562017845,7,CH,"[[7.2, 11.9]]",4.7,2-5s,18.7187,True,False,19.019,False,20.02,False,20.5205,False,18.018,False,17.5175,False,17.017,False,21.421400000000002,False,18.651966666666667,False,18.9189,False,0.0,20,35,0.3003,160,65,4,19.7187,20.7187,21.7187,23.7187,False,False,False,False,17.7187,16.7187,15.7187,13.7187,False,False,False,False
val_confirm,7499763064,5,CW,"[[5.2, 6.1]]",0.9,<2s,2.5442,True,False,3.128125,False,3.6703333333333332,False,4.129125,False,1.9602916666666668,False,1.2929583333333334,False,0.5839166666666666,False,4.170833333333333,False,1.3346666666666667,False,2.7944583333333335,False,0.0,20,28,0.5839,82,32,4,3.5442,4.5442,5.5442,7.5442,False,False,True,False,1.5442,0.5442,0.0,0.0,False,False,False,False
val_confirm,6329077812,7,TP,"[[29.2, 43.8]]",14.6,>=10s,25.659,True,False,25.759066666666666,False,26.6266,False,27.060366666666667,False,25.058366666666668,False,24.057366666666667,False,23.556866666666668,False,26.359666666666666,False,24.9249,False,25.759066666666666,False,0.4,20,54,0.1001,246,93,4,26.659,27.659,28.659,30.659,False,False,False,True,24.659,23.659,22.659,20.659,False,False,False,False
val_confirm,4273039295,4,CW,"[[53.5, 60.9]]",7.4,5-10s,58.56,True,True,58.8,True,59.4,True,60.0,True,57.6,True,57.0,True,56.4,True,58.84,True,57.52,True,58.8,True,0.05,20,37,0.24,296,109,4,59.56,60.56,61.56,63.56,True,True,False,False,57.56,56.56,55.56,53.56,True,True,True,True
val_confirm,3066064005,1,CW,"[[2.2, 11.8]]",9.6,5-10s,22.3223,True,False,23.023,False,23.5235,False,24.024,False,22.022,False,21.021,False,20.4204,False,22.589233333333333,False,21.588233333333335,False,22.9229,False,0.0,20,7,0.7007,110,46,4,23.3223,24.3223,25.3223,27.0,False,False,False,False,21.3223,20.3223,19.3223,17.3223,False,False,False,False
val_confirm,3851961428,11,TN,"[[38.5, 46.5]]",8.0,5-10s,0.2669,True,False,0.3670333333333333,False,1.001,False,1.4681333333333333,False,,,,,,,0.7340666666666666,False,0.0,False,0.3670333333333333,False,0.15,20,122,0.1001,276,122,4,1.2669,2.2669,3.2669,5.2669,False,False,False,False,0.0,0.0,0.0,0.0,False,False,False,False
val_confirm,4822859674,2,CW,"[[1.3, 7.8]]",6.5,5-10s,14.723,True,False,15.015,False,15.682333333333334,False,16.26625,False,13.76375,False,12.5125,False,11.26125,False,15.056708333333333,False,13.26325,False,14.889875,False,0.0,20,25,0.292,115,44,4,15.723,16.723,17.723,19.723,False,False,False,False,13.723,12.723,11.723,9.723,False,False,False,False
val_confirm,4279106208,10,CW,"[[0.0, 13.8]]",13.8,>=10s,2.16,True,True,2.4,True,2.88,True,3.6,True,1.92,True,1.2,True,0.48,True,3.08,True,1.52,True,2.4,True,0.6,20,29,0.24,75,32,4,3.16,4.16,5.16,7.16,True,True,True,True,1.16,0.16,0.0,0.0,True,True,True,True
val_confirm,2821968703,5,CW,"[[14.3, 21.0]]",6.7,5-10s,28.0947,True,False,28.4284,False,29.029,False,,,28.028,False,26.8268,False,25.9259,False,29.396033333333335,False,27.427400000000002,False,28.1281,False,0.0,20,2,0.3337,120,44,4,29.0947,30.0,30.0,30.0,False,False,False,False,27.0947,26.0947,25.0947,23.0947,False,False,False,False
val_confirm,4273039295,8,TN,"[[54.5, 59.5]]",5.0,5-10s,70.68,True,False,70.8,False,72.0,False,72.48,False,69.6,False,68.4,False,67.68,False,71.92,False,70.28,False,70.8,False,0.0,20,22,0.12,296,109,4,71.68,72.68,73.68,75.68,False,False,False,False,69.68,68.68,67.68,65.68,False,False,False,False
val_confirm,4273039295,7,TC,"[[40.9, 47.6]]",6.7,5-10s,70.68,True,False,70.8,False,72.0,False,72.48,False,69.6,False,68.4,False,67.68,False,71.92,False,70.28,False,70.8,False,0.0,20,22,0.12,296,109,4,71.68,72.68,73.68,75.68,False,False,False,False,69.68,68.68,67.68,65.68,False,False,False,False
val_confirm,10597533885,4,TN,"[[30.5, 38.0]]",7.5,5-10s,48.1148,True,False,49.416082749416084,False,50.483817150483816,False,51.418084751418085,False,47.41408074741408,False,46.91358024691358,False,46.07941274607941,False,48.481815148481815,False,47.34734734734735,False,48.248248248248245,False,0.0,20,13,1.3013,204,95,4,49.1148,50.1148,51.1148,53.1148,False,False,False,False,47.1148,46.1148,45.1148,43.1148,False,False,False,False
val_confirm,14012319794,8,CW,"[[0.1, 6.5]]",6.4,5-10s,1.5833,True,True,2.0,True,2.75,True,4.0,True,1.5,True,0.2916666666666667,True,,,2.0416666666666665,True,0.125,True,1.9166666666666667,True,0.0,20,141,0.4167,381,143,4,2.5833,3.5833,4.5833,6.5833,True,True,True,False,0.5833,0.0,0.0,0.0,True,False,False,False
val_confirm,3249402410,9,TN,"[[17.1, 21.3]]",4.2,2-5s,2.4024,True,False,3.003,False,3.5035,False,4.004,False,2.002,False,1.001,False,0.2002,False,3.036366666666667,False,1.4681333333333333,False,2.6693333333333333,False,0.15,20,34,0.6006,94,38,4,3.4024,4.4024,5.4024,7.4024,False,False,False,False,1.4024,0.4024,0.0,0.0,False,False,False,False
val_confirm,3784543730,1,CW,"[[10.4, 28]]",17.6,>=10s,16.7834,True,True,17.017,True,17.5175,True,18.018,True,16.483133333333335,True,16.016,True,15.648966666666666,True,17.350666666666665,True,16.049366666666668,True,17.017,True,1.0,20,20,0.2336,115,49,4,17.7834,18.7834,19.7834,21.7834,True,True,True,True,15.7834,14.7834,13.7834,11.7834,True,True,True,True
val_confirm,5658916668,6,TN,"[[14.8, 18.3]]",3.5,2-5s,12.646,True,False,13.046366666666666,False,13.6136,False,14.047366666666667,False,12.045366666666666,False,11.644966666666667,False,11.044366666666667,False,13.346666666666668,False,10.076733333333333,False,12.846166666666667,False,0.3,20,15,0.4004,88,37,4,13.646,14.646,15.646,17.646,False,False,True,True,11.646,10.646,9.646,7.646,False,False,False,False
val_confirm,4087654898,0,CH,"[[0.0, 3.1], [5.6, 8.0]]",5.5,5-10s,10.01,True,False,10.744066666666667,False,,,,,9.009,False,8.008,False,7.4074,True,11.011000000000001,False,8.174833333333334,False,10.276933333333334,False,0.0,20,1,0.7341,44,16,4,11.0,11.0,11.0,11.0,False,False,False,False,9.01,8.01,7.01,5.01,False,False,True,False
val_confirm,3471421544,4,CH,"[[12.5, 48.7]]",36.2,>=10s,32.032,True,True,33.033,True,33.50013333333333,True,34.034,True,31.4314,True,31.031,True,30.03,True,33.56686666666667,True,30.964266666666667,True,32.2322,True,0.8,20,43,1.001,239,100,4,33.032,34.032,35.032,37.032,True,True,True,True,31.032,30.032,29.032,27.032,True,True,True,True
val_confirm,4013751996,7,CW,"[[7.5, 11.1]]",3.6,2-5s,11.5949,True,False,12.470791666666667,False,13.096416666666666,False,13.722041666666666,False,11.219541666666666,False,10.552208333333333,True,10.01,True,12.554208333333332,False,8.75875,True,12.178833333333333,False,0.0,20,26,0.8759,103,41,4,12.5949,13.5949,14.5949,16.5949,False,False,False,False,10.5949,9.5949,8.5949,6.5949,True,True,True,False
val_confirm,6617533993,7,TC,"[[46.1, 48.9]]",2.8,2-5s,21.0417,True,False,21.291666666666668,False,22.041666666666668,False,22.541666666666668,False,20.666666666666668,False,20.041666666666668,False,18.791666666666668,False,24.208333333333332,False,17.416666666666668,False,21.291666666666668,False,0.0,20,48,0.25,186,74,4,22.0417,23.0417,24.0417,26.0417,False,False,False,False,20.0417,19.0417,18.0417,16.0417,False,False,False,False
val_confirm,7499763064,3,TC,"[[5.4, 19.3], [19.6, 25]]",19.3,>=10s,10.3854,True,True,10.885875,True,11.636625,True,12.887875,True,9.134125,True,8.675333333333333,True,7.882875,True,10.635625,True,9.926583333333333,True,10.885875,True,0.9,20,18,0.5005,82,32,4,11.3854,12.3854,13.3854,15.3854,True,True,True,True,9.3854,8.3854,7.3854,5.3854,True,True,True,False
val_confirm,4087654898,7,TN,"[[7.2, 10.8]]",3.6,2-5s,9.8765,True,True,10.01,True,10.744066666666667,True,,,9.009,True,8.008,True,7.4074,True,11.011000000000001,False,8.174833333333334,True,10.01,True,1.0,20,2,0.1335,44,16,4,10.8765,11.0,11.0,11.0,False,False,False,False,8.8765,7.8765,6.8765,4.8765,True,True,False,False
val_confirm,3851961428,4,CW,"[[2.7, 8.9]]",6.2,5-10s,4.8048,True,True,5.005,True,5.6056,True,6.006,True,4.4044,True,4.004,True,3.6036,True,5.438766666666667,True,3.6703333333333332,True,5.005,True,0.05,20,113,0.2002,276,122,4,5.8048,6.8048,7.8048,9.8048,True,True,True,False,3.8048,2.8048,1.8048,0.0,True,True,False,False
val_confirm,8563398032,5,TN,"[[31.4, 38.6]]",7.2,5-10s,59.56,True,False,60.04,False,60.52,False,61.24,False,58.84,False,58.12,False,57.64,False,61.52,False,56.32,False,60.04,False,0.0,20,34,0.48,272,122,4,60.56,61.56,62.56,64.56,False,False,False,False,58.56,57.56,56.56,54.56,False,False,False,False
val_confirm,4483447009,3,TN,"[[2.8, 9.4]]",6.6,5-10s,1.001,True,False,1.5015,False,2.002,False,2.6026,False,0.5005,False,,,,,1.0343666666666667,False,0.0,False,1.3346666666666667,False,0.25,20,44,0.5005,104,46,4,2.001,3.001,4.001,6.001,False,True,True,True,0.001,0.0,0.0,0.0,False,False,False,False
val_confirm,9409566840,2,CH,"[[1.0, 5.7], [12.5, 15.7], [29.9, 32.5]]",10.5,>=10s,0.4338,True,False,1.0343677010343677,True,1.9686353019686353,True,3.6036036036036037,True,,,,,,,1.2012012012012012,True,0.06673340006673341,False,1.0343677010343677,True,0.25,20,43,0.6006,126,44,4,1.4338,2.4338,3.4338,5.4338,True,True,True,True,0.0,0.0,0.0,0.0,False,False,False,False
val_confirm,14012319794,4,CW,"[[54.0, 65.6]]",11.6,>=10s,53.4167,True,False,54.0,True,55.125,True,56.0,True,52.916666666666664,False,52.0,False,51.458333333333336,False,53.541666666666664,False,52.458333333333336,False,53.5,False,0.2,20,79,0.5833,381,143,4,54.4167,55.4167,56.4167,58.4167,True,True,True,True,52.4167,51.4167,50.4167,48.4167,False,False,False,False
val_confirm,4626535366,4,CW,"[[11.5, 45.8]]",34.3,>=10s,13.9139,True,True,14.014,True,14.4144,True,15.015,True,13.5135,True,13.013,True,12.5125,True,15.949266666666666,True,6.940266666666667,False,14.014,True,1.0,20,59,0.1001,196,84,4,14.9139,15.9139,16.9139,18.9139,True,True,True,True,12.9139,11.9139,10.9139,8.9139,True,True,False,False
val_confirm,11584566583,3,CH,"[[6.7, 7.8]]",1.1,<2s,7.9079,True,False,8.008008008008009,False,9.075742409075742,False,9.442776109442777,False,7.5075075075075075,True,6.406406406406407,False,6.006006006006006,False,8.041374708041374,False,6.806806806806807,True,8.008008008008009,False,0.0,20,6,0.1001,45,16,4,8.9079,9.9079,10.9079,12.9079,False,False,False,False,6.9079,5.9079,4.9079,2.9079,True,False,False,False
val_confirm,8563398032,0,CW,"[[0.6, 6.8]]",6.2,5-10s,59.56,True,False,60.04,False,60.52,False,61.24,False,58.84,False,58.12,False,57.64,False,61.52,False,56.32,False,60.04,False,0.0,20,34,0.48,272,122,4,60.56,61.56,62.56,64.56,False,False,False,False,58.56,57.56,56.56,54.56,False,False,False,False
val_confirm,11565498775,2,CW,"[[10.4, 18.1]]",7.7,5-10s,38.6052,True,False,39.10573333333333,False,39.7397,False,40.4404,False,37.7377,False,36.8368,False,35.869166666666665,False,39.773066666666665,False,34.46776666666667,False,39.10573333333333,False,0.0,20,3,0.5005,143,59,4,39.6052,40.6052,41.0,41.0,False,False,False,False,37.6052,36.6052,35.6052,33.6052,False,False,False,False
val_confirm,4123211145,3,CW,"[[23.3, 26.8]]",3.5,2-5s,12.9796,True,False,13.013,False,13.6136,False,14.347666666666667,False,12.012,False,11.011,False,10.577233333333334,False,13.046366666666668,False,12.1121,False,13.013,False,0.0,20,127,0.0334,361,145,4,13.9796,14.9796,15.9796,17.9796,False,False,False,False,11.9796,10.9796,9.9796,7.9796,False,False,False,False
val_confirm,5603283408,3,CW,"[[18.8, 20.3]]",1.5,<2s,0.6673,True,False,1.2929583333333334,False,1.7934583333333334,False,2.544208333333333,False,0.5422083333333333,False,,,,,1.1678333333333333,False,0.0,False,1.1678333333333333,False,0.05,20,40,0.6256,102,41,4,1.6673,2.6673,3.6673,5.6673,False,False,False,False,0.0,0.0,0.0,0.0,False,False,False,False
val_confirm,5840177726,1,CW,"[[0.1, 2.1]]",2.0,2-5s,6.7734,True,False,7.374033333333333,False,7.741066666666667,False,8.1081,False,6.039366666666667,False,5.5055,False,5.038366666666667,False,7.574233333333334,False,3.8371666666666666,False,7.374033333333333,False,0.0,20,9,0.6006,55,19,4,7.7734,8.7734,9.7734,11.7734,False,False,False,False,5.7734,4.7734,3.7734,1.7734,False,False,False,True
val_confirm,5421648216,1,CW,"[[0.2, 5.1], [9.5, 21.2], [34.2, 43]]",25.4,>=10s,16.4498,True,True,17.050366666666665,True,17.550866666666668,True,18.051366666666667,True,16.049366666666668,True,15.648966666666666,True,15.048366666666666,True,16.916900000000002,True,15.749066666666668,True,16.7167,True,0.35,20,36,0.6006,174,58,4,17.4498,18.4498,19.4498,21.4498,True,True,True,False,15.4498,14.4498,13.4498,11.4498,True,True,True,True
val_confirm,4782722858,3,TN,"[[7.0, 12.0]]",5.0,5-10s,46.56,True,False,46.8,False,47.28,False,48.0,False,46.32,False,45.6,False,45.0,False,48.04,False,43.24,False,46.8,False,0.0,20,5,0.24,166,67,4,47.56,48.56,49.0,49.0,False,False,False,False,45.56,44.56,43.56,41.56,False,False,False,False
val_confirm,5323654756,6,TN,"[[34.5, 42.6]]",8.1,5-10s,7.8412,True,False,8.008,False,8.5085,False,9.009,False,7.6076,False,7.007,False,6.006,False,10.944266666666667,False,7.6409666666666665,False,8.008,False,0.1,20,90,0.1668,272,104,4,8.8412,9.8412,10.8412,12.8412,False,False,False,False,6.8412,5.8412,4.8412,2.8412,False,False,False,False
val_confirm,4279106208,3,TP,"[[0.2, 7.8]]",7.6,5-10s,5.72,True,True,6.0,True,7.2,True,7.68,True,4.8,True,4.32,True,3.6,True,8.92,False,4.84,True,5.96,True,0.3,20,24,0.28,75,32,4,6.72,7.72,8.72,10.72,True,True,False,False,4.72,3.72,2.72,0.72,True,True,True,True
val_confirm,2835125654,2,TC,"[[27.7, 37.2]]",9.5,5-10s,37.704,True,False,38.038,False,38.571,False,39.039,False,37.037,True,36.036,True,35.502,True,38.20525783619818,False,37.6046511627907,False,37.904,False,0.0,20,15,0.334,189,80,4,38.704,39.704,40.704,42.704,False,False,False,False,36.704,35.704,34.704,32.704,True,True,True,True
val_confirm,6329077812,9,TN,"[[49.5, 61]]",11.5,>=10s,25.659,True,False,25.759066666666666,False,26.6266,False,27.060366666666667,False,25.058366666666668,False,24.057366666666667,False,23.556866666666668,False,26.359666666666666,False,24.9249,False,25.759066666666666,False,0.25,20,54,0.1001,246,93,4,26.659,27.659,28.659,30.659,False,False,False,False,24.659,23.659,22.659,20.659,False,False,False,False
val_confirm,4179163342,12,TN,"[[40.5, 44.5]]",4.0,2-5s,60.3603,True,False,60.5605,False,61.061,False,62.062,False,60.06,False,59.059,False,58.59186666666667,False,60.99426666666667,False,58.12473333333333,False,60.5605,False,0.0,20,19,0.2002,291,113,4,61.3603,62.3603,63.3603,65.3603,False,False,False,False,59.3603,58.3603,57.3603,55.3603,False,False,False,False
val_confirm,11587211476,4,CW,"[[44.0, 49]]",5.0,5-10s,13.6803,True,False,14.014014014014014,False,14.414414414414415,False,15.281948615281948,False,13.413413413413414,False,12.512512512512513,False,12.012012012012011,False,14.180847514180847,False,12.278945612278946,False,13.913913913913914,False,0.25,20,50,0.3337,173,67,4,14.6803,15.6803,16.6803,18.6803,False,False,False,False,12.6803,11.6803,10.6803,8.6803,False,False,False,False
val_confirm,11587211476,3,CW,"[[0.1, 8.2]]",8.1,5-10s,37.8045,True,False,38.20487153820487,False,38.67200533867201,False,39.03903903903904,False,37.27060393727061,False,36.63663663663664,False,36.00266933600267,False,38.33833833833834,False,37.10377043710377,False,37.87120453787121,False,0.0,20,17,0.4004,173,67,4,38.8045,39.8045,40.8045,42.8045,False,False,False,False,36.8045,35.8045,34.8045,32.8045,False,False,False,False
val_confirm,5658916668,1,CH,"[[7.1, 9.8]]",2.7,2-5s,5.7391,True,False,6.039366666666667,False,7.040366666666666,False,7.540866666666667,True,5.038366666666667,False,4.037366666666666,False,3.5368666666666666,False,6.2729333333333335,False,5.038366666666667,False,5.839166666666666,False,0.15,20,28,0.3003,88,37,4,6.7391,7.7391,8.7391,10.7391,False,True,True,False,4.7391,3.7391,2.7391,0.7391,False,False,False,False
val_confirm,2835125654,6,TC,"[[0.0, 11.2]]",11.2,>=10s,10.41,True,True,10.61,True,11.011,True,11.611,False,10.01,True,9.009,True,8.008,True,10.644084934277048,True,9.843276036400404,True,10.61,True,0.05,20,64,0.2,189,80,4,11.41,12.41,13.41,15.41,False,False,False,False,9.41,8.41,7.41,5.41,True,True,True,True
val_confirm,2920952624,4,CW,"[[9.2, 10.3]]",1.1,<2s,23.5235,True,False,23.77375,False,24.5245,False,25.025,False,23.148125,False,22.5225,False,22.022,False,23.606916666666663,False,22.93958333333333,False,23.77375,False,0.0,20,15,0.2503,111,47,4,24.5235,25.5235,26.5235,28.5235,False,False,False,False,22.5235,21.5235,20.5235,18.5235,False,False,False,False
val_confirm,8177965766,1,TP,"[[9.4, 11.6]]",2.2,2-5s,3.0,True,False,3.125,False,3.9166666666666665,False,4.375,False,2.5416666666666665,False,2.0833333333333335,False,1.5416666666666667,False,3.5,False,2.7916666666666665,False,3.125,False,0.15,20,38,0.125,95,42,4,4.0,5.0,6.0,8.0,False,False,False,False,2.0,1.0,0.0,0.0,False,False,False,False
val_confirm,2552130183,10,TN,"[[60.8, 67.6]]",6.8,5-10s,7.474,True,False,8.008,False,8.541,False,9.009,False,7.007,False,6.539,False,6.006,False,8.608695652173914,False,6.172901921132457,False,7.674,False,0.05,20,139,0.534,361,151,4,8.474,9.474,10.474,12.474,False,False,False,False,6.474,5.474,4.474,2.474,False,False,False,False
val_confirm,3452354871,1,CW,"[[8.2, 11.4]]",3.2,2-5s,4.004,True,False,4.5045,False,5.005,False,5.4054,False,3.6036,False,3.003,False,2.002,False,4.537866666666667,False,2.9362666666666666,False,4.5045,False,0.2,20,23,0.5005,69,30,4,5.004,6.004,7.004,9.004,False,False,False,True,3.004,2.004,1.004,0.0,False,False,False,False
val_confirm,8208035645,4,TC,"[[13.2, 14]]",0.8,<2s,1.9686,True,False,2.0353666666666665,False,2.5358666666666667,False,3.036366666666667,False,1.0343666666666667,False,0.23356666666666667,False,,,5.372033333333333,False,0.06673333333333334,False,2.0353666666666665,False,0.05,20,22,0.0667,58,24,4,2.9686,3.9686,4.9686,6.9686,False,False,False,False,0.9686,0.0,0.0,0.0,False,False,False,False
val_confirm,8177965766,0,TN,"[[3.5, 6.8]]",3.3,2-5s,0.5417,True,False,1.5416666666666667,False,2.0833333333333335,False,2.5416666666666665,False,0.125,False,,,,,2.7916666666666665,False,0.0,False,1.2916666666666667,False,0.15,20,41,1.0,95,42,4,1.5417,2.5417,3.5417,5.5417,False,False,True,True,0.0,0.0,0.0,0.0,False,False,False,False
val_confirm,9735768590,5,TN,"[[11.1, 14.4]]",3.3,2-5s,15.3153,True,False,15.515515515515515,False,16.016016016016017,False,17.08375041708375,False,14.647981314647982,False,14.014014014014014,True,13.279946613279947,True,16.716716716716718,False,15.015015015015015,False,15.448782115448783,False,0.0,20,10,0.2002,80,28,4,16.3153,17.3153,18.3153,20.3153,False,False,False,False,14.3153,13.3153,12.3153,10.3153,True,True,True,False
val_confirm,6617533993,4,CH,"[[19.4, 22.2]]",2.8,2-5s,50.9167,True,False,51.291666666666664,False,51.916666666666664,False,52.541666666666664,False,50.041666666666664,False,49.416666666666664,False,48.791666666666664,False,52.291666666666664,False,50.166666666666664,False,51.041666666666664,False,0.0,20,8,0.375,186,74,4,51.9167,52.9167,53.9167,55.9167,False,False,False,False,49.9167,48.9167,47.9167,45.9167,False,False,False,False
val_confirm,7888256388,4,TC,"[[0.0, 1.9]]",1.9,<2s,15.6823,True,False,16.049366666666668,False,16.449766666666665,False,17.050366666666665,False,15.4154,False,15.048366666666666,False,14.047366666666667,False,15.882533333333333,False,14.047366666666667,False,16.049366666666668,False,0.0,20,9,0.367,88,36,4,16.6823,17.6823,18.6823,20.6823,False,False,False,False,14.6823,13.6823,12.6823,10.6823,False,False,False,False
val_confirm,6163877860,0,CW,"[[3.1, 54.8]]",51.7,>=10s,10.1667,True,True,11.291666666666666,True,11.791666666666666,True,12.541666666666666,True,10.041666666666666,True,8.791666666666666,True,8.041666666666666,True,11.166666666666666,True,9.916666666666666,True,11.041666666666666,True,0.75,20,102,1.125,288,116,4,11.1667,12.1667,13.1667,15.1667,True,True,True,True,9.1667,8.1667,7.1667,5.1667,True,True,True,True
val_confirm,7330294814,7,TN,"[[7.7, 9.3]]",1.6,<2s,34.7013,True,False,35.06836666666667,False,35.66896666666667,False,36.06936666666667,False,34.56786666666667,False,34.067366666666665,False,33.06636666666667,False,36.9369,False,34.16746666666667,False,34.90153333333333,False,0.0,20,74,0.367,307,132,4,35.7013,36.7013,37.7013,39.7013,False,False,False,False,33.7013,32.7013,31.7013,29.7013,False,False,False,False
val_confirm,3402648543,6,TN,"[[2.3, 5.8]]",3.5,2-5s,2.8779,True,True,3.2115416666666667,True,3.75375,True,5.005,True,2.5025,True,1.876875,False,1.25125,False,3.5035,True,2.5859166666666664,True,3.2115416666666667,True,0.15,20,25,0.3337,70,29,4,3.8779,4.8779,5.8779,7.8779,True,True,False,False,1.8779,0.8779,0.0,0.0,False,False,False,False
val_confirm,11565498775,8,TN,"[[12.3, 17.0]]",4.7,2-5s,17.4841,True,False,17.7177,False,18.7187,False,19.352666666666668,False,17.283933333333334,False,16.282933333333332,True,15.7157,True,18.351666666666667,False,16.783433333333335,True,17.650966666666665,False,0.0,20,34,0.2336,143,59,4,18.4841,19.4841,20.4841,22.4841,False,False,False,False,16.4841,15.4841,14.4841,12.4841,True,True,True,True
val_confirm,5047408177,0,CW,"[[0.0, 17.3]]",17.3,>=10s,29.2,True,False,30.0,False,32.0,False,34.0,False,28.0,False,26.0,False,24.8,False,31.066666666666666,False,27.266666666666666,False,29.8,False,0.0,20,11,0.8,87,34,4,30.2,31.2,32.2,34.2,False,False,False,False,28.2,27.2,26.2,24.2,False,False,False,False
val_confirm,3402648543,9,TN,"[[6.1, 21.6]]",15.5,>=10s,11.1361,True,True,11.26125,True,12.5125,True,13.138125,True,10.01,True,9.25925,True,8.75875,True,12.178833333333332,True,10.176833333333333,True,11.177833333333334,True,1.0,20,14,0.1251,70,29,4,12.1361,13.1361,14.1361,16.1361,True,True,True,True,10.1361,9.1361,8.1361,6.1361,True,True,True,True
val_confirm,14012319794,9,CW,"[[75.0, 80.3], [92.6, 98.0]]",10.7,>=10s,82.1667,True,False,83.375,False,84.0,False,84.83333333333333,False,82.0,False,81.5,False,80.0,True,82.625,False,80.25,True,82.33333333333333,False,0.25,20,50,1.2083,381,143,4,83.1667,84.1667,85.1667,87.1667,False,False,False,False,81.1667,80.1667,79.1667,77.1667,False,True,True,True
val_confirm,7691172922,1,TC,"[[19.4, 23.6]]",4.2,2-5s,40.04,True,False,40.5405,False,41.041,False,41.4414,False,39.039,False,38.038,False,37.6376,False,43.77706666666667,False,33.9339,False,40.10673333333333,False,0.0,20,14,0.5005,216,76,4,41.04,42.04,43.04,45.04,False,False,False,False,39.04,38.04,37.04,35.04,False,False,False,False
val_confirm,2920952624,7,TN,"[[1.9, 5.8]]",3.9,2-5s,30.9059,True,False,31.28125,False,32.032,False,32.5325,False,30.03,False,28.77875,False,28.27825,False,33.116416666666666,False,29.738041666666664,False,31.031,False,0.0,20,5,0.3754,111,47,4,31.9059,32.9059,33.9059,34.0,False,False,False,False,29.9059,28.9059,27.9059,25.9059,False,False,False,False
val_confirm,8254300526,3,CW,"[[3.1, 4.8]]",1.7,<2s,36.25,True,False,36.291666666666664,False,36.916666666666664,False,37.541666666666664,False,35.041666666666664,False,34.5,False,33.791666666666664,False,37.416666666666664,False,35.791666666666664,False,36.291666666666664,False,0.0,20,15,0.0417,148,60,4,37.25,38.25,39.25,41.25,False,False,False,False,35.25,34.25,33.25,31.25,False,False,False,False
val_confirm,8177965766,3,TC,"[[18.4, 29]]",10.6,>=10s,0.5417,True,False,1.5416666666666667,False,2.0833333333333335,False,2.5416666666666665,False,0.125,False,,,,,2.7916666666666665,False,0.0,False,1.2916666666666667,False,0.35,20,41,1.0,95,42,4,1.5417,2.5417,3.5417,5.5417,False,False,False,False,0.0,0.0,0.0,0.0,False,False,False,False
val_confirm,3402648543,1,TC,"[[0.6, 4.1]]",3.5,2-5s,18.1848,True,False,18.76875,False,20.02,False,20.603916666666667,False,17.5175,False,16.26625,False,15.598916666666666,False,21.020999999999997,False,13.430083333333332,False,18.476791666666667,False,0.0,20,4,0.5839,70,29,4,19.1848,20.1848,21.1848,22.0,False,False,False,False,17.1848,16.1848,15.1848,13.1848,False,False,False,False
val_confirm,3249402410,4,CW,"[[4.1, 17.1]]",13.0,>=10s,22.6226,True,False,23.023,False,,,,,22.5225,False,22.022,False,21.5215,False,23.256566666666668,False,20.954266666666665,False,22.7227,False,0.0,20,1,0.4004,94,38,4,23.0,23.0,23.0,23.0,False,False,False,False,21.6226,20.6226,19.6226,17.6226,False,False,False,False
val_confirm,4179163342,4,CW,"[[31.2, 33.3]]",2.1,2-5s,61.061,True,False,62.062,False,62.5625,False,63.063,False,60.5605,False,60.06,False,59.059,False,62.99626666666667,False,60.99426666666667,False,61.2612,False,0.0,20,17,1.001,291,113,4,62.061,63.061,64.061,66.061,False,False,False,False,60.061,59.061,58.061,56.061,False,False,False,False
val_confirm,6163877860,8,CW,"[[54.8, 56.0]]",1.2,<2s,41.9167,True,False,42.541666666666664,False,43.166666666666664,False,43.791666666666664,False,41.291666666666664,False,40.75,False,40.041666666666664,False,42.708333333333336,False,40.916666666666664,False,42.041666666666664,False,0.0,20,57,0.625,288,116,4,42.9167,43.9167,44.9167,46.9167,False,False,False,False,40.9167,39.9167,38.9167,36.9167,False,False,False,False
val_confirm,6793786769,8,TC,"[[21.1, 31.6]]",10.5,>=10s,2.375,True,False,2.5416666666666665,False,3.7916666666666665,False,5.041666666666667,False,1.2916666666666667,False,0.2916666666666667,False,,,3.8333333333333335,False,1.2916666666666667,False,2.5416666666666665,False,0.05,20,53,0.1667,155,55,4,3.375,4.375,5.375,7.375,False,False,False,False,1.375,0.375,0.0,0.0,False,False,False,False
val_confirm,6793786769,6,CW,"[[38.0, 39.8]]",1.8,<2s,24.1667,True,False,24.291666666666668,False,25.041666666666668,False,25.666666666666668,False,23.791666666666668,False,22.541666666666668,False,22.083333333333332,False,26.166666666666668,False,23.916666666666668,False,24.291666666666668,False,0.05,20,28,0.125,155,55,4,25.1667,26.1667,27.1667,29.1667,False,False,False,False,23.1667,22.1667,21.1667,19.1667,False,False,False,False
val_confirm,8208035645,2,TN,"[[1.5, 5.1]]",3.6,2-5s,13.3133,True,False,13.5135,False,14.047366666666667,False,,,13.046366666666666,False,12.6126,False,12.045366666666666,False,13.6136,False,12.445766666666668,False,13.4134,False,0.0,20,2,0.2002,58,24,4,14.0,14.0,14.0,14.0,False,False,False,False,12.3133,11.3133,10.3133,8.3133,False,False,False,False
val_confirm,3249402410,6,CH,"[[0.0, 16.0]]",16.0,>=10s,5.005,True,True,5.5055,True,6.006,True,6.6066,True,4.004,True,3.5035,True,3.003,True,6.8735333333333335,True,4.337666666666666,True,5.2052,True,0.6,20,30,0.5005,94,38,4,6.005,7.005,8.005,10.005,True,True,True,True,4.005,3.005,2.005,0.005,True,True,True,True
val_confirm,4179163342,11,TN,"[[47.0, 49.2]]",2.2,2-5s,47.1471,True,True,48.08136666666667,True,49.049,True,50.05,False,47.047,True,46.046,False,45.612233333333336,False,49.215833333333336,False,47.113733333333336,True,47.3473,True,0.1,20,39,0.9343,291,113,4,48.1471,49.1471,50.1471,52.1471,True,True,False,False,46.1471,45.1471,44.1471,42.1471,False,False,False,False
val_confirm,7691172922,0,CH,"[[12.3, 21.3]]",9.0,5-10s,12.0454,True,False,12.545866666666667,True,13.046366666666666,True,13.446766666666667,True,11.444766666666666,False,11.044366666666667,False,10.043366666666667,False,12.9129,True,11.8118,False,12.245566666666667,False,0.1,20,58,0.5005,216,76,4,13.0454,14.0454,15.0454,17.0454,True,True,True,True,11.0454,10.0454,9.0454,7.0454,False,False,False,False
val_confirm,2885091387,6,TC,"[[33.7, 35.6]]",1.9,<2s,27.5609,True,False,27.660966666666667,False,28.028,False,29.029,False,27.027,False,26.5265,False,26.026,False,27.894533333333335,False,26.659966666666666,False,27.660966666666667,False,0.15,20,12,0.1001,143,50,4,28.5609,29.5609,30.5609,32.5609,False,False,False,False,26.5609,25.5609,24.5609,22.5609,False,False,False,False
val_confirm,4822859674,9,CH,"[[25.7, 31.6]]",5.9,5-10s,14.723,True,False,15.015,False,15.682333333333334,False,16.26625,False,13.76375,False,12.5125,False,11.26125,False,15.056708333333333,False,13.26325,False,14.889875,False,0.15,20,25,0.292,115,44,4,15.723,16.723,17.723,19.723,False,False,False,False,13.723,12.723,11.723,9.723,False,False,False,False
val_confirm,4087654898,6,CW,"[[0.0, 9.4]]",9.4,5-10s,10.5439,True,False,10.744066666666667,False,,,,,10.01,False,9.009,True,8.008,True,11.011000000000001,False,8.174833333333334,True,10.744066666666667,False,0.0,20,1,0.2002,44,16,4,11.0,11.0,11.0,11.0,False,False,False,False,9.5439,8.5439,7.5439,5.5439,False,True,True,True
val_confirm,8563398032,6,CH,"[[71.0, 81.6]]",10.6,>=10s,61.0,True,False,61.24,False,61.96,False,62.44,False,60.52,False,60.04,False,59.56,False,61.52,False,56.32,False,61.24,False,0.45,20,32,0.24,272,122,4,62.0,63.0,64.0,66.0,False,False,False,False,60.0,59.0,58.0,56.0,False,False,False,False
val_confirm,5702201498,0,TC,"[[0.1, 11.0]]",10.9,>=10s,4.638,True,True,5.038366666666667,True,6.039366666666667,True,7.040366666666666,True,4.037366666666666,True,3.036366666666667,True,2.0353666666666665,True,5.071733333333333,True,3.036366666666667,True,4.738066666666667,True,0.95,20,8,0.4004,46,13,4,5.638,6.638,7.638,9.638,True,True,True,True,3.638,2.638,1.638,0.0,True,True,True,False
val_confirm,4087013668,5,TN,"[[7.1, 16.8]]",9.7,5-10s,7.5075,True,True,8.091416666666667,True,8.75875,True,9.5095,True,6.25625,False,5.5055,False,5.005,False,7.674333333333333,True,6.923583333333333,False,7.966291666666667,True,0.3,20,69,0.5839,194,80,4,8.5075,9.5075,10.5075,12.5075,True,True,True,True,6.5075,5.5075,4.5075,2.5075,False,False,False,False
val_confirm,5008618500,2,CH,"[[13.3, 22.9]]",9.6,5-10s,3.9039,True,False,4.004,False,4.6046,False,5.005,False,3.003,False,2.002,False,1.6016,False,4.938266666666666,False,2.9362666666666666,False,3.9706333333333332,False,0.4,20,34,0.1001,102,39,4,4.9039,5.9039,6.9039,8.9039,False,False,False,False,2.9039,1.9039,0.9039,0.0,False,False,False,False
val_confirm,4273039295,5,CW,"[[65.5, 68.2]]",2.7,2-5s,67.8,True,True,68.4,False,69.6,False,70.8,False,67.68,True,67.2,True,66.56,True,68.96,False,63.52,False,68.28,False,0.0,20,24,0.6,296,109,4,68.8,69.8,70.8,72.8,False,False,False,False,66.8,65.8,64.8,62.8,True,True,False,False
val_confirm,4983922034,2,CW,"[[8.8, 11.8]]",3.0,2-5s,3.8038,True,False,4.004,False,5.005,False,5.4054,False,3.4034,False,3.003,False,2.6026,False,4.8048,False,2.9362666666666666,False,4.004,False,0.25,20,18,0.2002,64,26,4,4.8038,5.8038,6.8038,8.8038,False,False,False,True,2.8038,1.8038,0.8038,0.0,False,False,False,False
val_confirm,10727696143,4,CW,"[[4.6, 9.3]]",4.7,2-5s,35.7024,True,False,36.33633633633634,False,36.70337003670337,False,37.13713713713714,False,35.23523523523524,False,34.8682015348682,False,34.4678011344678,False,36.43643643643644,False,35.268601935268606,False,35.7691024357691,False,0.0,20,32,0.634,260,88,4,36.7024,37.7024,38.7024,40.7024,False,False,False,False,34.7024,33.7024,32.7024,30.7024,False,False,False,False
val_confirm,8312058649,3,CW,"[[17.3, 22.4]]",5.1,5-10s,21.1667,True,True,21.291666666666668,True,22.541666666666668,False,23.791666666666668,False,20.541666666666668,True,20.041666666666668,True,19.291666666666668,True,21.291666666666668,True,20.666666666666668,True,21.291666666666668,True,0.1,20,11,0.125,104,43,4,22.1667,23.1667,24.1667,26.1667,True,False,False,False,20.1667,19.1667,18.1667,16.1667,True,True,True,False
val_confirm,4983922034,8,TC,"[[5.1, 10.7]]",5.6,5-10s,4.2709,True,False,5.005,False,5.4054,True,6.006,True,4.004,False,3.4034,False,3.003,False,4.8048,False,2.9362666666666666,False,4.371033333333333,False,0.55,20,17,0.7341,64,26,4,5.2709,6.2709,7.2709,9.2709,True,True,True,True,3.2709,2.2709,1.2709,0.0,False,False,False,False
val_confirm,3402648543,2,CW,"[[5.8, 17.6]]",11.8,>=10s,9.8015,True,True,10.01,True,11.26125,True,12.5125,True,9.25925,True,8.75875,True,8.216541666666666,True,10.176833333333333,True,3.5035,False,9.926583333333333,True,0.8,20,15,0.2085,70,29,4,10.8015,11.8015,12.8015,14.8015,True,True,True,True,8.8015,7.8015,6.8015,4.8015,True,True,True,False
val_confirm,6159637889,5,TN,"[[31.9, 36.7]]",4.8,2-5s,47.0804,True,False,47.48076666666667,False,48.08136666666667,False,48.481766666666665,False,46.47976666666667,False,46.079366666666665,False,45.67896666666667,False,47.98126666666667,False,42.67596666666667,False,47.18046666666667,False,0.0,20,45,0.4004,300,127,4,48.0804,49.0804,50.0804,52.0804,False,False,False,False,46.0804,45.0804,44.0804,42.0804,False,False,False,False
val_confirm,2510696559,0,CW,"[[0.0, 1.6]]",1.6,<2s,11.3113,True,False,11.6116,False,12.012,False,12.5125,False,11.011,False,10.6106,False,10.01,False,12.178833333333333,False,9.442766666666667,False,11.4114,False,0.0,20,107,0.3003,283,127,4,12.3113,13.3113,14.3113,16.3113,False,False,False,False,10.3113,9.3113,8.3113,6.3113,False,False,False,False
val_confirm,8990144134,4,TC,"[[2.6, 7.1]]",4.5,2-5s,4.4711,True,True,6.006006006006006,True,6.87354020687354,True,7.407407407407407,False,3.870537203870537,True,3.003003003003003,True,2.1354688021354686,False,5.839172505839173,True,4.270937604270938,True,4.604604604604605,True,0.05,20,10,1.5349,48,16,4,5.4711,6.4711,7.4711,9.4711,True,True,False,False,3.4711,2.4711,1.4711,0.0,True,False,False,False
val_confirm,4083875373,5,TN,"[[50.6, 54]]",3.4,2-5s,13.5802,True,False,14.014,False,15.015,False,16.016,False,13.5135,False,13.013,False,12.5125,False,14.748066666666666,False,13.179833333333333,False,13.980633333333333,False,0.05,20,67,0.4338,217,89,4,14.5802,15.5802,16.5802,18.5802,False,False,False,False,12.5802,11.5802,10.5802,8.5802,False,False,False,False
val_confirm,5323654756,3,CW,"[[3.8, 10.3]]",6.5,5-10s,34.401,True,False,34.501133333333335,False,35.035,False,36.036,False,34.034,False,33.5335,False,33.033,False,37.971266666666665,False,32.06536666666667,False,34.501133333333335,False,0.0,20,47,0.1001,272,104,4,35.401,36.401,37.401,39.401,False,False,False,False,33.401,32.401,31.401,29.401,False,False,False,False
val_confirm,4279106208,5,TC,"[[0.1, 13.5]]",13.4,>=10s,5.72,True,True,6.0,True,7.2,True,7.68,True,4.8,True,4.32,True,3.6,True,8.92,True,4.84,True,5.96,True,0.4,20,24,0.28,75,32,4,6.72,7.72,8.72,10.72,True,True,True,True,4.72,3.72,2.72,0.72,True,True,True,True
val_confirm,4822859674,8,TN,"[[9.8, 15.2]]",5.4,5-10s,14.5979,True,True,15.015,True,15.682333333333334,False,16.26625,False,13.76375,True,12.5125,True,11.26125,True,15.056708333333333,True,13.26325,True,14.723041666666667,True,0.0,20,25,0.4171,115,44,4,15.5979,16.5979,17.5979,19.5979,False,False,False,False,13.5979,12.5979,11.5979,9.5979,True,True,True,False
val_confirm,7499763064,4,TC,"[[6.2, 25]]",18.8,>=10s,2.8779,True,False,3.128125,False,3.6703333333333332,False,4.129125,False,2.544208333333333,False,1.9602916666666668,False,1.2929583333333334,False,4.170833333333333,False,1.3346666666666667,False,3.128125,False,1.0,20,28,0.2502,82,32,4,3.8779,4.8779,5.8779,7.8779,False,False,False,True,1.8779,0.8779,0.0,0.0,False,False,False,False
val_confirm,3402648543,4,CW,"[[18.7, 21.6]]",2.9,2-5s,11.2613,True,False,12.5125,False,13.138125,False,13.76375,False,10.01,False,9.25925,False,8.75875,False,12.178833333333332,False,10.176833333333333,False,11.594916666666666,False,0.2,20,13,1.2512,70,29,4,12.2613,13.2613,14.2613,16.2613,False,False,False,False,10.2613,9.2613,8.2613,6.2613,False,False,False,False
val_confirm,8990144134,2,TC,"[[3.2, 7.5]]",4.3,2-5s,0.2669,True,False,1.334668001334668,False,2.1354688021354686,False,3.003003003003003,False,,,,,,,0.6006006006006006,False,0.0,False,1.0677344010677343,False,0.2,20,15,1.0677,48,16,4,1.2669,2.2669,3.2669,5.2669,False,False,True,True,0.0,0.0,0.0,0.0,False,False,False,False
val_confirm,4658396458,3,CW,"[[41.8, 50.0]]",8.2,5-10s,78.75,True,False,79.5,False,80.0,False,81.25,False,78.125,False,77.5,False,76.25,False,79.29166666666667,False,78.66666666666667,False,79.125,False,0.0,20,14,0.75,289,118,4,79.75,80.75,81.75,83.75,False,False,False,False,77.75,76.75,75.75,73.75,False,False,False,False
val_confirm,6542914065,9,CW,"[[7.2, 10.0]]",2.8,2-5s,6.5732,True,False,7.040366666666666,False,7.6076,True,8.041366666666667,True,6.039366666666667,False,5.038366666666667,False,4.6046,False,9.943266666666666,True,5.939266666666667,False,6.673333333333333,False,0.7,20,5,0.4671,40,17,4,7.5732,8.5732,9.5732,10.0,True,True,True,True,5.5732,4.5732,3.5732,1.5732,False,False,False,False
val_confirm,9735768590,6,TN,"[[10.9, 14.6]]",3.7,2-5s,1.0677,True,False,1.5682349015682349,False,2.002002002002002,False,3.1364698031364697,False,,,,,,,1.6349683016349683,False,0.7340674007340674,False,1.4681348014681348,False,0.15,20,27,0.5005,80,28,4,2.0677,3.0677,4.0677,6.0677,False,False,False,False,0.0677,0.0,0.0,0.0,False,False,False,False
val_confirm,3469864014,6,CH,"[[9.8, 13.0]]",3.2,2-5s,23.2899,True,False,24.024,False,24.8248,False,26.026,False,23.2232,False,22.4224,False,22.022,False,23.656966666666666,False,22.155466666666666,False,24.024,False,0.0,20,9,0.7341,116,45,4,24.2899,25.2899,26.2899,28.2899,False,False,False,False,22.2899,21.2899,20.2899,18.2899,False,False,False,False
val_confirm,6542914065,8,CW,"[[4.9, 10]]",5.1,5-10s,6.0394,True,True,6.5732333333333335,True,7.040366666666666,True,7.6076,True,5.038366666666667,True,4.6046,False,4.037366666666666,False,9.943266666666666,True,5.939266666666667,True,6.5732333333333335,True,1.0,20,6,0.5339,40,17,4,7.0394,8.0394,9.0394,10.0,True,True,True,True,5.0394,4.0394,3.0394,1.0394,True,False,False,False
val_confirm,8177965766,6,TP,"[[11.4, 13.4]]",2.0,2-5s,3.0,True,False,3.125,False,3.9166666666666665,False,4.375,False,2.5416666666666665,False,2.0833333333333335,False,1.5416666666666667,False,3.5,False,2.7916666666666665,False,3.125,False,0.1,20,38,0.125,95,42,4,4.0,5.0,6.0,8.0,False,False,False,False,2.0,1.0,0.0,0.0,False,False,False,False
val_confirm,3935853204,8,CW,"[[15.1, 20.4]]",5.3,5-10s,15.3487,True,True,15.6156,True,16.016,True,16.383033333333334,True,15.015,False,14.481133333333334,False,14.014,False,16.483133333333335,True,13.046366666666668,False,15.6156,True,0.25,20,29,0.2669,127,55,4,16.3487,17.3487,18.3487,20.3487,True,True,True,True,14.3487,13.3487,12.3487,10.3487,False,False,False,False
val_confirm,6018514357,6,CW,"[[11.9, 16.6]]",4.7,2-5s,38.9389,True,False,39.07236666666667,False,39.67296666666667,False,40.073366666666665,False,38.07136666666667,False,37.57086666666667,False,37.070366666666665,False,41.07436666666667,False,36.97026666666667,False,39.039,False,0.0,20,7,0.1335,171,74,4,39.9389,40.9389,41.9389,43.0,False,False,False,False,37.9389,36.9389,35.9389,33.9389,False,False,False,False
val_confirm,6163877860,7,CW,"[[17.2, 19.0]]",1.8,<2s,9.7917,True,False,10.041666666666666,False,11.291666666666666,False,11.791666666666666,False,8.791666666666666,False,8.041666666666666,False,7.541666666666667,False,9.916666666666666,False,8.666666666666666,False,9.916666666666666,False,0.05,20,103,0.25,288,116,4,10.7917,11.7917,12.7917,14.7917,False,False,False,False,8.7917,7.7917,6.7917,4.7917,False,False,False,False
val_confirm,2920952624,3,CW,"[[29.0, 34]]",5.0,5-10s,24.5245,True,False,25.025,False,25.5255,False,26.27625,False,23.77375,False,23.148125,False,22.5225,False,24.607916666666664,False,23.606916666666663,False,24.77475,False,0.5,20,13,0.5005,111,47,4,25.5245,26.5245,27.5245,29.5245,False,False,False,True,23.5245,22.5245,21.5245,19.5245,False,False,False,False
val_confirm,3355698421,2,CH,"[[4.7, 7.6]]",2.9,2-5s,1.6016,True,False,2.002,False,2.5025,False,3.003,False,1.001,False,0.2002,False,,,2.2689333333333335,False,0.9342666666666667,False,2.002,False,0.2,20,57,0.4004,160,60,4,2.6016,3.6016,4.6016,6.6016,False,False,False,True,0.6016,0.0,0.0,0.0,False,False,False,False
val_confirm,3784543730,6,CW,"[[10.4, 28]]",17.6,>=10s,13.9139,True,True,14.014,True,15.015,True,15.648966666666666,True,13.4134,True,13.013,True,12.379033333333334,True,13.947266666666668,True,13.046366666666668,True,14.014,True,1.0,20,25,0.1001,115,49,4,14.9139,15.9139,16.9139,18.9139,True,True,True,True,12.9139,11.9139,10.9139,8.9139,True,True,True,False
val_confirm,3562017845,2,CW,"[[20.4, 35.3]]",14.9,>=10s,2.3023,True,False,3.003,False,3.4034,False,4.004,False,2.002,False,1.001,False,0.5672333333333334,False,3.5368666666666666,False,0.3670333333333333,False,2.4024,False,0.25,20,62,0.7007,160,65,4,3.3023,4.3023,5.3023,7.3023,False,False,False,False,1.3023,0.3023,0.0,0.0,False,False,False,False
val_confirm,2835125654,9,CW,"[[0.0, 22.3]]",22.3,>=10s,7.807,True,True,8.008,True,9.009,True,10.01,True,7.474,True,7.007,True,6.439,True,8.44186046511628,True,6.840242669362993,True,8.008,True,0.4,20,67,0.201,189,80,4,8.807,9.807,10.807,12.807,True,True,True,True,6.807,5.807,4.807,2.807,True,True,True,True
val_confirm,5352022985,3,CW,"[[10.9, 47]]",36.1,>=10s,9.8098,True,False,10.01,False,10.6106,False,11.011,True,9.6096,False,9.009,False,8.008,False,11.177833333333334,True,3.1698333333333335,False,10.01,False,1.0,20,55,0.2002,189,66,4,10.8098,11.8098,12.8098,14.8098,False,True,True,True,8.8098,7.8098,6.8098,4.8098,False,False,False,False
val_confirm,7651639778,7,TC,"[[0.8, 49.9]]",49.1,>=10s,59.3927,True,False,59.69296666666666,False,60.09336666666667,False,60.59386666666666,False,59.09236666666666,False,58.49176666666666,False,58.091366666666666,False,61.327933333333334,False,56.5565,False,59.592866666666666,False,0.0,20,8,0.3003,263,100,4,60.3927,61.3927,62.3927,64.3927,False,False,False,False,58.3927,57.3927,56.3927,54.3927,False,False,False,False
val_confirm,9873067604,5,TN,"[[9.9, 14.3]]",4.4,2-5s,21.7301,True,False,22.64764764764765,False,23.565231898565234,False,24.14914914914915,False,20.645645645645647,False,19.561227894561227,False,18.643643643643642,False,22.689356022689356,False,21.35468802135469,False,21.81348014681348,False,0.0,20,20,0.9176,118,42,4,22.7301,23.7301,24.7301,26.7301,False,False,False,False,20.7301,19.7301,18.7301,16.7301,False,False,False,False
val_confirm,13884293626,6,CW,"[[50.6, 55.5]]",4.9,2-5s,136.0486,True,False,137.24983316649983,False,137.65023356690023,False,138.05063396730063,False,135.24783116449782,False,133.7796963630297,False,132.4783950617284,False,136.3697030363697,False,135.43543543543544,False,136.34893226559893,False,0.0,20,59,1.2012,632,267,4,137.0486,138.0486,139.0486,141.0486,False,False,False,False,135.0486,134.0486,133.0486,131.0486,False,False,False,False
val_confirm,3402648543,5,CW,"[[6.3, 17.7]]",11.4,>=10s,9.8015,True,True,10.01,True,11.26125,True,12.5125,True,9.25925,True,8.75875,True,8.216541666666666,True,10.176833333333333,True,3.5035,False,9.926583333333333,True,0.7,20,15,0.2085,70,29,4,10.8015,11.8015,12.8015,14.8015,True,True,True,True,8.8015,7.8015,6.8015,4.8015,True,True,True,False
val_confirm,5889898795,8,CW,"[[27.1, 38.5], [54.4, 60.5], [68.0, 78.2]]",27.7,>=10s,26.4598,True,False,27.260566666666666,True,28.261566666666667,True,29.262566666666668,True,26.259566666666668,False,25.759066666666666,False,25.258566666666667,False,28.161466666666666,True,25.291933333333333,False,26.559866666666668,False,0.3,20,101,0.8008,450,145,4,27.4598,28.4598,29.4598,31.4598,True,True,True,True,25.4598,24.4598,23.4598,21.4598,False,False,False,False
val_confirm,3355698421,3,CW,"[[0.5, 5.1]]",4.6,2-5s,0.8008,True,True,1.001,True,1.6016,True,2.002,True,0.2002,False,,,,,0.9342666666666667,True,0.0,False,0.9009,True,0.1,20,59,0.2002,160,60,4,1.8008,2.8008,3.8008,5.8008,True,True,True,False,0.0,0.0,0.0,0.0,False,False,False,False
val_confirm,6860322796,0,TN,"[[6.7, 10.4]]",3.7,2-5s,24.4578,True,False,25.058366666666668,False,25.458766666666666,False,26.059366666666666,False,24.057366666666667,False,23.456766666666667,False,23.056366666666666,False,25.058366666666668,False,23.089733333333335,False,25.058366666666668,False,0.0,20,21,0.6006,172,54,4,25.4578,26.4578,27.4578,29.4578,False,False,False,False,23.4578,22.4578,21.4578,19.4578,False,False,False,False
val_confirm,4123211145,9,TN,"[[28.1, 30.1]]",2.0,2-5s,13.1465,True,False,13.6136,False,14.347666666666667,False,15.015,False,13.013,False,12.012,False,11.011,False,13.646966666666668,False,13.046366666666668,False,13.179833333333333,False,0.0,20,126,0.4671,361,145,4,14.1465,15.1465,16.1465,18.1465,False,False,False,False,12.1465,11.1465,10.1465,8.1465,False,False,False,False
val_confirm,7330294814,2,CW,"[[7.6, 52.4], [60.9, 69.3], [71.4, 73.6]]",55.4,>=10s,10.1435,True,True,10.543866666666666,True,11.044366666666667,True,11.544866666666667,True,10.043366666666667,True,9.042366666666666,True,8.441766666666666,True,10.744066666666667,True,9.6096,True,10.543866666666666,True,0.8,20,114,0.4004,307,132,4,11.1435,12.1435,13.1435,15.1435,True,True,True,True,9.1435,8.1435,7.1435,5.1435,True,True,False,False
val_confirm,2482028659,5,CW,"[[0.0, 6.1], [8.9, 21.5]]",18.7,>=10s,5.9059,True,True,6.006,True,6.6066,False,7.007,False,5.005,True,4.5045,True,4.004,True,10.343666666666667,True,5.438766666666667,True,6.006,True,0.9,20,28,0.1001,87,36,4,6.9059,7.9059,8.9059,10.9059,False,False,True,True,4.9059,3.9059,2.9059,0.9059,True,True,True,True
val_confirm,6205856607,1,TN,"[[10.5, 16.2]]",5.7,5-10s,17.8512,True,False,18.051366666666667,False,18.651966666666667,False,19.052366666666668,False,17.650966666666665,False,17.050366666666665,False,16.449766666666665,False,19.285933333333332,False,17.283933333333334,False,18.051366666666667,False,0.0,20,29,0.2002,131,56,4,18.8512,19.8512,20.8512,22.8512,False,False,False,False,16.8512,15.8512,14.8512,12.8512,False,True,True,True
val_confirm,5889898795,4,CH,"[[42.5, 43.3]]",0.8,<2s,50.7173,True,False,51.21783333333333,False,51.718333333333334,False,52.4524,False,49.71633333333333,False,49.315933333333334,False,48.715333333333334,False,51.051,False,49.78306666666667,False,51.21783333333333,False,0.0,20,67,0.5005,450,145,4,51.7173,52.7173,53.7173,55.7173,False,False,False,False,49.7173,48.7173,47.7173,45.7173,False,False,False,False
val_confirm,6793786769,10,CW,"[[22.8, 26.0]]",3.2,2-5s,41.875,True,False,42.541666666666664,False,43.166666666666664,False,43.791666666666664,False,41.75,False,41.291666666666664,False,40.041666666666664,False,44.458333333333336,False,40.791666666666664,False,42.541666666666664,False,0.0,20,7,0.6667,155,55,4,42.875,43.875,44.875,46.875,False,False,False,False,40.875,39.875,38.875,36.875,False,False,False,False
val_confirm,3124551255,2,CW,"[[38.5, 62.8]]",24.3,>=10s,62.062,True,True,62.4624,True,63.063,False,63.5635,False,61.6616,True,61.061,True,60.5605,True,62.99626666666667,False,61.995266666666666,True,62.1621,True,0.2,20,6,0.4004,263,118,4,63.062,64.062,65.0,65.0,False,False,False,False,61.062,60.062,59.062,57.062,True,True,True,True
val_confirm,2547885226,0,CW,"[[0.8, 10.6]]",9.8,5-10s,6.2729,True,True,6.373033333333334,True,7.007,True,8.008,True,6.006,True,5.005,True,4.637966666666666,True,6.773433333333333,True,5.038366666666667,True,6.373033333333334,True,0.5,20,12,0.1001,55,22,4,7.2729,8.2729,9.2729,11.2729,True,True,True,False,5.2729,4.2729,3.2729,1.2729,True,True,True,True
val_confirm,8254300526,8,CW,"[[28.7, 37.4]]",8.7,5-10s,23.6667,True,False,23.791666666666668,False,25.041666666666668,False,25.75,False,23.041666666666668,False,22.541666666666668,False,22.041666666666668,False,24.916666666666668,False,22.541666666666668,False,23.791666666666668,False,0.25,20,31,0.125,148,60,4,24.6667,25.6667,26.6667,28.6667,False,False,False,False,22.6667,21.6667,20.6667,18.6667,False,False,False,False
val_confirm,9213637099,0,TP,"[[24.8, 29.1]]",4.3,2-5s,35.125,True,False,35.375,False,36.458333333333336,False,36.916666666666664,False,34.875,False,32.625,False,31.75,False,39.791666666666664,False,34.041666666666664,False,35.375,False,0.0,20,29,0.25,162,64,4,36.125,37.125,38.125,40.125,False,False,False,False,34.125,33.125,32.125,30.125,False,False,False,False
val_confirm,9256409422,7,CH,"[[73.4, 77]]",3.6,2-5s,62.1622,True,False,62.86286286286286,False,63.59693026359693,False,64.19753086419753,False,60.99432766099433,False,60.46046046046046,False,58.99232565899233,False,64.2308975642309,False,59.15915915915916,False,62.22889556222889,False,0.3,20,16,0.7007,242,80,4,63.1622,64.1622,65.1622,67.1622,False,False,False,False,61.1622,60.1622,59.1622,57.1622,False,False,False,False
val_confirm,2810112808,4,TC,"[[6.0, 10.9]]",4.9,2-5s,10.6106,True,True,11.011,False,11.4114,False,11.9119,False,10.01,True,9.4094,True,9.009,True,11.678333333333333,False,6.673333333333334,True,11.011,False,0.0,20,137,0.4004,356,157,4,11.6106,12.6106,13.6106,15.6106,False,False,False,False,9.6106,8.6106,7.6106,5.6106,True,True,True,False
val_confirm,3502722122,7,CW,"[[4.9, 12.7]]",7.8,5-10s,10.44,True,True,10.8,True,11.4,True,12.0,True,9.6,True,9.0,True,8.4,True,10.72,True,9.92,True,10.56,True,0.45,20,10,0.36,58,25,4,11.44,12.44,13.44,15.44,True,True,False,False,9.44,8.44,7.44,5.44,True,True,True,True
val_confirm,5702201498,1,CW,"[[6.4, 9.6]]",3.2,2-5s,5.7391,True,False,6.039366666666667,False,7.040366666666666,True,7.440766666666667,True,5.038366666666667,False,4.637966666666666,False,4.037366666666666,False,6.239566666666667,False,5.071733333333333,False,5.839166666666666,False,0.55,20,7,0.3003,46,13,4,6.7391,7.7391,8.7391,10.7391,True,True,True,False,4.7391,3.7391,2.7391,0.7391,False,False,False,False
val_confirm,7651639778,1,CW,"[[13.8, 16.3]]",2.5,2-5s,43.1765,True,False,44.07736666666667,False,44.577866666666665,False,45.07836666666667,False,43.076366666666665,False,42.07536666666667,False,41.07436666666667,False,43.977266666666665,False,42.87616666666667,False,43.27656666666667,False,0.0,20,33,0.9009,263,100,4,44.1765,45.1765,46.1765,48.1765,False,False,False,False,42.1765,41.1765,40.1765,38.1765,False,False,False,False
val_confirm,3851961428,10,TN,"[[38.5, 46.5]]",8.0,5-10s,16.016,True,False,16.5165,False,17.017,False,17.5175,False,15.5155,False,15.015,False,14.014,False,16.249566666666666,False,13.947266666666668,False,16.2162,False,0.2,20,92,0.5005,276,122,4,17.016,18.016,19.016,21.016,False,False,False,False,15.016,14.016,13.016,11.016,False,False,False,False
val_confirm,4279106208,7,TN,"[[16.0, 22]]",6.0,5-10s,2.16,True,False,2.4,False,2.88,False,3.6,False,1.92,False,1.2,False,0.48,False,3.08,False,1.52,False,2.4,False,0.4,20,29,0.24,75,32,4,3.16,4.16,5.16,7.16,False,False,False,False,1.16,0.16,0.0,0.0,False,False,False,False
val_confirm,6542914065,5,TN,"[[4.9, 10]]",5.1,5-10s,6.0394,True,True,6.5732333333333335,True,7.040366666666666,True,7.6076,True,5.038366666666667,True,4.6046,False,4.037366666666666,False,9.943266666666666,True,5.939266666666667,True,6.5732333333333335,True,1.0,20,6,0.5339,40,17,4,7.0394,8.0394,9.0394,10.0,True,True,True,True,5.0394,4.0394,3.0394,1.0394,True,False,False,False
val_confirm,3562017845,6,TN,"[[20.7, 24.6]]",3.9,2-5s,23.6236,True,True,24.024,True,24.4244,True,25.025,False,23.023,True,22.5225,True,22.022,True,24.057366666666667,True,22.055366666666668,True,23.7237,True,0.05,20,28,0.4004,160,65,4,24.6236,25.6236,26.6236,28.6236,False,False,False,False,22.6236,21.6236,20.6236,18.6236,True,True,False,False
val_confirm,6018514357,3,CH,"[[11.9, 16.6]]",4.7,2-5s,1.3347,True,False,2.0353666666666665,False,2.5358666666666667,False,3.036366666666667,False,1.0343666666666667,False,0.33366666666666667,False,,,1.5348666666666666,False,0.0,False,1.9352666666666667,False,0.1,20,72,0.7007,171,74,4,2.3347,3.3347,4.3347,6.3347,False,False,False,False,0.3347,0.0,0.0,0.0,False,False,False,False
val_confirm,2482028659,6,CW,"[[8.1, 8.3]]",0.2,<2s,1.3013,True,False,1.4014,False,2.002,False,3.003,False,1.001,False,0.4004,False,,,1.9352666666666667,False,0.6339666666666667,False,1.4014,False,0.0,20,34,0.1001,87,36,4,2.3013,3.3013,4.3013,6.3013,False,False,False,False,0.3013,0.0,0.0,0.0,False,False,False,False
val_confirm,4822859674,4,CW,"[[17.2, 19.6], [32.2, 34.0]]",4.2,2-5s,35.035,True,False,,,,,,,34.409375,False,33.78375,True,32.5325,True,35.910875,False,33.116416666666666,True,35.28525,False,0.0,20,0,,115,44,4,36.0,36.0,36.0,36.0,False,False,False,False,34.035,33.035,32.035,30.035,False,True,False,False
val_confirm,7330294814,5,CW,"[[69.1, 70.2]]",1.1,<2s,74.9082,True,False,75.10836666666667,False,75.60886666666667,False,76.10936666666667,False,74.60786666666667,False,74.10736666666666,False,73.50676666666666,False,75.00826666666667,False,74.30756666666667,False,75.00826666666667,False,0.0,20,4,0.2002,307,132,4,75.9082,76.9082,77.0,77.0,False,False,False,False,73.9082,72.9082,71.9082,69.9082,False,False,False,True
val_confirm,7651639778,2,CW,"[[16.3, 19.9]]",3.6,2-5s,43.1765,True,False,44.07736666666667,False,44.577866666666665,False,45.07836666666667,False,43.076366666666665,False,42.07536666666667,False,41.07436666666667,False,43.977266666666665,False,42.87616666666667,False,43.27656666666667,False,0.0,20,33,0.9009,263,100,4,44.1765,45.1765,46.1765,48.1765,False,False,False,False,42.1765,41.1765,40.1765,38.1765,False,False,False,False
val_confirm,2810112808,1,TP,"[[0.1, 5.9]]",5.8,5-10s,79.9465,True,False,80.08,False,80.6806,False,81.081,False,79.4794,False,79.079,False,78.51176666666667,False,82.01526666666666,False,78.14473333333333,False,80.08,False,0.0,20,18,0.1335,356,157,4,80.9465,81.9465,82.9465,84.9465,False,False,False,False,78.9465,77.9465,76.9465,74.9465,False,False,False,False
val_confirm,4087013668,0,CW,"[[2.7, 36.4], [40.0, 60.0]]",53.7,>=10s,7.5075,True,True,8.091416666666667,True,8.75875,True,9.5095,True,6.25625,True,5.5055,True,5.005,True,7.674333333333333,True,6.923583333333333,True,7.966291666666667,True,0.95,20,69,0.5839,194,80,4,8.5075,9.5075,10.5075,12.5075,True,True,True,True,6.5075,5.5075,4.5075,2.5075,True,True,True,False
val_confirm,8547321641,9,TN,"[[6.5, 10.9]]",4.4,2-5s,0.0667,True,False,0.6673333333333333,False,1.1011,False,1.4681333333333333,False,,,,,,,2.0687333333333333,False,0.0,False,0.3670333333333333,False,0.45,20,19,0.6006,51,19,4,1.0667,2.0667,3.0667,5.0667,False,False,False,False,0.0,0.0,0.0,0.0,False,False,False,False
val_confirm,9409566840,3,CW,"[[16.2, 21.3]]",5.1,5-10s,20.2202,True,True,20.253586920253586,True,20.887554220887555,True,21.32132132132132,False,19.853186519853185,True,18.91891891891892,True,18.18485151818485,True,20.286953620286955,True,19.252585919252585,True,20.253586920253586,True,0.05,20,19,0.0334,126,44,4,21.2202,22.2202,23.2202,25.2202,True,False,False,False,19.2202,18.2202,17.2202,15.2202,True,True,True,False
val_confirm,4087013668,7,TN,"[[22.1, 30.2]]",8.1,5-10s,48.1731,True,False,48.29825,False,48.79875,False,50.05,False,47.5475,False,47.047,False,46.29625,False,51.38466666666666,False,47.13041666666666,False,48.29825,False,0.0,20,14,0.1251,194,80,4,49.1731,50.1731,51.1731,53.1731,False,False,False,False,47.1731,46.1731,45.1731,43.1731,False,False,False,False
val_confirm,4658396458,1,CW,"[[81.6, 89.9]]",8.3,5-10s,61.0,True,False,61.25,False,61.875,False,62.5,False,60.0,False,58.75,False,58.125,False,61.916666666666664,False,60.666666666666664,False,61.125,False,0.3,20,39,0.25,289,118,4,62.0,63.0,64.0,66.0,False,False,False,False,60.0,59.0,58.0,56.0,False,False,False,False
val_confirm,4123211145,1,TC,"[[28.4, 90.0]]",61.6,>=10s,47.047,True,True,47.2472,True,48.048,True,49.049,True,46.8468,True,46.046,True,45.045,True,47.31393333333333,True,46.513133333333336,True,47.2472,True,1.0,20,68,0.2002,361,145,4,48.047,49.047,50.047,52.047,True,True,True,True,46.047,45.047,44.047,42.047,True,True,True,True
val_confirm,3066064005,0,CW,"[[0.0, 11.9]]",11.9,>=10s,11.9453,True,False,12.012,False,12.5125,False,13.013,False,11.6116,True,11.011,True,10.643966666666667,True,13.046366666666668,False,10.176833333333333,True,12.012,False,0.0,20,26,0.0667,110,46,4,12.9453,13.9453,14.9453,16.9453,False,False,False,False,10.9453,9.9453,8.9453,6.9453,True,True,True,True
val_confirm,2885091387,9,CH,"[[7.5, 25.6]]",18.1,>=10s,9.009,True,True,9.542866666666667,True,10.01,True,10.4104,True,8.008,True,7.6076,True,7.007,False,9.576233333333333,True,8.842166666666667,True,9.1091,True,0.5,20,38,0.5339,143,50,4,10.009,11.009,12.009,14.009,True,True,True,True,8.009,7.009,6.009,4.009,True,False,False,False
val_confirm,5352022985,2,TN,"[[9.0, 14.4]]",5.4,5-10s,14.9816,True,False,15.015,False,16.016,False,16.5165,False,14.014,True,13.4134,True,13.013,True,15.949266666666666,False,14.948266666666667,False,15.015,False,0.0,20,47,0.0334,189,66,4,15.9816,16.9816,17.9816,19.9816,False,False,False,False,13.9816,12.9816,11.9816,9.9816,True,True,True,True
val_confirm,4123211145,8,CW,"[[28.4, 90.0]]",61.6,>=10s,55.7557,True,True,56.056,True,56.5565,True,57.057,True,55.4554,True,55.055,True,54.5545,True,56.99026666666667,True,55.388666666666666,True,55.822433333333336,True,1.0,20,52,0.3003,361,145,4,56.7557,57.7557,58.7557,60.7557,True,True,True,True,54.7557,53.7557,52.7557,50.7557,True,True,True,True
val_confirm,4635309062,11,TN,"[[13.6, 43.0]]",29.4,>=10s,39.8732,True,True,40.04,True,40.4404,True,41.041,True,39.50613333333333,True,39.039,True,38.4384,True,39.9399,True,38.938900000000004,True,39.97326666666667,True,0.05,20,48,0.1668,278,116,4,40.8732,41.8732,42.8732,44.8732,True,True,True,False,38.8732,37.8732,36.8732,34.8732,True,True,True,True
val_confirm,4087654898,5,CW,"[[0.0, 8.2]]",8.2,5-10s,10.7441,True,False,,,,,,,10.01,False,9.009,False,8.008,True,11.011000000000001,False,8.174833333333334,True,,,,0,0,,44,16,4,11.0,11.0,11.0,11.0,False,False,False,False,9.7441,8.7441,7.7441,5.7441,False,False,True,True
val_confirm,4483447009,0,CW,"[[0.2, 8.4]]",8.2,5-10s,0.9676,True,True,1.001,True,1.5015,True,2.002,True,0.5005,True,,,,,1.0343666666666667,True,0.0,False,1.001,True,0.25,20,45,0.0334,104,46,4,1.9676,2.9676,3.9676,5.9676,True,True,True,True,0.0,0.0,0.0,0.0,False,False,False,False
val_confirm,6793786769,3,CW,"[[2.6, 3.0]]",0.4,<2s,24.1667,True,False,24.291666666666668,False,25.041666666666668,False,25.666666666666668,False,23.791666666666668,False,22.541666666666668,False,22.083333333333332,False,26.166666666666668,False,23.916666666666668,False,24.291666666666668,False,0.0,20,28,0.125,155,55,4,25.1667,26.1667,27.1667,29.1667,False,False,False,False,23.1667,22.1667,21.1667,19.1667,False,False,False,False
val_confirm,8563398032,3,TN,"[[54.2, 63.2]]",9.0,5-10s,56.2,True,True,56.44,True,57.16,True,57.64,True,55.72,True,55.24,True,54.76,True,56.32,True,55.12,True,56.44,True,0.15,20,40,0.24,272,122,4,57.2,58.2,59.2,61.2,True,True,True,True,55.2,54.2,53.2,51.2,True,True,False,False
val_confirm,3355698421,1,CW,"[[12.7, 26.8], [27.9, 35.3]]",21.5,>=10s,39.039,True,False,39.6396,False,,,,,38.405033333333336,False,38.038,False,37.5375,False,39.80643333333333,False,37.504133333333336,False,39.1391,False,0.0,20,1,0.6006,160,60,4,40.0,40.0,40.0,40.0,False,False,False,False,38.039,37.039,36.039,34.039,False,False,False,True
val_confirm,4179163342,5,CW,"[[43.1, 72]]",28.9,>=10s,39.039,True,False,39.6396,False,40.04,False,41.041,False,38.47176666666667,False,38.038,False,37.037,False,39.97326666666667,False,38.405033333333336,False,39.1391,False,0.9,20,51,0.6006,291,113,4,40.039,41.039,42.039,44.039,False,False,False,True,38.039,37.039,36.039,34.039,False,False,False,False
val_confirm,7508439506,5,CW,"[[0.0, 1.8], [11.1, 11.5], [13.9, 15.2], [18.0, 19.8]]",5.3,5-10s,4.638,True,False,5.038366666666667,False,5.638966666666667,False,6.039366666666667,False,4.037366666666666,False,3.036366666666667,False,2.435766666666667,False,5.238566666666666,False,3.937266666666667,False,4.738066666666667,False,0.25,20,32,0.4004,103,39,4,5.638,6.638,7.638,9.638,False,False,False,False,3.638,2.638,1.638,0.0,False,False,True,True
val_confirm,4279106208,0,CH,"[[8.6, 15.8]]",7.2,5-10s,5.72,True,False,6.0,False,7.2,False,7.68,False,4.8,False,4.32,False,3.6,False,8.92,True,4.84,False,5.96,False,0.35,20,24,0.28,75,32,4,6.72,7.72,8.72,10.72,False,False,True,True,4.72,3.72,2.72,0.72,False,False,False,False
val_confirm,5586394125,9,CH,"[[12.8, 16.0]]",3.2,2-5s,21.021,True,False,21.054366666666667,False,21.6216,False,22.055366666666668,False,20.5205,False,20.053366666666665,False,19.052366666666668,False,21.054366666666667,False,19.753066666666665,False,21.054366666666667,False,0.0,20,30,0.0334,151,64,4,22.021,23.021,24.021,26.021,False,False,False,False,20.021,19.021,18.021,16.021,False,False,False,False
val_confirm,5047408177,5,CH,"[[29.3, 30.7]]",1.4,<2s,15.5333,True,False,16.0,False,17.0,False,18.0,False,14.0,False,12.8,False,12.0,False,16.4,False,14.533333333333333,False,15.933333333333334,False,0.1,20,24,0.4667,87,34,4,16.5333,17.5333,18.5333,20.5333,False,False,False,False,14.5333,13.5333,12.5333,10.5333,False,False,False,False
val_confirm,3124551255,8,TC,"[[30.8, 44.2]]",13.4,>=10s,3.5035,True,False,4.004,False,4.5045,False,5.005,False,3.003,False,2.5025,False,2.002,False,3.937266666666667,False,2.9362666666666666,False,4.004,False,0.1,20,111,0.5005,263,118,4,4.5035,5.5035,6.5035,8.5035,False,False,False,False,2.5035,1.5035,0.5035,0.0,False,False,False,False
val_confirm,3595273118,2,CW,"[[0.4, 1.2]]",0.8,<2s,7.1071,True,False,8.008,False,8.6086,False,9.009,False,7.007,False,6.6066,False,6.006,False,8.842166666666667,False,5.739066666666667,False,7.3073,False,0.0,20,8,0.9009,51,21,4,8.1071,9.1071,10.1071,12.1071,False,False,False,False,6.1071,5.1071,4.1071,2.1071,False,False,False,False
val_confirm,3402648543,7,TC,"[[6.1, 19.5]]",13.4,>=10s,0.7925,True,False,1.25125,False,1.876875,False,2.5025,False,0.75075,False,,,,,1.5849166666666665,False,0.33366666666666667,False,0.875875,False,0.65,20,28,0.4588,70,29,4,1.7925,2.7925,3.7925,5.7925,False,False,False,False,0.0,0.0,0.0,0.0,False,False,False,False
val_confirm,2510696559,7,TN,"[[27.9, 41.4], [53.6, 58.8]]",18.7,>=10s,11.4114,True,False,11.6116,False,12.012,False,12.5125,False,11.011,False,10.6106,False,10.01,False,12.178833333333333,False,9.442766666666667,False,11.6116,False,0.3,20,107,0.2002,283,127,4,12.4114,13.4114,14.4114,16.4114,False,False,False,False,10.4114,9.4114,8.4114,6.4114,False,False,False,False
val_confirm,6793786769,11,CW,"[[29.5, 30.8]]",1.3,<2s,34.0,True,False,35.041666666666664,False,35.541666666666664,False,36.291666666666664,False,33.375,False,32.541666666666664,False,31.291666666666668,False,34.875,False,32.416666666666664,False,34.25,False,0.0,20,15,1.0417,155,55,4,35.0,36.0,37.0,39.0,False,False,False,False,33.0,32.0,31.0,29.0,False,False,False,False
val_confirm,3843551232,1,CW,"[[0.4, 2.6]]",2.2,2-5s,9.8098,True,False,10.01,False,10.6106,False,11.011,False,9.6096,False,9.009,False,8.5085,False,10.143466666666667,False,7.9412666666666665,False,9.9099,False,0.0,20,21,0.2002,94,39,4,10.8098,11.8098,12.8098,14.8098,False,False,False,False,8.8098,7.8098,6.8098,4.8098,False,False,False,False
val_confirm,6205856607,7,TN,"[[19.4, 21.6]]",2.2,2-5s,32.0654,True,False,32.46576666666667,False,,,,,31.464766666666666,False,31.06436666666667,False,30.463766666666668,False,32.098733333333335,False,30.964266666666667,False,32.46576666666667,False,0.0,20,1,0.4004,131,56,4,33.0,33.0,33.0,33.0,False,False,False,False,31.0654,30.0654,29.0654,27.0654,False,False,False,False
val_confirm,6793786769,7,CH,"[[29.8, 35.3]]",5.5,5-10s,2.5417,True,False,3.7916666666666665,False,5.041666666666667,False,5.541666666666667,False,1.2916666666666667,False,0.2916666666666667,False,,,3.8333333333333335,False,1.2916666666666667,False,2.6666666666666665,False,0.1,20,52,1.25,155,55,4,3.5417,4.5417,5.5417,7.5417,False,False,False,False,1.5417,0.5417,0.0,0.0,False,False,False,False
val_confirm,4658396458,7,CH,"[[51.5, 60.4]]",8.9,5-10s,7.125,True,False,7.5,False,8.125,False,8.75,False,6.875,False,6.25,False,5.5,False,7.916666666666667,False,6.833333333333333,False,7.375,False,0.05,20,108,0.375,289,118,4,8.125,9.125,10.125,12.125,False,False,False,False,6.125,5.125,4.125,2.125,False,False,False,False
val_confirm,6617533993,2,CW,"[[3.5, 19.0]]",15.5,>=10s,14.0417,True,True,14.416666666666666,True,15.041666666666666,True,16.291666666666668,True,13.791666666666666,True,13.166666666666666,True,12.541666666666666,True,14.916666666666666,True,13.458333333333334,True,14.416666666666666,True,0.0,20,57,0.375,186,74,4,15.0417,16.0417,17.0417,19.0417,True,True,True,False,13.0417,12.0417,11.0417,9.0417,True,True,True,True
val_confirm,8547321641,8,TN,"[[3.1, 6.5]]",3.4,2-5s,0.6673,True,False,1.1011,False,1.4681333333333333,False,2.0353666666666665,False,,,,,,,2.0687333333333333,False,0.0,False,0.8675333333333334,False,0.25,20,18,0.4338,51,19,4,1.6673,2.6673,3.6673,5.6673,False,False,True,True,0.0,0.0,0.0,0.0,False,False,False,False
val_confirm,5047408177,2,CW,"[[13.1, 28.6]]",15.5,>=10s,26.8,True,True,28.0,True,29.2,False,30.0,False,26.0,True,24.8,True,24.0,True,27.266666666666666,True,25.533333333333335,True,28.0,True,0.05,20,13,1.2,87,34,4,27.8,28.8,29.8,31.8,True,False,False,False,25.8,24.8,23.8,21.8,True,True,True,True
val_confirm,10727696143,5,TN,"[[9.3, 13.4]]",4.1,2-5s,23.8906,True,False,24.290957624290957,False,24.758091424758092,False,25.89255922589256,False,23.089756423089757,False,21.888555221888556,False,21.388054721388055,False,24.858191524858192,False,23.85719052385719,False,24.090757424090757,False,0.0,20,49,0.4004,260,88,4,24.8906,25.8906,26.8906,28.8906,False,False,False,False,22.8906,21.8906,20.8906,18.8906,False,False,False,False
val_confirm,6018514357,7,TC,"[[36.8, 42.7]]",5.9,5-10s,41.0744,True,True,41.5415,True,42.07536666666667,True,42.57586666666667,True,40.073366666666665,True,39.67296666666667,True,39.07236666666667,True,42.07536666666667,True,36.97026666666667,True,41.274566666666665,True,1.0,20,3,0.4671,171,74,4,42.0744,43.0,43.0,43.0,True,False,False,False,40.0744,39.0744,38.0744,36.0744,True,True,True,False
val_confirm,4635309062,0,CW,"[[60.7, 67.2]]",6.5,5-10s,23.8238,True,False,24.024,False,25.025,False,25.4254,False,23.456766666666667,False,23.023,False,22.455766666666666,False,25.392033333333334,False,21.087733333333333,False,24.024,False,0.0,20,76,0.2002,278,116,4,24.8238,25.8238,26.8238,28.8238,False,False,False,False,22.8238,21.8238,20.8238,18.8238,False,False,False,False
val_confirm,6018514357,5,TN,"[[9.3, 12.6]]",3.3,2-5s,4.3377,True,False,5.038366666666667,False,5.538866666666666,False,6.039366666666667,False,4.037366666666666,False,3.5368666666666666,False,3.036366666666667,False,4.938266666666666,False,3.937266666666667,False,4.738066666666667,False,0.1,20,67,0.7007,171,74,4,5.3377,6.3377,7.3377,9.3377,False,False,False,True,3.3377,2.3377,1.3377,0.0,False,False,False,False
val_confirm,6542914065,1,CH,"[[4.2, 5.6]]",1.4,<2s,6.7734,True,False,7.040366666666666,False,7.6076,False,8.041366666666667,False,6.5732333333333335,False,6.039366666666667,False,5.038366666666667,True,9.943266666666666,False,5.939266666666667,False,7.040366666666666,False,0.0,20,5,0.2669,40,17,4,7.7734,8.7734,9.7734,10.0,False,False,False,False,5.7734,4.7734,3.7734,1.7734,False,True,False,False
val_confirm,4087654898,3,CW,"[[0.0, 8.2]]",8.2,5-10s,10.5439,True,False,10.744066666666667,False,,,,,10.01,False,9.009,False,8.008,True,11.011000000000001,False,8.174833333333334,True,10.744066666666667,False,0.0,20,1,0.2002,44,16,4,11.0,11.0,11.0,11.0,False,False,False,False,9.5439,8.5439,7.5439,5.5439,False,False,True,True
val_confirm,7888256388,2,TC,"[[9.2, 12.9]]",3.7,2-5s,11.378,True,True,11.478133333333334,True,12.045366666666666,True,12.645966666666666,True,11.044366666666667,True,10.6106,True,10.043366666666667,True,11.911900000000001,True,11.1111,True,11.478133333333334,True,0.1,20,17,0.1001,88,36,4,12.378,13.378,14.378,16.378,True,False,False,False,10.378,9.378,8.378,6.378,True,True,False,False
val_confirm,8254300526,7,CW,"[[35.7, 36.8]]",1.1,<2s,37.9167,True,False,38.041666666666664,False,38.791666666666664,False,40.041666666666664,False,37.541666666666664,False,36.916666666666664,False,36.291666666666664,True,38.333333333333336,False,37.416666666666664,False,38.041666666666664,False,0.0,20,12,0.125,148,60,4,38.9167,39.9167,40.9167,42.9167,False,False,False,False,36.9167,35.9167,34.9167,32.9167,False,True,False,False
val_confirm,4126010904,1,TC,"[[30.4, 39.0]]",8.6,5-10s,56.3062,True,False,57.5575,False,58.058,False,58.80875,False,55.055,False,54.30425,False,53.80375,False,56.76504166666666,False,55.764041666666664,False,56.431375,False,0.0,20,17,1.2512,227,89,4,57.3062,58.3062,59.3062,61.3062,False,False,False,False,55.3062,54.3062,53.3062,51.3062,False,False,False,False
val_confirm,8252088130,4,TN,"[[8.6, 12.4]]",3.8,2-5s,1.5015,True,False,1.6016,False,2.0353666666666665,False,2.5358666666666667,False,1.0343666666666667,False,0.13346666666666668,False,,,4.270933333333334,False,0.0,False,1.6016,False,0.3,20,24,0.1001,58,26,4,2.5015,3.5015,4.5015,6.5015,False,False,False,False,0.5015,0.0,0.0,0.0,False,False,False,False
val_confirm,4744503881,0,CW,"[[12.7, 16.0]]",3.3,2-5s,14.2142,True,True,15.015,True,15.5155,True,16.016,False,14.014,True,13.013,True,12.5125,False,16.282933333333332,False,12.746066666666668,True,14.9149,True,0.6,20,3,0.8008,66,27,4,15.2142,16.0,16.0,16.0,True,True,True,True,13.2142,12.2142,11.2142,9.2142,True,False,False,False
val_confirm,3843551232,7,TN,"[[8.5, 18.3]]",9.8,5-10s,1.9019,True,False,2.002,False,2.6026,False,3.003,False,1.001,False,0.5005,False,,,3.2365666666666666,False,1.0677333333333334,False,2.002,False,0.55,20,37,0.1001,94,39,4,2.9019,3.9019,4.9019,6.9019,False,False,False,False,0.9019,0.0,0.0,0.0,False,False,False,False
val_confirm,2552130183,9,TN,"[[43.1, 52.4]]",9.3,5-10s,4.804,True,False,5.005,False,5.538,False,6.006,False,4.537,False,4.004,False,3.47,False,5.171890798786653,False,4.170879676440849,False,5.005,False,0.0,20,145,0.201,361,151,4,5.804,6.804,7.804,9.804,False,False,False,False,3.804,2.804,1.804,0.0,False,False,False,False
val_confirm,5658916668,0,CW,"[[7.1, 9.8]]",2.7,2-5s,11.645,True,False,12.045366666666666,False,12.645966666666666,False,13.046366666666666,False,11.044366666666667,False,10.343666666666667,False,9.876533333333333,False,13.346666666666668,False,10.076733333333333,False,11.778433333333334,False,0.0,20,17,0.4004,88,37,4,12.645,13.645,14.645,16.645,False,False,False,False,10.645,9.645,8.645,6.645,False,True,True,False
val_confirm,5840177726,0,CH,"[[0.1, 2.1]]",2.0,2-5s,9.5429,True,False,9.743066666666667,False,10.176833333333333,False,10.744066666666667,False,8.742066666666666,False,8.1081,False,7.741066666666667,False,10.6106,False,9.476133333333333,False,9.743066666666667,False,0.0,20,5,0.2002,55,19,4,10.5429,11.5429,12.5429,13.0,False,False,False,False,8.5429,7.5429,6.5429,4.5429,False,False,False,False
val_confirm,5840177726,5,CW,"[[9.8, 12.2]]",2.4,2-5s,7.6743,True,False,7.741066666666667,False,8.1081,False,8.742066666666666,False,7.374033333333333,False,6.773433333333333,False,6.039366666666667,False,8.775433333333334,False,7.574233333333334,False,7.741066666666667,False,0.5,20,8,0.0667,55,19,4,8.6743,9.6743,10.6743,12.6743,False,False,True,False,6.6743,5.6743,4.6743,2.6743,False,False,False,False
val_confirm,11670386946,4,TN,"[[18.4, 28.3]]",9.9,5-10s,18.3851,True,False,19.052385719052385,True,19.51951951951952,True,20.286953620286955,True,17.88455121788455,False,17.41741741741742,False,16.549883216549883,False,18.551885218551885,True,17.117117117117118,False,18.451785118451784,True,0.55,20,21,0.6673,133,49,4,19.3851,20.3851,21.3851,23.3851,True,True,True,True,17.3851,16.3851,15.3851,13.3851,False,False,False,False
val_confirm,7887764754,1,CW,"[[2.1, 9.5]]",7.4,5-10s,1.5349,True,False,2.0353666666666665,False,2.435766666666667,True,3.036366666666667,True,1.0343666666666667,False,0.13346666666666668,False,,,3.036366666666667,True,0.6673333333333333,False,2.0353666666666665,False,0.25,20,55,0.5005,143,58,4,2.5349,3.5349,4.5349,6.5349,True,True,True,True,0.5349,0.0,0.0,0.0,False,False,False,False
val_confirm,7330294814,1,CW,"[[3.3, 8.6], [28.6, 29.5], [30.5, 32.0], [51.6, 55.0], [67.6, 68.9]]",12.4,>=10s,75.6089,True,False,76.10936666666667,False,76.60986666666666,False,,,75.10836666666667,False,74.60786666666667,False,74.10736666666666,False,76.10936666666667,False,75.00826666666667,False,76.10936666666667,False,0.0,20,2,0.5005,307,132,4,76.6089,77.0,77.0,77.0,False,False,False,False,74.6089,73.6089,72.6089,70.6089,False,False,False,False
val_confirm,10597533885,5,TN,"[[50.6, 57.7]]",7.1,5-10s,33.9339,True,False,34.0674007340674,False,34.4678011344678,False,35.40206873540207,False,33.40006673340007,False,33.033033033033036,False,32.0653987320654,False,36.56990323656991,False,31.33133133133133,False,34.0674007340674,False,0.3,20,35,0.1335,204,95,4,34.9339,35.9339,36.9339,38.9339,False,False,False,False,32.9339,31.9339,30.9339,28.9339,False,False,False,False
val_confirm,3452354871,4,CH,"[[3.8, 7.4]]",3.6,2-5s,5.5055,True,True,6.006,True,6.4064,True,7.007,True,5.4054,True,5.005,True,4.5045,True,7.273933333333334,True,4.537866666666667,True,5.8058,True,0.15,20,20,0.5005,69,30,4,6.5055,7.5055,8.5055,10.5055,True,False,False,False,4.5055,3.5055,2.5055,0.5055,True,False,False,False
val_confirm,5047408177,3,CH,"[[18.5, 31.3]]",12.8,>=10s,26.6,True,True,28.0,True,29.2,True,30.0,True,26.0,True,24.8,True,24.0,True,27.266666666666666,True,25.533333333333335,True,26.8,True,0.35,20,13,1.4,87,34,4,27.6,28.6,29.6,31.6,True,True,True,False,25.6,24.6,23.6,21.6,True,True,True,True
val_confirm,6160414832,8,TN,"[[24.0, 26.2]]",2.2,2-5s,60.4938,True,False,60.89416666666666,False,,,,,59.726333333333336,False,58.72533333333333,False,58.224833333333336,False,61.094366666666666,False,59.059000000000005,False,60.727333333333334,False,0.0,20,1,0.4004,246,99,4,61.0,61.0,61.0,61.0,False,False,False,False,59.4938,58.4938,57.4938,55.4938,False,False,False,False
val_confirm,14012319794,0,CW,"[[71.2, 80.0], [90.5, 99.1]]",17.4,>=10s,94.0,True,True,94.66666666666667,True,95.25,True,96.0,True,93.875,True,93.16666666666667,True,92.0,True,98.20833333333333,True,92.04166666666667,True,94.16666666666667,True,0.15,20,37,0.6667,381,143,4,95.0,96.0,97.0,99.0,True,True,True,True,93.0,92.0,91.0,89.0,True,True,True,False
val_confirm,2920952624,9,TN,"[[27.5, 34]]",6.5,5-10s,22.8979,True,False,23.148125,False,23.77375,False,24.5245,False,22.5225,False,22.022,False,21.27125,False,22.93958333333333,False,22.105416666666667,False,23.148125,False,0.5,20,16,0.2503,111,47,4,23.8979,24.8979,25.8979,27.8979,False,False,False,True,21.8979,20.8979,19.8979,17.8979,False,False,False,False
val_confirm,9528990839,6,CW,"[[1.0, 4.1]]",3.1,2-5s,3.0667,True,True,4.0,True,4.8,False,6.0,False,2.0,True,,,,,3.533333333333333,True,2.066666666666667,True,3.3333333333333335,True,0.0,20,17,0.9333,58,19,4,4.0667,5.0667,6.0667,8.0667,True,False,False,False,2.0667,1.0667,0.0667,0.0,True,True,False,False
val_confirm,4013751996,3,CW,"[[0.0, 4.3]]",4.3,2-5s,2.3357,True,True,2.5025,True,3.25325,True,3.75375,True,1.25125,True,0.375375,True,,,3.6703333333333332,True,0.0,True,2.377375,True,0.1,20,39,0.1668,103,41,4,3.3357,4.3357,5.3357,7.3357,True,False,False,False,1.3357,0.3357,0.0,0.0,True,True,True,True
val_confirm,3124551255,5,TN,"[[0.8, 2.8]]",2.0,<2s,64.7647,True,False,65.065,False,,,,,64.6646,False,64.064,False,63.5635,False,64.99826666666667,False,63.99726666666667,False,64.9649,False,0.0,20,1,0.3003,263,118,4,65.0,65.0,65.0,65.0,False,False,False,False,63.7647,62.7647,61.7647,59.7647,False,False,False,False
val_confirm,4179163342,10,CH,"[[46.1, 49.2]]",3.1,2-5s,47.1471,True,True,48.08136666666667,True,49.049,True,50.05,False,47.047,True,46.046,False,45.612233333333336,False,49.215833333333336,False,47.113733333333336,True,47.3473,True,0.0,20,39,0.9343,291,113,4,48.1471,49.1471,50.1471,52.1471,True,True,False,False,46.1471,45.1471,44.1471,42.1471,True,False,False,False
val_confirm,4740074365,8,CH,"[[14.9, 17.9]]",3.0,2-5s,3.6703,True,False,4.004,False,4.4044,False,5.005,False,3.003,False,2.6026,False,2.002,False,4.637966666666666,False,2.736066666666667,False,3.9706333333333332,False,0.15,20,26,0.3337,79,32,4,4.6703,5.6703,6.6703,8.6703,False,False,False,False,2.6703,1.6703,0.6703,0.0,False,False,False,False
val_confirm,6163877860,6,CW,"[[0.0, 3.9], [12.7, 15.2]]",6.4,5-10s,10.1667,True,False,11.291666666666666,False,11.791666666666666,False,12.541666666666666,False,10.041666666666666,False,8.791666666666666,False,8.041666666666666,False,11.166666666666666,False,9.916666666666666,False,11.041666666666666,False,0.0,20,102,1.125,288,116,4,11.1667,12.1667,13.1667,15.1667,False,False,True,True,9.1667,8.1667,7.1667,5.1667,False,False,False,False
val_confirm,2547885226,5,TN,"[[12.3, 13.5]]",1.2,<2s,12.5792,True,True,13.013,True,,,,,12.479133333333333,True,12.012,False,11.5115,False,13.546866666666666,False,8.274933333333333,False,12.9129,True,1.0,20,1,0.4338,55,22,4,13.5792,14.0,14.0,14.0,False,False,False,False,11.5792,10.5792,9.5792,7.5792,False,False,False,False
val_confirm,6018514357,4,TC,"[[0.0, 14.5]]",14.5,>=10s,5.7057,True,True,6.039366666666667,True,7.040366666666666,True,7.440766666666667,True,5.538866666666666,True,5.038366666666667,True,4.037366666666666,True,6.8735333333333335,True,5.6056,True,5.9059,True,0.2,20,65,0.3337,171,74,4,6.7057,7.7057,8.7057,10.7057,True,True,True,True,4.7057,3.7057,2.7057,0.7057,True,True,True,True
val_confirm,5586394125,5,TC,"[[0.5, 8.9]]",8.4,5-10s,8.7421,True,True,9.042366666666666,False,9.442766666666667,False,10.043366666666667,False,8.641966666666667,True,8.041366666666667,True,7.040366666666666,True,8.942266666666667,False,8.041366666666667,True,8.942266666666667,False,0.0,20,50,0.3003,151,64,4,9.7421,10.7421,11.7421,13.7421,False,False,False,False,7.7421,6.7421,5.7421,3.7421,True,True,True,True
val_confirm,4822859674,1,CW,"[[1.1, 8.7]]",7.6,5-10s,23.7737,True,False,25.025,False,26.609916666666667,False,27.5275,False,23.023,False,22.5225,False,21.27125,False,25.94258333333333,False,19.519499999999997,False,23.898875,False,0.0,20,14,1.2512,115,44,4,24.7737,25.7737,26.7737,28.7737,False,False,False,False,22.7737,21.7737,20.7737,18.7737,False,False,False,False
val_confirm,4635309062,6,TN,"[[60.0, 67.7]]",7.7,5-10s,46.046,True,False,46.47976666666667,False,47.047,False,47.5475,False,45.045,False,44.47776666666667,False,44.044,False,48.08136666666667,False,45.07836666666667,False,46.212833333333336,False,0.3,20,37,0.4338,278,116,4,47.046,48.046,49.046,51.046,False,False,False,False,45.046,44.046,43.046,41.046,False,False,False,False
val_confirm,4013751996,2,CW,"[[6.0, 8.8], [26.4, 30.3]]",6.7,5-10s,19.2692,True,False,19.978291666666667,False,21.229541666666666,False,21.855166666666666,False,18.72704166666667,False,18.184833333333334,False,17.475791666666666,False,25.233541666666664,False,15.724041666666665,False,19.310958333333332,False,0.25,20,14,0.709,103,41,4,20.2692,21.2692,22.2692,24.2692,False,False,False,False,18.2692,17.2692,16.2692,14.2692,False,False,False,False
val_confirm,6860322796,6,TC,"[[4.1, 10.0]]",5.9,5-10s,13.7471,True,False,14.047366666666667,False,15.048366666666666,False,15.548866666666667,False,13.046366666666666,False,12.045366666666666,False,11.544866666666667,False,14.180833333333334,False,12.946266666666666,False,13.847166666666666,False,0.0,20,37,0.3003,172,54,4,14.7471,15.7471,16.7471,18.7471,False,False,False,False,12.7471,11.7471,10.7471,8.7471,False,False,False,True
val_confirm,5323654756,9,CW,"[[18.9, 67.8]]",48.9,>=10s,51.3513,True,True,52.052,True,52.5525,True,53.053,True,51.051,True,50.68396666666667,True,50.05,True,53.420033333333336,True,50.583866666666665,True,51.4514,True,1.0,20,21,0.7007,272,104,4,52.3513,53.3513,54.3513,56.3513,True,True,True,True,50.3513,49.3513,48.3513,46.3513,True,True,True,True
val_confirm,2885091387,2,CW,"[[30.2, 35.6]]",5.4,5-10s,19.9866,True,False,20.02,False,20.4204,False,21.021,False,19.019,False,18.018,False,17.017,False,21.054366666666667,False,19.8198,False,20.02,False,0.3,20,23,0.0334,143,50,4,20.9866,21.9866,22.9866,24.9866,False,False,False,False,18.9866,17.9866,16.9866,14.9866,False,False,False,False
val_confirm,2920952624,1,CW,"[[2.9, 5.5]]",2.6,2-5s,19.5195,True,False,20.02,False,21.27125,False,22.022,False,19.26925,False,18.76875,False,18.018,False,20.937583333333333,False,15.348666666666666,False,20.02,False,0.0,20,20,0.5005,111,47,4,20.5195,21.5195,22.5195,24.5195,False,False,False,False,18.5195,17.5195,16.5195,14.5195,False,False,False,False
val_confirm,7888256388,1,TN,"[[6.5, 9.9]]",3.4,2-5s,12.646,True,False,13.046366666666666,False,13.446766666666667,False,14.047366666666667,False,12.045366666666666,False,11.478133333333334,False,11.044366666666667,False,12.846166666666667,False,11.911900000000001,False,12.946266666666666,False,0.0,20,14,0.4004,88,36,4,13.646,14.646,15.646,17.646,False,False,False,False,11.646,10.646,9.646,7.646,False,False,True,True
val_confirm,9256409422,8,CW,"[[8.9, 13.6]]",4.7,2-5s,62.2289,True,False,62.86286286286286,False,63.59693026359693,False,64.19753086419753,False,62.16216216216216,False,60.99432766099433,False,60.46046046046046,False,64.2308975642309,False,59.15915915915916,False,62.29562896229563,False,0.0,20,16,0.634,242,80,4,63.2289,64.2289,65.2289,67.2289,False,False,False,False,61.2289,60.2289,59.2289,57.2289,False,False,False,False
val_confirm,11670386946,3,CW,"[[28.8, 33]]",4.2,2-5s,28.3951,True,False,28.762095428762095,False,29.22922922922923,True,29.996663329996665,True,28.161494828161494,False,27.260593927260594,False,26.860193526860193,False,28.92892892892893,True,27.494160827494163,False,28.762095428762095,False,0.8,20,7,0.367,133,49,4,29.3951,30.3951,31.3951,33.0,True,True,True,True,27.3951,26.3951,25.3951,23.3951,False,False,False,False
val_confirm,4626535366,5,TN,"[[41.4, 47.0]]",5.6,5-10s,12.5125,True,False,13.013,False,13.5135,False,14.014,False,12.012,False,11.5115,False,11.011,False,15.949266666666666,False,6.940266666666667,False,12.6126,False,0.25,20,61,0.5005,196,84,4,13.5125,14.5125,15.5125,17.5125,False,False,False,False,11.5125,10.5125,9.5125,7.5125,False,False,False,False
val_confirm,4626535366,7,CW,"[[11.5, 45.8]]",34.3,>=10s,13.7137,True,True,14.014,True,14.4144,True,15.015,True,13.5135,True,13.013,True,12.5125,True,15.949266666666666,True,6.940266666666667,False,13.9139,True,0.9,20,59,0.3003,196,84,4,14.7137,15.7137,16.7137,18.7137,True,True,True,True,12.7137,11.7137,10.7137,8.7137,True,True,False,False
val_confirm,3066064005,2,CW,"[[12.4, 24.7]]",12.3,>=10s,11.9453,True,False,12.012,False,12.5125,True,13.013,True,11.6116,False,11.011,False,10.643966666666667,False,13.046366666666668,True,10.176833333333333,False,12.012,False,0.8,20,26,0.0667,110,46,4,12.9453,13.9453,14.9453,16.9453,True,True,True,True,10.9453,9.9453,8.9453,6.9453,False,False,False,False
val_confirm,3124551255,7,TN,"[[9.2, 21.6]]",12.4,>=10s,3.5035,True,False,4.004,False,4.5045,False,5.005,False,3.003,False,2.5025,False,2.002,False,3.937266666666667,False,2.9362666666666666,False,4.004,False,0.05,20,111,0.5005,263,118,4,4.5035,5.5035,6.5035,8.5035,False,False,False,False,2.5035,1.5035,0.5035,0.0,False,False,False,False
val_confirm,9208803675,3,TN,"[[4.1, 7.9]]",3.8,2-5s,4.9716,True,True,5.105105105105105,True,8.341675008341674,False,9.70970970970971,False,4.237570904237571,True,3.670337003670337,False,3.2699366032699366,False,7.741074407741075,True,3.4034034034034035,False,5.038371705038371,True,0.05,20,12,0.1335,62,18,4,5.9716,6.9716,7.9716,9.9716,True,True,False,False,3.9716,2.9716,1.9716,0.0,False,False,False,False
val_confirm,2589540862,2,CW,"[[20.9, 22.7]]",1.8,<2s,22.522,True,True,,,,,,,21.855,True,21.488,True,21.021,True,22.72295247724975,False,22.355915065722954,True,22.689,True,1.0,20,0,,93,37,4,23.0,23.0,23.0,23.0,False,False,False,False,21.522,20.522,19.522,17.522,True,False,False,False
val_confirm,9735768590,0,CH,"[[0.1, 11.2]]",11.1,>=10s,18.3183,True,False,18.51851851851852,False,20.02002002002002,False,20.553887220553886,False,18.01801801801802,False,17.51751751751752,False,17.08375041708375,False,18.785452118785454,False,16.716716716716718,False,18.51851851851852,False,0.0,20,5,0.2002,80,28,4,19.3183,20.3183,21.3183,23.0,False,False,False,False,17.3183,16.3183,15.3183,13.3183,False,False,False,False
val_confirm,4757890069,3,TC,"[[17.1, 37.1]]",20.0,>=10s,26.6266,True,True,27.027,True,27.5275,True,28.028,True,26.026,True,25.4254,True,25.025,True,27.093733333333333,True,25.959266666666668,True,26.9269,True,1.0,20,21,0.4004,151,67,4,27.6266,28.6266,29.6266,31.6266,True,True,True,True,25.6266,24.6266,23.6266,21.6266,True,True,True,True
val_confirm,4782722858,1,CW,"[[2.0, 6.1]]",4.1,2-5s,46.2,True,False,46.32,False,46.8,False,47.28,False,45.6,False,45.0,False,44.4,False,48.04,False,43.24,False,46.32,False,0.0,20,6,0.12,166,67,4,47.2,48.2,49.0,49.0,False,False,False,False,45.2,44.2,43.2,41.2,False,False,False,False
val_confirm,5586394125,8,TN,"[[8.5, 12.6]]",4.1,2-5s,16.65,True,False,17.050366666666665,False,17.450766666666667,False,18.051366666666667,False,16.549866666666667,False,16.049366666666668,False,15.648966666666666,False,17.050366666666665,False,15.181833333333334,False,16.950266666666668,False,0.0,20,37,0.4004,151,64,4,17.65,18.65,19.65,21.65,False,False,False,False,15.65,14.65,13.65,11.65,False,False,False,True
val_confirm,4635309062,1,CW,"[[0.2, 68.1]]",67.9,>=10s,23.8238,True,True,24.024,True,25.025,True,25.4254,True,23.456766666666667,True,23.023,True,22.455766666666666,True,25.392033333333334,True,21.087733333333333,True,24.024,True,0.95,20,76,0.2002,278,116,4,24.8238,25.8238,26.8238,28.8238,True,True,True,True,22.8238,21.8238,20.8238,18.8238,True,True,True,True
val_confirm,4136617240,9,CW,"[[0.0, 2.3]]",2.3,2-5s,1.001,True,True,1.5015,True,2.002,True,2.4024,False,0.6006,True,0.2002,True,,,1.6683333333333334,True,0.7674333333333333,True,1.5015,True,0.0,20,153,0.5005,360,156,4,2.001,3.001,4.001,6.001,True,False,False,False,0.001,0.0,0.0,0.0,True,True,True,True
val_confirm,6205856607,3,TN,"[[17.3, 18.1]]",0.8,<2s,0.2336,True,False,0.33366666666666667,False,1.0343666666666667,False,1.6349666666666667,False,,,,,,,1.0343666666666667,False,0.0,False,0.33366666666666667,False,0.05,20,56,0.1001,131,56,4,1.2336,2.2336,3.2336,5.2336,False,False,False,False,0.0,0.0,0.0,0.0,False,False,False,False
val_confirm,9528990839,5,TP,"[[19.7, 24.5]]",4.8,2-5s,19.7333,True,True,20.0,True,22.0,True,24.0,True,18.0,False,16.0,False,15.066666666666666,False,22.066666666666666,True,17.0,False,20.0,True,0.65,20,6,0.2667,58,19,4,20.7333,21.7333,22.7333,24.7333,True,True,True,False,18.7333,17.7333,16.7333,14.7333,False,False,False,False
val_confirm,11565498775,7,TN,"[[0.1, 10.0]]",9.9,5-10s,8.4084,True,True,9.009,True,9.542866666666667,True,10.01,False,8.008,True,7.140466666666667,True,6.2729333333333335,True,9.3093,True,6.840166666666667,True,8.675333333333333,True,0.1,20,47,0.6006,143,59,4,9.4084,10.4084,11.4084,13.4084,True,False,False,False,7.4084,6.4084,5.4084,3.4084,True,True,True,True
val_confirm,2716277960,3,CW,"[[4.2, 10.8]]",6.6,5-10s,9.142,True,True,9.409,True,10.01,True,10.477,True,9.009,True,8.508,True,8.008,True,9.17593528816987,True,8.54196157735086,True,9.409,True,0.2,20,7,0.267,56,22,4,10.142,11.142,12.142,13.0,True,False,False,False,8.142,7.142,6.142,4.142,True,True,True,False
val_confirm,7330294814,3,CW,"[[1.6, 3.7], [8.2, 10.3], [16.1, 23.3], [29.3, 30.8], [31.5, 53.7], [61.0, 76.7]]",50.8,>=10s,39.8732,True,True,40.073366666666665,True,41.07436666666667,True,41.67496666666667,True,39.67296666666667,True,39.07236666666667,True,38.67196666666667,True,41.107733333333336,True,39.472766666666665,True,39.97326666666667,True,0.85,20,65,0.2002,307,132,4,40.8732,41.8732,42.8732,44.8732,True,True,True,True,38.8732,37.8732,36.8732,34.8732,True,True,True,True
val_confirm,9256409422,2,CW,"[[9.2, 13.3]]",4.1,2-5s,20.4872,True,False,21.02102102102102,False,21.554888221554886,False,22.389055722389056,False,19.61961961961962,False,16.68335001668335,False,13.113113113113114,True,21.82182182182182,False,15.949282615949283,False,20.553887220553886,False,0.0,20,60,0.5339,242,80,4,21.4872,22.4872,23.4872,25.4872,False,False,False,False,19.4872,18.4872,17.4872,15.4872,False,False,False,False
val_confirm,8254300526,1,CW,"[[4.2, 6.3]]",2.1,2-5s,3.7917,True,False,4.416666666666667,True,5.041666666666667,True,5.75,True,2.5416666666666665,False,2.0833333333333335,False,1.2916666666666667,False,4.875,True,2.5416666666666665,False,4.041666666666667,False,0.05,20,55,0.625,148,60,4,4.7917,5.7917,6.7917,8.7917,True,True,False,False,2.7917,1.7917,0.7917,0.0,False,False,False,False
val_confirm,14012319794,3,CW,"[[15.2, 20.2]]",5.0,5-10s,22.0833,True,False,22.333333333333332,False,23.083333333333332,False,24.0,False,21.833333333333332,False,21.0,False,20.0,True,22.458333333333332,False,21.625,False,22.333333333333332,False,0.0,20,116,0.25,381,143,4,23.0833,24.0833,25.0833,27.0833,False,False,False,False,21.0833,20.0833,19.0833,17.0833,False,True,True,True
val_confirm,5702201498,3,CW,"[[0.1, 10.7]]",10.6,>=10s,1.0344,True,True,2.0353666666666665,True,3.036366666666667,True,4.037366666666666,True,,,,,,,2.0687333333333333,True,0.0,False,1.7350666666666668,True,0.7,20,12,1.001,46,13,4,2.0344,3.0344,4.0344,6.0344,True,True,True,True,0.0344,0.0,0.0,0.0,False,False,False,False
val_confirm,6793786769,0,TC,"[[0.0, 42.7]]",42.7,>=10s,15.5417,True,True,16.291666666666668,True,17.541666666666668,True,18.791666666666668,True,15.041666666666666,True,13.791666666666666,True,12.541666666666666,True,16.791666666666668,True,14.083333333333334,True,16.291666666666668,True,0.8,20,37,0.75,155,55,4,16.5417,17.5417,18.5417,20.5417,True,True,True,True,14.5417,13.5417,12.5417,10.5417,True,True,True,True
val_confirm,5863411262,3,TN,"[[5.1, 8.3]]",3.2,2-5s,29.8632,True,False,30.063366666666667,False,30.663966666666667,False,31.06436666666667,False,29.562866666666668,False,29.062366666666666,False,28.561866666666667,False,30.196833333333334,False,26.960266666666666,False,30.063366666666667,False,0.0,20,7,0.2002,136,56,4,30.8632,31.8632,32.8632,34.0,False,False,False,False,28.8632,27.8632,26.8632,24.8632,False,False,False,False
val_confirm,10727696143,1,CW,"[[7.6, 14.6], [33.9, 37.1]]",10.2,>=10s,20.6874,True,False,21.388054721388055,False,21.888555221888556,False,23.089756423089757,False,20.053386720053386,False,19.51951951951952,False,19.11911911911912,False,20.75408742075409,False,20.186853520186855,False,21.388054721388055,False,0.2,20,53,0.7007,260,88,4,21.6874,22.6874,23.6874,25.6874,False,False,False,False,19.6874,18.6874,17.6874,15.6874,False,False,False,False
val_confirm,3124551255,4,CW,"[[59.1, 65]]",5.9,5-10s,11.7117,True,False,12.012,False,12.545866666666667,False,13.013,False,11.5115,False,11.011,False,10.5105,False,13.947266666666668,False,10.944266666666667,False,12.012,False,0.05,20,97,0.3003,263,118,4,12.7117,13.7117,14.7117,16.7117,False,False,False,False,10.7117,9.7117,8.7117,6.7117,False,False,False,False
val_confirm,2547885226,4,TP,"[[6.0, 11.4]]",5.4,5-10s,12.5792,True,False,13.013,False,,,,,12.479133333333333,False,12.012,False,11.5115,False,13.546866666666666,False,8.274933333333333,True,12.9129,False,0.0,20,1,0.4338,55,22,4,13.5792,14.0,14.0,14.0,False,False,False,False,11.5792,10.5792,9.5792,7.5792,False,True,True,True
val_confirm,3784543730,2,CW,"[[25.2, 28]]",2.8,2-5s,10.8775,True,False,11.011,False,11.5115,False,12.012,False,10.643966666666667,False,9.576233333333333,False,9.009,False,13.046366666666668,False,10.744066666666667,False,10.977633333333333,False,0.2,20,31,0.1335,115,49,4,11.8775,12.8775,13.8775,15.8775,False,False,False,False,9.8775,8.8775,7.8775,5.8775,False,False,False,False
val_confirm,4658396458,0,CW,"[[5.0, 14.3]]",9.3,5-10s,54.7083,True,False,55.0,False,55.625,False,56.25,False,54.458333333333336,False,53.75,False,53.25,False,54.75,False,52.416666666666664,False,55.0,False,0.0,20,47,0.2917,289,118,4,55.7083,56.7083,57.7083,59.7083,False,False,False,False,53.7083,52.7083,51.7083,49.7083,False,False,False,False
val_confirm,4123211145,5,TN,"[[23.7, 27.9]]",4.2,2-5s,58.8588,True,False,59.059,False,59.4594,False,60.06,False,58.058,False,57.057,False,56.5565,False,58.992266666666666,False,57.99126666666667,False,58.9589,False,0.0,20,48,0.2002,361,145,4,59.8588,60.8588,61.8588,63.8588,False,False,False,False,57.8588,56.8588,55.8588,53.8588,False,False,False,False
val_confirm,4273039295,12,TN,"[[69.6, 84.1]]",14.5,>=10s,72.6,True,True,73.2,True,74.4,True,74.88,True,72.48,True,72.0,True,70.8,True,73.12,True,72.52,True,73.08,True,0.75,20,19,0.6,296,109,4,73.6,74.6,75.6,77.6,True,True,True,True,71.6,70.6,69.6,67.6,True,True,True,False
val_confirm,3066064005,7,TN,"[[1.7, 7.2]]",5.5,5-10s,11.9453,True,False,12.012,False,12.5125,False,13.013,False,11.6116,False,11.011,False,10.643966666666667,False,13.046366666666668,False,10.176833333333333,False,12.012,False,0.0,20,26,0.0667,110,46,4,12.9453,13.9453,14.9453,16.9453,False,False,False,False,10.9453,9.9453,8.9453,6.9453,False,False,False,True
val_confirm,7651639778,0,CW,"[[0.1, 55.9]]",55.8,>=10s,53.8872,True,True,54.08736666666667,True,54.58786666666666,True,55.088366666666666,True,53.586866666666666,True,53.08636666666666,True,52.685966666666666,True,56.5565,False,51.98526666666667,True,54.08736666666667,True,0.25,20,19,0.2002,263,100,4,54.8872,55.8872,56.8872,58.8872,True,True,False,False,52.8872,51.8872,50.8872,48.8872,True,True,True,True
val_confirm,4635309062,7,TC,"[[0.4, 43.1], [57.5, 68.9]]",54.1,>=10s,22.022,True,True,22.455766666666666,True,23.023,True,23.456766666666667,True,21.5215,True,21.021,True,20.4204,True,25.392033333333334,True,21.087733333333333,True,22.2222,True,0.8,20,79,0.4338,278,116,4,23.022,24.022,25.022,27.022,True,True,True,True,21.022,20.022,19.022,17.022,True,True,True,True
val_confirm,5603283408,0,CW,"[[0.2, 2.3], [9.6, 11.8], [19.5, 21.6], [25.5, 29.6]]",10.5,>=10s,19.6863,True,True,20.061708333333332,True,20.812458333333332,True,21.312958333333334,True,19.185833333333335,False,18.560208333333332,False,17.559208333333334,False,21.18783333333333,True,18.685333333333332,False,19.936583333333335,True,0.45,20,17,0.3754,102,41,4,20.6863,21.6863,22.6863,24.6863,True,False,False,False,18.6863,17.6863,16.6863,14.6863,False,False,False,False
val_confirm,5603283408,2,TN,"[[2.1, 9.4]]",7.3,5-10s,12.5542,True,False,13.304958333333333,False,13.805458333333334,False,15.056708333333333,False,11.803458333333333,False,11.302958333333333,False,10.051708333333334,False,13.805458333333332,False,12.178833333333332,False,13.304958333333333,False,0.0,20,26,0.7508,102,41,4,13.5542,14.5542,15.5542,17.5542,False,False,False,False,11.5542,10.5542,9.5542,7.5542,False,False,False,True
val_confirm,7887764754,3,TN,"[[0.2, 3.3], [22.6, 24.6]]",5.1,5-10s,33.0664,True,False,34.067366666666665,False,35.06836666666667,False,,,32.565866666666665,False,32.06536666666667,False,31.564866666666667,False,33.96726666666667,False,32.16546666666667,False,33.767066666666665,False,0.0,20,2,1.001,143,58,4,34.0664,35.0,35.0,35.0,False,False,False,False,32.0664,31.0664,30.0664,28.0664,False,False,False,False
val_confirm,3562017845,0,TN,"[[1.7, 5.4]]",3.7,2-5s,19.019,True,False,20.02,False,20.5205,False,21.021,False,18.018,False,17.5175,False,17.017,False,21.421400000000002,False,18.651966666666667,False,19.085733333333334,False,0.0,20,34,1.001,160,65,4,20.019,21.019,22.019,24.019,False,False,False,False,18.019,17.019,16.019,14.019,False,False,False,False
val_confirm,9213637099,4,CW,"[[35.9, 44.2]]",8.3,5-10s,35.5417,True,False,36.458333333333336,True,36.916666666666664,True,37.958333333333336,True,35.375,False,34.875,False,32.625,False,39.791666666666664,True,34.041666666666664,False,35.625,False,0.15,20,28,0.9167,162,64,4,36.5417,37.5417,38.5417,40.5417,True,True,True,True,34.5417,33.5417,32.5417,30.5417,False,False,False,False
val_confirm,2835125654,3,CW,"[[22.8, 25.1]]",2.3,2-5s,8.408,True,False,9.009,False,10.01,False,10.61,False,8.008,False,7.474,False,7.007,False,8.44186046511628,False,6.840242669362993,False,9.009,False,0.0,20,66,0.601,189,80,4,9.408,10.408,11.408,13.408,False,False,False,False,7.408,6.408,5.408,3.408,False,False,False,False
val_confirm,9256409422,6,CW,"[[17.6, 25.6]]",8.0,5-10s,70.4705,True,False,71.57157157157157,False,72.17217217217217,False,72.77277277277277,False,70.07007007007007,False,69.20253586920253,False,67.60093426760093,False,70.80413747080414,False,69.70303636970304,False,71.30463797130464,False,0.0,20,7,1.1011,242,80,4,71.4705,72.4705,73.4705,75.4705,False,False,False,False,69.4705,68.4705,67.4705,65.4705,False,False,False,False
val_confirm,3066064005,5,CH,"[[0.7, 2.4]]",1.7,<2s,0.6673,True,False,1.001,True,1.6349666666666667,True,2.002,True,0.33366666666666667,False,,,,,1.8018,True,0.0,False,0.9676333333333333,True,0.05,20,45,0.3337,110,46,4,1.6673,2.6673,3.6673,5.6673,True,False,False,False,0.0,0.0,0.0,0.0,False,False,False,False
val_confirm,4483447009,1,CW,"[[8.8, 25.2]]",16.4,>=10s,8.8755,True,True,9.009,True,9.5095,True,10.01,True,8.4084,False,8.008,False,7.007,False,8.908900000000001,True,7.540866666666667,False,9.009,True,1.0,20,30,0.1335,104,46,4,9.8755,10.8755,11.8755,13.8755,True,True,True,True,7.8755,6.8755,5.8755,3.8755,False,False,False,False
val_confirm,6136926089,4,CH,"[[30.9, 36.0]]",5.1,5-10s,33.3667,True,True,33.86716666666667,True,34.46776666666667,True,34.86816666666667,True,33.2332,True,32.79943333333333,True,32.3323,True,36.036,False,26.960266666666666,False,33.70033333333333,True,0.15,20,27,0.5005,237,80,4,34.3667,35.3667,36.3667,38.3667,True,True,False,False,32.3667,31.3667,30.3667,28.3667,True,True,False,False
val_confirm,2552130183,4,CW,"[[9.0, 12.1]]",3.1,2-5s,42.709,True,False,43.043,False,43.576,False,44.044,False,42.509,False,42.042,False,41.574,False,43.2103134479272,False,39.606673407482305,False,42.909,False,0.0,20,80,0.334,361,151,4,43.709,44.709,45.709,47.709,False,False,False,False,41.709,40.709,39.709,37.709,False,False,False,False
val_confirm,6018514357,1,TN,"[[14.5, 36.9]]",22.4,>=10s,4.3377,True,False,5.038366666666667,False,5.538866666666666,False,6.039366666666667,False,4.037366666666666,False,3.5368666666666666,False,3.036366666666667,False,4.938266666666666,False,3.937266666666667,False,4.738066666666667,False,0.55,20,67,0.7007,171,74,4,5.3377,6.3377,7.3377,9.3377,False,False,False,False,3.3377,2.3377,1.3377,0.0,False,False,False,False
val_confirm,6205856607,2,TN,"[[19.3, 29.7]]",10.4,>=10s,17.8512,True,False,18.051366666666667,False,18.651966666666667,False,19.052366666666668,False,17.650966666666665,False,17.050366666666665,False,16.449766666666665,False,19.285933333333332,False,17.283933333333334,False,18.051366666666667,False,0.6,20,29,0.2002,131,56,4,18.8512,19.8512,20.8512,22.8512,False,True,True,True,16.8512,15.8512,14.8512,12.8512,False,False,False,False
val_confirm,9873067604,2,CH,"[[4.0, 7.3]]",3.3,2-5s,4.6296,True,True,5.714047380714048,True,6.631631631631632,True,7.173840507173841,True,4.004004004004004,True,2.9195862529195864,False,2.002002002002002,False,5.797464130797464,True,4.045712379045712,True,4.7964631297964635,True,0.0,20,36,1.0844,118,42,4,5.6296,6.6296,7.6296,9.6296,True,True,False,False,3.6296,2.6296,1.6296,0.0,False,False,False,False
val_confirm,5840177726,4,CW,"[[2.2, 8.0]]",5.8,5-10s,6.7734,True,True,7.374033333333333,True,7.741066666666667,True,8.1081,False,6.039366666666667,True,5.5055,True,5.038366666666667,True,7.574233333333334,True,3.8371666666666666,True,7.374033333333333,True,0.15,20,9,0.6006,55,19,4,7.7734,8.7734,9.7734,11.7734,True,False,False,False,5.7734,4.7734,3.7734,1.7734,True,True,True,False
val_confirm,6018514357,0,TC,"[[16.6, 18.6]]",2.0,2-5s,38.8388,True,False,39.07236666666667,False,39.67296666666667,False,40.073366666666665,False,38.07136666666667,False,37.57086666666667,False,37.070366666666665,False,41.07436666666667,False,36.97026666666667,False,38.9389,False,0.0,20,7,0.2336,171,74,4,39.8388,40.8388,41.8388,43.0,False,False,False,False,37.8388,36.8388,35.8388,33.8388,False,False,False,False
val_confirm,5889898795,7,CH,"[[79.9, 82.6]]",2.7,2-5s,73.2732,True,False,73.6736,False,74.10736666666666,False,74.6746,False,72.6726,False,72.13873333333333,False,71.6716,False,73.5735,False,68.6686,False,73.5735,False,0.15,20,29,0.4004,450,145,4,74.2732,75.2732,76.2732,78.2732,False,False,False,False,72.2732,71.2732,70.2732,68.2732,False,False,False,False
val_confirm,2810112808,6,CW,"[[38.6, 42.3], [51.9, 57.5]]",9.3,5-10s,79.9465,True,False,80.08,False,80.6806,False,81.081,False,79.4794,False,79.079,False,78.51176666666667,False,82.01526666666666,False,78.14473333333333,False,80.08,False,0.0,20,18,0.1335,356,157,4,80.9465,81.9465,82.9465,84.9465,False,False,False,False,78.9465,77.9465,76.9465,74.9465,False,False,False,False
val_confirm,4757890069,1,CW,"[[11.2, 16.6]]",5.4,5-10s,29.5295,True,False,30.03,False,30.4304,False,31.031,False,29.029,False,28.6286,False,28.028,False,30.063366666666667,False,29.062366666666666,False,29.8298,False,0.0,20,15,0.5005,151,67,4,30.5295,31.5295,32.5295,34.5295,False,False,False,False,28.5295,27.5295,26.5295,24.5295,False,False,False,False
val_confirm,4279106208,4,CW,"[[20.0, 21.7]]",1.7,<2s,20.36,True,True,20.4,True,21.12,True,21.6,True,19.2,False,18.0,False,17.52,False,20.72,True,19.52,False,20.4,True,0.75,20,4,0.04,75,32,4,21.36,22.0,22.0,22.0,True,False,False,False,19.36,18.36,17.36,15.36,False,False,False,False
val_confirm,11276567104,3,TN,"[[28.2, 35.5]]",7.3,5-10s,33.6,True,True,34.0,True,34.8,True,36.0,False,33.28,True,32.48,True,32.0,True,33.88,True,32.84,True,34.0,True,0.15,20,7,0.4,119,45,4,34.6,35.6,36.6,38.6,True,False,False,False,32.6,31.6,30.6,28.6,True,True,True,True
val_confirm,8990144134,0,CH,"[[4.1, 8.1]]",4.0,2-5s,4.4711,True,True,6.006006006006006,True,6.87354020687354,True,7.407407407407407,True,3.870537203870537,False,3.003003003003003,False,2.1354688021354686,False,5.839172505839173,True,4.270937604270938,True,4.604604604604605,True,0.25,20,10,1.5349,48,16,4,5.4711,6.4711,7.4711,9.4711,True,True,True,False,3.4711,2.4711,1.4711,0.0,False,False,False,False
val_confirm,8208035645,3,CW,"[[5.5, 8.9]]",3.4,2-5s,9.6096,True,False,10.043366666666667,False,10.643966666666667,False,11.044366666666667,False,9.042366666666666,False,8.475133333333334,True,8.041366666666667,True,9.9099,False,8.875533333333333,True,9.7097,False,0.0,20,8,0.4338,58,24,4,10.6096,11.6096,12.6096,14.0,False,False,False,False,8.6096,7.6096,6.6096,4.6096,True,True,True,False
val_confirm,4273039295,6,CW,"[[67.1, 71.8]]",4.7,2-5s,72.6,True,False,73.2,False,74.4,False,74.88,False,72.48,False,72.0,False,70.8,True,73.12,False,72.52,False,73.08,False,0.0,20,19,0.6,296,109,4,73.6,74.6,75.6,77.6,False,False,False,False,71.6,70.6,69.6,67.6,True,True,True,True
val_confirm,9208803675,1,CW,"[[0.0, 6.4]]",6.4,5-10s,13.4468,True,False,13.980647313980647,False,15.615615615615615,False,16.68335001668335,False,11.778445111778446,False,9.70970970970971,False,8.341675008341674,False,14.514514514514515,False,12.746079412746079,False,13.713713713713714,False,0.0,20,7,0.5339,62,18,4,14.4468,15.4468,16.4468,18.4468,False,False,False,False,12.4468,11.4468,10.4468,8.4468,False,False,False,False
val_confirm,7651639778,5,CW,"[[63.0, 65]]",2.0,2-5s,53.3867,True,False,53.586866666666666,False,54.08736666666667,False,54.58786666666666,False,53.08636666666666,False,52.685966666666666,False,52.085366666666665,False,56.5565,False,51.98526666666667,False,53.586866666666666,False,0.1,20,20,0.2002,263,100,4,54.3867,55.3867,56.3867,58.3867,False,False,False,False,52.3867,51.3867,50.3867,48.3867,False,False,False,False
val_confirm,4273039295,9,TN,"[[54.0, 59.6]]",5.6,5-10s,60.0,True,False,60.72,False,61.2,False,61.68,False,59.4,True,58.8,True,57.6,True,60.08,False,58.84,True,60.48,False,0.0,20,34,0.72,296,109,4,61.0,62.0,63.0,65.0,False,False,False,False,59.0,58.0,57.0,55.0,True,True,True,True
val_confirm,11565498775,1,CW,"[[14.8, 37.0]]",22.2,>=10s,36.2028,True,True,36.8368,True,37.7377,False,38.60523333333333,False,35.869166666666665,True,35.4354,True,35.035,True,39.773066666666665,False,34.46776666666667,True,36.8368,True,0.1,20,6,0.634,143,59,4,37.2028,38.2028,39.2028,41.0,False,False,False,False,35.2028,34.2028,33.2028,31.2028,True,True,True,True
val_confirm,7499763064,0,TN,"[[2.2, 5.8]]",3.6,2-5s,3.4201,True,True,3.6703333333333332,True,4.129125,True,4.629625,True,3.128125,True,2.544208333333333,True,1.9602916666666668,False,4.170833333333333,True,1.3346666666666667,False,3.6703333333333332,True,0.05,20,27,0.2502,82,32,4,4.4201,5.4201,6.4201,8.4201,True,True,False,False,2.4201,1.4201,0.4201,0.0,True,False,False,False
val_confirm,7651639778,3,CW,"[[32.8, 50.9]]",18.1,>=10s,57.0904,True,False,57.69096666666667,False,58.091366666666666,False,58.49176666666666,False,56.5565,False,56.08936666666666,False,55.58886666666667,False,61.327933333333334,False,56.5565,False,57.69096666666667,False,0.0,20,12,0.6006,263,100,4,58.0904,59.0904,60.0904,62.0904,False,False,False,False,56.0904,55.0904,54.0904,52.0904,False,False,False,False
val_confirm,11565498775,11,TN,"[[36.0, 40.6]]",4.6,2-5s,36.2028,True,True,36.8368,True,37.7377,True,38.60523333333333,True,35.869166666666665,False,35.4354,False,35.035,False,39.773066666666665,True,34.46776666666667,False,36.8368,True,1.0,20,6,0.634,143,59,4,37.2028,38.2028,39.2028,41.0,True,True,True,False,35.2028,34.2028,33.2028,31.2028,False,False,False,False
val_confirm,3066064005,6,TN,"[[12.0, 22.3]]",10.3,>=10s,22.9229,True,False,23.023,False,23.5235,False,24.024,False,22.022,True,21.021,True,20.4204,True,23.757066666666667,False,22.589233333333333,False,23.023,False,0.0,20,7,0.1001,110,46,4,23.9229,24.9229,25.9229,27.0,False,False,False,False,21.9229,20.9229,19.9229,17.9229,True,True,True,True
val_confirm,6793786769,2,CH,"[[0.0, 7.8]]",7.8,5-10s,46.1667,True,False,46.291666666666664,False,46.791666666666664,False,47.541666666666664,False,45.041666666666664,False,43.791666666666664,False,43.166666666666664,False,47.083333333333336,False,45.916666666666664,False,46.25,False,0.0,20,3,0.125,155,55,4,47.1667,48.0,48.0,48.0,False,False,False,False,45.1667,44.1667,43.1667,41.1667,False,False,False,False
val_confirm,9256409422,5,TN,"[[8.7, 12.3]]",3.6,2-5s,62.1622,True,False,62.86286286286286,False,63.59693026359693,False,64.19753086419753,False,60.99432766099433,False,60.46046046046046,False,58.99232565899233,False,64.2308975642309,False,59.15915915915916,False,62.22889556222889,False,0.0,20,16,0.7007,242,80,4,63.1622,64.1622,65.1622,67.1622,False,False,False,False,61.1622,60.1622,59.1622,57.1622,False,False,False,False
val_confirm,3124551255,6,TN,"[[6.0, 8.4]]",2.4,2-5s,6.5065,True,True,7.007,True,7.5075,True,8.008,True,6.006,True,5.005,False,4.5045,False,6.940266666666667,True,5.939266666666667,False,6.6066,True,0.0,20,106,0.5005,263,118,4,7.5065,8.5065,9.5065,11.5065,True,False,False,False,5.5065,4.5065,3.5065,1.5065,False,False,False,False
val_confirm,7651639778,6,CH,"[[32.8, 50.9]]",18.1,>=10s,58.3917,True,False,58.49176666666666,False,59.09236666666666,False,59.69296666666666,False,58.091366666666666,False,57.69096666666667,False,57.09036666666667,False,61.327933333333334,False,56.5565,False,58.49176666666666,False,0.0,20,10,0.1001,263,100,4,59.3917,60.3917,61.3917,63.3917,False,False,False,False,57.3917,56.3917,55.3917,53.3917,False,False,False,False
val_confirm,4658396458,2,CW,"[[23.1, 31.0]]",7.9,5-10s,61.125,True,False,61.25,False,61.875,False,62.5,False,60.0,False,58.75,False,58.125,False,61.916666666666664,False,60.666666666666664,False,61.208333333333336,False,0.0,20,39,0.125,289,118,4,62.125,63.125,64.125,66.125,False,False,False,False,60.125,59.125,58.125,56.125,False,False,False,False
val_confirm,10109097475,2,CW,"[[15.4, 25.3], [64.9, 70.8]]",15.8,>=10s,0.0,True,False,1.0677344010677343,False,1.4681348014681348,False,2.1354688021354686,False,,,,,,,0.3003003003003003,False,,,0.9342676009342676,False,0.2,20,148,1.0677,316,148,4,1.0,2.0,3.0,5.0,False,False,False,False,0.0,0.0,0.0,0.0,False,False,False,False
val_confirm,5586394125,7,TN,"[[0.5, 8.9]]",8.4,5-10s,0.9343,True,True,1.0343666666666667,True,1.5348666666666666,True,2.0353666666666665,True,0.5338666666666667,True,,,,,2.0353666666666665,True,0.5672333333333334,True,1.0343666666666667,True,0.25,20,63,0.1001,151,64,4,1.9343,2.9343,3.9343,5.9343,True,True,True,True,0.0,0.0,0.0,0.0,False,False,False,False
val_confirm,9208803675,0,CW,"[[3.6, 8.0], [9.2, 11.2]]",6.4,5-10s,13.9806,True,False,15.615615615615615,False,16.68335001668335,False,17.250583917250584,False,13.44678011344678,False,11.778445111778446,False,9.70970970970971,True,14.514514514514515,False,12.746079412746079,False,14.04738071404738,False,0.0,20,6,1.635,62,18,4,14.9806,15.9806,16.9806,18.9806,False,False,False,False,12.9806,11.9806,10.9806,8.9806,False,False,True,False
val_confirm,5047408177,4,CW,"[[26.4, 30.5]]",4.1,2-5s,15.5333,True,False,16.0,False,17.0,False,18.0,False,14.0,False,12.8,False,12.0,False,16.4,False,14.533333333333333,False,15.933333333333334,False,0.25,20,24,0.4667,87,34,4,16.5333,17.5333,18.5333,20.5333,False,False,False,False,14.5333,13.5333,12.5333,10.5333,False,False,False,False
val_confirm,5877508141,3,CH,"[[8.5, 9.6]]",1.1,<2s,13.3467,True,False,13.646966666666666,False,14.047366666666667,False,15.048366666666666,False,13.046366666666666,False,12.645966666666666,False,12.045366666666666,False,13.646966666666668,False,12.779433333333333,False,13.646966666666666,False,0.0,20,10,0.3003,79,34,4,14.3467,15.3467,16.3467,18.3467,False,False,False,False,12.3467,11.3467,10.3467,8.3467,False,False,False,False
val_confirm,3469864014,2,CW,"[[2.6, 7.0], [8.0, 11.7], [14.2, 20.2]]",14.1,>=10s,2.6026,True,True,3.003,True,3.6036,True,4.004,True,2.002,False,1.001,False,0.2002,False,4.637966666666666,True,1.2345666666666666,False,2.8028,True,0.5,20,41,0.4004,116,45,4,3.6026,4.6026,5.6026,7.6026,True,True,True,False,1.6026,0.6026,0.0,0.0,False,False,False,False
val_confirm,7508439506,9,TC,"[[0.0, 2.4]]",2.4,2-5s,0.7341,True,True,1.0343666666666667,True,2.0353666666666665,True,2.435766666666667,False,0.23356666666666667,True,,,,,1.0343666666666667,True,0.0,True,1.0343666666666667,True,0.05,20,38,0.3003,103,39,4,1.7341,2.7341,3.7341,5.7341,True,False,False,False,0.0,0.0,0.0,0.0,True,True,True,True
val_confirm,3784543730,3,CH,"[[10.4, 28]]",17.6,>=10s,13.9139,True,True,14.014,True,15.015,True,15.648966666666666,True,13.4134,True,13.013,True,12.379033333333334,True,13.947266666666668,True,13.046366666666668,True,14.014,True,1.0,20,25,0.1001,115,49,4,14.9139,15.9139,16.9139,18.9139,True,True,True,True,12.9139,11.9139,10.9139,8.9139,True,True,True,False
val_confirm,6617533993,8,CW,"[[10.4, 17.8], [27.1, 36.3]]",16.6,>=10s,14.0417,True,True,14.416666666666666,True,15.041666666666666,True,16.291666666666668,True,13.791666666666666,True,13.166666666666666,True,12.541666666666666,True,14.916666666666666,True,13.458333333333334,True,14.416666666666666,True,0.3,20,57,0.375,186,74,4,15.0417,16.0417,17.0417,19.0417,True,True,True,False,13.0417,12.0417,11.0417,9.0417,True,True,True,False
val_confirm,6163877860,4,TN,"[[18.3, 22.9]]",4.6,2-5s,27.4167,True,False,27.541666666666668,False,28.291666666666668,False,28.791666666666668,False,26.791666666666668,False,26.291666666666668,False,25.666666666666668,False,27.833333333333332,False,26.333333333333332,False,27.541666666666668,False,0.0,20,80,0.125,288,116,4,28.4167,29.4167,30.4167,32.4167,False,False,False,False,26.4167,25.4167,24.4167,22.4167,False,False,False,True
val_confirm,10109097475,1,CW,"[[66.9, 77.4]]",10.5,>=10s,0.0,True,False,1.0677344010677343,False,1.4681348014681348,False,2.1354688021354686,False,,,,,,,0.3003003003003003,False,,,0.9342676009342676,False,0.0,20,148,1.0677,316,148,4,1.0,2.0,3.0,5.0,False,False,False,False,0.0,0.0,0.0,0.0,False,False,False,False
val_confirm,8990144134,5,TP,"[[0.0, 2.5]]",2.5,2-5s,9.2759,True,False,9.60960960960961,False,10.944277610944278,False,12.012012012012011,False,9.00900900900901,False,8.341675008341674,False,7.407407407407407,False,9.376042709376042,False,8.375041708375042,False,9.342676009342677,False,0.0,20,5,0.3337,48,16,4,10.2759,11.2759,12.2759,14.2759,False,False,False,False,8.2759,7.2759,6.2759,4.2759,False,False,False,False
val_confirm,4013751996,1,TN,"[[3.9, 7.4]]",3.5,2-5s,2.4608,True,False,2.5025,False,3.25325,False,3.75375,False,1.25125,False,0.375375,False,,,3.6703333333333332,False,0.0,False,2.5025,False,0.1,20,39,0.0417,103,41,4,3.4608,4.4608,5.4608,7.4608,False,True,True,False,1.4608,0.4608,0.0,0.0,False,False,False,False
val_confirm,9873067604,3,CW,"[[15.8, 20.6]]",4.8,2-5s,33.8672,True,False,34.11745078411745,False,34.99332665999333,False,35.70236903570237,False,32.99132465799133,False,32.07374040707374,False,31.57323990657324,False,35.03503503503504,False,32.61594928261595,False,34.034034034034036,False,0.0,20,5,0.2503,118,42,4,34.8672,35.8672,36.8672,38.0,False,False,False,False,32.8672,31.8672,30.8672,28.8672,False,False,False,False
val_confirm,3935853204,1,CW,"[[14.1, 16.5]]",2.4,2-5s,15.3487,True,True,15.6156,True,16.016,True,16.383033333333334,True,15.015,True,14.481133333333334,True,14.014,False,16.483133333333335,True,13.046366666666668,False,15.6156,True,0.05,20,29,0.2669,127,55,4,16.3487,17.3487,18.3487,20.3487,True,False,False,False,14.3487,13.3487,12.3487,10.3487,True,False,False,False
val_confirm,3851961428,2,TN,"[[6.1, 11.5]]",5.4,5-10s,16.016,True,False,16.5165,False,17.017,False,17.5175,False,15.5155,False,15.015,False,14.014,False,16.249566666666666,False,13.947266666666668,False,16.2162,False,0.0,20,92,0.5005,276,122,4,17.016,18.016,19.016,21.016,False,False,False,False,15.016,14.016,13.016,11.016,False,False,False,True
val_confirm,4179163342,2,CW,"[[36.1, 41.8], [41.8, 53.3]]",17.2,>=10s,45.3453,True,True,45.612233333333336,True,46.046,True,47.047,True,45.045,True,44.5445,True,44.044,True,46.11273333333333,True,42.97626666666667,True,45.612233333333336,True,0.15,20,42,0.2669,291,113,4,46.3453,47.3453,48.3453,50.3453,True,True,True,True,44.3453,43.3453,42.3453,40.3453,True,True,True,True
val_confirm,11587211476,2,CW,"[[30.6, 37.4]]",6.8,5-10s,38.2049,True,False,38.67200533867201,False,39.03903903903904,False,39.50617283950617,False,37.80447113780447,False,37.27060393727061,True,36.63663663663664,True,38.33833833833834,False,37.10377043710377,True,38.67200533867201,False,0.0,20,16,0.4671,173,67,4,39.2049,40.2049,41.2049,43.2049,False,False,False,False,37.2049,36.2049,35.2049,33.2049,True,True,True,True
val_confirm,6096998186,4,TN,"[[18.4, 22]]",3.6,2-5s,0.634,True,False,1.0343666666666667,False,1.5348666666666666,False,2.0353666666666665,False,0.5338666666666667,False,,,,,2.0687333333333333,False,0.0,False,0.8341666666666666,False,0.2,20,31,0.4004,90,32,4,1.634,2.634,3.634,5.634,False,False,False,False,0.0,0.0,0.0,0.0,False,False,False,False
val_confirm,8252088130,2,TC,"[[2.8, 13.1]]",10.3,>=10s,8.0414,True,True,9.042366666666666,True,9.442766666666667,True,10.043366666666667,True,7.6076,True,7.040366666666666,True,6.539866666666667,True,8.641966666666667,True,7.040366666666666,True,8.341666666666667,True,0.9,20,11,1.001,58,26,4,9.0414,10.0414,11.0414,13.0414,True,True,True,True,7.0414,6.0414,5.0414,3.0414,True,True,True,True
val_confirm,10727696143,8,TN,"[[29.1, 36.0]]",6.9,5-10s,15.2152,True,False,15.515515515515515,False,15.949282615949283,False,16.58324991658325,False,15.148481815148482,False,14.748081414748082,False,14.04738071404738,False,15.548882215548883,False,14.78144811478145,False,15.515515515515515,False,0.15,20,63,0.3003,260,88,4,16.2152,17.2152,18.2152,20.2152,False,False,False,False,14.2152,13.2152,12.2152,10.2152,False,False,False,False
val_confirm,4635309062,9,CW,"[[44.1, 53.5]]",9.4,5-10s,15.2486,True,False,15.5155,False,16.016,False,16.4164,False,15.015,False,14.547866666666666,False,14.014,False,18.151466666666668,False,13.480133333333333,False,15.5155,False,0.25,20,92,0.2669,278,116,4,16.2486,17.2486,18.2486,20.2486,False,False,False,False,14.2486,13.2486,12.2486,10.2486,False,False,False,False
val_confirm,11565498775,6,TN,"[[21.8, 31.6]]",9.8,5-10s,36.2028,True,False,36.8368,False,37.7377,False,38.60523333333333,False,35.869166666666665,False,35.4354,False,35.035,False,39.773066666666665,False,34.46776666666667,False,36.8368,False,0.0,20,6,0.634,143,59,4,37.2028,38.2028,39.2028,41.0,False,False,False,False,35.2028,34.2028,33.2028,31.2028,False,False,False,True
val_confirm,2547885226,1,CW,"[[12.3, 13.4]]",1.1,<2s,13.013,True,True,,,,,,,12.479133333333333,True,12.012,False,11.5115,False,13.546866666666666,False,8.274933333333333,False,13.1131,True,1.0,20,0,,55,22,4,14.0,14.0,14.0,14.0,False,False,False,False,12.013,11.013,10.013,8.013,False,False,False,False
val_confirm,3502722122,3,CW,"[[14.1, 17.0]]",2.9,2-5s,16.56,True,True,16.8,True,,,,,15.6,True,15.0,True,14.4,True,17.0,True,16.4,True,16.68,True,1.0,20,1,0.24,58,25,4,17.0,17.0,17.0,17.0,True,True,True,True,15.56,14.56,13.56,11.56,True,True,False,False
val_confirm,4087013668,1,TN,"[[2.1, 6.0]]",3.9,2-5s,8.0914,True,False,8.75875,False,9.5095,False,10.01,False,7.5075,False,6.25625,False,5.5055,True,8.925583333333332,False,7.674333333333333,False,8.341666666666667,False,0.0,20,68,0.6673,194,80,4,9.0914,10.0914,11.0914,13.0914,False,False,False,False,7.0914,6.0914,5.0914,3.0914,False,False,True,True
val_confirm,5658916668,7,CH,"[[12.1, 14.0]]",1.9,<2s,14.4478,True,False,14.647966666666667,False,15.048366666666666,False,15.448766666666666,False,14.047366666666667,False,13.6136,True,13.046366666666666,True,14.948266666666667,False,14.047366666666667,False,14.547866666666666,False,0.0,20,12,0.2002,88,37,4,15.4478,16.4478,17.4478,19.4478,False,False,False,False,13.4478,12.4478,11.4478,9.4478,True,True,False,False
val_confirm,9208803675,4,TN,"[[4.3, 9.1]]",4.8,2-5s,13.4468,True,False,13.980647313980647,False,15.615615615615615,False,16.68335001668335,False,11.778445111778446,False,9.70970970970971,False,8.341675008341674,True,14.514514514514515,False,12.746079412746079,False,13.713713713713714,False,0.0,20,7,0.5339,62,18,4,14.4468,15.4468,16.4468,18.4468,False,False,False,False,12.4468,11.4468,10.4468,8.4468,False,False,False,True
val_confirm,3469864014,0,CW,"[[0.0, 4.5]]",4.5,2-5s,1.9353,True,True,2.002,True,2.6026,True,3.003,True,1.001,True,0.2002,True,,,4.637966666666666,False,1.2345666666666666,True,2.002,True,0.05,20,43,0.0667,116,45,4,2.9353,3.9353,4.9353,6.9353,True,True,False,False,0.9353,0.0,0.0,0.0,True,True,True,True
val_confirm,8547321641,3,CW,"[[0.2, 2.1]]",1.9,<2s,0.8675,True,True,1.1011,True,1.4681333333333333,True,2.0353666666666665,True,0.6673333333333333,True,,,,,2.0687333333333333,True,0.0,False,1.1011,True,0.05,20,18,0.2336,51,19,4,1.8675,2.8675,3.8675,5.8675,True,False,False,False,0.0,0.0,0.0,0.0,False,False,False,False
val_confirm,5889898795,2,CW,"[[27.1, 38.5], [38.5, 42.5], [54.4, 60.5], [68.0, 78.2]]",31.7,>=10s,7.5409,True,False,8.041366666666667,False,9.042366666666666,False,9.542866666666667,False,7.040366666666666,False,6.639966666666667,False,6.039366666666667,False,9.075733333333334,False,6.773433333333333,False,7.8078,False,0.25,20,133,0.5005,450,145,4,8.5409,9.5409,10.5409,12.5409,False,False,False,False,6.5409,5.5409,4.5409,2.5409,False,False,False,False
val_confirm,5840177726,2,CW,"[[8.1, 11.7]]",3.6,2-5s,6.7067,True,False,6.773433333333333,False,7.374033333333333,False,7.741066666666667,False,6.039366666666667,False,5.5055,False,5.038366666666667,False,7.574233333333334,False,3.8371666666666666,False,6.740066666666666,False,0.6,20,10,0.0667,55,19,4,7.7067,8.7067,9.7067,11.7067,False,True,True,False,5.7067,4.7067,3.7067,1.7067,False,False,False,False
val_confirm,9528990839,0,CW,"[[0.0, 4.1]]",4.1,2-5s,18.5333,True,False,20.0,False,22.0,False,24.0,False,18.0,False,16.0,False,15.066666666666666,False,22.066666666666666,False,17.0,False,19.333333333333332,False,0.0,20,6,1.4667,58,19,4,19.5333,20.5333,21.5333,23.5333,False,False,False,False,17.5333,16.5333,15.5333,13.5333,False,False,False,False
val_confirm,6136926089,1,CW,"[[0.0, 9.9]]",9.9,5-10s,30.1968,True,False,30.9309,False,31.3313,False,31.865166666666667,False,30.163466666666668,False,29.262566666666668,False,28.061366666666668,False,36.036,False,26.960266666666666,False,30.29693333333333,False,0.0,20,33,0.7341,237,80,4,31.1968,32.1968,33.1968,35.1968,False,False,False,False,29.1968,28.1968,27.1968,25.1968,False,False,False,False
val_confirm,4658396458,5,CH,"[[44.0, 48.3]]",4.3,2-5s,7.125,True,False,7.5,False,8.125,False,8.75,False,6.875,False,6.25,False,5.5,False,7.916666666666667,False,6.833333333333333,False,7.375,False,0.0,20,108,0.375,289,118,4,8.125,9.125,10.125,12.125,False,False,False,False,6.125,5.125,4.125,2.125,False,False,False,False
val_confirm,3124551255,10,TN,"[[58.9, 62.8]]",3.9,2-5s,0.4004,True,False,0.5005,False,1.001,False,1.5015,False,,,,,,,0.9342666666666667,False,0.0,False,0.5005,False,0.0,20,118,0.1001,263,118,4,1.4004,2.4004,3.4004,5.4004,False,False,False,False,0.0,0.0,0.0,0.0,False,False,False,False
val_confirm,8312058649,4,TN,"[[18.8, 22.5]]",3.7,2-5s,22.5417,True,False,23.791666666666668,False,24.291666666666668,False,25.041666666666668,False,21.291666666666668,True,20.541666666666668,True,20.041666666666668,True,22.958333333333332,False,21.833333333333332,True,22.916666666666668,False,0.0,20,9,1.25,104,43,4,23.5417,24.5417,25.5417,27.5417,False,False,False,False,21.5417,20.5417,19.5417,17.5417,True,True,True,False
val_confirm,8177965766,5,TN,"[[18.6, 29]]",10.4,>=10s,0.5417,True,False,1.5416666666666667,False,2.0833333333333335,False,2.5416666666666665,False,0.125,False,,,,,2.7916666666666665,False,0.0,False,1.2916666666666667,False,0.45,20,41,1.0,95,42,4,1.5417,2.5417,3.5417,5.5417,False,False,False,False,0.0,0.0,0.0,0.0,False,False,False,False
val_confirm,3249402410,3,TN,"[[16.0, 20.0]]",4.0,2-5s,2.4024,True,False,3.003,False,3.5035,False,4.004,False,2.002,False,1.001,False,0.2002,False,3.036366666666667,False,1.4681333333333333,False,2.6693333333333333,False,0.25,20,34,0.6006,94,38,4,3.4024,4.4024,5.4024,7.4024,False,False,False,False,1.4024,0.4024,0.0,0.0,False,False,False,False
val_confirm,6136926089,7,TN,"[[18.7, 23.0]]",4.3,2-5s,14.7147,True,False,15.048366666666666,False,15.548866666666667,False,16.049366666666668,False,14.047366666666667,False,13.646966666666666,False,13.046366666666666,False,14.748066666666666,False,13.947266666666668,False,15.048366666666666,False,0.05,20,56,0.3337,237,80,4,15.7147,16.7147,17.7147,19.7147,False,False,False,True,13.7147,12.7147,11.7147,9.7147,False,False,False,False
val_confirm,4822859674,0,CH,"[[0.0, 2.7]]",2.7,2-5s,6.2145,True,False,6.25625,False,6.881875,False,7.5075,False,5.005,False,4.5045,False,3.75375,False,11.553208333333332,False,5.672333333333333,False,6.25625,False,0.0,20,36,0.0417,115,44,4,7.2145,8.2145,9.2145,11.2145,False,False,False,False,5.2145,4.2145,3.2145,1.2145,False,False,False,True
val_confirm,4087013668,2,CW,"[[2.7, 36.4], [40.0, 60.0]]",53.7,>=10s,5.005,True,True,5.5055,True,6.25625,True,7.5075,True,4.5045,True,3.75375,True,3.003,True,5.922583333333333,True,4.671333333333333,True,5.5055,True,0.95,20,72,0.5005,194,80,4,6.005,7.005,8.005,10.005,True,True,True,True,4.005,3.005,2.005,0.005,True,True,False,False
val_confirm,10597533885,2,CW,"[[31.7, 39.1]]",7.4,5-10s,57.4241,True,False,,,,,,,56.72339005672339,False,56.12278945612279,False,55.42208875542209,False,57.65765765765766,False,55.35535535535536,False,57.62429095762429,False,0.0,20,0,,204,95,4,58.0,58.0,58.0,58.0,False,False,False,False,56.4241,55.4241,54.4241,52.4241,False,False,False,False
val_confirm,4626535366,9,TN,"[[44.2, 48.8]]",4.6,2-5s,44.7447,True,True,45.045,True,45.5455,True,46.046,True,44.044,False,43.043,False,42.042,False,46.980266666666665,True,42.97626666666667,False,44.9449,True,0.85,20,8,0.3003,196,84,4,45.7447,46.7447,47.7447,49.0,True,True,True,False,43.7447,42.7447,41.7447,39.7447,False,False,False,False
val_confirm,6136926089,2,CW,"[[9.9, 13.0]]",3.1,2-5s,8.5419,True,False,9.042366666666666,False,9.542866666666667,False,9.943266666666666,True,8.041366666666667,False,7.4074,False,7.007,False,9.042366666666666,False,8.274933333333333,False,8.742066666666666,False,0.05,20,65,0.5005,237,80,4,9.5419,10.5419,11.5419,13.5419,False,True,True,False,7.5419,6.5419,5.5419,3.5419,False,False,False,False
val_confirm,5323654756,8,CH,"[[0.2, 67.8]]",67.6,>=10s,32.4991,True,True,33.033,True,33.5335,True,34.034,True,32.032,True,31.4314,True,31.031,True,37.971266666666665,True,32.06536666666667,True,32.999633333333335,True,1.0,20,50,0.5339,272,104,4,33.4991,34.4991,35.4991,37.4991,True,True,True,True,31.4991,30.4991,29.4991,27.4991,True,True,True,True
val_confirm,2716277960,5,CH,"[[4.2, 10.8]]",6.6,5-10s,9.876,True,True,10.01,True,10.477,True,11.011,False,9.409,True,9.009,True,8.508,True,10.31041456016178,True,9.17593528816987,True,10.01,True,0.25,20,6,0.134,56,22,4,10.876,11.876,12.876,13.0,False,False,False,False,8.876,7.876,6.876,4.876,True,True,True,True
val_confirm,3452354871,9,TC,"[[7.4, 9.9]]",2.5,2-5s,4.004,True,False,4.5045,False,5.005,False,5.4054,False,3.6036,False,3.003,False,2.002,False,4.537866666666667,False,2.9362666666666666,False,4.5045,False,0.2,20,23,0.5005,69,30,4,5.004,6.004,7.004,9.004,False,False,False,True,3.004,2.004,1.004,0.0,False,False,False,False
val_confirm,3249402410,2,CH,"[[2.1, 5.5], [10.0, 12.0]]",5.4,5-10s,2.4024,True,True,3.003,True,3.5035,True,4.004,True,2.002,False,1.001,False,0.2002,False,3.036366666666667,True,1.4681333333333333,False,2.6693333333333333,True,0.25,20,34,0.6006,94,38,4,3.4024,4.4024,5.4024,7.4024,True,True,True,False,1.4024,0.4024,0.0,0.0,False,False,False,False
val_confirm,7887764754,7,TN,"[[24.3, 29.9], [31.9, 34.2]]",7.9,5-10s,33.0664,True,True,34.067366666666665,True,35.06836666666667,False,,,32.565866666666665,True,32.06536666666667,True,31.564866666666667,False,33.96726666666667,True,32.16546666666667,True,33.767066666666665,True,0.35,20,2,1.001,143,58,4,34.0664,35.0,35.0,35.0,True,False,False,False,32.0664,31.0664,30.0664,28.0664,True,False,False,True
val_confirm,3562017845,1,CW,"[[1.7, 5.5]]",3.8,2-5s,19.019,True,False,20.02,False,20.5205,False,21.021,False,18.018,False,17.5175,False,17.017,False,21.421400000000002,False,18.651966666666667,False,19.085733333333334,False,0.0,20,34,1.001,160,65,4,20.019,21.019,22.019,24.019,False,False,False,False,18.019,17.019,16.019,14.019,False,False,False,False
val_confirm,8547321641,0,CW,"[[9.0, 10.9]]",1.9,<2s,10.5439,True,True,10.777433333333333,True,,,,,10.143466666666667,True,9.776433333333333,True,8.775433333333334,False,10.9109,False,8.308300000000001,False,10.777433333333333,True,1.0,20,1,0.2336,51,19,4,11.0,11.0,11.0,11.0,False,False,False,False,9.5439,8.5439,7.5439,5.5439,True,False,False,False
val_confirm,2716277960,1,CW,"[[4.2, 10.8]]",6.6,5-10s,9.876,True,True,10.01,True,10.477,True,11.011,False,9.409,True,9.009,True,8.508,True,10.31041456016178,True,9.17593528816987,True,10.01,True,0.15,20,6,0.134,56,22,4,10.876,11.876,12.876,13.0,False,False,False,False,8.876,7.876,6.876,4.876,True,True,True,True
val_confirm,2821968703,1,CW,"[[2.2, 5.1], [6.4, 13.9], [24.4, 27.9]]",13.9,>=10s,26.7267,True,True,26.8268,True,28.028,False,28.4284,False,25.9259,True,25.025,True,24.591233333333335,True,27.427400000000002,True,26.493133333333333,True,26.760066666666667,True,0.35,20,4,0.1001,120,44,4,27.7267,28.7267,29.7267,30.0,True,False,False,False,25.7267,24.7267,23.7267,21.7267,True,True,False,False
val_confirm,5323654756,5,CW,"[[1.5, 67.7]]",66.2,>=10s,7.8412,True,True,8.008,True,8.5085,True,9.009,True,7.6076,True,7.007,True,6.006,True,10.944266666666667,True,7.6409666666666665,True,8.008,True,1.0,20,90,0.1668,272,104,4,8.8412,9.8412,10.8412,12.8412,True,True,True,True,6.8412,5.8412,4.8412,2.8412,True,True,True,True
val_confirm,11276567104,8,TP,"[[8.7, 16.5]]",7.8,5-10s,25.28,True,False,26.0,False,27.12,False,28.0,False,24.64,False,24.0,False,23.56,False,26.68,False,24.76,False,25.6,False,0.0,20,17,0.72,119,45,4,26.28,27.28,28.28,30.28,False,False,False,False,24.28,23.28,22.28,20.28,False,False,False,False
val_confirm,2821968703,6,TN,"[[21.6, 28.2]]",6.6,5-10s,25.8258,True,True,25.9259,True,26.8268,True,28.028,True,25.025,True,24.591233333333335,True,24.024,True,26.493133333333333,True,24.891533333333335,True,25.9259,True,0.85,20,5,0.1001,120,44,4,26.8258,27.8258,28.8258,30.0,True,True,False,False,24.8258,23.8258,22.8258,20.8258,True,True,True,False
val_confirm,11565498775,4,CW,"[[21.2, 27.2]]",6.0,5-10s,35.5689,True,False,35.869166666666665,False,36.8368,False,37.7377,False,35.4354,False,35.035,False,34.10073333333333,False,39.773066666666665,False,34.46776666666667,False,35.6356,False,0.0,20,7,0.3003,143,59,4,36.5689,37.5689,38.5689,40.5689,False,False,False,False,34.5689,33.5689,32.5689,30.5689,False,False,False,False
val_confirm,9735768590,9,TP,"[[17.6, 20.6]]",3.0,2-5s,1.0677,True,False,1.5682349015682349,False,2.002002002002002,False,3.1364698031364697,False,,,,,,,1.6349683016349683,False,0.7340674007340674,False,1.4681348014681348,False,0.0,20,27,0.5005,80,28,4,2.0677,3.0677,4.0677,6.0677,False,False,False,False,0.0677,0.0,0.0,0.0,False,False,False,False
val_confirm,3452354871,3,CW,"[[7.5, 9.8]]",2.3,2-5s,5.5055,True,False,6.006,False,6.4064,False,7.007,False,5.4054,False,5.005,False,4.5045,False,7.273933333333334,False,4.537866666666667,False,5.8058,False,0.3,20,20,0.5005,69,30,4,6.5055,7.5055,8.5055,10.5055,False,True,True,False,4.5055,3.5055,2.5055,0.5055,False,False,False,False
val_confirm,4136617240,6,TN,"[[7.1, 13.6]]",6.5,5-10s,80.08,True,False,80.5805,False,81.081,False,82.082,False,79.64623333333333,False,79.079,False,78.078,False,80.74733333333333,False,79.01226666666666,False,80.5805,False,0.0,20,17,0.5005,360,156,4,81.08,82.08,83.08,85.08,False,False,False,False,79.08,78.08,77.08,75.08,False,False,False,False
val_confirm,4179163342,9,TN,"[[52.9, 61.1]]",8.2,5-10s,7.4074,True,False,8.008,False,8.5085,False,9.009,False,7.007,False,6.4064,False,6.006,False,7.741066666666667,False,6.139466666666666,False,7.7077,False,0.05,20,99,0.6006,291,113,4,8.4074,9.4074,10.4074,12.4074,False,False,False,False,6.4074,5.4074,4.4074,2.4074,False,False,False,False
val_confirm,4626535366,1,CW,"[[5.5, 7.9]]",2.4,2-5s,13.5135,True,False,14.014,False,14.4144,False,15.015,False,13.013,False,12.5125,False,12.012,False,15.949266666666666,False,6.940266666666667,True,13.7137,False,0.0,20,59,0.5005,196,84,4,14.5135,15.5135,16.5135,18.5135,False,False,False,False,12.5135,11.5135,10.5135,8.5135,False,False,False,False
val_confirm,10727696143,6,TN,"[[39.1, 43.5]]",4.4,2-5s,25.8926,True,False,27.09376042709376,False,27.99466132799466,False,29.095762429095764,False,24.758091424758092,False,24.290957624290957,False,23.890557223890557,False,26.326326326326328,False,24.858191524858192,False,25.959292625959293,False,0.15,20,46,1.2012,260,88,4,26.8926,27.8926,28.8926,30.8926,False,False,False,False,24.8926,23.8926,22.8926,20.8926,False,False,False,False
val_confirm,4126010904,4,TN,"[[10.2, 18.3]]",8.1,5-10s,1.001,True,False,1.25125,False,2.002,False,2.5025,False,0.5005,False,,,,,1.4597916666666666,False,0.5839166666666666,False,1.126125,False,0.0,20,88,0.2503,227,89,4,2.001,3.001,4.001,6.001,False,False,False,False,0.001,0.0,0.0,0.0,False,False,False,False
val_confirm,4822859674,3,CH,"[[16.8, 20.1]]",3.3,2-5s,2.8779,True,False,3.75375,False,4.5045,False,5.005,False,2.5025,False,1.876875,False,1.25125,False,5.672333333333333,False,1.001,False,3.378375,False,0.05,20,39,0.8759,115,44,4,3.8779,4.8779,5.8779,7.8779,False,False,False,False,1.8779,0.8779,0.0,0.0,False,False,False,False
val_confirm,11276567104,6,TC,"[[37.3, 39.6]]",2.3,2-5s,36.64,True,False,37.24,False,38.0,True,38.8,True,36.52,False,36.0,False,34.8,False,39.12,True,34.84,False,36.84,False,0.8,20,3,0.6,119,45,4,37.64,38.64,39.64,40.0,True,True,False,False,35.64,34.64,33.64,31.64,False,False,False,False
val_confirm,3452354871,0,CW,"[[1.0, 5.4]]",4.4,2-5s,7.007,True,False,7.5075,False,8.008,False,9.009,False,6.4064,False,6.006,False,5.4054,False,7.273933333333334,False,4.537866666666667,True,7.5075,False,0.0,20,17,0.5005,69,30,4,8.007,9.007,10.007,12.007,False,False,False,False,6.007,5.007,4.007,2.007,False,True,True,True
val_confirm,13884293626,7,TN,"[[50.0, 55.1]]",5.1,5-10s,133.5128,True,False,133.7796963630297,False,135.24783116449782,False,136.04863196529863,False,132.4783950617284,False,132.077994661328,False,131.41066066066065,False,135.43543543543544,False,132.29896563229897,False,133.57949616282949,False,0.0,20,62,0.2669,632,267,4,134.5128,135.5128,136.5128,138.5128,False,False,False,False,132.5128,131.5128,130.5128,128.5128,False,False,False,False
val_confirm,6329077812,3,CW,"[[28.1, 32.8]]",4.7,2-5s,2.0354,True,False,3.036366666666667,False,3.6369666666666665,False,4.037366666666666,False,1.5348666666666666,False,1.0343666666666667,False,0.5338666666666667,False,2.435766666666667,False,1.8351666666666666,False,2.2355666666666667,False,0.15,20,89,1.001,246,93,4,3.0354,4.0354,5.0354,7.0354,False,False,False,False,1.0354,0.0354,0.0,0.0,False,False,False,False
val_confirm,7691172922,5,TC,"[[19.4, 23.6]]",4.2,2-5s,36.6366,True,False,37.6376,False,38.038,False,39.039,False,36.036,False,35.035,False,34.60123333333333,False,43.77706666666667,False,33.9339,False,36.66996666666667,False,0.0,20,18,1.001,216,76,4,37.6366,38.6366,39.6366,41.6366,False,False,False,False,35.6366,34.6366,33.6366,31.6366,False,False,False,False
val_confirm,6617533993,9,CW,"[[13.3, 19.3]]",6.0,5-10s,23.4167,True,False,23.791666666666668,False,25.041666666666668,False,25.541666666666668,False,23.041666666666668,False,22.541666666666668,False,22.041666666666668,False,24.208333333333332,False,17.416666666666668,True,23.666666666666668,False,0.0,20,44,0.375,186,74,4,24.4167,25.4167,26.4167,28.4167,False,False,False,False,22.4167,21.4167,20.4167,18.4167,False,False,False,True
val_confirm,2835125654,0,CW,"[[0.2, 3.2]]",3.0,2-5s,1.735,True,True,2.002,True,2.535,True,3.003,True,1.001,True,0.533,True,0.1,False,2.2022244691607686,True,1.2012133468149646,True,2.002,True,0.0,20,77,0.267,189,80,4,2.735,3.735,4.735,6.735,True,False,False,False,0.735,0.0,0.0,0.0,True,False,False,False
val_confirm,11587211476,6,CH,"[[0.1, 8.6]]",8.5,5-10s,26.7935,True,False,28.02802802802803,False,28.862195528862195,False,29.52952952952953,False,26.760093426760093,False,26.026026026026027,False,25.592258925592258,False,26.960293626960294,False,25.959292625959293,False,26.926926926926928,False,0.0,20,32,1.2346,173,67,4,27.7935,28.7935,29.7935,31.7935,False,False,False,False,25.7935,24.7935,23.7935,21.7935,False,False,False,False
val_confirm,4635309062,5,TN,"[[0.2, 7.6]]",7.4,5-10s,38.5051,True,False,39.039,False,39.50613333333333,False,40.04,False,38.4384,False,38.038,False,37.4374,False,38.938900000000004,False,37.87116666666667,False,38.571866666666665,False,0.0,20,50,0.5339,278,116,4,39.5051,40.5051,41.5051,43.5051,False,False,False,False,37.5051,36.5051,35.5051,33.5051,False,False,False,False
val_confirm,2885091387,8,CW,"[[6.9, 29.8]]",22.9,>=10s,30.7307,True,False,31.031,False,31.5315,False,32.032,False,30.03,False,29.029,True,28.028,True,30.964266666666667,False,29.162466666666667,True,31.031,False,0.0,20,8,0.3003,143,50,4,31.7307,32.7307,33.7307,35.7307,False,False,False,False,29.7307,28.7307,27.7307,25.7307,True,True,True,True
val_confirm,4123211145,4,CW,"[[33.3, 45.7]]",12.4,>=10s,58.058,True,False,59.059,False,59.4594,False,60.06,False,57.057,False,56.5565,False,56.056,False,58.992266666666666,False,57.99126666666667,False,58.3583,False,0.0,20,48,1.001,361,145,4,59.058,60.058,61.058,63.058,False,False,False,False,57.058,56.058,55.058,53.058,False,False,False,False
val_confirm,6096998186,2,TN,"[[6.0, 18.6]]",12.6,>=10s,0.634,True,False,1.0343666666666667,False,1.5348666666666666,False,2.0353666666666665,False,0.5338666666666667,False,,,,,2.0687333333333333,False,0.0,False,0.8341666666666666,False,0.7,20,31,0.4004,90,32,4,1.634,2.634,3.634,5.634,False,False,False,False,0.0,0.0,0.0,0.0,False,False,False,False
val_confirm,3452354871,2,CW,"[[8.2, 11.4]]",3.2,2-5s,5.5055,True,False,6.006,False,6.4064,False,7.007,False,5.4054,False,5.005,False,4.5045,False,7.273933333333334,False,4.537866666666667,False,5.8058,False,0.45,20,20,0.5005,69,30,4,6.5055,7.5055,8.5055,10.5055,False,False,True,True,4.5055,3.5055,2.5055,0.5055,False,False,False,False
val_confirm,5863411262,1,TN,"[[22.7, 27.4]]",4.7,2-5s,18.7521,True,False,19.052366666666668,False,19.452766666666665,False,20.053366666666665,False,18.051366666666667,False,17.550866666666668,False,17.050366666666665,False,19.652966666666668,False,18.351666666666667,False,18.852166666666665,False,0.25,20,27,0.3003,136,56,4,19.7521,20.7521,21.7521,23.7521,False,False,False,True,17.7521,16.7521,15.7521,13.7521,False,False,False,False
val_confirm,3843551232,5,CH,"[[17.1, 19.9]]",2.8,2-5s,1.9019,True,False,2.002,False,2.6026,False,3.003,False,1.001,False,0.5005,False,,,3.2365666666666666,False,1.0677333333333334,False,2.002,False,0.05,20,37,0.1001,94,39,4,2.9019,3.9019,4.9019,6.9019,False,False,False,False,0.9019,0.0,0.0,0.0,False,False,False,False
val_confirm,2835125654,4,CH,"[[28.1, 37.2]]",9.1,5-10s,33.933,True,True,34.034,True,34.434,True,35.035,True,33.033,True,32.532,True,32.032,True,34.601617795753285,True,33.80080889787664,True,34.034,True,0.15,20,21,0.101,189,80,4,34.933,35.933,36.933,38.933,True,True,True,False,32.933,31.933,30.933,28.933,True,True,True,True
val_confirm,10727696143,7,TP,"[[0.2, 4.5]]",4.3,2-5s,6.4064,True,False,7.040373707040374,False,7.674341007674341,False,8.608608608608609,False,6.172839506172839,False,5.739072405739073,False,5.2385719052385715,False,8.375041708375042,False,4.337671004337671,True,6.439773106439773,False,0.0,20,77,0.634,260,88,4,7.4064,8.4064,9.4064,11.4064,False,False,False,False,5.4064,4.4064,3.4064,1.4064,False,True,True,True
val_confirm,4179163342,0,CW,"[[5.1, 15.8]]",10.7,>=10s,14.4144,True,True,15.015,True,15.4154,True,16.016,False,14.014,True,13.4134,True,13.013,True,14.948266666666667,True,13.079733333333333,True,14.5145,True,0.1,20,86,0.6006,291,113,4,15.4144,16.4144,17.4144,19.4144,True,False,False,False,13.4144,12.4144,11.4144,9.4144,True,True,True,True
val_confirm,6205856607,0,TC,"[[6.0, 7.8], [10.5, 16.2], [20.7, 24.0], [25.8, 29.6]]",14.6,>=10s,20.654,True,False,21.054366666666667,True,21.654966666666667,True,22.055366666666668,True,20.053366666666665,False,19.652966666666668,False,19.052366666666668,False,21.287933333333335,True,19.953266666666668,False,20.954266666666665,True,0.6,20,23,0.4004,131,56,4,21.654,22.654,23.654,25.654,True,True,True,False,19.654,18.654,17.654,15.654,False,False,False,True
val_confirm,4983922034,1,CW,"[[1.4, 3.1]]",1.7,<2s,4.004,True,False,5.005,False,5.4054,False,6.006,False,3.4034,False,3.003,True,2.6026,True,4.8048,False,2.9362666666666666,True,4.037366666666666,False,0.0,20,17,1.001,64,26,4,5.004,6.004,7.004,9.004,False,False,False,False,3.004,2.004,1.004,0.0,True,True,False,False
val_confirm,5658916668,8,CW,"[[12.1, 15.8]]",3.7,2-5s,15.2486,True,True,15.448766666666666,True,16.049366666666668,False,17.050366666666665,False,15.048366666666666,True,14.647966666666667,True,14.047366666666667,True,15.782433333333334,True,14.948266666666667,True,15.448766666666666,True,0.0,20,10,0.2002,88,37,4,16.2486,17.2486,18.2486,20.2486,False,False,False,False,14.2486,13.2486,12.2486,10.2486,True,True,True,False
val_confirm,5603283408,4,TC,"[[0.4, 31.6]]",31.2,>=10s,3.7955,True,True,5.046708333333333,True,5.6723333333333334,True,6.297958333333334,True,2.544208333333333,True,1.7934583333333334,True,1.2929583333333334,True,5.338666666666667,True,2.6693333333333333,True,4.045708333333334,True,1.0,20,36,1.2512,102,41,4,4.7955,5.7955,6.7955,8.7955,True,True,True,True,2.7955,1.7955,0.7955,0.0,True,True,True,False
val_confirm,3939145327,4,CW,"[[18.5, 24.2]]",5.7,5-10s,31.4314,True,False,32.032,False,32.5325,False,33.033,False,31.031,False,30.03,False,29.029,False,32.699333333333335,False,31.164466666666666,False,31.6316,False,0.0,20,15,0.6006,160,72,4,32.4314,33.4314,34.4314,36.4314,False,False,False,False,30.4314,29.4314,28.4314,26.4314,False,False,False,False
val_confirm,5323654756,2,TC,"[[0.2, 9.8]]",9.6,5-10s,30.4304,True,False,31.031,False,31.4314,False,32.032,False,30.03,False,29.5295,False,29.029,False,32.06536666666667,False,28.962266666666668,False,30.5305,False,0.0,20,54,0.6006,272,104,4,31.4304,32.4304,33.4304,35.4304,False,False,False,False,29.4304,28.4304,27.4304,25.4304,False,False,False,False
val_confirm,4782722858,4,TN,"[[40.2, 43.5]]",3.3,2-5s,46.56,True,False,46.8,False,47.28,False,48.0,False,46.32,False,45.6,False,45.0,False,48.04,False,43.24,True,46.8,False,0.0,20,5,0.24,166,67,4,47.56,48.56,49.0,49.0,False,False,False,False,45.56,44.56,43.56,41.56,False,False,False,True
val_confirm,9528990839,8,TN,"[[25.8, 28]]",2.2,2-5s,25.2667,True,False,26.0,True,28.0,True,,,24.733333333333334,False,24.0,False,22.0,False,25.6,False,23.466666666666665,False,26.0,True,0.9,20,2,0.7333,58,19,4,26.2667,27.2667,28.0,28.0,True,True,True,True,24.2667,23.2667,22.2667,20.2667,False,False,False,False
val_confirm,7330294814,6,TN,"[[0.1, 2.6]]",2.5,2-5s,34.7013,True,False,35.06836666666667,False,35.66896666666667,False,36.06936666666667,False,34.56786666666667,False,34.067366666666665,False,33.06636666666667,False,36.9369,False,34.16746666666667,False,34.90153333333333,False,0.0,20,74,0.367,307,132,4,35.7013,36.7013,37.7013,39.7013,False,False,False,False,33.7013,32.7013,31.7013,29.7013,False,False,False,False
val_confirm,3471421544,2,CW,"[[21.0, 41.7]]",20.7,>=10s,16.5165,True,False,16.6166,False,17.017,False,17.5175,False,16.016,False,15.4154,False,15.015,False,16.683333333333334,False,15.949266666666666,False,16.6166,False,0.6,20,71,0.1001,239,100,4,17.5165,18.5165,19.5165,21.5165,False,False,False,True,15.5165,14.5165,13.5165,11.5165,False,False,False,False
val_confirm,8594309349,3,CH,"[[14.9, 19]]",4.1,2-5s,16.5417,True,True,17.041666666666668,True,17.541666666666668,True,18.166666666666668,True,16.291666666666668,True,15.041666666666666,True,13.791666666666666,False,17.416666666666668,True,15.666666666666666,True,16.666666666666668,True,0.95,20,4,0.5,62,23,4,17.5417,18.5417,19.0,19.0,True,True,True,True,15.5417,14.5417,13.5417,11.5417,True,False,False,False
val_confirm,5008618500,5,CH,"[[12.5, 13.7]]",1.2,<2s,12.9796,True,True,13.013,True,13.6136,True,14.014,False,12.012,False,11.6116,False,11.011,False,15.782433333333334,False,11.644966666666667,False,13.013,True,0.05,20,19,0.0334,102,39,4,13.9796,14.9796,15.9796,17.9796,False,False,False,False,11.9796,10.9796,9.9796,7.9796,False,False,False,False
val_confirm,8254300526,6,CH,"[[3.4, 36.6]]",33.2,>=10s,1.625,True,False,2.0833333333333335,False,2.5416666666666665,False,3.7916666666666665,True,1.2916666666666667,False,0.5,False,,,2.5416666666666665,False,1.1666666666666667,False,2.0833333333333335,False,0.65,20,58,0.4583,148,60,4,2.625,3.625,4.625,6.625,False,True,True,True,0.625,0.0,0.0,0.0,False,False,False,False
val_confirm,7508439506,0,CW,"[[0.5, 4.3]]",3.8,2-5s,3.2366,True,True,4.037366666666666,True,4.637966666666666,False,5.038366666666667,False,3.036366666666667,True,2.435766666666667,True,2.0353666666666665,True,3.937266666666667,True,2.6359666666666666,True,3.9372666666666665,True,0.0,20,34,0.8008,103,39,4,4.2366,5.2366,6.2366,8.2366,True,False,False,False,2.2366,1.2366,0.2366,0.0,True,True,False,False
val_confirm,9528990839,2,CW,"[[4.2, 8.9]]",4.7,2-5s,1.4,True,False,2.0,False,3.066666666666667,False,4.0,False,,,,,,,2.066666666666667,False,0.6,False,1.5333333333333334,False,0.2,20,19,0.6,58,19,4,2.4,3.4,4.4,6.4,False,False,True,True,0.4,0.0,0.0,0.0,False,False,False,False
val_confirm,8752043000,1,CH,"[[2.5, 8.7]]",6.2,5-10s,30.322,True,False,30.53053053053053,False,32.407407407407405,False,33.15815815815816,False,29.571237904571237,False,28.903903903903903,False,26.484818151484816,False,30.78078078078078,False,27.694361027694363,False,30.53053053053053,False,0.0,20,34,0.2085,180,60,4,31.322,32.322,33.322,35.322,False,False,False,False,29.322,28.322,27.322,25.322,False,False,False,False
val_confirm,4179163342,3,CW,"[[46.1, 49.2]]",3.1,2-5s,46.7801,True,True,47.047,True,48.08136666666667,True,49.049,True,46.046,False,45.612233333333336,False,45.045,False,47.113733333333336,True,46.11273333333333,True,46.91353333333333,True,0.15,20,40,0.2669,291,113,4,47.7801,48.7801,49.7801,51.7801,True,True,False,False,45.7801,44.7801,43.7801,41.7801,False,False,False,False
val_confirm,2482028659,7,CW,"[[0.0, 6.1], [8.0, 21]]",19.1,>=10s,15.6156,True,True,16.016,True,16.4164,True,17.017,True,15.015,True,14.5145,True,14.014,True,15.949266666666666,True,13.546866666666666,True,15.8158,True,0.85,20,11,0.4004,87,36,4,16.6156,17.6156,18.6156,20.6156,True,True,True,True,14.6156,13.6156,12.6156,10.6156,True,True,True,True
val_confirm,3939145327,8,CW,"[[12.6, 17.1]]",4.5,2-5s,10.3437,True,False,10.443766666666667,False,11.011,False,12.012,False,10.01,False,9.376033333333334,False,9.009,False,10.477133333333333,False,9.242566666666667,False,10.443766666666667,False,0.2,20,53,0.1001,160,72,4,11.3437,12.3437,13.3437,15.3437,False,False,True,True,9.3437,8.3437,7.3437,5.3437,False,False,False,False
val_confirm,9256409422,9,TN,"[[72.6, 77]]",4.4,2-5s,74.5746,True,True,75.07507507507508,True,75.87587587587588,True,,,73.97397397397397,True,72.77277277277277,True,72.17217217217217,False,75.10844177510845,True,74.07407407407408,True,74.70804137470805,True,1.0,20,2,0.5005,242,80,4,75.5746,76.5746,77.0,77.0,True,True,True,True,73.5746,72.5746,71.5746,69.5746,True,False,False,False
val_confirm,2920952624,8,TN,"[[5.0, 10.0]]",5.0,5-10s,8.4668,True,True,8.75875,True,9.25925,True,10.01,False,8.25825,True,7.5075,True,6.840166666666667,True,12.345666666666666,False,7.3406666666666665,True,8.75875,True,0.05,20,36,0.292,111,47,4,9.4668,10.4668,11.4668,13.4668,True,False,False,False,7.4668,6.4668,5.4668,3.4668,True,True,True,False
val_confirm,5352022985,6,TN,"[[9.1, 14.6]]",5.5,5-10s,2.6026,True,False,3.003,False,4.004,False,5.005,False,2.002,False,1.001,False,,,3.1698333333333335,False,1.5348666666666666,False,2.7027,False,0.1,20,64,0.4004,189,66,4,3.6026,4.6026,5.6026,7.6026,False,False,False,False,1.6026,0.6026,0.0,0.0,False,False,False,False
val_confirm,7691172922,2,CW,"[[11.3, 22.3]]",11.0,>=10s,48.048,True,False,,,,,,,47.580866666666665,False,47.047,False,46.046,False,48.51513333333333,False,47.947900000000004,False,48.2482,False,0.0,20,0,,216,76,4,49.0,49.0,49.0,49.0,False,False,False,False,47.048,46.048,45.048,43.048,False,False,False,False
val_confirm,5877508141,5,TN,"[[8.6, 19]]",10.4,>=10s,15.0484,True,True,15.648966666666666,True,16.049366666666668,True,16.4164,True,14.047366666666667,True,13.646966666666666,True,13.046366666666666,True,17.283933333333334,True,14.247566666666668,True,15.648966666666666,True,0.9,20,7,0.6006,79,34,4,16.0484,17.0484,18.0484,19.0,True,True,True,True,14.0484,13.0484,12.0484,10.0484,True,True,True,True
val_confirm,5048503508,5,TN,"[[3.3, 9.0]]",5.7,5-10s,7.007,True,True,7.4074,True,8.008,True,8.375033333333333,True,6.439766666666666,True,6.006,True,5.5055,True,9.042366666666666,False,6.9069,True,7.4074,True,0.4,20,7,0.4004,43,19,4,8.007,9.007,10.007,11.0,True,False,False,False,6.007,5.007,4.007,2.007,True,True,True,False
val_confirm,8594309349,1,CH,"[[0.0, 5.6]]",5.6,5-10s,0.0417,True,True,0.16666666666666666,True,1.2916666666666667,True,2.5416666666666665,True,,,,,,,1.1666666666666667,True,0.0,True,0.16666666666666666,True,0.4,20,23,0.125,62,23,4,1.0417,2.0417,3.0417,5.0417,True,True,True,True,0.0,0.0,0.0,0.0,True,True,True,True
val_confirm,5658916668,2,CW,"[[7.2, 9.8]]",2.6,2-5s,14.4478,True,False,14.647966666666667,False,15.048366666666666,False,15.448766666666666,False,14.047366666666667,False,13.6136,False,13.046366666666666,False,14.948266666666667,False,14.047366666666667,False,14.547866666666666,False,0.0,20,12,0.2002,88,37,4,15.4478,16.4478,17.4478,19.4478,False,False,False,False,13.4478,12.4478,11.4478,9.4478,False,False,False,True
val_confirm,4635309062,8,CH,"[[0.0, 7.8], [11.3, 43.2]]",39.7,>=10s,22.022,True,True,22.455766666666666,True,23.023,True,23.456766666666667,True,21.5215,True,21.021,True,20.4204,True,25.392033333333334,True,21.087733333333333,True,22.2222,True,0.45,20,79,0.4338,278,116,4,23.022,24.022,25.022,27.022,True,True,True,True,21.022,20.022,19.022,17.022,True,True,True,True
val_confirm,3595273118,0,CW,"[[0.1, 4.7]]",4.6,2-5s,7.3073,True,False,8.008,False,8.6086,False,9.009,False,7.007,False,6.6066,False,6.006,False,8.842166666666667,False,5.739066666666667,False,7.9079,False,0.0,20,8,0.7007,51,21,4,8.3073,9.3073,10.3073,12.3073,False,False,False,False,6.3073,5.3073,4.3073,2.3073,False,False,True,True
val_confirm,4782722858,6,CW,"[[10.7, 24.0]]",13.3,>=10s,46.56,True,False,46.8,False,47.28,False,48.0,False,46.32,False,45.6,False,45.0,False,48.04,False,43.24,False,46.8,False,0.0,20,5,0.24,166,67,4,47.56,48.56,49.0,49.0,False,False,False,False,45.56,44.56,43.56,41.56,False,False,False,False
val_confirm,5863411262,4,TN,"[[7.0, 20.0]]",13.0,>=10s,20.3537,True,False,21.054366666666667,False,22.055366666666668,False,22.555866666666667,False,20.053366666666665,False,19.452766666666665,True,19.052366666666668,True,20.954266666666665,False,19.652966666666668,True,20.453766666666667,False,0.0,20,24,0.7007,136,56,4,21.3537,22.3537,23.3537,25.3537,False,False,False,False,19.3537,18.3537,17.3537,15.3537,True,True,True,True
val_confirm,4087654898,1,CH,"[[0.0, 1.4], [5.6, 6.8]]",2.6,2-5s,10.7441,True,False,,,,,,,10.01,False,9.009,False,8.008,False,11.011000000000001,False,8.174833333333334,False,,,,0,0,,44,16,4,11.0,11.0,11.0,11.0,False,False,False,False,9.7441,8.7441,7.7441,5.7441,False,False,False,True
val_confirm,13515224395,0,CW,"[[2.8, 12.7]]",9.9,5-10s,3.9499,True,True,4.049966633299967,True,4.917500834167501,True,5.618201534868201,True,3.5828328328328327,True,3.1824324324324325,True,2.0479646312979645,False,5.4387721054387725,True,2.469135802469136,False,4.049966633299967,True,0.25,20,52,0.1001,143,58,4,4.9499,5.9499,6.9499,8.9499,True,True,True,True,2.9499,1.9499,0.9499,0.0,True,False,False,False
val_confirm,2482028659,2,CW,"[[0.0, 6.1], [9.2, 21.5]]",18.4,>=10s,15.6156,True,True,16.016,True,16.4164,True,17.017,True,15.015,True,14.5145,True,14.014,True,15.949266666666666,True,13.546866666666666,True,15.8158,True,1.0,20,11,0.4004,87,36,4,16.6156,17.6156,18.6156,20.6156,True,True,True,True,14.6156,13.6156,12.6156,10.6156,True,True,True,True
val_confirm,4126010904,2,CW,"[[59.2, 62.6]]",3.4,2-5s,35.2852,True,False,35.660625,False,36.28625,False,37.5375,False,35.035,False,33.78375,False,33.28325,False,35.36866666666666,False,33.70033333333333,False,35.410375,False,0.05,20,43,0.3754,227,89,4,36.2852,37.2852,38.2852,40.2852,False,False,False,False,34.2852,33.2852,32.2852,30.2852,False,False,False,False
val_confirm,6136926089,5,CW,"[[30.9, 36.0]]",5.1,5-10s,33.7003,True,True,33.86716666666667,True,34.46776666666667,True,34.86816666666667,True,33.2332,True,32.79943333333333,True,32.3323,True,36.036,False,26.960266666666666,False,33.86716666666667,True,0.25,20,27,0.1668,237,80,4,34.7003,35.7003,36.7003,38.7003,True,True,False,False,32.7003,31.7003,30.7003,28.7003,True,True,False,False
val_confirm,3452354871,6,CW,"[[10.7, 17]]",6.3,5-10s,9.4761,True,False,10.01,False,10.4104,False,11.011,True,9.009,False,8.008,False,7.5075,False,9.509500000000001,False,7.9412666666666665,False,9.976633333333334,False,0.85,20,13,0.5339,69,30,4,10.4761,11.4761,12.4761,14.4761,False,True,True,True,8.4761,7.4761,6.4761,4.4761,False,False,False,False
val_confirm,9735768590,8,TN,"[[12.7, 17.9]]",5.2,5-10s,1.9019,True,False,2.002002002002002,False,3.1364698031364697,False,3.8371705038371706,False,1.5682349015682349,False,1.0677344010677343,False,,,2.2689356022689355,False,1.6349683016349683,False,2.002002002002002,False,0.25,20,26,0.1001,80,28,4,2.9019,3.9019,4.9019,6.9019,False,False,False,False,0.9019,0.0,0.0,0.0,False,False,False,False
val_confirm,8208035645,5,CW,"[[0.0, 2.9]]",2.9,2-5s,6.0394,True,False,6.673333333333333,False,7.040366666666666,False,7.440766666666667,False,5.038366666666667,False,4.4044,False,4.037366666666666,False,6.9069,False,5.372033333333333,False,6.3063,False,0.0,20,15,0.634,58,24,4,7.0394,8.0394,9.0394,11.0394,False,False,False,False,5.0394,4.0394,3.0394,1.0394,False,False,False,True
val_confirm,5352022985,1,CW,"[[8.3, 13.0]]",4.7,2-5s,10.01,True,True,10.6106,True,11.011,True,11.4114,True,9.6096,True,9.009,True,8.008,False,11.177833333333334,True,3.1698333333333335,False,10.1101,True,0.05,20,54,0.6006,189,66,4,11.01,12.01,13.01,15.01,True,True,False,False,9.01,8.01,7.01,5.01,True,False,False,False
val_confirm,3784543730,7,TC,"[[10.4, 28]]",17.6,>=10s,13.9139,True,True,14.014,True,15.015,True,15.648966666666666,True,13.4134,True,13.013,True,12.379033333333334,True,13.947266666666668,True,13.046366666666668,True,14.014,True,1.0,20,25,0.1001,115,49,4,14.9139,15.9139,16.9139,18.9139,True,True,True,True,12.9139,11.9139,10.9139,8.9139,True,True,True,False
val_confirm,5926256714,5,CW,"[[8.4, 27.6]]",19.2,>=10s,3.0447,True,False,3.7954583333333334,False,4.379375,False,5.046708333333333,False,2.544208333333333,False,2.0437083333333335,False,1.2929583333333334,False,3.6703333333333332,False,2.8361666666666663,False,3.294958333333333,False,0.4,20,49,0.7508,118,54,4,4.0447,5.0447,6.0447,8.0447,False,False,False,False,2.0447,1.0447,0.0447,0.0,False,False,False,False
val_confirm,7499763064,6,TC,"[[0.0, 5.4]]",5.4,5-10s,20.7707,True,False,21.646625,False,22.897875,False,24.149125,False,20.395375,False,19.76975,False,19.144125,False,21.396375,False,20.228541666666665,False,20.812458333333332,False,0.0,20,4,0.8759,82,32,4,21.7707,22.7707,23.7707,25.0,False,False,False,False,19.7707,18.7707,17.7707,15.7707,False,False,False,False
val_confirm,8252088130,3,CW,"[[9.9, 13.8]]",3.9,2-5s,2.8362,True,False,3.036366666666667,False,3.5368666666666666,False,4.037366666666666,False,2.5358666666666667,False,2.0353666666666665,False,1.6016,False,4.270933333333334,False,0.0,False,2.9362666666666666,False,0.2,20,21,0.2002,58,26,4,3.8362,4.8362,5.8362,7.8362,False,False,False,False,1.8362,0.8362,0.0,0.0,False,False,False,False
val_confirm,5352022985,5,CH,"[[0.4, 9.2]]",8.8,5-10s,27.1271,True,False,28.028,False,29.029,False,29.5295,False,27.027,False,26.026,False,25.5255,False,27.594233333333335,False,25.959266666666668,False,27.2272,False,0.0,20,30,0.9009,189,66,4,28.1271,29.1271,30.1271,32.1271,False,False,False,False,26.1271,25.1271,24.1271,22.1271,False,False,False,False
val_confirm,4658396458,6,CH,"[[58.9, 69.2]]",10.3,>=10s,61.125,True,True,61.25,True,61.875,True,62.5,True,60.0,True,58.75,False,58.125,False,61.916666666666664,True,60.666666666666664,True,61.208333333333336,True,0.3,20,39,0.125,289,118,4,62.125,63.125,64.125,66.125,True,True,True,True,60.125,59.125,58.125,56.125,True,True,False,False
val_confirm,2510696559,5,TN,"[[1.4, 7.1]]",5.7,5-10s,11.4114,True,False,11.6116,False,12.012,False,12.5125,False,11.011,False,10.6106,False,10.01,False,12.178833333333333,False,9.442766666666667,False,11.6116,False,0.0,20,107,0.2002,283,127,4,12.4114,13.4114,14.4114,16.4114,False,False,False,False,10.4114,9.4114,8.4114,6.4114,False,False,False,True
val_confirm,4983922034,0,CW,"[[0.0, 4.6]]",4.6,2-5s,4.2709,True,True,5.005,False,5.4054,False,6.006,False,4.004,True,3.4034,True,3.003,True,4.8048,False,2.9362666666666666,True,4.371033333333333,True,0.05,20,17,0.7341,64,26,4,5.2709,6.2709,7.2709,9.2709,False,False,False,False,3.2709,2.2709,1.2709,0.0,True,True,True,True
val_confirm,7887764754,4,TC,"[[0.0, 1.2]]",1.2,<2s,12.0454,True,False,12.4124,False,13.046366666666666,False,13.646966666666666,False,11.4114,False,11.044366666666667,False,10.043366666666667,False,12.4124,False,10.944266666666667,False,12.4124,False,0.0,20,38,0.367,143,58,4,13.0454,14.0454,15.0454,17.0454,False,False,False,False,11.0454,10.0454,9.0454,7.0454,False,False,False,False
val_confirm,5352022985,4,TC,"[[38.6, 47]]",8.4,5-10s,2.6026,True,False,3.003,False,4.004,False,5.005,False,2.002,False,1.001,False,,,3.1698333333333335,False,1.5348666666666666,False,2.7027,False,0.15,20,64,0.4004,189,66,4,3.6026,4.6026,5.6026,7.6026,False,False,False,False,1.6026,0.6026,0.0,0.0,False,False,False,False
val_confirm,5586394125,3,CW,"[[8.0, 14.4]]",6.4,5-10s,16.65,True,False,17.050366666666665,False,17.450766666666667,False,18.051366666666667,False,16.549866666666667,False,16.049366666666668,False,15.648966666666666,False,17.050366666666665,False,15.181833333333334,False,16.950266666666668,False,0.0,20,37,0.4004,151,64,4,17.65,18.65,19.65,21.65,False,False,False,False,15.65,14.65,13.65,11.65,False,False,True,True
val_confirm,5586394125,0,CW,"[[0.7, 2.8]]",2.1,2-5s,8.7421,True,False,9.042366666666666,False,9.442766666666667,False,10.043366666666667,False,8.641966666666667,False,8.041366666666667,False,7.040366666666666,False,8.942266666666667,False,8.041366666666667,False,8.942266666666667,False,0.0,20,50,0.3003,151,64,4,9.7421,10.7421,11.7421,13.7421,False,False,False,False,7.7421,6.7421,5.7421,3.7421,False,False,False,False
val_confirm,11565498775,5,CW,"[[35.5, 37.7]]",2.2,2-5s,8.6753,True,False,9.009,False,9.542866666666667,False,10.01,False,8.4084,False,8.008,False,7.140466666666667,False,9.3093,False,6.840166666666667,False,9.009,False,0.1,20,47,0.3337,143,59,4,9.6753,10.6753,11.6753,13.6753,False,False,False,False,7.6753,6.6753,5.6753,3.6753,False,False,False,False
val_confirm,3843551232,3,TN,"[[17.1, 19.9]]",2.8,2-5s,9.8098,True,False,10.01,False,10.6106,False,11.011,False,9.6096,False,9.009,False,8.5085,False,10.143466666666667,False,7.9412666666666665,False,9.9099,False,0.1,20,21,0.2002,94,39,4,10.8098,11.8098,12.8098,14.8098,False,False,False,False,8.8098,7.8098,6.8098,4.8098,False,False,False,False
val_confirm,4013751996,8,TN,"[[24.1, 31.9]]",7.8,5-10s,12.4708,True,False,13.096416666666666,False,13.722041666666666,False,14.389375,False,11.219541666666666,False,10.552208333333333,False,10.01,False,12.554208333333332,False,8.75875,False,12.846166666666667,False,0.35,20,25,0.6256,103,41,4,13.4708,14.4708,15.4708,17.4708,False,False,False,False,11.4708,10.4708,9.4708,7.4708,False,False,False,False
val_confirm,6096998186,0,CW,"[[0.0, 6.0]]",6.0,5-10s,0.5339,True,True,1.0343666666666667,True,1.5348666666666666,True,2.0353666666666665,True,,,,,,,2.0687333333333333,True,0.0,True,0.6339666666666667,True,0.25,20,31,0.5005,90,32,4,1.5339,2.5339,3.5339,5.5339,True,True,True,True,0.0,0.0,0.0,0.0,True,True,True,True
val_confirm,2716277960,8,TC,"[[5.6, 9.9]]",4.3,2-5s,12.679,True,False,12.712,False,13.146,False,,,12.012,False,11.011,False,10.477,False,12.746208291203237,False,11.845298281092013,False,12.712,False,0.0,20,2,0.033,56,22,4,13.0,13.0,13.0,13.0,False,False,False,False,11.679,10.679,9.679,7.679,False,False,True,True
val_confirm,4087013668,4,CW,"[[0.0, 7.6]]",7.6,5-10s,4.8799,True,True,5.005,True,5.5055,True,6.25625,True,4.5045,True,3.75375,True,3.003,True,5.922583333333333,True,4.671333333333333,True,5.005,True,0.1,20,73,0.1251,194,80,4,5.8799,6.8799,7.8799,9.8799,True,True,False,False,3.8799,2.8799,1.8799,0.0,True,True,True,True
val_confirm,4279106208,9,TC,"[[16.0, 22]]",6.0,5-10s,13.44,True,False,13.8,False,14.4,False,14.88,False,13.2,False,12.0,False,11.28,False,15.64,False,10.96,False,13.56,False,0.5,20,13,0.36,75,32,4,14.44,15.44,16.44,18.44,False,False,True,True,12.44,11.44,10.44,8.44,False,False,False,False
val_confirm,6617533993,6,TN,"[[23.1, 27.5]]",4.4,2-5s,28.7917,True,False,29.291666666666668,False,30.041666666666668,False,31.291666666666668,False,28.291666666666668,False,27.541666666666668,False,27.041666666666668,True,28.833333333333332,False,27.583333333333332,False,29.041666666666668,False,0.0,20,36,0.5,186,74,4,29.7917,30.7917,31.7917,33.7917,False,False,False,False,27.7917,26.7917,25.7917,23.7917,False,True,True,True
val_confirm,3489439407,4,TC,"[[0.7, 3.8]]",3.1,2-5s,11.5115,True,False,12.012,False,12.545866666666667,False,13.013,False,11.011,False,10.5105,False,10.01,False,19.252566666666667,False,10.677333333333333,False,11.8118,False,0.0,20,69,0.5005,223,89,4,12.5115,13.5115,14.5115,16.5115,False,False,False,False,10.5115,9.5115,8.5115,6.5115,False,False,False,False
val_confirm,9873067604,7,TC,"[[6.2, 9.9]]",3.7,2-5s,1.3347,True,False,2.002002002002002,False,2.9195862529195864,False,4.004004004004004,False,0.08341675008341674,False,,,,,1.8768768768768769,False,0.29195862529195865,False,2.002002002002002,False,0.15,20,40,0.6673,118,42,4,2.3347,3.3347,4.3347,6.3347,False,False,False,True,0.3347,0.0,0.0,0.0,False,False,False,False
val_confirm,5323654756,0,TC,"[[8.5, 22.6]]",14.1,>=10s,7.8412,True,False,8.008,False,8.5085,True,9.009,True,7.6076,False,7.007,False,6.006,False,10.944266666666667,True,7.6409666666666665,False,8.008,False,0.1,20,90,0.1668,272,104,4,8.8412,9.8412,10.8412,12.8412,True,True,True,True,6.8412,5.8412,4.8412,2.8412,False,False,False,False
val_confirm,6160414832,4,CW,"[[17.2, 19.9]]",2.7,2-5s,53.5201,True,False,53.720333333333336,False,54.68796666666667,False,55.72233333333333,False,53.219833333333334,False,52.71933333333333,False,51.98526666666667,False,53.62023333333333,False,52.18546666666667,False,53.720333333333336,False,0.0,20,11,0.2002,246,99,4,54.5201,55.5201,56.5201,58.5201,False,False,False,False,52.5201,51.5201,50.5201,48.5201,False,False,False,False
val_confirm,8594309349,8,CH,"[[9.8, 14.9]]",5.1,5-10s,3.7917,True,False,5.041666666666667,False,5.541666666666667,False,6.291666666666667,False,3.2916666666666665,False,2.5416666666666665,False,1.2916666666666667,False,11.666666666666666,True,2.0416666666666665,False,4.041666666666667,False,0.45,20,18,1.25,62,23,4,4.7917,5.7917,6.7917,8.7917,False,False,False,False,2.7917,1.7917,0.7917,0.0,False,False,False,False
val_confirm,3502722122,6,TN,"[[14.6, 17.0]]",2.4,2-5s,0.0,True,False,0.36,False,1.2,False,1.68,False,,,,,,,0.52,False,,,0.24,False,0.15,20,25,0.36,58,25,4,1.0,2.0,3.0,5.0,False,False,False,False,0.0,0.0,0.0,0.0,False,False,False,False
val_confirm,3502722122,5,CH,"[[0.1, 8.9]]",8.8,5-10s,0.24,True,True,0.36,True,1.2,True,1.68,True,,,,,,,0.52,True,0.0,False,0.36,True,0.5,20,25,0.12,58,25,4,1.24,2.24,3.24,5.24,True,True,True,True,0.0,0.0,0.0,0.0,False,False,False,False
val_confirm,5658916668,3,CW,"[[12.0, 13.9]]",1.9,<2s,5.0384,True,False,6.039366666666667,False,7.040366666666666,False,7.540866666666667,False,4.037366666666666,False,3.5368666666666666,False,3.036366666666667,False,6.2729333333333335,False,4.170833333333333,False,5.739066666666667,False,0.05,20,28,1.001,88,37,4,6.0384,7.0384,8.0384,10.0384,False,False,False,False,4.0384,3.0384,2.0384,0.0384,False,False,False,False
val_confirm,6018514357,2,TC,"[[36.8, 42.7]]",5.9,5-10s,39.0724,True,True,39.67296666666667,True,40.073366666666665,True,41.07436666666667,True,38.07136666666667,True,37.57086666666667,True,37.070366666666665,True,41.07436666666667,True,36.97026666666667,True,39.37266666666667,True,1.0,20,6,0.6006,171,74,4,40.0724,41.0724,42.0724,43.0,True,True,True,False,38.0724,37.0724,36.0724,34.0724,True,True,False,False
val_confirm,5586394125,6,CH,"[[0.5, 8.9]]",8.4,5-10s,19.0524,True,False,20.053366666666665,False,20.5205,False,21.054366666666667,False,18.451766666666668,False,18.051366666666667,False,17.450766666666667,False,19.753066666666665,False,18.051366666666667,False,19.352666666666668,False,0.0,20,32,1.001,151,64,4,20.0524,21.0524,22.0524,24.0524,False,False,False,False,18.0524,17.0524,16.0524,14.0524,False,False,False,False
val_confirm,11587211476,7,TN,"[[47.7, 49]]",1.3,<2s,7.2072,True,False,8.008008008008009,False,8.842175508842175,False,9.50950950950951,False,6.006006006006006,False,5.405405405405405,False,4.8715382048715385,False,7.374040707374041,False,6.506506506506507,False,7.273940607273941,False,0.0,20,59,0.8008,173,67,4,8.2072,9.2072,10.2072,12.2072,False,False,False,False,6.2072,5.2072,4.2072,2.2072,False,False,False,False
val_confirm,4635309062,2,CW,"[[0.4, 8.0], [11.1, 43.0]]",39.5,>=10s,23.8238,True,True,24.024,True,25.025,True,25.4254,True,23.456766666666667,True,23.023,True,22.455766666666666,True,25.392033333333334,True,21.087733333333333,True,24.024,True,0.45,20,76,0.2002,278,116,4,24.8238,25.8238,26.8238,28.8238,True,True,True,True,22.8238,21.8238,20.8238,18.8238,True,True,True,True
val_confirm,5863411262,0,TN,"[[2.4, 6.5]]",4.1,2-5s,30.0634,True,False,30.663966666666667,False,31.06436666666667,False,32.06536666666667,False,29.562866666666668,False,29.062366666666666,False,28.561866666666667,False,30.196833333333334,False,26.960266666666666,False,30.663966666666667,False,0.0,20,6,0.6006,136,56,4,31.0634,32.0634,33.0634,34.0,False,False,False,False,29.0634,28.0634,27.0634,25.0634,False,False,False,False
val_confirm,3124551255,9,CH,"[[31.3, 34.5]]",3.2,2-5s,8.5085,True,False,9.009,False,10.01,False,10.5105,False,8.008,False,7.5075,False,7.007,False,8.942266666666667,False,7.9412666666666665,False,8.7087,False,0.0,20,102,0.5005,263,118,4,9.5085,10.5085,11.5085,13.5085,False,False,False,False,7.5085,6.5085,5.5085,3.5085,False,False,False,False
val_confirm,2552130183,3,TP,"[[80.0, 87.1]]",7.1,5-10s,65.298,True,False,65.565,False,66.066,False,66.599,False,65.065,False,64.497,False,64.064,False,67.46814964610718,False,57.45803842264914,False,65.565,False,0.3,20,37,0.267,361,151,4,66.298,67.298,68.298,70.298,False,False,False,False,64.298,63.298,62.298,60.298,False,False,False,False
val_confirm,10727696143,0,CW,"[[28.7, 35.1]]",6.4,5-10s,29.0958,True,True,29.496162829496164,True,29.92992992992993,True,30.83083083083083,True,27.99466132799466,False,27.09376042709376,False,25.89255922589256,False,29.12912912912913,True,26.326326326326328,False,29.22922922922923,True,0.0,20,43,0.4004,260,88,4,30.0958,31.0958,32.0958,34.0958,True,True,True,True,28.0958,27.0958,26.0958,24.0958,False,False,False,False
val_confirm,11276567104,0,CW,"[[0.3, 4.9]]",4.6,2-5s,0.44,True,True,0.92,True,2.0,True,2.88,True,,,,,,,3.48,True,0.0,False,0.76,True,0.1,20,44,0.48,119,45,4,1.44,2.44,3.44,5.44,True,True,True,False,0.0,0.0,0.0,0.0,False,False,False,False
val_confirm,4483447009,4,TN,"[[11.8, 24.7]]",12.9,>=10s,8.008,True,False,8.4084,False,9.009,False,9.5095,False,7.007,False,6.439766666666666,False,6.006,False,8.908900000000001,False,7.540866666666667,False,8.4084,False,0.8,20,31,0.4004,104,46,4,9.008,10.008,11.008,13.008,False,False,False,True,7.008,6.008,5.008,3.008,False,False,False,False
val_confirm,2810112808,0,TC,"[[68.1, 74.6]]",6.5,5-10s,80.2802,True,False,80.6806,False,81.081,False,81.4814,False,80.08,False,79.4794,False,79.079,False,82.01526666666666,False,78.14473333333333,False,80.4804,False,0.0,20,17,0.4004,356,157,4,81.2802,82.2802,83.2802,85.2802,False,False,False,False,79.2802,78.2802,77.2802,75.2802,False,False,False,False
val_confirm,9256409422,3,CW,"[[24.1, 30.9], [47.4, 51.3]]",10.7,>=10s,63.4635,True,False,63.59693026359693,False,64.19753086419753,False,65.29863196529863,False,62.86286286286286,False,62.16216216216216,False,60.99432766099433,False,64.2308975642309,False,59.15915915915916,False,63.59693026359693,False,0.0,20,15,0.1335,242,80,4,64.4635,65.4635,66.4635,68.4635,False,False,False,False,62.4635,61.4635,60.4635,58.4635,False,False,False,False
val_confirm,2510696559,6,TN,"[[7.0, 15.2]]",8.2,5-10s,48.2482,True,False,48.4484,False,49.049,False,49.4494,False,48.048,False,47.6476,False,47.047,False,48.88216666666667,False,47.714333333333336,False,48.4484,False,0.0,20,43,0.2002,283,127,4,49.2482,50.2482,51.2482,53.2482,False,False,False,False,47.2482,46.2482,45.2482,43.2482,False,False,False,False
val_confirm,3939145327,3,CW,"[[11.7, 14.2]]",2.5,2-5s,9.8765,True,False,10.01,False,10.443766666666667,False,11.011,False,9.376033333333334,False,9.009,False,8.4084,False,10.477133333333333,False,9.242566666666667,False,10.01,False,0.05,20,54,0.1335,160,72,4,10.8765,11.8765,12.8765,14.8765,False,True,True,False,8.8765,7.8765,6.8765,4.8765,False,False,False,False
val_confirm,3355698421,4,TC,"[[15.2, 17.9]]",2.7,2-5s,39.1391,True,False,39.6396,False,,,,,39.039,False,38.405033333333336,False,38.038,False,39.80643333333333,False,37.504133333333336,False,39.6396,False,0.0,20,1,0.5005,160,60,4,40.0,40.0,40.0,40.0,False,False,False,False,38.1391,37.1391,36.1391,34.1391,False,False,False,False
val_confirm,6159637889,3,CH,"[[33.7, 36.5]]",2.8,2-5s,45.1785,True,False,45.67896666666667,False,46.079366666666665,False,46.47976666666667,False,45.07836666666667,False,44.07736666666667,False,43.47676666666667,False,47.98126666666667,False,42.67596666666667,False,45.478766666666665,False,0.0,20,49,0.5005,300,127,4,46.1785,47.1785,48.1785,50.1785,False,False,False,False,44.1785,43.1785,42.1785,40.1785,False,False,False,False
val_confirm,4126010904,5,TN,"[[24.4, 31.1]]",6.7,5-10s,24.5245,True,True,25.025,True,26.27625,True,26.901875,True,23.77375,False,22.5225,False,22.022,False,25.108416666666663,True,21.18783333333333,False,24.649625,True,0.1,20,56,0.5005,227,89,4,25.5245,26.5245,27.5245,29.5245,True,True,True,True,23.5245,22.5245,21.5245,19.5245,False,False,False,False
val_confirm,4013751996,4,TN,"[[2.8, 4.8]]",2.0,2-5s,2.5025,True,False,3.25325,True,3.75375,True,5.005,False,1.25125,False,0.375375,False,,,3.6703333333333332,True,0.0,False,3.25325,True,0.15,20,38,0.7508,103,41,4,3.5025,4.5025,5.5025,7.5025,True,True,False,False,1.5025,0.5025,0.0,0.0,False,False,False,False
val_confirm,3851961428,8,TN,"[[2.7, 8.8]]",6.1,5-10s,3.003,True,True,3.6036,True,4.004,True,4.4044,True,2.5025,False,2.002,False,1.4681333333333333,False,3.6703333333333332,True,2.9362666666666666,True,3.1031,True,0.1,20,116,0.6006,276,122,4,4.003,5.003,6.003,8.003,True,True,True,True,2.003,1.003,0.003,0.0,False,False,False,False
val_confirm,6205856607,8,CW,"[[27.9, 30.0]]",2.1,2-5s,17.8512,True,False,18.051366666666667,False,18.651966666666667,False,19.052366666666668,False,17.650966666666665,False,17.050366666666665,False,16.449766666666665,False,19.285933333333332,False,17.283933333333334,False,18.051366666666667,False,0.15,20,29,0.2002,131,56,4,18.8512,19.8512,20.8512,22.8512,False,False,False,False,16.8512,15.8512,14.8512,12.8512,False,False,False,False
val_confirm,9528990839,4,CW,"[[24.5, 28]]",3.5,2-5s,3.0667,True,False,4.0,False,4.8,False,6.0,False,2.0,False,,,,,3.533333333333333,False,2.066666666666667,False,3.3333333333333335,False,0.05,20,17,0.9333,58,19,4,4.0667,5.0667,6.0667,8.0667,False,False,False,False,2.0667,1.0667,0.0667,0.0,False,False,False,False
val_confirm,2547885226,8,TC,"[[2.6, 10.3]]",7.7,5-10s,10.01,True,True,10.543866666666666,False,11.011,False,11.5115,False,9.442766666666667,True,9.009,True,8.008,True,13.546866666666666,False,8.274933333333333,True,10.3103,False,0.0,20,6,0.5339,55,22,4,11.01,12.01,13.01,14.0,False,False,False,False,9.01,8.01,7.01,5.01,True,True,True,True
val_confirm,5047408177,1,TN,"[[14.8, 26.7]]",11.9,>=10s,8.0,True,False,9.0,False,10.0,False,12.0,False,6.8,False,6.0,False,4.0,False,8.066666666666666,False,7.066666666666666,False,8.4,False,0.45,20,29,1.0,87,34,4,9.0,10.0,11.0,13.0,False,False,False,False,7.0,6.0,5.0,3.0,False,False,False,False
val_confirm,2835125654,8,TN,"[[35.7, 38.6]]",2.9,2-5s,37.704,True,True,38.038,True,38.571,True,39.039,False,37.037,True,36.036,True,35.502,False,38.20525783619818,True,37.6046511627907,True,37.904,True,0.15,20,15,0.334,189,80,4,38.704,39.704,40.704,42.704,False,False,False,False,36.704,35.704,34.704,32.704,True,True,False,False
val_confirm,3502722122,1,TC,"[[2.4, 11.4]]",9.0,5-10s,6.0,True,True,6.6,True,7.2,True,7.92,True,5.28,True,4.8,True,3.6,True,6.68,True,5.92,True,6.12,True,0.6,20,16,0.6,58,25,4,7.0,8.0,9.0,11.0,True,True,True,True,5.0,4.0,3.0,1.0,True,True,True,False
val_confirm,2885091387,5,TN,"[[7.7, 13.1]]",5.4,5-10s,18.018,True,False,19.019,False,20.02,False,20.4204,False,17.017,False,16.016,False,15.5155,False,18.084733333333332,False,17.083733333333335,False,18.8188,False,0.0,20,24,1.001,143,50,4,19.018,20.018,21.018,23.018,False,False,False,False,17.018,16.018,15.018,13.018,False,False,False,True
val_confirm,9873067604,6,TC,"[[6.3, 9.0]]",2.7,2-5s,1.3347,True,False,2.002002002002002,False,2.9195862529195864,False,4.004004004004004,False,0.08341675008341674,False,,,,,1.8768768768768769,False,0.29195862529195865,False,2.002002002002002,False,0.15,20,40,0.6673,118,42,4,2.3347,3.3347,4.3347,6.3347,False,False,False,True,0.3347,0.0,0.0,0.0,False,False,False,False
val_confirm,2716277960,2,CW,"[[5.6, 9.9]]",4.3,2-5s,12.679,True,False,12.712,False,13.146,False,,,12.012,False,11.011,False,10.477,False,12.746208291203237,False,11.845298281092013,False,12.712,False,0.0,20,2,0.033,56,22,4,13.0,13.0,13.0,13.0,False,False,False,False,11.679,10.679,9.679,7.679,False,False,True,True
val_confirm,3939145327,1,TN,"[[13.2, 17.1]]",3.9,2-5s,31.031,True,False,31.4314,False,32.032,False,32.5325,False,30.03,False,29.029,False,28.028,False,31.164466666666666,False,30.196833333333334,False,31.4314,False,0.0,20,16,0.4004,160,72,4,32.031,33.031,34.031,36.031,False,False,False,False,30.031,29.031,28.031,26.031,False,False,False,False
val_confirm,6136926089,9,TN,"[[22.8, 28.2]]",5.4,5-10s,15.0484,True,False,15.548866666666667,False,16.049366666666668,False,16.549866666666667,False,14.047366666666667,False,13.646966666666666,False,13.046366666666666,False,15.949266666666666,False,14.748066666666666,False,15.348666666666666,False,0.1,20,55,0.5005,237,80,4,16.0484,17.0484,18.0484,20.0484,False,False,False,False,14.0484,13.0484,12.0484,10.0484,False,False,False,False
val_confirm,2857132732,7,CW,"[[23.5, 24]]",0.5,<2s,9.6096,True,False,10.01,False,10.6106,False,11.011,False,9.4094,False,9.009,False,8.475133333333334,False,12.278933333333333,False,2.2689333333333335,False,10.01,False,0.1,20,25,0.4004,98,44,4,10.6096,11.6096,12.6096,14.6096,False,False,False,False,8.6096,7.6096,6.6096,4.6096,False,False,False,False
val_confirm,14012319794,6,CW,"[[111.6, 116.2]]",4.6,2-5s,111.625,True,True,112.0,True,112.54166666666667,True,113.20833333333333,True,111.375,False,110.45833333333333,False,110.0,False,112.08333333333333,True,111.41666666666667,False,111.75,True,0.3,20,18,0.375,381,143,4,112.625,113.625,114.625,116.625,True,True,True,False,110.625,109.625,108.625,106.625,False,False,False,False
val_confirm,7330294814,8,TN,"[[68.2, 70.6]]",2.4,2-5s,16.5499,True,False,17.050366666666665,False,17.450766666666667,False,18.051366666666667,False,16.049366666666668,False,15.048366666666666,False,14.047366666666667,False,16.950266666666668,False,15.882533333333333,False,16.750066666666665,False,0.1,20,104,0.5005,307,132,4,17.5499,18.5499,19.5499,21.5499,False,False,False,False,15.5499,14.5499,13.5499,11.5499,False,False,False,False
val_confirm,4744503881,1,CW,"[[4.8, 12.0]]",7.2,5-10s,3.9039,True,False,4.004,False,5.005,True,6.006,True,3.6036,False,3.003,False,2.6026,False,3.937266666666667,False,2.9362666666666666,False,4.004,False,0.5,20,20,0.1001,66,27,4,4.9039,5.9039,6.9039,8.9039,True,True,True,True,2.9039,1.9039,0.9039,0.0,False,False,False,False
val_confirm,2547885226,2,CW,"[[10.6, 13.5]]",2.9,2-5s,10.01,True,False,10.543866666666666,False,11.011,True,11.5115,True,9.442766666666667,False,9.009,False,8.008,False,13.546866666666666,False,8.274933333333333,False,10.3103,False,0.75,20,6,0.5339,55,22,4,11.01,12.01,13.01,14.0,True,True,True,False,9.01,8.01,7.01,5.01,False,False,False,False
val_confirm,4136617240,3,CW,"[[0.0, 40.5]]",40.5,>=10s,3.003,True,True,3.6036,True,4.004,True,5.005,True,2.4024,True,2.002,True,1.5015,True,3.6703333333333332,True,2.5692333333333335,True,3.3033,True,0.35,20,149,0.6006,360,156,4,4.003,5.003,6.003,8.003,True,True,True,True,2.003,1.003,0.003,0.0,True,True,True,True
val_confirm,2821968703,9,TN,"[[26.6, 29.9]]",3.3,2-5s,29.029,True,True,,,,,,,28.4284,True,28.028,True,26.8268,True,29.396033333333335,True,27.427400000000002,True,29.09573333333333,True,1.0,20,0,,120,44,4,30.0,30.0,30.0,30.0,False,False,False,False,28.029,27.029,26.029,24.029,True,True,False,False
val_confirm,5586394125,2,CW,"[[18.9, 22.0]]",3.1,2-5s,12.0454,True,False,13.046366666666666,False,14.047366666666667,False,14.547866666666666,False,11.044366666666667,False,10.643966666666667,False,10.043366666666667,False,13.046366666666668,False,11.044366666666667,False,12.846166666666667,False,0.05,20,44,1.001,151,64,4,13.0454,14.0454,15.0454,17.0454,False,False,False,False,11.0454,10.0454,9.0454,7.0454,False,False,False,False
val_confirm,5352022985,7,TC,"[[0.4, 9.0]]",8.6,5-10s,2.6026,True,True,3.003,True,4.004,True,5.005,True,2.002,True,1.001,True,,,3.1698333333333335,True,1.5348666666666666,True,2.7027,True,0.2,20,64,0.4004,189,66,4,3.6026,4.6026,5.6026,7.6026,True,True,True,True,1.6026,0.6026,0.0,0.0,True,True,False,False
val_confirm,7508439506,3,CW,"[[3.3, 4.2]]",0.9,<2s,5.9393,True,False,6.039366666666667,False,6.439766666666666,False,7.040366666666666,False,5.638966666666667,False,5.038366666666667,False,4.637966666666666,False,6.8735333333333335,False,5.238566666666666,False,6.039366666666667,False,0.0,20,30,0.1001,103,39,4,6.9393,7.9393,8.9393,10.9393,False,False,False,False,4.9393,3.9393,2.9393,0.9393,False,True,False,False
val_confirm,2589540862,5,CH,"[[1.3, 5.4]]",4.1,2-5s,0.834,True,False,1.001,False,1.468,True,2.002,True,0.567,False,,,,,0.9676440849342771,False,0.43377148634984836,False,1.001,False,0.35,20,36,0.167,93,37,4,1.834,2.834,3.834,5.834,True,True,True,False,0.0,0.0,0.0,0.0,False,False,False,False
val_confirm,3469864014,1,CW,"[[0.7, 2.9]]",2.2,2-5s,3.003,True,False,3.6036,False,4.004,False,4.6046,False,2.6026,True,2.002,True,1.001,True,4.637966666666666,False,1.2345666666666666,True,3.1031,False,0.0,20,40,0.6006,116,45,4,4.003,5.003,6.003,8.003,False,False,False,False,2.003,1.003,0.003,0.0,True,True,False,False
val_confirm,5586394125,4,CW,"[[13.5, 16.0]]",2.5,2-5s,17.4508,True,False,18.051366666666667,False,18.451766666666668,False,19.052366666666668,False,17.050366666666665,False,16.549866666666667,False,16.049366666666668,False,18.051366666666667,False,17.050366666666665,False,17.751066666666667,False,0.0,20,35,0.6006,151,64,4,18.4508,19.4508,20.4508,22.4508,False,False,False,False,16.4508,15.4508,14.4508,12.4508,False,True,True,False
val_confirm,6096998186,1,CW,"[[6.0, 18.6]]",12.6,>=10s,15.7491,True,True,16.049366666666668,True,16.549866666666667,True,17.050366666666665,True,15.048366666666666,True,14.647966666666667,True,14.047366666666667,True,16.049366666666668,True,15.348666666666666,True,15.849166666666667,True,0.45,20,9,0.3003,90,32,4,16.7491,17.7491,18.7491,20.7491,True,True,False,False,14.7491,13.7491,12.7491,10.7491,True,True,True,True
val_confirm,2810112808,3,CW,"[[55.4, 70.5]]",15.1,>=10s,80.2802,True,False,80.6806,False,81.081,False,81.4814,False,80.08,False,79.4794,False,79.079,False,82.01526666666666,False,78.14473333333333,False,80.4804,False,0.0,20,17,0.4004,356,157,4,81.2802,82.2802,83.2802,85.2802,False,False,False,False,79.2802,78.2802,77.2802,75.2802,False,False,False,False
val_confirm,5889898795,1,CH,"[[27.1, 38.5], [54.4, 60.5], [68.0, 78.2]]",27.7,>=10s,81.6816,True,False,82.24883333333334,False,82.6826,False,83.31656666666667,False,80.6806,False,80.11336666666666,False,79.6796,False,82.44903333333333,False,80.6806,False,82.04863333333333,False,0.0,20,14,0.5672,450,145,4,82.6816,83.6816,84.6816,86.6816,False,False,False,False,80.6816,79.6816,78.6816,76.6816,False,False,False,True
val_confirm,2885091387,4,TC,"[[34.5, 35.6]]",1.1,<2s,34.034,True,False,34.067366666666665,False,35.3353,True,,,33.66696666666667,False,33.033,False,32.6326,False,35.5355,True,31.898533333333333,False,34.067366666666665,False,0.55,20,2,0.0334,143,50,4,35.034,36.0,36.0,36.0,True,False,False,False,33.034,32.034,31.034,29.034,False,False,False,False
val_confirm,11670386946,6,TN,"[[28.3, 33]]",4.7,2-5s,31.6316,True,True,31.698365031698366,True,32.665999332666,True,,,31.197864531197865,True,30.597263930597265,True,29.996663329996665,True,32.132132132132135,True,30.9642976309643,True,31.698365031698366,True,1.0,20,2,0.0667,133,49,4,32.6316,33.0,33.0,33.0,True,True,True,True,30.6316,29.6316,28.6316,26.6316,True,True,True,False
val_confirm,2510696559,1,CW,"[[10.0, 12.1]]",2.1,2-5s,11.3113,True,True,11.6116,True,12.012,True,12.5125,False,11.011,True,10.6106,True,10.01,True,12.178833333333333,False,9.442766666666667,False,11.4114,True,0.0,20,107,0.3003,283,127,4,12.3113,13.3113,14.3113,16.3113,False,False,False,False,10.3113,9.3113,8.3113,6.3113,True,False,False,False
val_confirm,8752043000,2,TC,"[[3.6, 8.0]]",4.4,2-5s,10.1351,True,False,10.844177510844178,False,11.469803136469803,False,12.095428762095429,False,8.21654988321655,False,7.716049382716049,True,6.92359025692359,True,10.30196863530197,False,8.591925258591926,False,10.844177510844178,False,0.0,20,51,0.709,180,60,4,11.1351,12.1351,13.1351,15.1351,False,False,False,False,9.1351,8.1351,7.1351,5.1351,False,False,True,True
val_confirm,4087654898,8,CW,"[[0.6, 3.1], [7.0, 8.1]]",3.6,2-5s,9.8765,True,False,10.01,False,10.744066666666667,False,,,9.009,False,8.008,True,7.4074,True,11.011000000000001,False,8.174833333333334,False,10.01,False,0.0,20,2,0.1335,44,16,4,10.8765,11.0,11.0,11.0,False,False,False,False,8.8765,7.8765,6.8765,4.8765,False,True,False,False
val_confirm,6018514357,8,CW,"[[12.4, 15.7]]",3.3,2-5s,1.3347,True,False,2.0353666666666665,False,2.5358666666666667,False,3.036366666666667,False,1.0343666666666667,False,0.33366666666666667,False,,,1.5348666666666666,False,0.0,False,1.9352666666666667,False,0.05,20,72,0.7007,171,74,4,2.3347,3.3347,4.3347,6.3347,False,False,False,False,0.3347,0.0,0.0,0.0,False,False,False,False
val_confirm,5889898795,6,CH,"[[46.1, 48.0]]",1.9,<2s,19.1191,True,False,19.753066666666665,False,20.253566666666668,False,21.254566666666665,False,18.6186,False,18.1181,False,17.684333333333335,False,20.253566666666668,False,17.951266666666665,False,19.185833333333335,False,0.05,20,114,0.634,450,145,4,20.1191,21.1191,22.1191,24.1191,False,False,False,False,18.1191,17.1191,16.1191,14.1191,False,False,False,False
val_confirm,11587211476,0,CW,"[[11.6, 14.9]]",3.3,2-5s,41.041,True,False,41.50817484150817,False,42.04204204204204,False,42.67600934267601,False,40.47380714047381,False,39.50617283950617,False,39.03903903903904,False,41.37470804137471,False,39.17250583917251,False,41.34134134134134,False,0.0,20,11,0.4671,173,67,4,42.041,43.041,44.041,46.041,False,False,False,False,40.041,39.041,38.041,36.041,False,False,False,False
val_confirm,4757890069,2,TC,"[[11.3, 18.3]]",7.0,5-10s,27.8278,True,False,28.028,False,28.6286,False,29.029,False,27.5275,False,27.027,False,26.6266,False,28.294933333333333,False,27.093733333333333,False,28.028,False,0.0,20,19,0.2002,151,67,4,28.8278,29.8278,30.8278,32.8278,False,False,False,False,26.8278,25.8278,24.8278,22.8278,False,False,False,False
val_confirm,10597533885,1,CW,"[[1.5, 8.1], [11.7, 18.0]]",12.9,>=10s,48.1148,True,False,49.416082749416084,False,50.483817150483816,False,51.418084751418085,False,47.41408074741408,False,46.91358024691358,False,46.07941274607941,False,48.481815148481815,False,47.34734734734735,False,48.248248248248245,False,0.0,20,13,1.3013,204,95,4,49.1148,50.1148,51.1148,53.1148,False,False,False,False,47.1148,46.1148,45.1148,43.1148,False,False,False,False
val_confirm,3851961428,7,CW,"[[38.4, 43.3]]",4.9,2-5s,16.016,True,False,16.5165,False,17.017,False,17.5175,False,15.5155,False,15.015,False,14.014,False,16.249566666666666,False,13.947266666666668,False,16.2162,False,0.1,20,92,0.5005,276,122,4,17.016,18.016,19.016,21.016,False,False,False,False,15.016,14.016,13.016,11.016,False,False,False,False
val_confirm,7691172922,6,TN,"[[43.3, 48.6]]",5.3,5-10s,19.0524,True,False,20.387033333333335,False,21.054366666666667,False,21.654966666666667,False,18.585233333333335,False,18.051366666666667,False,17.484133333333332,False,21.888533333333335,False,17.7177,False,19.152466666666665,False,0.05,20,46,1.3347,216,76,4,20.0524,21.0524,22.0524,24.0524,False,False,False,False,18.0524,17.0524,16.0524,14.0524,False,False,False,False
val_confirm,5047408177,8,CW,"[[0.0, 5.4]]",5.4,5-10s,1.6,True,True,2.0,True,4.0,True,6.0,False,,,,,,,1.8666666666666667,True,0.7333333333333333,True,1.8,True,0.05,20,34,0.4,87,34,4,2.6,3.6,4.6,6.6,True,True,True,False,0.6,0.0,0.0,0.0,True,True,True,True
val_confirm,4626535366,2,CW,"[[11.0, 45.8]]",34.8,>=10s,11.7117,True,True,12.012,True,12.5125,True,13.013,True,11.5115,True,11.011,True,10.5105,False,15.949266666666666,True,6.940266666666667,False,11.9119,True,0.9,20,63,0.3003,196,84,4,12.7117,13.7117,14.7117,16.7117,True,True,True,True,10.7117,9.7117,8.7117,6.7117,False,False,False,False
val_confirm,3489439407,6,CW,"[[14.4, 26.2]]",11.8,>=10s,14.4144,True,True,15.015,True,16.016,True,16.5165,True,14.014,False,13.646966666666666,False,13.013,False,19.252566666666667,True,10.677333333333333,False,14.7147,True,0.25,20,63,0.6006,223,89,4,15.4144,16.4144,17.4144,19.4144,True,True,True,True,13.4144,12.4144,11.4144,9.4144,False,False,False,False
val_confirm,5603283408,1,TC,"[[3.8, 8.2]]",4.4,2-5s,4.1708,True,True,5.046708333333333,True,5.6723333333333334,True,6.297958333333334,True,3.7954583333333334,False,2.544208333333333,False,1.7934583333333334,False,5.338666666666667,True,2.6693333333333333,False,4.337666666666666,True,0.05,20,36,0.8759,102,41,4,5.1708,6.1708,7.1708,9.1708,True,True,True,False,3.1708,2.1708,1.1708,0.0,False,False,False,False
val_confirm,8752043000,5,TC,"[[6.8, 13.3], [21.3, 26.9], [31.9, 36.9], [43.4, 47.6], [54.9, 61.1]]",27.5,>=10s,63.5219,True,False,64.14748081414749,False,64.98164831498165,False,,,63.43843843843844,False,62.43743743743744,False,61.35301968635302,False,64.27260593927261,False,62.56256256256256,False,63.688688688688686,False,0.0,20,2,0.6256,180,60,4,64.5219,65.5219,66.0,66.0,False,False,False,False,62.5219,61.5219,60.5219,58.5219,False,False,True,True
val_confirm,8990144134,6,TN,"[[6.7, 11.7]]",5.0,2-5s,4.0707,True,False,4.471137804471137,False,6.006006006006006,False,6.87354020687354,True,3.870537203870537,False,3.003003003003003,False,2.1354688021354686,False,4.270937604270938,False,3.1364698031364697,False,4.471137804471137,False,0.55,20,11,0.4004,48,16,4,5.0707,6.0707,7.0707,9.0707,False,False,True,True,3.0707,2.0707,1.0707,0.0,False,False,False,False
val_confirm,11565498775,10,CH,"[[21.8, 28.3]]",6.5,5-10s,17.4841,True,False,17.7177,False,18.7187,False,19.352666666666668,False,17.283933333333334,False,16.282933333333332,False,15.7157,False,18.351666666666667,False,16.783433333333335,False,17.650966666666665,False,0.4,20,34,0.2336,143,59,4,18.4841,19.4841,20.4841,22.4841,False,False,False,True,16.4841,15.4841,14.4841,12.4841,False,False,False,False
val_confirm,11584566583,1,TC,"[[4.5, 12.6]]",8.1,5-10s,7.9079,True,True,8.008008008008009,True,9.075742409075742,True,9.442776109442777,True,7.5075075075075075,True,6.406406406406407,True,6.006006006006006,True,8.041374708041374,True,6.806806806806807,True,8.008008008008009,True,1.0,20,6,0.1001,45,16,4,8.9079,9.9079,10.9079,12.9079,True,True,True,False,6.9079,5.9079,4.9079,2.9079,True,True,True,False
val_confirm,3939145327,6,CH,"[[13.2, 17.5]]",4.3,2-5s,14.6146,True,True,15.015,True,15.6156,True,16.016,True,14.014,True,13.480133333333333,True,13.013,False,14.781433333333334,True,13.847166666666666,True,14.7147,True,0.1,20,45,0.4004,160,72,4,15.6146,16.6146,17.6146,19.6146,True,True,False,False,13.6146,12.6146,11.6146,9.6146,True,False,False,False
val_confirm,2589540862,4,CW,"[[13.3, 15.2]]",1.9,<2s,6.006,True,False,6.673,False,7.474,False,8.008,False,5.005,False,4.004,False,3.403,False,6.706774519716886,False,5.2052578361981805,False,6.272,False,0.15,20,28,0.667,93,37,4,7.006,8.006,9.006,11.006,False,False,False,False,5.006,4.006,3.006,1.006,False,False,False,False
val_confirm,4635309062,3,CW,"[[0.5, 8.0], [11.1, 43.0]]",39.4,>=10s,23.8238,True,True,24.024,True,25.025,True,25.4254,True,23.456766666666667,True,23.023,True,22.455766666666666,True,25.392033333333334,True,21.087733333333333,True,24.024,True,0.4,20,76,0.2002,278,116,4,24.8238,25.8238,26.8238,28.8238,True,True,True,True,22.8238,21.8238,20.8238,18.8238,True,True,True,True
val_confirm,5421648216,0,CW,"[[0.2, 42.9]]",42.7,>=10s,16.016,True,True,16.049366666666668,True,16.449766666666665,True,17.050366666666665,True,15.648966666666666,True,15.048366666666666,True,14.047366666666667,True,16.916900000000002,True,15.749066666666668,True,16.049366666666668,True,0.95,20,38,0.0334,174,58,4,17.016,18.016,19.016,21.016,True,True,True,True,15.016,14.016,13.016,11.016,True,True,True,True
val_confirm,6205856607,4,TC,"[[5.9, 8.1], [21.2, 24.2]]",5.2,5-10s,17.8512,True,False,18.051366666666667,False,18.651966666666667,False,19.052366666666668,False,17.650966666666665,False,17.050366666666665,False,16.449766666666665,False,19.285933333333332,False,17.283933333333334,False,18.051366666666667,False,0.2,20,29,0.2002,131,56,4,18.8512,19.8512,20.8512,22.8512,False,False,False,True,16.8512,15.8512,14.8512,12.8512,False,False,False,False
val_confirm,3249402410,8,TN,"[[0.0, 16.0]]",16.0,>=10s,2.4024,True,True,3.003,True,3.5035,True,4.004,True,2.002,True,1.001,True,0.2002,True,3.036366666666667,True,1.4681333333333333,True,2.6693333333333333,True,0.65,20,34,0.6006,94,38,4,3.4024,4.4024,5.4024,7.4024,True,True,True,True,1.4024,0.4024,0.0,0.0,True,True,True,True
val_confirm,3175315183,3,CW,"[[39.6, 65.8]]",26.2,>=10s,79.079,True,False,80.08,False,80.5805,False,81.081,False,78.078,False,77.077,False,76.076,False,80.01326666666667,False,79.01226666666666,False,79.3793,False,0.0,20,5,1.001,336,130,4,80.079,81.079,82.079,84.0,False,False,False,False,78.079,77.079,76.079,74.079,False,False,False,False
val_confirm,7888256388,3,TN,"[[13.3, 16.7]]",3.4,2-5s,11.378,True,False,11.478133333333334,False,12.045366666666666,False,12.645966666666666,False,11.044366666666667,False,10.6106,False,10.043366666666667,False,11.911900000000001,False,11.1111,False,11.478133333333334,False,0.4,20,17,0.1001,88,36,4,12.378,13.378,14.378,16.378,False,True,True,True,10.378,9.378,8.378,6.378,False,False,False,False
val_confirm,7888256388,5,CW,"[[7.1, 9.9]]",2.8,2-5s,15.015,True,False,15.048366666666666,False,15.4154,False,16.049366666666668,False,14.047366666666667,False,13.446766666666667,False,13.046366666666666,False,15.882533333333333,False,14.047366666666667,False,15.048366666666666,False,0.0,20,11,0.0334,88,36,4,16.015,17.015,18.015,20.015,False,False,False,False,14.015,13.015,12.015,10.015,False,False,False,False
val_confirm,4179163342,1,CW,"[[0.0, 49.9]]",49.9,>=10s,5.3053,True,True,6.006,True,6.4064,True,7.007,True,5.005,True,4.4044,True,4.004,True,6.139466666666666,True,4.838166666666667,True,5.7057,True,0.7,20,103,0.7007,291,113,4,6.3053,7.3053,8.3053,10.3053,True,True,True,True,4.3053,3.3053,2.3053,0.3053,True,True,True,True
val_confirm,10109097475,4,CW,"[[63.3, 74.3]]",11.0,>=10s,13.6136,True,False,14.014014014014014,False,15.115115115115115,False,15.515515515515515,False,13.079746413079747,False,12.679346012679346,False,12.145478812145479,False,14.714714714714715,False,13.179846513179847,False,13.74708041374708,False,0.05,20,126,0.4004,316,148,4,14.6136,15.6136,16.6136,18.6136,False,False,False,False,12.6136,11.6136,10.6136,8.6136,False,False,False,False
val_confirm,4083875373,3,TN,"[[31.5, 35.8]]",4.3,2-5s,49.8498,True,False,50.05,False,50.417033333333336,False,51.051,False,49.4494,False,49.049,False,48.4484,False,49.916533333333334,False,49.082366666666665,False,50.05,False,0.0,20,7,0.2002,217,89,4,50.8498,51.8498,52.8498,54.0,False,False,False,False,48.8498,47.8498,46.8498,44.8498,False,False,False,False
val_confirm,7499763064,2,TC,"[[1.7, 4.3], [16.6, 20.4]]",6.4,5-10s,19.0607,True,True,19.144125,True,19.76975,True,20.395375,True,18.560208333333332,True,17.892875,True,17.22554166666667,True,19.477791666666665,True,18.101416666666665,True,19.144125,True,0.25,20,7,0.0834,82,32,4,20.0607,21.0607,22.0607,24.0607,True,False,False,False,18.0607,17.0607,16.0607,14.0607,True,True,False,False
val_confirm,2920952624,2,CH,"[[9.2, 22.9]]",13.7,>=10s,4.004,True,False,4.379375,False,5.005,False,6.25625,False,3.75375,False,3.128125,False,2.5025,False,6.172833333333333,False,2.544208333333333,False,4.379375,False,0.6,20,42,0.3754,111,47,4,5.004,6.004,7.004,9.004,False,False,False,False,3.004,2.004,1.004,0.0,False,False,False,False
val_confirm,5421648216,4,TN,"[[0.2, 43.0]]",42.8,>=10s,13.8472,True,True,14.047366666666667,True,15.048366666666666,True,15.648966666666666,True,13.680333333333333,True,13.046366666666666,True,12.045366666666666,True,15.2152,True,12.545866666666667,True,13.980633333333333,True,0.9,20,41,0.2002,174,58,4,14.8472,15.8472,16.8472,18.8472,True,True,True,True,12.8472,11.8472,10.8472,8.8472,True,True,True,True
val_confirm,2920952624,6,CH,"[[7.1, 10.4]]",3.3,2-5s,4.004,True,False,4.379375,False,5.005,False,6.25625,False,3.75375,False,3.128125,False,2.5025,False,6.172833333333333,False,2.544208333333333,False,4.379375,False,0.35,20,42,0.3754,111,47,4,5.004,6.004,7.004,9.004,False,False,False,True,3.004,2.004,1.004,0.0,False,False,False,False
val_confirm,7887764754,2,TN,"[[2.0, 3.4], [11.0, 12.5], [22.6, 24.3]]",4.6,2-5s,23.0564,True,True,23.556866666666668,True,24.057366666666667,True,24.557866666666666,False,22.055366666666668,False,21.054366666666667,False,20.453766666666667,False,24.491133333333334,False,22.355666666666668,False,23.356666666666666,True,0.0,20,20,0.5005,143,58,4,24.0564,25.0564,26.0564,28.0564,True,False,False,False,22.0564,21.0564,20.0564,18.0564,False,False,False,False
val_confirm,3249402410,0,CW,"[[7.4, 12.0]]",4.6,2-5s,22.5225,True,False,23.023,False,,,,,22.022,False,21.5215,False,21.021,False,23.256566666666668,False,20.954266666666665,False,22.6226,False,0.0,20,1,0.5005,94,38,4,23.0,23.0,23.0,23.0,False,False,False,False,21.5225,20.5225,19.5225,17.5225,False,False,False,False
val_confirm,4136617240,2,CW,"[[40.6, 44.1], [72.0, 84.3]]",15.8,>=10s,20.02,True,False,20.4204,False,21.021,False,21.5215,False,19.019,False,18.585233333333335,False,18.018,False,21.154466666666668,False,19.2192,False,20.4204,False,0.3,20,120,0.4004,360,156,4,21.02,22.02,23.02,25.02,False,False,False,False,19.02,18.02,17.02,15.02,False,False,False,False
val_confirm,3452354871,5,CH,"[[10.2, 17]]",6.8,5-10s,11.011,True,True,12.012,True,12.5125,True,13.013,True,10.4104,True,10.01,False,9.476133333333333,False,11.2112,True,10.643966666666667,True,11.678333333333333,True,1.0,20,10,1.001,69,30,4,12.011,13.011,14.011,16.011,True,True,True,True,10.011,9.011,8.011,6.011,False,False,False,False
val_confirm,3935853204,6,TC,"[[13.2, 21.9]]",8.7,5-10s,16.7501,True,True,17.017,True,17.6176,True,18.018,True,16.383033333333334,True,16.016,True,15.6156,True,19.052366666666668,True,16.483133333333335,True,17.017,True,0.0,20,26,0.2669,127,55,4,17.7501,18.7501,19.7501,21.7501,True,True,True,True,15.7501,14.7501,13.7501,11.7501,True,True,True,False
val_confirm,4626535366,10,TC,"[[11.5, 45.8]]",34.3,>=10s,11.9119,True,True,12.012,True,12.5125,True,13.013,True,11.5115,True,11.011,False,10.5105,False,15.949266666666666,True,6.940266666666667,False,12.012,True,0.85,20,63,0.1001,196,84,4,12.9119,13.9119,14.9119,16.9119,True,True,True,True,10.9119,9.9119,8.9119,6.9119,False,False,False,False
val_confirm,5008618500,8,TN,"[[3.7, 6.2]]",2.5,2-5s,0.0,True,False,0.2002,False,1.001,False,1.6016,False,,,,,,,1.0343666666666667,False,,,0.2002,False,0.25,20,39,0.2002,102,39,4,1.0,2.0,3.0,5.0,False,False,False,True,0.0,0.0,0.0,0.0,False,False,False,False
val_confirm,6329077812,5,TN,"[[28.1, 43.8]]",15.7,>=10s,3.003,True,False,3.036366666666667,False,3.6369666666666665,False,4.037366666666666,False,2.0353666666666665,False,1.5348666666666666,False,1.0343666666666667,False,5.739066666666667,False,2.435766666666667,False,3.036366666666667,False,0.15,20,89,0.0334,246,93,4,4.003,5.003,6.003,8.003,False,False,False,False,2.003,1.003,0.003,0.0,False,False,False,False
val_confirm,3066064005,8,CW,"[[8.3, 10.8]]",2.5,2-5s,10.01,True,True,10.643966666666667,True,11.011,False,11.6116,False,9.009,True,8.008,False,7.574233333333333,False,10.176833333333333,True,9.175833333333333,True,10.1101,True,0.0,20,29,0.634,110,46,4,11.01,12.01,13.01,15.01,False,False,False,False,9.01,8.01,7.01,5.01,True,False,False,False
val_confirm,4983922034,4,TC,"[[0.0, 12.7]]",12.7,>=10s,8.2749,True,True,8.475133333333334,True,9.009,True,10.01,True,8.008,True,7.007,True,6.006,True,8.742066666666666,True,7.540866666666667,True,8.375033333333333,True,0.5,20,12,0.2002,64,26,4,9.2749,10.2749,11.2749,13.2749,True,True,True,False,7.2749,6.2749,5.2749,3.2749,True,True,True,True
val_confirm,14012319794,5,TN,"[[70.7, 80.1]]",9.4,5-10s,49.5833,True,False,50.0,False,51.458333333333336,False,52.0,False,48.666666666666664,False,48.0,False,47.25,False,50.625,False,47.375,False,49.666666666666664,False,0.15,20,84,0.4167,381,143,4,50.5833,51.5833,52.5833,54.5833,False,False,False,False,48.5833,47.5833,46.5833,44.5833,False,False,False,False
val_confirm,3471421544,1,TN,"[[22.6, 24.2], [39.3, 41.2], [58.7, 59.1]]",3.9,2-5s,56.056,True,False,57.057,False,58.058,False,59.059,True,55.5555,False,55.055,False,54.5545,False,56.08936666666667,False,54.721333333333334,False,56.7567,False,0.2,20,3,1.001,239,100,4,57.056,58.056,59.056,60.0,False,False,True,False,55.056,54.056,53.056,51.056,False,False,False,False
val_confirm,4273039295,11,TN,"[[67.0, 70.4]]",3.4,2-5s,74.4,True,False,74.88,False,75.6,False,76.8,False,73.2,False,72.48,False,72.0,False,74.96,False,73.72,False,74.52,False,0.0,20,17,0.48,296,109,4,75.4,76.4,77.4,79.4,False,False,False,False,73.4,72.4,71.4,69.4,False,False,False,True
val_confirm,11565498775,0,TN,"[[36.2, 40.4]]",4.2,2-5s,36.2028,True,True,36.8368,True,37.7377,True,38.60523333333333,True,35.869166666666665,False,35.4354,False,35.035,False,39.773066666666665,True,34.46776666666667,False,36.8368,True,0.9,20,6,0.634,143,59,4,37.2028,38.2028,39.2028,41.0,True,True,True,False,35.2028,34.2028,33.2028,31.2028,False,False,False,False
val_confirm,9735768590,7,CH,"[[0.1, 4.8]]",4.7,2-5s,18.3183,True,False,18.51851851851852,False,20.02002002002002,False,20.553887220553886,False,18.01801801801802,False,17.51751751751752,False,17.08375041708375,False,18.785452118785454,False,16.716716716716718,False,18.51851851851852,False,0.0,20,5,0.2002,80,28,4,19.3183,20.3183,21.3183,23.0,False,False,False,False,17.3183,16.3183,15.3183,13.3183,False,False,False,False
val_confirm,6136926089,6,TC,"[[30.9, 35.6]]",4.7,2-5s,34.9683,True,True,35.702333333333335,False,36.2362,False,37.070366666666665,False,34.86816666666667,True,34.46776666666667,True,33.86716666666667,True,36.036,False,26.960266666666666,False,35.5355,True,0.05,20,24,0.7341,237,80,4,35.9683,36.9683,37.9683,39.9683,False,False,False,False,33.9683,32.9683,31.9683,29.9683,True,True,True,False
val_confirm,5926256714,6,CW,"[[0.2, 1.6], [5.6, 6.0], [7.8, 8.4], [19.0, 19.3], [23.2, 27.6]]",7.1,5-10s,13.8055,True,False,14.305958333333333,False,15.056708333333333,False,15.557208333333334,False,12.554208333333333,False,12.053708333333333,False,11.302958333333333,False,15.056708333333333,False,13.346666666666666,False,14.305958333333333,False,0.05,20,34,0.5005,118,54,4,14.8055,15.8055,16.8055,18.8055,False,False,False,False,12.8055,11.8055,10.8055,8.8055,False,False,False,False
val_confirm,6136926089,3,CH,"[[13.7, 20.5]]",6.8,5-10s,19.3527,True,True,19.753066666666665,True,20.5205,False,21.054366666666667,False,19.052366666666668,True,18.151466666666668,True,17.4174,True,20.086733333333335,True,15.949266666666666,True,19.753066666666665,True,0.0,20,48,0.4004,237,80,4,20.3527,21.3527,22.3527,24.3527,True,False,False,False,18.3527,17.3527,16.3527,14.3527,True,True,True,True
val_confirm,6160414832,3,TC,"[[43.7, 48.3]]",4.6,2-5s,44.0774,True,True,45.07836666666667,True,46.079366666666665,True,46.679966666666665,True,43.57686666666667,False,43.076366666666665,False,42.07536666666667,False,44.67796666666667,True,43.17646666666667,False,44.17746666666667,True,0.2,20,25,1.001,246,99,4,45.0774,46.0774,47.0774,49.0774,True,True,True,False,43.0774,42.0774,41.0774,39.0774,False,False,False,False
val_confirm,11276567104,1,CW,"[[33.8, 36.8]]",3.0,2-5s,21.76,True,False,21.96,False,23.56,False,24.0,False,19.92,False,19.12,False,18.0,False,22.52,False,20.52,False,21.84,False,0.1,20,22,0.2,119,45,4,22.76,23.76,24.76,26.76,False,False,False,False,20.76,19.76,18.76,16.76,False,False,False,False
val_confirm,2552130183,2,CW,"[[59.5, 63.3]]",3.8,2-5s,42.709,True,False,43.043,False,43.576,False,44.044,False,42.509,False,42.042,False,41.574,False,43.2103134479272,False,39.606673407482305,False,42.909,False,0.05,20,80,0.334,361,151,4,43.709,44.709,45.709,47.709,False,False,False,False,41.709,40.709,39.709,37.709,False,False,False,False
val_confirm,3784543730,5,CH,"[[25.2, 28]]",2.8,2-5s,0.7341,True,False,1.001,False,2.002,False,2.5025,False,0.23356666666666667,False,,,,,1.0343666666666667,False,0.0,False,1.001,False,0.15,20,48,0.2669,115,49,4,1.7341,2.7341,3.7341,5.7341,False,False,False,False,0.0,0.0,0.0,0.0,False,False,False,False
val_confirm,3489439407,5,TC,"[[7.5, 16.6]]",9.1,5-10s,11.5115,True,True,12.012,True,12.545866666666667,True,13.013,True,11.011,True,10.5105,True,10.01,True,19.252566666666667,False,10.677333333333333,True,11.8118,True,0.2,20,69,0.5005,223,89,4,12.5115,13.5115,14.5115,16.5115,True,True,True,True,10.5115,9.5115,8.5115,6.5115,True,True,True,False
val_confirm,2716277960,4,CH,"[[4.3, 12.3]]",8.0,5-10s,6.139,True,True,6.473,True,7.007,True,7.54,True,6.006,True,5.538,True,5.005,True,6.506572295247725,True,5.338725985844287,True,6.473,True,0.8,20,13,0.334,56,22,4,7.139,8.139,9.139,11.139,True,True,True,True,5.139,4.139,3.139,1.139,True,False,False,False
val_confirm,6163877860,5,CH,"[[3.9, 9.5], [20.6, 22.5], [33.3, 41.3], [52.7, 56.2], [65.1, 69.5], [78.5, 86.0]]",30.9,>=10s,70.0,True,False,70.04166666666667,False,71.29166666666667,False,72.54166666666667,False,68.79166666666667,True,68.04166666666667,True,67.54166666666667,True,71.08333333333333,False,69.45833333333333,True,70.04166666666667,False,0.45,20,24,0.0417,288,116,4,71.0,72.0,73.0,75.0,False,False,False,False,69.0,68.0,67.0,65.0,True,True,True,False
val_confirm,4822859674,5,TN,"[[17.2, 19.6]]",2.4,2-5s,2.5025,True,False,3.75375,False,4.5045,False,5.005,False,1.876875,False,1.25125,False,0.5422083333333333,False,5.672333333333333,False,1.001,False,2.75275,False,0.0,20,39,1.2513,115,44,4,3.5025,4.5025,5.5025,7.5025,False,False,False,False,1.5025,0.5025,0.0,0.0,False,False,False,False
val_confirm,7887764754,5,TN,"[[18.3, 21.2]]",2.9,2-5s,20.0534,True,True,20.453766666666667,True,21.054366666666667,True,22.055366666666668,False,19.552866666666667,True,19.052366666666668,True,18.051366666666667,False,20.887533333333334,True,16.950266666666668,False,20.353666666666665,True,0.05,20,24,0.4004,143,58,4,21.0534,22.0534,23.0534,25.0534,True,False,False,False,19.0534,18.0534,17.0534,15.0534,True,False,False,False
val_confirm,2552130183,5,TN,"[[27.0, 28.0]]",1.0,<2s,4.27,True,False,4.537,False,5.005,False,5.538,False,4.004,False,3.47,False,2.702,False,5.171890798786653,False,4.170879676440849,False,4.537,False,0.0,20,146,0.267,361,151,4,5.27,6.27,7.27,9.27,False,False,False,False,3.27,2.27,1.27,0.0,False,False,False,False
val_confirm,8208035645,0,TN,"[[2.1, 5.2]]",3.1,2-5s,6.0394,True,False,6.673333333333333,False,7.040366666666666,False,7.440766666666667,False,5.038366666666667,True,4.4044,True,4.037366666666666,True,6.9069,False,5.372033333333333,False,6.3063,False,0.0,20,15,0.634,58,24,4,7.0394,8.0394,9.0394,11.0394,False,False,False,False,5.0394,4.0394,3.0394,1.0394,True,True,True,False
val_confirm,8563398032,1,CW,"[[1.2, 6.8], [9.4, 14.5], [17.7, 21.7], [24.7, 31.6], [55.3, 62.9], [75.7, 81.6]]",35.1,>=10s,59.56,True,True,60.04,True,60.52,True,61.24,True,58.84,True,58.12,True,57.64,True,61.52,True,56.32,True,60.04,True,0.5,20,34,0.48,272,122,4,60.56,61.56,62.56,64.56,True,True,True,False,58.56,57.56,56.56,54.56,True,True,True,False
val_confirm,8547321641,4,CW,"[[7.3, 9.1]]",1.8,<2s,9.5429,True,False,9.776433333333333,False,10.143466666666667,False,10.777433333333333,False,8.775433333333334,True,8.3083,True,7.674333333333333,True,10.9109,False,8.308300000000001,True,9.776433333333333,False,0.0,20,3,0.2336,51,19,4,10.5429,11.0,11.0,11.0,False,False,False,False,8.5429,7.5429,6.5429,4.5429,True,True,False,False
val_confirm,7651639778,4,CW,"[[53.7, 57.1]]",3.4,2-5s,57.691,True,False,58.091366666666666,False,58.49176666666666,False,59.09236666666666,False,57.09036666666667,True,56.5565,True,56.08936666666666,True,61.327933333333334,False,56.5565,True,57.791066666666666,False,0.0,20,11,0.4004,263,100,4,58.691,59.691,60.691,62.691,False,False,False,False,56.691,55.691,54.691,52.691,True,True,True,False
val_confirm,4626535366,3,CW,"[[41.4, 47.0]]",5.6,5-10s,44.9449,True,True,45.045,True,45.5455,True,46.046,True,44.044,True,43.043,True,42.042,True,46.980266666666665,True,42.97626666666667,True,45.045,True,0.55,20,8,0.1001,196,84,4,45.9449,46.9449,47.9449,49.0,True,True,False,False,43.9449,42.9449,41.9449,39.9449,True,True,True,False
val_confirm,9735768590,4,TC,"[[11.2, 14.5]]",3.3,2-5s,17.5175,True,False,18.01801801801802,False,18.51851851851852,False,20.02002002002002,False,17.08375041708375,False,16.016016016016017,False,15.515515515515515,False,18.785452118785454,False,16.716716716716718,False,17.58425091758425,False,0.0,20,6,0.5005,80,28,4,18.5175,19.5175,20.5175,22.5175,False,False,False,False,16.5175,15.5175,14.5175,12.5175,False,False,False,True
val_confirm,2821968703,4,CW,"[[27.1, 29.8]]",2.7,2-5s,26.7267,True,False,26.8268,False,28.028,True,28.4284,True,25.9259,False,25.025,False,24.591233333333335,False,27.427400000000002,True,26.493133333333333,False,26.760066666666667,False,0.75,20,4,0.1001,120,44,4,27.7267,28.7267,29.7267,30.0,True,True,True,False,25.7267,24.7267,23.7267,21.7267,False,False,False,False
val_confirm,4083875373,4,TN,"[[40.8, 51.6]]",10.8,>=10s,50.417,True,True,51.051,True,52.052,False,52.6526,False,50.05,True,49.4494,True,49.049,True,51.08436666666667,True,49.916533333333334,True,50.717333333333336,True,0.35,20,5,0.634,217,89,4,51.417,52.417,53.417,54.0,True,False,False,False,49.417,48.417,47.417,45.417,True,True,True,True
val_confirm,10109097475,0,CW,"[[15.3, 25.2]]",9.9,5-10s,3.3367,True,False,3.6036036036036037,False,4.004004004004004,False,5.071738405071739,False,3.0697364030697365,False,2.1354688021354686,False,1.4681348014681348,False,4.104104104104104,False,3.2365699032365702,False,3.4701368034701368,False,0.25,20,144,0.2669,316,148,4,4.3367,5.3367,6.3367,8.3367,False,False,False,False,2.3367,1.3367,0.3367,0.0,False,False,False,False
val_confirm,2821968703,3,CW,"[[25.4, 28.7]]",3.3,2-5s,25.7924,True,True,25.9259,True,26.8268,True,28.028,True,25.025,False,24.591233333333335,False,24.024,False,26.493133333333333,True,24.891533333333335,False,25.8258,True,0.65,20,5,0.1335,120,44,4,26.7924,27.7924,28.7924,30.0,True,True,False,False,24.7924,23.7924,22.7924,20.7924,False,False,False,False
val_confirm,4123211145,10,CH,"[[28.1, 30.1]]",2.0,2-5s,13.1465,True,False,13.6136,False,14.347666666666667,False,15.015,False,13.013,False,12.012,False,11.011,False,13.646966666666668,False,13.046366666666668,False,13.179833333333333,False,0.0,20,126,0.4671,361,145,4,14.1465,15.1465,16.1465,18.1465,False,False,False,False,12.1465,11.1465,10.1465,8.1465,False,False,False,False
val_confirm,6793786769,4,TC,"[[35.2, 36.6]]",1.4,<2s,14.7083,True,False,15.041666666666666,False,15.541666666666666,False,16.291666666666668,False,13.791666666666666,False,12.541666666666666,False,11.291666666666666,False,16.791666666666668,False,14.083333333333334,False,14.833333333333334,False,0.0,20,39,0.3333,155,55,4,15.7083,16.7083,17.7083,19.7083,False,False,False,False,13.7083,12.7083,11.7083,9.7083,False,False,False,False
val_confirm,8563398032,7,TN,"[[54.9, 59.3]]",4.4,2-5s,2.44,True,False,2.92,False,3.64,False,4.36,False,1.96,False,1.24,False,0.4,False,3.64,False,0.0,False,2.92,False,0.05,20,118,0.48,272,122,4,3.44,4.44,5.44,7.44,False,False,False,False,1.44,0.44,0.0,0.0,False,False,False,False
val_confirm,2552130183,8,TN,"[[40.2, 52.4]]",12.2,>=10s,3.269,True,False,3.47,False,4.004,False,4.537,False,2.702,False,2.002,False,1.001,False,3.3367037411526796,False,2.7360970677451975,False,3.47,False,0.15,20,148,0.201,361,151,4,4.269,5.269,6.269,8.269,False,False,False,False,2.269,1.269,0.269,0.0,False,False,False,False
val_confirm,6160414832,6,TC,"[[11.9, 14.7]]",2.8,2-5s,46.4798,True,False,46.679966666666665,False,47.08036666666667,False,47.61423333333333,False,46.079366666666665,False,45.07836666666667,False,44.07736666666667,False,46.980266666666665,False,45.51213333333333,False,46.679966666666665,False,0.0,20,23,0.2002,246,99,4,47.4798,48.4798,49.4798,51.4798,False,False,False,False,45.4798,44.4798,43.4798,41.4798,False,False,False,False
val_confirm,2835125654,1,TC,"[[0.0, 22.2]]",22.2,>=10s,15.015,True,True,15.548,True,16.016,True,17.017,True,14.547,True,14.014,True,13.446,True,15.682507583417594,True,14.080889787664308,True,15.281,True,0.3,20,54,0.533,189,80,4,16.015,17.015,18.015,20.015,True,True,True,True,14.015,13.015,12.015,10.015,True,True,True,True
val_confirm,8547321641,1,CW,"[[9.6, 10.9]]",1.3,<2s,10.7774,True,True,,,,,,,10.143466666666667,True,9.776433333333333,True,8.775433333333334,False,10.9109,False,8.308300000000001,False,10.8108,True,1.0,20,0,,51,19,4,11.0,11.0,11.0,11.0,False,False,False,False,9.7774,8.7774,7.7774,5.7774,True,False,False,False
val_confirm,2547885226,3,CH,"[[0.8, 10.6]]",9.8,5-10s,7.9746,True,True,8.008,True,9.009,True,9.442766666666667,True,7.007,True,6.373033333333334,True,6.006,True,8.274933333333333,True,6.773433333333333,True,8.008,True,0.6,20,10,0.0334,55,22,4,8.9746,9.9746,10.9746,12.9746,True,True,False,False,6.9746,5.9746,4.9746,2.9746,True,True,True,True
val_confirm,8254300526,9,CH,"[[39.8, 45.3]]",5.5,5-10s,8.0417,True,False,8.791666666666666,False,9.375,False,10.041666666666666,False,7.541666666666667,False,6.958333333333333,False,6.291666666666667,False,8.083333333333334,False,6.75,False,8.541666666666666,False,0.15,20,48,0.75,148,60,4,9.0417,10.0417,11.0417,13.0417,False,False,False,False,7.0417,6.0417,5.0417,3.0417,False,False,False,False
val_confirm,11565498775,9,TC,"[[33.0, 35.8]]",2.8,2-5s,8.6753,True,False,9.009,False,9.542866666666667,False,10.01,False,8.4084,False,8.008,False,7.140466666666667,False,9.3093,False,6.840166666666667,False,9.009,False,0.1,20,47,0.3337,143,59,4,9.6753,10.6753,11.6753,13.6753,False,False,False,False,7.6753,6.6753,5.6753,3.6753,False,False,False,False
val_confirm,4279106208,1,CW,"[[8.6, 15.8]]",7.2,5-10s,7.2,True,False,7.68,False,8.4,False,9.12,True,6.0,False,4.8,False,4.32,False,8.92,True,4.84,False,7.44,False,0.35,20,22,0.48,75,32,4,8.2,9.2,10.2,12.2,False,True,True,True,6.2,5.2,4.2,2.2,False,False,False,False
val_confirm,2510696559,2,CW,"[[34.2, 40.7]]",6.5,5-10s,1.2012,True,False,1.6016,False,2.002,False,2.4024,False,1.001,False,0.6006,False,,,1.8351666666666666,False,0.6673333333333333,False,1.6016,False,0.05,20,125,0.4004,283,127,4,2.2012,3.2012,4.2012,6.2012,False,False,False,False,0.2012,0.0,0.0,0.0,False,False,False,False
val_confirm,5008618500,1,CW,"[[2.6, 3.8]]",1.2,<2s,3.9039,True,False,4.004,False,4.6046,False,5.005,False,3.003,True,2.002,False,1.6016,False,4.938266666666666,False,2.9362666666666666,True,3.9706333333333332,False,0.0,20,34,0.1001,102,39,4,4.9039,5.9039,6.9039,8.9039,False,False,False,False,2.9039,1.9039,0.9039,0.0,True,False,False,False
val_confirm,6542914065,2,CW,"[[9.0, 10]]",1.0,<2s,6.5732,True,False,7.040366666666666,False,7.6076,False,8.041366666666667,False,6.039366666666667,False,5.038366666666667,False,4.6046,False,9.943266666666666,True,5.939266666666667,False,6.673333333333333,False,0.3,20,5,0.4671,40,17,4,7.5732,8.5732,9.5732,10.0,False,False,True,True,5.5732,4.5732,3.5732,1.5732,False,False,False,False
val_confirm,4635309062,4,CW,"[[0.6, 12.2]]",11.6,>=10s,0.6673,True,True,1.001,True,2.002,True,2.5692333333333335,True,0.6006,True,,,,,2.3690333333333333,True,0.0,False,0.9342666666666667,True,0.15,20,115,0.3337,278,116,4,1.6673,2.6673,3.6673,5.6673,True,True,True,True,0.0,0.0,0.0,0.0,False,False,False,False
val_confirm,3935853204,4,CH,"[[14.1, 16.5]]",2.4,2-5s,15.3487,True,True,15.6156,True,16.016,True,16.383033333333334,True,15.015,True,14.481133333333334,True,14.014,False,16.483133333333335,True,13.046366666666668,False,15.6156,True,0.1,20,29,0.2669,127,55,4,16.3487,17.3487,18.3487,20.3487,True,False,False,False,14.3487,13.3487,12.3487,10.3487,True,False,False,False
val_confirm,2552130183,0,CW,"[[0.0, 0.8], [2.2, 3.8], [5.5, 7.5]]",4.4,2-5s,42.709,True,False,43.043,False,43.576,False,44.044,False,42.509,False,42.042,False,41.574,False,43.2103134479272,False,39.606673407482305,False,42.909,False,0.0,20,80,0.334,361,151,4,43.709,44.709,45.709,47.709,False,False,False,False,41.709,40.709,39.709,37.709,False,False,False,False
val_confirm,4126010904,3,CW,"[[14.9, 20.8]]",5.9,5-10s,56.4314,True,False,57.5575,False,58.058,False,58.80875,False,56.30625,False,55.055,False,54.30425,False,56.76504166666666,False,55.764041666666664,False,57.432375,False,0.0,20,17,1.1261,227,89,4,57.4314,58.4314,59.4314,61.4314,False,False,False,False,55.4314,54.4314,53.4314,51.4314,False,False,False,False
val_confirm,10109097475,6,TN,"[[66.7, 75.1]]",8.4,5-10s,0.0,True,False,1.0677344010677343,False,1.4681348014681348,False,2.1354688021354686,False,,,,,,,0.3003003003003003,False,,,0.9342676009342676,False,0.0,20,148,1.0677,316,148,4,1.0,2.0,3.0,5.0,False,False,False,False,0.0,0.0,0.0,0.0,False,False,False,False
val_confirm,7888256388,0,CW,"[[0.0, 6.0]]",6.0,5-10s,7.3407,True,False,7.6409666666666665,False,8.041366666666667,False,9.042366666666666,False,7.040366666666666,False,6.5065,False,6.039366666666667,False,9.042366666666666,False,6.072733333333334,False,7.6409666666666665,False,0.0,20,24,0.3003,88,36,4,8.3407,9.3407,10.3407,12.3407,False,False,False,False,6.3407,5.3407,4.3407,2.3407,False,True,True,True
val_confirm,5877508141,6,TN,"[[8.5, 9.6]]",1.1,<2s,16.016,True,False,16.049366666666668,False,16.4164,False,17.050366666666665,False,15.648966666666666,False,15.048366666666666,False,14.047366666666667,False,17.283933333333334,False,14.247566666666668,False,16.049366666666668,False,0.0,20,6,0.0334,79,34,4,17.016,18.016,19.0,19.0,False,False,False,False,15.016,14.016,13.016,11.016,False,False,False,False
val_confirm,6860322796,5,TN,"[[13.4, 23.0]]",9.6,5-10s,24.4578,True,False,25.058366666666668,False,25.458766666666666,False,26.059366666666666,False,24.057366666666667,False,23.456766666666667,False,23.056366666666666,False,25.058366666666668,False,23.089733333333335,False,25.058366666666668,False,0.0,20,21,0.6006,172,54,4,25.4578,26.4578,27.4578,29.4578,False,False,False,False,23.4578,22.4578,21.4578,19.4578,False,True,True,True
val_confirm,11276567104,4,TC,"[[21.1, 28.1]]",7.0,5-10s,21.44,True,True,21.96,True,23.56,True,24.0,True,19.92,False,19.12,False,18.0,False,22.52,True,20.52,False,21.6,True,0.55,20,22,0.52,119,45,4,22.44,23.44,24.44,26.44,True,True,True,True,20.44,19.44,18.44,16.44,False,False,False,False
val_confirm,8990144134,1,TC,"[[4.0, 7.1]]",3.1,2-5s,4.0707,True,True,4.471137804471137,True,6.006006006006006,True,6.87354020687354,True,3.870537203870537,False,3.003003003003003,False,2.1354688021354686,False,4.270937604270938,True,3.1364698031364697,False,4.471137804471137,True,0.35,20,11,0.4004,48,16,4,5.0707,6.0707,7.0707,9.0707,True,True,True,False,3.0707,2.0707,1.0707,0.0,False,False,False,False
val_confirm,7691172922,8,TC,"[[32.2, 35.9]]",3.7,2-5s,12.0454,True,False,12.545866666666667,False,13.046366666666666,False,13.446766666666667,False,11.444766666666666,False,11.044366666666667,False,10.043366666666667,False,12.9129,False,11.8118,False,12.245566666666667,False,0.05,20,58,0.5005,216,76,4,13.0454,14.0454,15.0454,17.0454,False,False,False,False,11.0454,10.0454,9.0454,7.0454,False,False,False,False
val_confirm,4626535366,0,CW,"[[3.3, 9.9]]",6.6,5-10s,29.8298,True,False,30.03,False,30.5305,False,31.031,False,29.6296,False,29.029,False,28.5285,False,30.263566666666666,False,28.962266666666668,False,30.03,False,0.0,20,33,0.2002,196,84,4,30.8298,31.8298,32.8298,34.8298,False,False,False,False,28.8298,27.8298,26.8298,24.8298,False,False,False,False
val_confirm,2589540862,0,TC,"[[0.0, 2.5], [3.2, 8.8]]",8.1,5-10s,7.007,True,True,7.474,True,8.008,True,9.009,False,6.673,True,6.006,True,5.005,True,8.308392315470172,True,6.706774519716886,True,7.24,True,0.0,20,27,0.467,93,37,4,8.007,9.007,10.007,12.007,True,False,False,False,6.007,5.007,4.007,2.007,True,True,True,True
val_confirm,5323654756,7,CW,"[[0.3, 7.2]]",6.9,5-10s,36.1361,True,False,36.4364,False,37.037,False,38.038,False,36.036,False,35.035,False,34.501133333333335,False,37.971266666666665,False,32.06536666666667,False,36.2362,False,0.0,20,44,0.3003,272,104,4,37.1361,38.1361,39.1361,41.1361,False,False,False,False,35.1361,34.1361,33.1361,31.1361,False,False,False,False
val_confirm,9213637099,1,CW,"[[16.3, 26.5]]",10.2,>=10s,26.0417,True,True,27.875,False,28.833333333333332,False,31.208333333333332,False,25.25,True,24.791666666666668,True,24.291666666666668,True,28.208333333333332,False,25.333333333333332,True,26.375,True,0.0,20,35,1.8333,162,64,4,27.0417,28.0417,29.0417,31.0417,False,False,False,False,25.0417,24.0417,23.0417,21.0417,True,True,True,True
val_confirm,2835125654,5,TN,"[[30.7, 38.2]]",7.5,5-10s,45.578,True,False,45.979,False,46.78,False,,,45.045,False,44.577,False,44.044,False,46.04651162790698,False,45.4459049544995,False,45.845,False,0.0,20,2,0.401,189,80,4,46.578,47.0,47.0,47.0,False,False,False,False,44.578,43.578,42.578,40.578,False,False,False,False
val_confirm,3935853204,3,TC,"[[13.2, 21.9]]",8.7,5-10s,15.3487,True,True,15.6156,True,16.016,True,16.383033333333334,True,15.015,True,14.481133333333334,True,14.014,True,16.483133333333335,True,13.046366666666668,False,15.6156,True,0.45,20,29,0.2669,127,55,4,16.3487,17.3487,18.3487,20.3487,True,True,True,True,14.3487,13.3487,12.3487,10.3487,True,True,False,False
val_confirm,7691172922,4,TC,"[[10.2, 11.7]]",1.5,<2s,48.048,True,False,,,,,,,47.580866666666665,False,47.047,False,46.046,False,48.51513333333333,False,47.947900000000004,False,48.2482,False,0.0,20,0,,216,76,4,49.0,49.0,49.0,49.0,False,False,False,False,47.048,46.048,45.048,43.048,False,False,False,False
val_confirm,4013751996,5,CH,"[[2.7, 4.4]]",1.7,<2s,2.4608,True,False,2.5025,False,3.25325,True,3.75375,True,1.25125,False,0.375375,False,,,3.6703333333333332,True,0.0,False,2.5025,False,0.05,20,39,0.0417,103,41,4,3.4608,4.4608,5.4608,7.4608,True,False,False,False,1.4608,0.4608,0.0,0.0,False,False,False,False
val_confirm,6163877860,1,CW,"[[17.2, 19.0]]",1.8,<2s,9.7917,True,False,10.041666666666666,False,11.291666666666666,False,11.791666666666666,False,8.791666666666666,False,8.041666666666666,False,7.541666666666667,False,9.916666666666666,False,8.666666666666666,False,9.916666666666666,False,0.0,20,103,0.25,288,116,4,10.7917,11.7917,12.7917,14.7917,False,False,False,False,8.7917,7.7917,6.7917,4.7917,False,False,False,False
val_confirm,4087654898,2,CW,"[[1.8, 3.3]]",1.5,<2s,9.3093,True,False,10.01,False,10.744066666666667,False,,,9.009,False,8.008,False,7.4074,False,11.011000000000001,False,8.174833333333334,False,9.876533333333333,False,0.0,20,2,0.7007,44,16,4,10.3093,11.0,11.0,11.0,False,False,False,False,8.3093,7.3093,6.3093,4.3093,False,False,False,False
val_confirm,2552130183,1,CW,"[[43.1, 52.4], [55.2, 59.0]]",13.1,>=10s,42.709,True,False,43.043,False,43.576,True,44.044,True,42.509,False,42.042,False,41.574,False,43.2103134479272,True,39.606673407482305,False,42.909,False,0.2,20,80,0.334,361,151,4,43.709,44.709,45.709,47.709,True,True,True,True,41.709,40.709,39.709,37.709,False,False,False,False
val_confirm,3489439407,3,CW,"[[0.7, 3.8], [50.8, 54.2]]",6.5,5-10s,37.4374,True,False,38.038,False,38.6386,False,39.039,False,37.037,False,36.2362,False,35.60223333333333,False,37.90453333333333,False,36.36966666666667,False,37.5375,False,0.2,20,28,0.6006,223,89,4,38.4374,39.4374,40.4374,42.4374,False,False,False,False,36.4374,35.4374,34.4374,32.4374,False,False,False,False
val_confirm,6160414832,0,CH,"[[0.0, 15.2]]",15.2,>=10s,56.0226,True,False,56.38966666666666,False,56.92353333333333,False,57.724333333333334,False,55.72233333333333,False,54.68796666666667,False,53.720333333333336,False,56.62323333333333,False,55.8558,False,56.08936666666666,False,0.0,20,8,0.367,246,99,4,57.0226,58.0226,59.0226,61.0,False,False,False,False,55.0226,54.0226,53.0226,51.0226,False,False,False,False
val_confirm,3784543730,4,CH,"[[10.4, 28]]",17.6,>=10s,13.9139,True,True,14.014,True,15.015,True,15.648966666666666,True,13.4134,True,13.013,True,12.379033333333334,True,13.947266666666668,True,13.046366666666668,True,14.014,True,0.95,20,25,0.1001,115,49,4,14.9139,15.9139,16.9139,18.9139,True,True,True,True,12.9139,11.9139,10.9139,8.9139,True,True,True,False
val_confirm,11584566583,4,TP,"[[8.9, 10.2]]",1.3,<2s,7.9079,True,False,8.008008008008009,False,9.075742409075742,True,9.442776109442777,True,7.5075075075075075,False,6.406406406406407,False,6.006006006006006,False,8.041374708041374,False,6.806806806806807,False,8.008008008008009,False,0.45,20,6,0.1001,45,16,4,8.9079,9.9079,10.9079,12.9079,True,True,False,False,6.9079,5.9079,4.9079,2.9079,False,False,False,False
val_confirm,4123211145,6,CW,"[[34.9, 36.9], [60.8, 68.6]]",9.8,5-10s,58.8588,True,False,59.059,False,59.4594,False,60.06,False,58.058,False,57.057,False,56.5565,False,58.992266666666666,False,57.99126666666667,False,58.9589,False,0.2,20,48,0.2002,361,145,4,59.8588,60.8588,61.8588,63.8588,False,True,True,True,57.8588,56.8588,55.8588,53.8588,False,False,False,False
val_confirm,5323654756,1,TN,"[[20.4, 24.6]]",4.2,2-5s,46.8468,True,False,47.047,False,47.5475,False,48.048,False,46.5465,False,46.046,False,45.5455,False,47.814433333333334,False,46.079366666666665,False,46.9469,False,0.0,20,28,0.2002,272,104,4,47.8468,48.8468,49.8468,51.8468,False,False,False,False,45.8468,44.8468,43.8468,41.8468,False,False,False,False
val_confirm,5863411262,5,CW,"[[25.6, 31.0]]",5.4,5-10s,20.4538,True,False,21.054366666666667,False,22.055366666666668,False,22.555866666666667,False,20.053366666666665,False,19.452766666666665,False,19.052366666666668,False,20.954266666666665,False,19.652966666666668,False,21.054366666666667,False,0.25,20,24,0.6006,136,56,4,21.4538,22.4538,23.4538,25.4538,False,False,False,False,19.4538,18.4538,17.4538,15.4538,False,False,False,False
val_confirm,3562017845,4,TN,"[[11.8, 15.5]]",3.7,2-5s,2.3023,True,False,3.003,False,3.4034,False,4.004,False,2.002,False,1.001,False,0.5672333333333334,False,3.5368666666666666,False,0.3670333333333333,False,2.4024,False,0.05,20,62,0.7007,160,65,4,3.3023,4.3023,5.3023,7.3023,False,False,False,False,1.3023,0.3023,0.0,0.0,False,False,False,False
val_confirm,4126010904,6,TN,"[[38.3, 42.0]]",3.7,2-5s,1.1261,True,False,1.25125,False,2.002,False,2.5025,False,0.5005,False,,,,,1.4597916666666666,False,0.5839166666666666,False,1.25125,False,0.1,20,88,0.1251,227,89,4,2.1261,3.1261,4.1261,6.1261,False,False,False,False,0.1261,0.0,0.0,0.0,False,False,False,False
val_confirm,4087013668,8,TN,"[[55.5, 59.1]]",3.6,2-5s,7.0904,True,False,7.5075,False,8.091416666666667,False,8.75875,False,6.25625,False,5.5055,False,5.005,False,7.674333333333333,False,6.923583333333333,False,7.3406666666666665,False,0.05,20,70,0.4171,194,80,4,8.0904,9.0904,10.0904,12.0904,False,False,False,False,6.0904,5.0904,4.0904,2.0904,False,False,False,False
val_confirm,10109097475,5,TN,"[[17.3, 31.5]]",14.2,>=10s,6.6733,True,False,7.07374040707374,False,7.474140807474141,False,8.141474808141474,False,6.139472806139473,False,5.472138805472139,False,5.071738405071739,False,8.641975308641976,False,6.439773106439773,False,7.07374040707374,False,0.1,20,138,0.4004,316,148,4,7.6733,8.6733,9.6733,11.6733,False,False,False,False,5.6733,4.6733,3.6733,1.6733,False,False,False,False
val_confirm,5421648216,5,TN,"[[0.2, 43]]",42.8,>=10s,8.0414,True,True,9.042366666666666,True,10.043366666666667,True,10.4104,True,7.040366666666666,True,6.039366666666667,True,5.038366666666667,True,8.575233333333333,True,5.038366666666667,True,8.3083,True,0.95,20,49,1.001,174,58,4,9.0414,10.0414,11.0414,13.0414,True,True,True,True,7.0414,6.0414,5.0414,3.0414,True,True,True,True
val_confirm,6096998186,3,TC,"[[6.0, 18.6]]",12.6,>=10s,15.7491,True,True,16.049366666666668,True,16.549866666666667,True,17.050366666666665,True,15.048366666666666,True,14.647966666666667,True,14.047366666666667,True,16.049366666666668,True,15.348666666666666,True,15.849166666666667,True,0.45,20,9,0.3003,90,32,4,16.7491,17.7491,18.7491,20.7491,True,True,False,False,14.7491,13.7491,12.7491,10.7491,True,True,True,True
val_confirm,11670386946,5,TN,"[[25.9, 30.6]]",4.7,2-5s,25.8258,True,False,25.99265932599266,True,26.459793126459793,True,26.860193526860193,True,25.558892225558893,False,24.457791124457792,False,24.05739072405739,False,26.760093426760093,True,24.591257924591257,False,25.99265932599266,True,0.6,20,12,0.1668,133,49,4,26.8258,27.8258,28.8258,30.8258,True,True,True,False,24.8258,23.8258,22.8258,20.8258,False,False,False,False
val_confirm,4983922034,3,TN,"[[7.6, 10.0]]",2.4,2-5s,7.007,True,False,8.008,True,8.475133333333334,True,9.009,True,6.006,False,5.4054,False,5.005,False,7.540866666666667,False,4.8048,False,7.1071,False,0.3,20,13,1.001,64,26,4,8.007,9.007,10.007,12.007,True,True,False,False,6.007,5.007,4.007,2.007,False,False,False,False
val_confirm,4179163342,8,CW,"[[0.0, 42.1]]",42.1,>=10s,39.039,True,True,39.6396,True,40.04,True,41.041,True,38.47176666666667,True,38.038,True,37.037,True,39.97326666666667,True,38.405033333333336,True,39.1391,True,0.1,20,51,0.6006,291,113,4,40.039,41.039,42.039,44.039,True,True,True,False,38.039,37.039,36.039,34.039,True,True,True,True
val_confirm,14012319794,2,CW,"[[113.3, 125]]",11.7,>=10s,120.3333,True,True,121.45833333333333,True,122.0,True,122.70833333333333,True,120.0,True,119.29166666666667,True,118.0,True,120.91666666666667,True,119.5,True,120.41666666666667,True,0.95,20,6,1.125,381,143,4,121.3333,122.3333,123.3333,125.0,True,True,True,True,119.3333,118.3333,117.3333,115.3333,True,True,True,True
val_confirm,8990144134,3,CW,"[[3.1, 6.6]]",3.5,2-5s,4.004,True,True,4.471137804471137,True,6.006006006006006,True,6.87354020687354,False,3.870537203870537,True,3.003003003003003,False,2.1354688021354686,False,4.270937604270938,True,3.1364698031364697,True,4.070737404070737,True,0.25,20,11,0.4671,48,16,4,5.004,6.004,7.004,9.004,True,True,False,False,3.004,2.004,1.004,0.0,False,False,False,False
val_confirm,6160414832,1,TP,"[[0.0, 15.2]]",15.2,>=10s,59.4928,True,False,59.726333333333336,False,60.493766666666666,False,60.89416666666666,False,58.72533333333333,False,58.224833333333336,False,57.724333333333334,False,60.493766666666666,False,59.059000000000005,False,59.592866666666666,False,0.0,20,3,0.2336,246,99,4,60.4928,61.0,61.0,61.0,False,False,False,False,58.4928,57.4928,56.4928,54.4928,False,False,False,False
val_confirm,4126010904,0,TC,"[[0.0, 11.7]]",11.7,>=10s,3.3784,True,True,3.75375,True,4.25425,True,5.005,True,3.128125,True,2.5025,True,2.002,True,4.170833333333333,True,3.294958333333333,True,3.75375,True,0.15,20,84,0.3754,227,89,4,4.3784,5.3784,6.3784,8.3784,True,True,True,True,2.3784,1.3784,0.3784,0.0,True,True,True,True
val_confirm,3249402410,5,CW,"[[13.8, 13.9], [13.9, 19.0]]",5.2,5-10s,22.6226,True,False,23.023,False,,,,,22.5225,False,22.022,False,21.5215,False,23.256566666666668,False,20.954266666666665,False,22.7227,False,0.0,20,1,0.4004,94,38,4,23.0,23.0,23.0,23.0,False,False,False,False,21.6226,20.6226,19.6226,17.6226,False,False,False,True
val_confirm,9256409422,1,CW,"[[8.9, 12.8]]",3.9,2-5s,62.2289,True,False,62.86286286286286,False,63.59693026359693,False,64.19753086419753,False,62.16216216216216,False,60.99432766099433,False,60.46046046046046,False,64.2308975642309,False,59.15915915915916,False,62.29562896229563,False,0.0,20,16,0.634,242,80,4,63.2289,64.2289,65.2289,67.2289,False,False,False,False,61.2289,60.2289,59.2289,57.2289,False,False,False,False
val_confirm,5421648216,2,CW,"[[26.8, 29.3]]",2.5,2-5s,31.8318,True,False,32.06536666666667,False,32.49913333333333,False,32.999633333333335,False,31.6316,False,31.06436666666667,False,30.663966666666667,False,32.098733333333335,False,30.663966666666667,False,32.06536666666667,False,0.0,20,14,0.2336,174,58,4,32.8318,33.8318,34.8318,36.8318,False,False,False,False,30.8318,29.8318,28.8318,26.8318,False,False,True,True
val_confirm,5877508141,1,CW,"[[8.5, 9.6]]",1.1,<2s,14.9483,True,False,15.048366666666666,False,15.648966666666666,False,16.049366666666668,False,14.047366666666667,False,13.646966666666666,False,13.046366666666666,False,17.283933333333334,False,14.247566666666668,False,15.048366666666666,False,0.0,20,8,0.1001,79,34,4,15.9483,16.9483,17.9483,19.0,False,False,False,False,13.9483,12.9483,11.9483,9.9483,False,False,False,False
val_confirm,11565498775,3,CW,"[[12.7, 21.6]]",8.9,5-10s,36.2028,True,False,36.8368,False,37.7377,False,38.60523333333333,False,35.869166666666665,False,35.4354,False,35.035,False,39.773066666666665,False,34.46776666666667,False,36.8368,False,0.0,20,6,0.634,143,59,4,37.2028,38.2028,39.2028,41.0,False,False,False,False,35.2028,34.2028,33.2028,31.2028,False,False,False,False
val_confirm,4087013668,3,CH,"[[2.7, 36.4], [40.0, 60.0]]",53.7,>=10s,7.5075,True,True,8.091416666666667,True,8.75875,True,9.5095,True,6.25625,True,5.5055,True,5.005,True,7.674333333333333,True,6.923583333333333,True,7.966291666666667,True,1.0,20,69,0.5839,194,80,4,8.5075,9.5075,10.5075,12.5075,True,True,True,True,6.5075,5.5075,4.5075,2.5075,True,True,True,False
val_confirm,7330294814,0,TC,"[[0.0, 2.6], [2.7, 8.9], [9.8, 17.0], [22.1, 29.8], [30.4, 32.2], [51.4, 76.7]]",50.8,>=10s,8.0414,True,True,8.441766666666666,True,9.042366666666666,False,10.043366666666667,True,7.040366666666666,True,6.639966666666667,True,6.039366666666667,True,8.742066666666666,True,7.574233333333334,True,8.141466666666666,True,0.6,20,117,0.4004,307,132,4,9.0414,10.0414,11.0414,13.0414,False,True,True,True,7.0414,6.0414,5.0414,3.0414,True,True,True,True
val_confirm,5586394125,1,CW,"[[0.8, 8.8]]",8.0,5-10s,8.7421,True,True,9.042366666666666,False,9.442766666666667,False,10.043366666666667,False,8.641966666666667,True,8.041366666666667,True,7.040366666666666,True,8.942266666666667,False,8.041366666666667,True,8.942266666666667,False,0.0,20,50,0.3003,151,64,4,9.7421,10.7421,11.7421,13.7421,False,False,False,False,7.7421,6.7421,5.7421,3.7421,True,True,True,True
val_confirm,11276567104,5,CW,"[[22.8, 28.2]]",5.4,5-10s,19.12,True,False,19.92,False,21.96,False,23.56,True,18.0,False,17.44,False,16.0,False,19.48,False,18.36,False,19.28,False,0.25,20,23,0.8,119,45,4,20.12,21.12,22.12,24.12,False,False,False,True,18.12,17.12,16.12,14.12,False,False,False,False
val_confirm,6793786769,1,CH,"[[23.2, 28.0]]",4.8,2-5s,22.2083,True,False,22.541666666666668,False,23.791666666666668,True,24.291666666666668,True,22.083333333333332,False,21.291666666666668,False,20.041666666666668,False,22.666666666666668,False,21.166666666666668,False,22.541666666666668,False,0.35,20,30,0.3333,155,55,4,23.2083,24.2083,25.2083,27.2083,True,True,True,True,21.2083,20.2083,19.2083,17.2083,False,False,False,False
val_confirm,2589540862,1,CW,"[[13.3, 15.2]]",1.9,<2s,6.006,True,False,6.673,False,7.474,False,8.008,False,5.005,False,4.004,False,3.403,False,6.706774519716886,False,5.2052578361981805,False,6.272,False,0.15,20,28,0.667,93,37,4,7.006,8.006,9.006,11.006,False,False,False,False,5.006,4.006,3.006,1.006,False,False,False,False
val_confirm,3355698421,0,TC,"[[0.8, 3.9]]",3.1,2-5s,0.9009,True,True,1.001,True,1.6016,True,2.002,True,0.2002,False,,,,,0.9342666666666667,True,0.0,False,1.001,True,0.05,20,59,0.1001,160,60,4,1.9009,2.9009,3.9009,5.9009,True,True,False,False,0.0,0.0,0.0,0.0,False,False,False,False
val_confirm,7888256388,6,CW,"[[0.1, 6.9]]",6.8,5-10s,12.646,True,False,13.046366666666666,False,13.446766666666667,False,14.047366666666667,False,12.045366666666666,False,11.478133333333334,False,11.044366666666667,False,12.846166666666667,False,11.911900000000001,False,12.946266666666666,False,0.0,20,14,0.4004,88,36,4,13.646,14.646,15.646,17.646,False,False,False,False,11.646,10.646,9.646,7.646,False,False,False,False
val_confirm,3939145327,9,TN,"[[21.1, 30.8]]",9.7,5-10s,3.5369,True,False,4.004,False,5.005,False,5.472133333333334,False,3.003,False,2.5025,False,2.002,False,3.636966666666667,False,2.736066666666667,False,3.7704333333333335,False,0.3,20,65,0.4671,160,72,4,4.5369,5.5369,6.5369,8.5369,False,False,False,False,2.5369,1.5369,0.5369,0.0,False,False,False,False
val_confirm,3249402410,7,CH,"[[21.0, 23]]",2.0,2-5s,5.005,True,False,5.5055,False,6.006,False,6.6066,False,4.004,False,3.5035,False,3.003,False,6.8735333333333335,False,4.337666666666666,False,5.2052,False,0.15,20,30,0.5005,94,38,4,6.005,7.005,8.005,10.005,False,False,False,False,4.005,3.005,2.005,0.005,False,False,False,False
